class	pattern	X_found	Y_found	pair	query	sent_id	context_pre	costr	context_post
yes	X e Y	basso	alto	alto - basso	"[lemma=""basso"" & pos=""ADJ""][word=""e""][lemma=""alto"" & pos=""ADJ""]"	4341901	Poiché la forma maniaco - depressiva è caratterizzata da cicli di umore	basso e alto	, come si riflette il tono mentale sulla produzione artistica?
yes	X e Y	alti	bassi	alto - basso	"[lemma=""alto"" & pos=""ADJ""][word=""e""][lemma=""basso"" & pos=""ADJ""]"	2005258	La nostra storia di circa 3 anni ha vissuto	alti e bassi	anche per la differenza di eta, io 26 lei 21, si è conclusa quando ho scoperto il tradimento sia fisico ma soprattutto mentale nei confronti di un suo coetaneo, lei studia io lavoro, ho sempre saputo che sarebbe finita così, e inizialmente sapevo come viverla un po spensierato come una bella avventura, ma poi mi sono innamorato e in conclusione FREGATO!
yes	X e Y	alta	bassa	alto - basso	"[lemma=""alto"" & pos=""ADJ""][word=""e""][lemma=""basso"" & pos=""ADJ""]"	732793	È in edicola il primo dei quattro numeri dedicati a chi arrampica in	alta e bassa	quota.
yes	X e Y	alti	bassi	alto - basso	"[lemma=""alto"" & pos=""ADJ""][word=""e""][lemma=""basso"" & pos=""ADJ""]"	4188779	È iniziata così la nostra lotta per il ripristino della mostra nella sua integrità: a dire il vero, ci sono stati	alti e bassi	, anche perché, di fronte alle tante difficoltà, non era sempre facile per noi essere disponibili.
yes	X e Y	alti	bassi	alto - basso	"[lemma=""alto"" & pos=""ADJ""][word=""e""][lemma=""basso"" & pos=""ADJ""]"	1260914	Abbiamo avuto i nostri	alti e bassi	... abbiamo avuto le tempeste... ma d'ora in poi andrà tutto liscio come l'olio.
yes	X e Y	basso	alto	alto - basso	"[lemma=""basso"" & pos=""ADJ""][word=""e""][lemma=""alto"" & pos=""ADJ""]"	1717763	Le variabili 1 x e 2 x sono definite su una scala codificata da -1 a +1 (i livelli	basso e alto	di A e B) e 1 x 2 x rappresenta l'interazione tra 1 x e 2 x.
yes	X e Y	alti	bassi	alto - basso	"[lemma=""alto"" & pos=""ADJ""][word=""e""][lemma=""basso"" & pos=""ADJ""]"	5578147	Se le opere concettuali hard, quelle di analisi spietata dei linguaggi come The Bowery in Two Inadequate Descriptive Systems di Martha Rosler (nel quale il pathos laconico di testo più immagine espone al tempo stesso la realtà desolante e la parzialità di ogni rappresentazione) sono rare in questa mostra, il continuo rimando tra linguaggi	alti e bassi	è un persistente leitmotiv.
yes	X e Y	alti	bassi	alto - basso	"[lemma=""alto"" & pos=""ADJ""][word=""e""][lemma=""basso"" & pos=""ADJ""]"	7037965	«Adesso si è ripreso, ma psicologicamente ci sono sempre	alti e bassi	» spiega la sua compagna.
yes	X e Y	alti	bassi	alto - basso	"[lemma=""alto"" & pos=""ADJ""][word=""e""][lemma=""basso"" & pos=""ADJ""]"	2637077	In un blog intitolato Living Colours, descriveva fin nel dettaglio gli	alti e bassi	della sua odissea, i periodi di remissione e le battute d Â arresto.
yes	X e Y	alti	bassi	alto - basso	"[lemma=""alto"" & pos=""ADJ""][word=""e""][lemma=""basso"" & pos=""ADJ""]"	6907710	Parallelamente alla grande delusione per la mancata svolta nella cura del cancro, tuttavia, si scoprirono altre caratteristiche importantissime del TNF, che - di nuovo fra	alti e bassi	, frustrazioni e successi inaspettati - hanno comunque avuto un forte impatto in diversi settori della medicina.
yes	X e Y	alti	bassi	alto - basso	"[lemma=""alto"" & pos=""ADJ""][word=""e""][lemma=""basso"" & pos=""ADJ""]"	6907763	La storia delle cellule T regolatorie ci illustra, ancora una volta, come il percorso della scienza possa essere tortuoso e contraddistinto da	alti e bassi	.
yes	X e Y	alti	bassi	alto - basso	"[lemma=""alto"" & pos=""ADJ""][word=""e""][lemma=""basso"" & pos=""ADJ""]"	1956938	Ci sono	alti e bassi	nella carriera di ogni artista, e alla fine è tutta una questione di come sopravvivi e di come riesci a tornare».Christina si sente fuori dalla turbolenza: «Dipende dal tipo di persona che sono.
yes	X e Y	alti	bassi	alto - basso	"[lemma=""alto"" & pos=""ADJ""][word=""e""][lemma=""basso"" & pos=""ADJ""]"	5507104	Tra	alti e bassi	, quindi, la giunta di Cinisello si ritiene soddisfatta: ha ottenuto la promozione dai suoi cittadini.
yes	X e Y	bassa	alta	alto - basso	"[lemma=""basso"" & pos=""ADJ""][word=""e""][lemma=""alto"" & pos=""ADJ""]"	6565187	A questo punto però occorre una precisazione: mentre nel mondo delle fotocamere i prodotti di buona marca sono praticamente tutti validi, per gli smartphone c'è ancora una bella differenza tra i modelli di fascia medio P OTH	bassa e alta	.
yes	X e Y	alta	bassa	alto - basso	"[lemma=""alto"" & pos=""ADJ""][word=""e""][lemma=""basso"" & pos=""ADJ""]"	210581	Il monsone è un sistema di venti periodici la cui direzione si inverte da un semestre all'altro, in seguito all'alternarsi delle aree di	alta e bassa	pressione.
yes	X e Y	alta	bassa	alto - basso	"[lemma=""alto"" & pos=""ADJ""][word=""e""][lemma=""basso"" & pos=""ADJ""]"	5057428	Solo nel Caucaso, dalla Cecenia al Nagorno Karabakh, sono esplosi dopo il 1991 non meno di 25 conflitti interetnici ad	alta e bassa	intensità.
yes	X e Y	alto	basso	alto - basso	"[lemma=""alto"" & pos=""ADJ""][word=""e""][lemma=""basso"" & pos=""ADJ""]"	5670385	TASSI DI INTERESSE, VALUTE, MONETA - Qualche	alto e basso	non ha impedito al dollaro di confermare il suo ruolo di moneta leader in un triangolo monetario in cui le punte alternative hanno problemi di immagine e di sostanza.
yes	X e Y	alti	bassi	alto - basso	"[lemma=""alto"" & pos=""ADJ""][word=""e""][lemma=""basso"" & pos=""ADJ""]"	250318	"Al suo interno l'unico articolo che può interessare il mondo speleologico regionale è quello di Paolo Rucavina: "" Ritratto di un Gruppo Grotte "", che ha il pregio di riuscire a condensare egregiamente in una facciata tutta la storia del Gruppo, con gli"	alti e bassi	, scioglimenti, ricostituzioni e imprese recenti.
yes	X e Y	alti	bassi	alto - basso	"[lemma=""alto"" & pos=""ADJ""][word=""e""][lemma=""basso"" & pos=""ADJ""]"	1806802	Prima negli articoli, poi nei saggi, Berselli ha avuto una capacità unica di raccontare i nostri tempi mischiando temi	alti e bassi	, politica e sport, musica leggera e televisione, cultura e gastronomia.
yes	X e Y	alto	basso	alto - basso	"[lemma=""alto"" & pos=""ADJ""][word=""e""][lemma=""basso"" & pos=""ADJ""]"	5419299	Il mondo moderno, gli intellettuali moderni si vergognano a usare espressioni come	alto e basso	, nobile e ignobile, superiore e inferiore.
yes	X e Y	alti	bassi	alto - basso	"[lemma=""alto"" & pos=""ADJ""][word=""e""][lemma=""basso"" & pos=""ADJ""]"	6986206	«Sono arrivata fino a qui», ragiona, «perché la mia storia è costellata di	alti e bassi	.
yes	X e Y	alti	bassi	alto - basso	"[lemma=""alto"" & pos=""ADJ""][word=""e""][lemma=""basso"" & pos=""ADJ""]"	645099	La storia, e la vita stessa, nella sua estrema e feconda variabilità, deriva da molte strade e procede, con	alti e bassi	, in continuo divenire, potendo imboccare direzioni diverse.
yes	X e Y	alti	bassi	alto - basso	"[lemma=""alto"" & pos=""ADJ""][word=""e""][lemma=""basso"" & pos=""ADJ""]"	2025058	Mi rendo conto di quanto debba essere difficile per Brooke convivere con le mie sconfitte, i miei silenzi, i miei	alti e bassi	.
yes	X e Y	alti	bassi	alto - basso	"[lemma=""alto"" & pos=""ADJ""][word=""e""][lemma=""basso"" & pos=""ADJ""]"	4443152	Bisogna lasciare alle fenomenologie la cura di descrivere in termini di incontro, di distanza, o di «comprensione» gli	alti e bassi	della coppia medico - malato.
yes	X e Y	alti	bassi	alto - basso	"[lemma=""alto"" & pos=""ADJ""][word=""e""][lemma=""basso"" & pos=""ADJ""]"	2064917	» Gli parlai dell'idea che aveva preso forma nella mia testa: una serie che parlava della mia famiglia e del suo retaggio personale e professionale, con tutti gli	alti e bassi	e naturalmente le torte che ci avevano resi famosi.
yes	X e Y	alti	bassi	alto - basso	"[lemma=""alto"" & pos=""ADJ""][word=""e""][lemma=""basso"" & pos=""ADJ""]"	5102951	Perché dopo gli	alti e bassi	degli anni passati, in questo periodo le quotazioni sono scese.
yes	X e Y	bassa	alta	alto - basso	"[lemma=""basso"" & pos=""ADJ""][word=""e""][lemma=""alto"" & pos=""ADJ""]"	2234491	Questo risultato ha generato la proposta di suddividere, nel nuovo ospedale, gli assistiti nelle Unita ` Operative di Medicina Interna per	bassa e alta	complessita ` assistenziale infermieristica: la realizzazione del progetto di riorganizzazione e ` prevista a partire dal prossimo autunno.
yes	X e Y	alti	bassi	alto - basso	"[lemma=""alto"" & pos=""ADJ""][word=""e""][lemma=""basso"" & pos=""ADJ""]"	1871709	Agosto, come un mini - campionato fatto di	alti e bassi	, è ancora lungo e campioni come Mascherano, Maicon o Balotelli possono ancora sperare.
yes	X e Y	alti	bassi	alto - basso	"[lemma=""alto"" & pos=""ADJ""][word=""e""][lemma=""basso"" & pos=""ADJ""]"	2859455	Di un amore che non cambiava, non subiva	alti e bassi	come quello per gli adulti, ma attingeva al figlio in divenire come a una miniera di inesauribili dolcezze.
yes	X e Y	alti	bassi	alto - basso	"[lemma=""alto"" & pos=""ADJ""][word=""e""][lemma=""basso"" & pos=""ADJ""]"	6318206	"Più il calcolo è complesso, più l'eventuale guadagno finale sarà "" addomesticato "", registrando con puntualità"	alti e bassi	delle quotazioni borsistiche.
yes	X e Y	alte	basse	alto - basso	"[lemma=""alto"" & pos=""ADJ""][word=""e""][lemma=""basso"" & pos=""ADJ""]"	3675202	Ogni trenta secondi, nel mio stomaco, si alternavano	alte e basse	maree.
yes	X e Y	alti	bassi	alto - basso	"[lemma=""alto"" & pos=""ADJ""][word=""e""][lemma=""basso"" & pos=""ADJ""]"	6054351	Ha vinto poco (e va anche bene,	alti e bassi	capitano a tutti) ma soprattutto non ha dato una bella immagine di sè.
yes	X e Y	alti	bassi	alto - basso	"[lemma=""alto"" & pos=""ADJ""][word=""e""][lemma=""basso"" & pos=""ADJ""]"	1727158	Nell'infrarosso si distinguono invece le classi relative al bosco e agli impianti di conifere, caratterizzati rispettivamente da	alti e bassi	valori di riflettanza.
yes	X e Y	alti	bassi	alto - basso	"[lemma=""alto"" & pos=""ADJ""][word=""e""][lemma=""basso"" & pos=""ADJ""]"	6485990	Un dato spesso trascurato, ma in realtà importantissimo per il risparmiatore: perché se un fondo è poco stabile, con quotazioni soggette a continui	alti e bassi	, si rischia sovente di comprarlo nel momento sbagliato, cioè quando è al massimo, e poi, magari, rivenderlo quando la quota è a un valore inferiore.
yes	X e Y	bassa	alta	alto - basso	"[lemma=""basso"" & pos=""ADJ""][word=""e""][lemma=""alto"" & pos=""ADJ""]"	4483458	In tali individui coesistono zone di	bassa e alta	intelligenza.
yes	X e Y	alti	bassi	alto - basso	"[lemma=""alto"" & pos=""ADJ""][word=""e""][lemma=""basso"" & pos=""ADJ""]"	6141785	Lo si giudica uno spietato giovialone, di generosità smisurata e assolutamente unica fra i laburisti precedenti (con	alti e bassi	) e poi con Blair.
yes	X e Y	alti	bassi	alto - basso	"[lemma=""alto"" & pos=""ADJ""][word=""e""][lemma=""basso"" & pos=""ADJ""]"	5450097	L'effetto sul lettore credo sia quello di una poesia ininterrotta (o ininterrompibile) nel senso più ambizioso ma anche più umile dell'aggettivo: poesia che continua a prodursi nel suo autore - naturalmente con i suoi	alti e bassi	- ma senza mai smettere di scriversi.
yes	X e Y	alta	bassa	alto - basso	"[lemma=""alto"" & pos=""ADJ""][word=""e""][lemma=""basso"" & pos=""ADJ""]"	941734	Oggi, infatti, la situazione appare già mutata; sotto la pressione dei mezzi di comunicazione di massa che hanno conosciuto grande espansione in Russia nell'ultimo decennio e anche a causa della mutata domanda culturale espressa dal nuovo ceto medio nascente, il postmodernismo russo sta decisamente evolvendo verso quell'erosione dei confini tra cultura	alta e bassa	, che ha marcato, ad esempio, la genesi del postmodernismo nordamericano.
yes	X e Y	alti	bassi	alto - basso	"[lemma=""alto"" & pos=""ADJ""][word=""e""][lemma=""basso"" & pos=""ADJ""]"	215614	Ovviamente questo processo richiede molto tempo, perciò bisogna sempre ricordarsi che le grandi amicizie sono caratterizzate dall'impegno e dal susseguirsi di numerosi	alti e bassi	e che solo superando le possibili incomprensioni si costruisce una relazione stabile e duratura.
yes	X e Y	alti	bassi	alto - basso	"[lemma=""alto"" & pos=""ADJ""][word=""e""][lemma=""basso"" & pos=""ADJ""]"	5604582	Le azioni Westinghouse il 17 febbraio hanno avuto un brusco ribasso di circa il 9% e nei giorni successivi hanno subito piccoli	alti e bassi	fino al 28 febbraio.
yes	X e Y	alti	bassi	alto - basso	"[lemma=""alto"" & pos=""ADJ""][word=""e""][lemma=""basso"" & pos=""ADJ""]"	1428440	La Roma invece, nonostante gli	alti e bassi	, mantiene ancora l'etichetta di anti - Inter.
yes	X e Y	alti	bassi	alto - basso	"[lemma=""alto"" & pos=""ADJ""][word=""e""][lemma=""basso"" & pos=""ADJ""]"	428483	Tipico è il caso di Amazon: una società (vende on line libri, cd, mobili da giardino e altro) che ha accumulato da quando è nata perdite per 1,5 miliardi di dollari, e ciononostante, pur fra	alti e bassi	, continua ad avere un seguito affezionato di compratori (è quotata in America al Nasdaq).
yes	X e Y	alti	bassi	alto - basso	"[lemma=""alto"" & pos=""ADJ""][word=""e""][lemma=""basso"" & pos=""ADJ""]"	5449261	Mentre proseguono i successi sportivi, l'azienda vive	alti e bassi	.
yes	X e Y	alti	bassi	alto - basso	"[lemma=""alto"" & pos=""ADJ""][word=""e""][lemma=""basso"" & pos=""ADJ""]"	3486703	Per miliardi di anni, la vita sulla Terra era rimasta isolata, compiendo il proprio esperimento separato, con	alti e bassi	, fiorendo ed estinguendosi in parte.
yes	X e Y	alti	bassi	alto - basso	"[lemma=""alto"" & pos=""ADJ""][word=""e""][lemma=""basso"" & pos=""ADJ""]"	4057695	Janis e la sua ragazza avevano	alti e bassi	.
yes	X e Y	alti	bassi	alto - basso	"[lemma=""alto"" & pos=""ADJ""][word=""e""][lemma=""basso"" & pos=""ADJ""]"	6084024	Questi	alti e bassi	non sono accettabili, soprattutto da una squadra che ha un organico di primo piano.
yes	X e Y	alta	bassa	alto - basso	"[lemma=""alto"" & pos=""ADJ""][word=""e""][lemma=""basso"" & pos=""ADJ""]"	670564	Ma il museo le era stretto e coltivava altri desideri: il più ambizioso fu il Giardino dei Tarocchi, un parco al l'aperto in cui, con una fantasia che spazia da Gaudí ai luna park e senza alcuna distinzione tra cultura	alta e bassa	, ha potuto costruire grandi sculture all'aperto.
yes	X e Y	alti	bassi	alto - basso	"[lemma=""alto"" & pos=""ADJ""][word=""e""][lemma=""basso"" & pos=""ADJ""]"	5591277	MILANO - Napoli e Genova, pur fra	alti e bassi	, e perché no, passando attraverso clamorose crisi culminate nella scomparsa di grandi gruppi, hanno rappresentato dal dopoguerra a oggi e continuano a rappresentare i punti di riferimento dell'industria armatoriale italiana.
yes	X e Y	bassa	alta	alto - basso	"[lemma=""basso"" & pos=""ADJ""][word=""e""][lemma=""alto"" & pos=""ADJ""]"	2234421	Le classi di complessita ` sono due,	bassa e alta	, con un cutoff di 49,2 in una scala di punteggio compresa tra zero e 100.
yes	X e Y	alti	bassi	alto - basso	"[lemma=""alto"" & pos=""ADJ""][word=""e""][lemma=""basso"" & pos=""ADJ""]"	533475	La storia con la giornalista ha	alti e bassi	(la donna è in cura da uno psicoanalista).
yes	X e Y	alti	bassi	alto - basso	"[lemma=""alto"" & pos=""ADJ""][word=""e""][lemma=""basso"" & pos=""ADJ""]"	2109162	«Ho avuto	alti e bassi	, come tutti.
yes	X e Y	alti	bassi	alto - basso	"[lemma=""alto"" & pos=""ADJ""][word=""e""][lemma=""basso"" & pos=""ADJ""]"	5309379	"Considera il primo un episodio ancora aperto - "" Avremo"	alti e bassi	", Wall Street nervosa "" - ma che non produrrà conseguenze catastrofiche."
yes	X e Y	alte	basse	alto - basso	"[lemma=""alto"" & pos=""ADJ""][word=""e""][lemma=""basso"" & pos=""ADJ""]"	4009830	Attraversando i confini, unendo molte forme del sapere, tecniche e intellettuali,	alte e basse	, l'artista moderno legittima l'intero progetto della società.
yes	X e Y	alti	bassi	alto - basso	"[lemma=""alto"" & pos=""ADJ""][word=""e""][lemma=""basso"" & pos=""ADJ""]"	5778581	Sa che, nel calcio, ci sono gli	alti e bassi	e ogni partita ha la sua storia: L'attaccante sta lì per segnare.
yes	X e Y	alto	basso	alto - basso	"[lemma=""alto"" & pos=""ADJ""][word=""e""][lemma=""basso"" & pos=""ADJ""]"	6961319	Mischieremo	alto e basso	", sperando di fare intrattenimento e di lanciare qua e là qualche spunto di riflessione ""."
yes	X e Y	alti	bassi	alto - basso	"[lemma=""alto"" & pos=""ADJ""][word=""e""][lemma=""basso"" & pos=""ADJ""]"	6608731	Chianciano Terme ha una storia tutta sua, fatta di	alti e bassi	, ma che molto si avvicina a quella di altre località termali d'Italia.
yes	X e Y	altissime	bassissime	alto - basso	"[lemma=""alto"" & pos=""ADJ""][word=""e""][lemma=""basso"" & pos=""ADJ""]"	4290317	Analoghe trasformazioni si sono verificate nel settore termico: nuovi sensori hanno consentito progressi nella scala di temperature; l'uso di materiali in condizioni sempre più estreme ha richiesto ricerche sulle loro proprietà ad	altissime e bassissime	temperature.
yes	X e Y	alti	bassi	alto - basso	"[lemma=""alto"" & pos=""ADJ""][word=""e""][lemma=""basso"" & pos=""ADJ""]"	6177344	Il saggio esplora e disseziona senza pietà i piani	alti e bassi	"della produzione, se non letteraria, almeno editoriale "" rosa "" di ieri e soprattutto di oggi."
yes	X e Y	alta	bassa	alto - basso	"[lemma=""alto"" & pos=""ADJ""][word=""e""][lemma=""basso"" & pos=""ADJ""]"	1490174	Velme, campi di battaglia quotidiani fra	alta e bassa	marea.
yes	X e Y	alto	basso	alto - basso	"[lemma=""alto"" & pos=""ADJ""][word=""e""][lemma=""basso"" & pos=""ADJ""]"	4547641	I sistemi dialettali italiani sono così riassumibili: franco - provenzale (in Val d'Aosta e Piemonte); provenzale (Piemonte occidentale); gallo - italico: ligure,	alto e basso	piemontese, lombardo (occidentale, orientale, alpino, novarese, trentino occ.
yes	X e Y	alti	bassi	alto - basso	"[lemma=""alto"" & pos=""ADJ""][word=""e""][lemma=""basso"" & pos=""ADJ""]"	2730796	"Il regista danese, che gode di un vero e proprio culto presso gli appassionati dai tempi della trilogia di "" Pusher "", di "" Bronson "" e del fortunato "" Drive "", ha elaborato negli anni un'elegante estetica della violenza, che mescola riferimenti cinefili"	alti e bassi	.
yes	X e Y	bassa	alta	alto - basso	"[lemma=""basso"" & pos=""ADJ""][word=""e""][lemma=""alto"" & pos=""ADJ""]"	2675536	"16 del 2004 le parole "" Provincia territorialmente competente "" sono sostituite dalla parola "" Regione ""; le parole "" secondo le indicazioni da essa fornite, i prezzi massimi dei servizi offerti, eventualmente distinti in"	bassa e alta	"stagione sulla base delle indicazioni stabilite dalle Province "" sono eliminate."
yes	X e Y	alti	bassi	alto - basso	"[lemma=""alto"" & pos=""ADJ""][word=""e""][lemma=""basso"" & pos=""ADJ""]"	1952147	Ogni rivoluzione ha i suoi	alti e bassi	».
yes	X e Y	alti	bassi	alto - basso	"[lemma=""alto"" & pos=""ADJ""][word=""e""][lemma=""basso"" & pos=""ADJ""]"	5329897	Ho totale disprezzo per la Borsa italiana, con tutti i suoi	alti e bassi	.
yes	X e Y	alti	bassi	alto - basso	"[lemma=""alto"" & pos=""ADJ""][word=""e""][lemma=""basso"" & pos=""ADJ""]"	5823990	Ma la mancanza di una prospettiva politica continua visibilmente a pesare sul partito di Berlusconi, quali che siano gli	alti e bassi	delle sue fortune nei sondaggi; e temiamo sarebbe fatale anche a Di Pietro, i cui programmi di governo, per quanto se ne capisce (per esempio dalle sue esternazioni giornalistiche), non hanno il dono della sistematicità e nemmeno della chiarezza.
yes	X e Y	alti	bassi	alto - basso	"[lemma=""alto"" & pos=""ADJ""][word=""e""][lemma=""basso"" & pos=""ADJ""]"	5700898	Più ci si avvicina agli zero gradi più aumenta il rischio, e quando gli sbalzi termici dello zero segnano evidenti	alti e bassi	nella cartina delle altezze allora il pericolo è imminente.
yes	X e Y	alti	bassi	alto - basso	"[lemma=""alto"" & pos=""ADJ""][word=""e""][lemma=""basso"" & pos=""ADJ""]"	722177	Questi dati stanno lì a dire che dentro l'economia americana non tutte le rotellina sono ancora a posto e che la trionfale corsa verso una ripresa economica solida e sicura potrebbe anche trasformarsi in un percorso accidentato, fatto di	alti e bassi	, di speranze e di paure.
yes	X e Y	alti	bassi	alto - basso	"[lemma=""alto"" & pos=""ADJ""][word=""e""][lemma=""basso"" & pos=""ADJ""]"	6240592	Il mondo - Internet non si muove lungo pacifiche linee evolutive, ma a strappi, con sorprese continue, clamorosi	alti e bassi	.
yes	X e Y	alta	bassa	alto - basso	"[lemma=""alto"" & pos=""ADJ""][word=""e""][lemma=""basso"" & pos=""ADJ""]"	929408	Ma il giovane artista contemporaneo, cioè educato dalle riviste trendy o nelle varie accademie, popolate di invecchiati maestri ex contestatori, ideologi della trasgressione para e postsurrealista, del trash, del pulp e della contaminazione tra cultura	alta e bassa	, non si attarda molto a portare il lutto.
yes	X e Y	alto	basso	alto - basso	"[lemma=""alto"" & pos=""ADJ""][word=""e""][lemma=""basso"" & pos=""ADJ""]"	3230869	Ti dico che m'indispone abbastanza l'indecisione della scrittura, quel barcamenarsi fra	alto e basso	, cronaca di nera e accademia della Crusca.
yes	X e Y	alti	bassi	alto - basso	"[lemma=""alto"" & pos=""ADJ""][word=""e""][lemma=""basso"" & pos=""ADJ""]"	1490762	Sofisticata e popolare allo stesso tempo, con i suoi edifici barocchi da una parte e le case addossate lungo il fiume al Cais da Ribeira dall'altra, Porto si lascia scoprire tra i suoi quartieri	alti e bassi	, tanto disomogenei quanto affascinanti.
yes	X e Y	alti	bassi	alto - basso	"[lemma=""alto"" & pos=""ADJ""][word=""e""][lemma=""basso"" & pos=""ADJ""]"	2335899	Ci sono momenti di	alti e bassi	, l'importante è continuare a lottare».
yes	X e Y	alto	basso	alto - basso	"[lemma=""alto"" & pos=""ADJ""][word=""e""][lemma=""basso"" & pos=""ADJ""]"	4408895	A un papato mediocre corrispose un clero	alto e basso	, secolare e regolare, numeroso ma spento.
yes	X e Y	alti	bassi	alto - basso	"[lemma=""alto"" & pos=""ADJ""][word=""e""][lemma=""basso"" & pos=""ADJ""]"	2064828	Come sono arrivato da questa vita avventurosa, piena di	alti e bassi	, agli schermi televisivi con la trasmissione Il boss delle torte?
yes	X e Y	alti	bassi	alto - basso	"[lemma=""alto"" & pos=""ADJ""][word=""e""][lemma=""basso"" & pos=""ADJ""]"	6964540	Capricorno Settimana di	alti e bassi	quella in arrivo per il Capricorno, forse distratto rispetto alle questioni importanti a livello quotidiano.
yes	X e Y	alte	basse	alto - basso	"[lemma=""alto"" & pos=""ADJ""][word=""e""][lemma=""basso"" & pos=""ADJ""]"	3095224	Dalla finestra si vedeva una confusione di vecchie case	alte e basse	, qualche metro di tegole, e, miracolo nel miracolo, uno spicchio del Cupolone appoggiato alla casa più alta.
yes	X e Y	alti	bassi	alto - basso	"[lemma=""alto"" & pos=""ADJ""][word=""e""][lemma=""basso"" & pos=""ADJ""]"	6438809	"LE AZIENDE CHE ASSUMONO 909 SAME DEUTZ FAHR DI TREVIGLIO (BG) E 50 saltano sul trattore Mentre tutti parlano di automobili e delle ultime fasi di crescita dopo mesi di "" stanca "", la produzione di trattori sembra non subire"	alti e bassi	.
yes	X e Y	basso	alto	alto - basso	"[lemma=""basso"" & pos=""ADJ""][word=""e""][lemma=""alto"" & pos=""ADJ""]"	4167490	Potrei dire che avevo visto: Zero lo Scrivano il Falsario Guillermo gli Zingari Guido Zelli Trinculo & Gonzalo i due Prosperi, bianco e nero,	basso e alto	Il Bronzetto di Riace l'Armaiolo Candy Piras il vecchio e Piras il giovane il Ladro d'auto Atzori il Centurione Marinella Dino G.
yes	X e Y	alti	bassi	alto - basso	"[lemma=""alto"" & pos=""ADJ""][word=""e""][lemma=""basso"" & pos=""ADJ""]"	1400837	Una specie di naja, che accumula in ciascuno ricordi	alti e bassi	.
yes	X e Y	alti	bassi	alto - basso	"[lemma=""alto"" & pos=""ADJ""][word=""e""][lemma=""basso"" & pos=""ADJ""]"	491130	Episodi di violenza che si sono ripetuti, con	alti e bassi	", per gli ultimi decenni fino a riesplodere nell'estate 1992 contro l'esercito dell'operazione "" Forza Paris ""."
yes	X e Y	alti	bassi	alto - basso	"[lemma=""alto"" & pos=""ADJ""][word=""e""][lemma=""basso"" & pos=""ADJ""]"	3453160	Nonostante gli ostacoli economici che intralciavano l'iniziativa, Il Piano infinito proseguì il suo corso, con	alti e bassi	, ma con tenacia.
yes	X e Y	alti	bassi	alto - basso	"[lemma=""alto"" & pos=""ADJ""][word=""e""][lemma=""basso"" & pos=""ADJ""]"	6715747	Si sapeva che i tacchi,	alti e bassi	, erano vietati.
yes	X e Y	alti	bassi	alto - basso	"[lemma=""alto"" & pos=""ADJ""][word=""e""][lemma=""basso"" & pos=""ADJ""]"	5985566	In un matrimonio ci sono sempre	alti e bassi	e questi ultimi non devono portare immediatamente alla separazione.
yes	X e Y	alti	bassi	alto - basso	"[lemma=""alto"" & pos=""ADJ""][word=""e""][lemma=""basso"" & pos=""ADJ""]"	5007578	Da allora per Gucci, Ford e De Sole è stato un alternarsi di	alti e bassi	.
yes	X e Y	alti	bassi	alto - basso	"[lemma=""alto"" & pos=""ADJ""][word=""e""][lemma=""basso"" & pos=""ADJ""]"	1718401	"Si può argomentare che la diversa incidenza di studenti "" ad alto potenziale "" e, al contrario, di quelli meno promettenti può dar conto della diversa distribuzione dei voti"	alti e bassi	nei gruppi disciplinari.
yes	X e Y	alta	bassa	alto - basso	"[lemma=""alto"" & pos=""ADJ""][word=""e""][lemma=""basso"" & pos=""ADJ""]"	1165111	Insomma Livolsi è l'uomo giusto a cui chiedere che cosa sta succedendo nell'	alta e bassa	finanza italiana.
yes	X e Y	alta	bassa	alto - basso	"[lemma=""alto"" & pos=""ADJ""][word=""e""][lemma=""basso"" & pos=""ADJ""]"	4620184	Questi esperimenti riportavano, infatti, un andamento del tracciato di Scatchard, che metteva in evidenza l'esistenza di due distinti siti di legame, ad	alta e bassa	affinità, designati in seguito come sottotipi m1 e m 2 rispettivamente.
yes	X e Y	alta	bassa	alto - basso	"[lemma=""alto"" & pos=""ADJ""][word=""e""][lemma=""basso"" & pos=""ADJ""]"	4295658	C'è, poi, il settore dell'idrogeologia, che studia il movimento delle acque del sottosuolo, dando indicazioni essenziali per la conoscenza dei sistemi geotermici ad	alta e bassa	temperatura, ed il settore modellistica, che simula il comportamento dei campi geotermici nelle varie fasi.
yes	X e Y	alti	bassi	alto - basso	"[lemma=""alto"" & pos=""ADJ""][word=""e""][lemma=""basso"" & pos=""ADJ""]"	2760830	Per ricreare il clima di questa amicizia unica, che non conobbe mai	alti e bassi	, ma soltanto difficoltà dovute alla difficile posizione di esuli di María e di sua sorella, conviene ricordare le tante attività culturali promosse da Elena Croce che includevano individualità e anche luoghi molto vari.
yes	X e Y	alti	bassi	alto - basso	"[lemma=""alto"" & pos=""ADJ""][word=""e""][lemma=""basso"" & pos=""ADJ""]"	6772527	Ma non riuscì a farlo con naturalezza, scivolò dentro uno di quei suoi discorsi lunghi, agitati, mescolando toni	alti e bassi	.
yes	X e Y	alta	bassa	alto - basso	"[lemma=""alto"" & pos=""ADJ""][word=""e""][lemma=""basso"" & pos=""ADJ""]"	158565	"Nella ragnatela delle isoipse diventa così possibile individuare massimi e minimi, normalmente indicati con le lettere A e B oppure H e L (High, Low), proprio come nelle "" carte al suolo "" si individuano le zone di"	alta e bassa	pressione racchiuse dalle isobare.
yes	X e Y	alti	bassi	alto - basso	"[lemma=""alto"" & pos=""ADJ""][word=""e""][lemma=""basso"" & pos=""ADJ""]"	5701341	""" Sì, ma la pace con l'Egitto in vent'anni, pur con i suoi"	alti e bassi	, non si è mossa di un centimetro.
yes	X e Y	alta	bassa	alto - basso	"[lemma=""alto"" & pos=""ADJ""][word=""e""][lemma=""basso"" & pos=""ADJ""]"	228459	In genere, oltre alle tre o quattro barre tonde, in corrispondenza della serratura se ne trovano altre nella parte	alta e bassa	dell'anta e, in aggiunta, vi sono aste di chiusura superiori e inferiori.
yes	X e Y	alta	bassa	alto - basso	"[lemma=""alto"" & pos=""ADJ""][word=""e""][lemma=""basso"" & pos=""ADJ""]"	4240369	Divertente e grottesco, Will Self narra le sue storie mescolando cultura	alta e bassa	, come nel racconto in cui interpreta i graffiti osceni dei gabinetti londinesi secondo leggi combinatorie stile Oulipo.
yes	X e Y	alti	bassi	alto - basso	"[lemma=""alto"" & pos=""ADJ""][word=""e""][lemma=""basso"" & pos=""ADJ""]"	4010416	Nessuno comprendeva i meccanismi della fama, i suoi	alti e bassi	, meglio di Vina.
yes	X e Y	alti	bassi	alto - basso	"[lemma=""alto"" & pos=""ADJ""][word=""e""][lemma=""basso"" & pos=""ADJ""]"	5533711	"Ma teniamo anche conto dell'opportunità strategica offerta oggi dalle non molte frecce che abbiamo al nostro arco per cogliere i possibili frutti della politica di risanamento (o di "" sacrifici "") condotta, pur fra"	alti e bassi	, a partire dalla manovra del marzo 1995 con il predominante apporto della politica monetaria.
yes	X e Y	alti	bassi	alto - basso	"[lemma=""alto"" & pos=""ADJ""][word=""e""][lemma=""basso"" & pos=""ADJ""]"	5564966	La giornata di ieri ha avuto continui	alti e bassi	, oltre a momenti di grande tensione.
yes	X e Y	alti	bassi	alto - basso	"[lemma=""alto"" & pos=""ADJ""][word=""e""][lemma=""basso"" & pos=""ADJ""]"	6352426	La Borsa thailandese rischia di fare come quella di Tokio, che, fra	alti e bassi	", non si è ancora risollevata dai minimi del'92 ""."
yes	X e Y	alti	bassi	alto - basso	"[lemma=""alto"" & pos=""ADJ""][word=""e""][lemma=""basso"" & pos=""ADJ""]"	5292263	Per qualche anno dopo Desert Storm, seppure con	alti e bassi	, il primato degli Stati Uniti nel mondo ha tenuto banco, e ancora oggi nessuno può ragionevolmente disconoscere agli Usa le sue credenziali di unica superpotenza.
yes	X e Y	alto	basso	alto - basso	"[lemma=""alto"" & pos=""ADJ""][word=""e""][lemma=""basso"" & pos=""ADJ""]"	5664166	La storia vera oltre la leggenda, sorta di cavalcata tra i secoli impervi dell'	alto e basso	Medioevo, Goodrich vuole dimostrare l'esistenza del regno di Artù.
yes	X o Y	alti	bassi	alto - basso	"[lemma=""alto"" & pos=""ADJ""][word=""o""][lemma=""basso"" & pos=""ADJ""]"	958100	Tali variazioni attengono, in prima istanza, al prezzo: l'impresa può allinearlo ai livelli della domanda corrente; tale possibilità, tipica dei mercati basati sulle aste o dei mercati di borsa, permette ai produttori di trarre in ogni momento il massimo beneficio dal livello della domanda corrente (riducendo le perdite di opportunità dovute a prezzi troppo	alti o bassi	).
yes	X o Y	alte	basse	alto - basso	"[lemma=""alto"" & pos=""ADJ""][word=""o""][lemma=""basso"" & pos=""ADJ""]"	432817	li facile capire, peró, come i valori della pressione atmosferica misurati contemporaneamente in diversi punti della Terra ad ore convenute, debbano venire ridotti anche ad un livello comune, cioè al livello del mare, per far sì che le pressioni registrate in luoghi diversi possano essere confrontate tra loro nelle carte del tempo, ed abbia senso parlare di	alte o basse	pressioni.
yes	X o Y	alto	basso	alto - basso	"[lemma=""alto"" & pos=""ADJ""][word=""o""][lemma=""basso"" & pos=""ADJ""]"	325838	Ancora una volta non si parla di destra, sinistra,	alto o basso	, e non solo in relazione alla possibilità di supportare linguaggi differenti da quello occidentale.
yes	X o Y	alti	bassi	alto - basso	"[lemma=""alto"" & pos=""ADJ""][word=""o""][lemma=""basso"" & pos=""ADJ""]"	4251708	I personaggi, già privi di nome e nazionalità, sono	alti o bassi	?
yes	X o Y	alte	basse	alto - basso	"[lemma=""alto"" & pos=""ADJ""][word=""o""][lemma=""basso"" & pos=""ADJ""]"	5131102	"SE AVETE UN CORPO "" A COLONNA "" Androgine,"	alte o basse	, la vostra caratteristica peculiare è il giro vita largo quasi quanto i fianchi.
yes	X o Y	alta	bassa	alto - basso	"[lemma=""alto"" & pos=""ADJ""][word=""o""][lemma=""basso"" & pos=""ADJ""]"	4488446	Per di più, neonati del tutto competenti nell'elaborazione fisiologica delle sensazioni, dopo aver trascorso un mese soltanto in ambienti caotici, risultano del tutto indistinguibili da quelli nati con problemi motori o con una sensibilità eccessivamente	alta o bassa	a immagini e suoni.
yes	X o Y	alto	basso	alto - basso	"[lemma=""alto"" & pos=""ADJ""][word=""o""][lemma=""basso"" & pos=""ADJ""]"	128996	Bruciori o fastidio sono associati generalmente con pH eccessivamente	alto o basso	.
yes	X o Y	basso	alto	alto - basso	"[lemma=""basso"" & pos=""ADJ""][word=""o""][lemma=""alto"" & pos=""ADJ""]"	1935901	Posso giocare esterno	basso o alto	, ma è Reja che deciderà dove impiegarmi».
yes	X o Y	alta	bassa	alto - basso	"[lemma=""alto"" & pos=""ADJ""][word=""o""][lemma=""basso"" & pos=""ADJ""]"	6979755	Molto cambia se hai uno scooter a ruota	alta o bassa	, in questo secondo caso l'insidia è maggiore.
yes	X o Y	alto	basso	alto - basso	"[lemma=""alto"" & pos=""ADJ""][word=""o""][lemma=""basso"" & pos=""ADJ""]"	2220410	Ignorava se fosse grasso o magro,	alto o basso	, bello o brutto, e se come coppia andassero d'accordo.
yes	X o Y	alto	basso	alto - basso	"[lemma=""alto"" & pos=""ADJ""][word=""o""][lemma=""basso"" & pos=""ADJ""]"	4510595	Il leader politico che vuole colpire la fantasia del pubblico può essere	alto o basso	, magro o grasso, ma deve essere comunque un tipo che non si dimentica: non può permettersi di avere una didascalia col suo nome nelle vignette dei quotidiani.
yes	X o Y	alto	basso	alto - basso	"[lemma=""alto"" & pos=""ADJ""][word=""o""][lemma=""basso"" & pos=""ADJ""]"	5409901	"D'Alema, che non sa di questa esplosione, risponde all'Occhetto che ha parlato in Commissione: "" Io non so se il compromesso è mediocre,"	alto o basso	.
yes	X o Y	bassa	alta	alto - basso	"[lemma=""basso"" & pos=""ADJ""][word=""o""][lemma=""alto"" & pos=""ADJ""]"	2669673	Il divario di fecondità a 35 anni tra donne con	bassa o alta	istruzione si è accresciuto: da circa 15 punti percentuali per le donne nate negli anni Quaranta a più di 20 punti percentuali per le generazioni più giovani.
yes	X o Y	alta	bassa	alto - basso	"[lemma=""alto"" & pos=""ADJ""][word=""o""][lemma=""basso"" & pos=""ADJ""]"	79445	"Fu immediata la reazione personale: vista quella ripulsa generazionale di ogni letteratura e il "" cult "" delle mode ideologiche effimere, non preoccuparsi certamente di fornire cultura"	alta o bassa	a chi si nutre solo di documenti assembleari e burocratici.
yes	X o Y	alto	basso	alto - basso	"[lemma=""alto"" & pos=""ADJ""][word=""o""][lemma=""basso"" & pos=""ADJ""]"	7127096	Impossibile sapere se Himmo era stato	alto o basso	, largo o stretto di spalle.
yes	X o Y	alta	bassa	alto - basso	"[lemma=""alto"" & pos=""ADJ""][word=""o""][lemma=""basso"" & pos=""ADJ""]"	6885149	E come la pressione sanguigna deve avere un equilibrio stabile (se è troppo	alta o bassa	sveniamo), lo stesso avviene per l'elettricità: deve mantenere la frequenza di tensione a un valore costante, 50 Hz.
yes	X o Y	alta	bassa	alto - basso	"[lemma=""alto"" & pos=""ADJ""][word=""o""][lemma=""basso"" & pos=""ADJ""]"	7020506	Solo o in gruppo, con la testa	alta o bassa	, adulto o cucciolo.
yes	X o Y	alta	bassa	alto - basso	"[lemma=""alto"" & pos=""ADJ""][word=""o""][lemma=""basso"" & pos=""ADJ""]"	3193703	- - Che... che avevo una voglia... matta di vederti: grassa, magra,	alta o bassa	.
yes	X o Y	alti	bassi	alto - basso	"[lemma=""alto"" & pos=""ADJ""][word=""o""][lemma=""basso"" & pos=""ADJ""]"	6017930	Neri o rossi, gialli o bianchi, belli o brutti,	alti o bassi	, siamo tutti uguali in uno stadio.
yes	X o Y	alto	basso	alto - basso	"[lemma=""alto"" & pos=""ADJ""][word=""o""][lemma=""basso"" & pos=""ADJ""]"	5270240	Benigni ha la consapevolezza che la Shoà è il calvario non di masse indistinte, ma di esseri umani ciascuno,	alto o basso	, con il suo bagaglio di vita vissuta e da vivere.
yes	X o Y	alte	basse	alto - basso	"[lemma=""alto"" & pos=""ADJ""][word=""o""][lemma=""basso"" & pos=""ADJ""]"	1062445	Forse, sarebbe tempo di mettere in chiaro che la partecipazione alle missioni non è un premio né un castigo, ma semplicemente un dovere, paghe	alte o basse	che siano, e chi non ci sta, se ne deve andare.
yes	X o Y	alto	basso	alto - basso	"[lemma=""alto"" & pos=""ADJ""][word=""o""][lemma=""basso"" & pos=""ADJ""]"	2939134	"- Flavio era considerato il "" re "" del raddoppio di quella bisca; non c'era punto"	alto o basso	che fosse, che quello non raddoppiava tre, quattro od anche sei volte di seguito.
yes	X o Y	alta	bassa	alto - basso	"[lemma=""alto"" & pos=""ADJ""][word=""o""][lemma=""basso"" & pos=""ADJ""]"	3596459	«Non può dirmi almeno se era	alta o bassa	?
yes	X o Y	basso	alto	alto - basso	"[lemma=""basso"" & pos=""ADJ""][word=""o""][lemma=""alto"" & pos=""ADJ""]"	6550760	La cosa bella è che non esiste un modello unico, ma ce ne sono tantissime varianti: con o senza cinturini, dal tacco	basso o alto	, con o senza decorazioni, e così via.
yes	X o Y	alti	bassi	alto - basso	"[lemma=""alto"" & pos=""ADJ""][word=""o""][lemma=""basso"" & pos=""ADJ""]"	2642345	A scuola bisogna rispettare il maestro, che ci classifica con voti	alti o bassi	.
yes	X o Y	alta	bassa	alto - basso	"[lemma=""alto"" & pos=""ADJ""][word=""o""][lemma=""basso"" & pos=""ADJ""]"	2400980	Questo è il motore che guida le condizioni atmosferiche, oltre che il motivo per cui i meteorologi parlano sempre di zone di	alta o bassa	pressione.
yes	X o Y	basso	alto	alto - basso	"[lemma=""basso"" & pos=""ADJ""][word=""o""][lemma=""alto"" & pos=""ADJ""]"	30092	Voi sapete anche che deve essere travestito come	basso o alto	, poiché una delle sue prime tre carte deve essere vera e sapete che non è Col. Bubble.
yes	X o Y	alto	basso	alto - basso	"[lemma=""alto"" & pos=""ADJ""][word=""o""][lemma=""basso"" & pos=""ADJ""]"	4706928	Agli impianti di cui al comma 1 è interdetta ogni altra attività di trasformazione dei rifiuti di origine animale ad	alto o basso	rischio.
yes	X o Y	basso	alto	alto - basso	"[lemma=""basso"" & pos=""ADJ""][word=""o""][lemma=""alto"" & pos=""ADJ""]"	1734985	Voglio vedere come è fatto, se ha i baffi o no, se è	basso o alto	, voglio vedere i suoi occhi, voglio parlare con lui.
yes	X o Y	alti	bassi	alto - basso	"[lemma=""alto"" & pos=""ADJ""][word=""o""][lemma=""basso"" & pos=""ADJ""]"	6582430	Lo stile in gravidanza E ora un altro segreto: visto che la gravidanza offre numerosi vantaggi ai tuoi capelli, approfitta della loro robustezza e vivacità per realizzare le più svariate pettinature: chignon messy oppure chic e tirati,	alti o bassi	, trecce di tutte le fogge e torchon o top knot.
yes	X o Y	bassa	alta	alto - basso	"[lemma=""basso"" & pos=""ADJ""][word=""o""][lemma=""alto"" & pos=""ADJ""]"	4455252	Sarebbe così risolta l'annosa controversia del perché coloro che hanno avvistato gli occupanti degli UFO li descrivono come esseri che - a parte la statura	bassa o alta	hanno un aspetto umano.
yes	X o Y	alta	bassa	alto - basso	"[lemma=""alto"" & pos=""ADJ""][word=""o""][lemma=""basso"" & pos=""ADJ""]"	3796386	E mi voleva molto bene, dico a Shug.E'	alta o bassa	?
yes	X o Y	alta	bassa	alto - basso	"[lemma=""alto"" & pos=""ADJ""][word=""o""][lemma=""basso"" & pos=""ADJ""]"	722711	La vera bestia nera dei mercati in questo momento non è la crescita (	alta o bassa	) del Pil, ma il costo del denaro.
yes	X o Y	bassa	alta	alto - basso	"[lemma=""basso"" & pos=""ADJ""][word=""o""][lemma=""alto"" & pos=""ADJ""]"	63208	Il sistema, che ha un'altezza inferiore ai 4 metri e un peso di 300 kg, ha diverse possibilità di applicazione: riscaldamento (anche a integrazione dei sistemi tradizionali), produzione di acqua calda a	bassa o alta	temperatura per edifici abitativi, serre agricole, piscine, comunità, ospedali, asili, ecc.; può essere utilizzato anche per la dissalazione di acque salmastre o per impianti di condizionamento e refrigerazione, accoppiato agli impianti specifici.
yes	X o Y	bassa	alta	alto - basso	"[lemma=""basso"" & pos=""ADJ""][word=""o""][lemma=""alto"" & pos=""ADJ""]"	4295047	In sintesi, mentre l'insoddisfazione verso il rapporto con i genitori è associata strettamente al desiderio di uscire da casa e all'aspirazione a lasciarla in futuro, il contrario non è sempre vero, cioè l'essere soddisfatti del rapporto con i genitori non è associato in modo significativo con la	bassa o alta	aspirazione a lasciare la casa dei genitori (fig.
yes	X o Y	alta	bassa	alto - basso	"[lemma=""alto"" & pos=""ADJ""][word=""o""][lemma=""basso"" & pos=""ADJ""]"	877535	Ci si poteva perdere, tra quei cunicoli di porte contrassegnate solo di lettere e numeri; bisognava chiedere la strada agli indigeni; e ad ogni nuova terrazza, un po' più	alta o bassa	, un po' più a est o a ovest, il paesaggio sembrava nuovo, e le curve dei colli cambiavano come quelle di una donna che si muovesse sotto una coperta.
yes	X o Y	alto	basso	alto - basso	"[lemma=""alto"" & pos=""ADJ""][word=""o""][lemma=""basso"" & pos=""ADJ""]"	314088	I secondi sistemano l'oggetto dell'elemento allineandolo in modi diversi (sinistra, centro o destra,	alto o basso	, sopra o sotto) a seconda delle necessità.
yes	X o Y	alta	bassa	alto - basso	"[lemma=""alto"" & pos=""ADJ""][word=""o""][lemma=""basso"" & pos=""ADJ""]"	1722249	Questo tipo di tecniche consente di dividere il momento del giudizio sulla rilevanza (quanto il singolo criterio è capace di rappresentare la qualità) dei criteri di qualità (fase sempre individuale e anonima), dalla fase di confronto sui motivi che portano i singoli attori ad assegnare rilevanza	alta o bassa	ai criteri considerati (fase di confronto strutturato).
yes	a X e Y	bassa	alta	alto - basso	"[word=""a""][lemma=""basso"" & pos=""ADJ""][word=""e""][lemma=""alto"" & pos=""ADJ""]"	382940	Lo strato più basso, quello detto di interconnessione (interconnection), coincide con quello delle sottoreti dell'architettura Internet e comprende tutti i possibili mezzi di trasporto di informazioni digitali	a bassa e alta	velocità (da 9.600 bit s fino a quasi 10 miliardi di bit s, Gbit s) su sottoreti eterogenee.
yes	da X a Y	alta	bassa	alto - basso	"[word=""da""][lemma=""alto"" & pos=""ADJ""][word=""a""][lemma=""basso"" & pos=""ADJ""]"	594090	Macchina statica, cioè senza alcun organo in movimento, che consente la trasformazione	da alta a bassa	tensione e viceversa delle correnti elettriche alternate.
yes	da X a Y	alta	bassa	alto - basso	"[word=""da""][lemma=""alto"" & pos=""ADJ""][word=""a""][lemma=""basso"" & pos=""ADJ""]"	398780	L'accoppiamento tra rete di telecomunicazione e rete elettrica avviene a livello di sottostazione di conversione	da alta a bassa	tensione (dove avviene la conversione alla tensione di 220 Volt in corrente alternata distribuita agli appartamenti), mentre le due reti vengono separate nuovamente all'ingresso dell'appartamento, in prossimità del misuratore di consumo, con l'ultimo tratto di percorso realizzato in cavo coassiale.
yes	o X o Y	alto	basso	alto - basso	"[word=""o""][lemma=""alto"" & pos=""ADJ""][word=""o""][lemma=""basso"" & pos=""ADJ""]"	531634	Come nasce un Giovane Salmone Secondo il credo dei mediocri che governano la nostra estetica, tutte le cose che ci circondano non possono che ricadere necessariamente in uno dei due settori contrapposti: o brutto o bello,	o alto o basso	, o culturale o sottoculturale, o o.
yes	tra X e Y	alti	bassi	alto - basso	"[word=""tra""][lemma=""alto"" & pos=""ADJ""][word=""e""][lemma=""basso"" & pos=""ADJ""]"	2344658	Un buon risultato, al termine di una stagione vissuta comunque	tra alti e bassi	.
yes	tra X e Y	alti	bassi	alto - basso	"[word=""tra""][lemma=""alto"" & pos=""ADJ""][word=""e""][lemma=""basso"" & pos=""ADJ""]"	5990902	L'ultima avanzata massiccia dei ghiacciai si verificò infatti tra il 1550 e il 1850, durante la' ' piccola glaciazione' ', e da allora -	tra alti e bassi	- è cominciata una fase di regresso.
yes	tra X e Y	alti	bassi	alto - basso	"[word=""tra""][lemma=""alto"" & pos=""ADJ""][word=""e""][lemma=""basso"" & pos=""ADJ""]"	927929	Poi,	tra alti e bassi	, i rapporti franco - tedeschi furono marcati soprattutto dalla personalità della coppia presidente - cancelliere: Valéry Giscard d'Estaing e Helmut Schmidt negli anni Settanta, all'insegna della modernizzazione liberale.
yes	tra X e Y	alta	bassa	alto - basso	"[word=""tra""][lemma=""alto"" & pos=""ADJ""][word=""e""][lemma=""basso"" & pos=""ADJ""]"	4444650	Ricompaiono il nome e i testi di Celso, dunque, ma anche di Marcello l'Empirico, di Cleopatra, Muscione, Vindiciano, Prisciano, Sorano, Paolo d'Egina, e poi di Trotula e Musa, Oribasio, Ezio - quelli stessi che avevano già percorso tutto il Medioevo e che erano stati a base dei collegamenti	tra alta e bassa	medicina.
yes	tra X e Y	alti	bassi	alto - basso	"[word=""tra""][lemma=""alto"" & pos=""ADJ""][word=""e""][lemma=""basso"" & pos=""ADJ""]"	2221548	La tua memoria, mentre ti trascini	tra alti e bassi	in questo posto sul mare, si andrà progressivamente sgretolando.
yes	tra X e Y	alta	bassa	alto - basso	"[word=""tra""][lemma=""alto"" & pos=""ADJ""][word=""e""][lemma=""basso"" & pos=""ADJ""]"	382428	Rifiuta la separatezza	tra alta e bassa	"cultura, non considera "" minore "" la creatività ricavata da materiali d'uso, rispetta la pubblicità, si ribella alle gerarchie."
yes	tra X e Y	alta	bassa	alto - basso	"[word=""tra""][lemma=""alto"" & pos=""ADJ""][word=""e""][lemma=""basso"" & pos=""ADJ""]"	4234643	Nella prima metà del secolo la divisione	tra alta e bassa	letteratura era molto netta, oggi non è più così.
yes	tra X e Y	alti	bassi	alto - basso	"[word=""tra""][lemma=""alto"" & pos=""ADJ""][word=""e""][lemma=""basso"" & pos=""ADJ""]"	6258994	In tutto questo periodo io ho vissuto	tra alti e bassi	.
yes	tra X e Y	alti	bassi	alto - basso	"[word=""tra""][lemma=""alto"" & pos=""ADJ""][word=""e""][lemma=""basso"" & pos=""ADJ""]"	6760846	Eravamo stati insieme,	tra alti e bassi	, per buona parte dell'università.
yes	tra X e Y	alti	bassi	alto - basso	"[word=""tra""][lemma=""alto"" & pos=""ADJ""][word=""e""][lemma=""basso"" & pos=""ADJ""]"	6411869	Ma la maturità non ha un significato classico per questi cinque americani che,	tra alti e bassi	, sono riusciti in una storica impresa: in venticinque anni di carriera non hanno mai cambiato formazione.
yes	tra X e Y	alta	bassa	alto - basso	"[word=""tra""][lemma=""alto"" & pos=""ADJ""][word=""e""][lemma=""basso"" & pos=""ADJ""]"	6586862	Filo conduttore Punti in comune e differenze	tra alta e bassa	gamma: l'analisi di SILVIA GIANNINI, architetto di Wellness 7.0, sui due segmenti alberghieri.
yes	tra X e Y	alto	basso	alto - basso	"[word=""tra""][lemma=""alto"" & pos=""ADJ""][word=""e""][lemma=""basso"" & pos=""ADJ""]"	3256977	Tu vuoi che anche nei cieli c'è aria così non c'è più differentia	tra alto e basso	, tutto gira, et la terra muove il suo kulo come una bagassa.
yes	tra X e Y	alti	bassi	alto - basso	"[word=""tra""][lemma=""alto"" & pos=""ADJ""][word=""e""][lemma=""basso"" & pos=""ADJ""]"	2471549	Allora, pur	tra alti e bassi	, mi sentivo ancora realizzata.
yes	tra X e Y	alti	bassi	alto - basso	"[word=""tra""][lemma=""alto"" & pos=""ADJ""][word=""e""][lemma=""basso"" & pos=""ADJ""]"	6910304	Da allora,	tra alti e bassi	, la Valle ha sempre mantenuto la sua natura proletaria e sottoproletaria, accogliendo migranti e genti di passaggio fino ai giorni nostri.
yes	tra X e Y	alti	bassi	alto - basso	"[word=""tra""][lemma=""alto"" & pos=""ADJ""][word=""e""][lemma=""basso"" & pos=""ADJ""]"	4150528	"Qui cresce e si sviluppa la figura del "" gallo "", del "" neo - vitellone "", o come altro lo si voglia chiamare; qui imperversa ancora - pur se"	tra alti e bassi	- il culto della conquista esibita, della donna sedotta, circuita, attirata da mille attenzioni e riguardi.
yes	tra X e Y	alti	bassi	alto - basso	"[word=""tra""][lemma=""alto"" & pos=""ADJ""][word=""e""][lemma=""basso"" & pos=""ADJ""]"	1093348	La sua carriera andava	tra alti e bassi	: dai cartoni animati a giochi, passando attraverso tanti flop per ottenere un suo angolo da oracolo a'Domenica In', dove somministrava agli italiani pensieri così generici da apparire profondi.
yes	tra X e Y	alti	bassi	alto - basso	"[word=""tra""][lemma=""alto"" & pos=""ADJ""][word=""e""][lemma=""basso"" & pos=""ADJ""]"	6539933	Mentre l'indice Comit è ancora ben sotto i massimi storici di metà'86, le principali Borse europee e quella americana hanno vissuto nello stesso tempo importanti rialzi, compensando sempre nel lungo periodo, pur	tra alti e bassi	, gli investitori.
yes	tra X e Y	alti	bassi	alto - basso	"[word=""tra""][lemma=""alto"" & pos=""ADJ""][word=""e""][lemma=""basso"" & pos=""ADJ""]"	5649766	Dopo il collasso dei regimi autoritari, avvenuto sei anni fa, la transizione all'economia di mercato e alla democrazia politica,	tra alti e bassi	, ha fatto molti passi in avanti.
yes	tra X e Y	alti	bassi	alto - basso	"[word=""tra""][lemma=""alto"" & pos=""ADJ""][word=""e""][lemma=""basso"" & pos=""ADJ""]"	5048630	In queste ultime settimane il biglietto verde è tornato padrone dei cambi e le previsioni più accreditate dicono che, magari	tra alti e bassi	, manterrà a lungo il primato che si fonda su un retroterra fatto di economia reale solida e in continua crescita.
yes	tra X e Y	alti	bassi	alto - basso	"[word=""tra""][lemma=""alto"" & pos=""ADJ""][word=""e""][lemma=""basso"" & pos=""ADJ""]"	1053370	Ci ha provato,	tra alti e bassi	, tra Ecuador e Colombia, fino a ottenere, nel 2004, la grande chance.
yes	tra X e Y	alta	bassa	alto - basso	"[word=""tra""][lemma=""alto"" & pos=""ADJ""][word=""e""][lemma=""basso"" & pos=""ADJ""]"	2214001	Per esempio, il rapporto	tra alta e bassa	marea sarebbe mutato radicalmente, e ne avrebbero parlato tutti.
yes	tra X e Y	alti	bassi	alto - basso	"[word=""tra""][lemma=""alto"" & pos=""ADJ""][word=""e""][lemma=""basso"" & pos=""ADJ""]"	5047039	Come,	tra alti e bassi	, siamo uniti da 50 anni.
yes	tra X e Y	alto	basso	alto - basso	"[word=""tra""][lemma=""alto"" & pos=""ADJ""][word=""e""][lemma=""basso"" & pos=""ADJ""]"	6508237	Sono costoro a legittimare indirettamente chi ancora oggi alza il dito e predica che no, non si deve distinguere	tra alto e basso	.
yes	tra X e Y	alta	bassa	alto - basso	"[word=""tra""][lemma=""alto"" & pos=""ADJ""][word=""e""][lemma=""basso"" & pos=""ADJ""]"	4445356	Credenze, rituali, abitudini di vita non ancora cristianizzate continuano a esistere e non solo in aree remote d'Europa: la mentalità magica percorre a lungo tutti gli strati sociali, nonostante le differenze	tra alta e bassa	cultura, tra città e campagna [Runeberg; Adriani].
yes	tra X e Y	alta	bassa	alto - basso	"[word=""tra""][lemma=""alto"" & pos=""ADJ""][word=""e""][lemma=""basso"" & pos=""ADJ""]"	1723619	Si tratta di stazioni ubicate principalmente nella provincia di Venezia e di Treviso e due stazioni, rispettivamente, in provincia di Vicenza e Verona, su terreni della bassa pianura (fa eccezione il sito di Novoledo, che si trova al confine	tra alta e bassa	pianura), situati generalmente ad un'altitudine di pochi metri sul livello del mare.
yes	tra X e Y	alti	bassi	alto - basso	"[word=""tra""][lemma=""alto"" & pos=""ADJ""][word=""e""][lemma=""basso"" & pos=""ADJ""]"	5316244	Pds più Rifondazione fanno ancora quel 30 per cento che il vecchio Pci,	tra alti e bassi	, ha sempre avuto nel Paese.
yes	tra X e Y	alti	bassi	alto - basso	"[word=""tra""][lemma=""alto"" & pos=""ADJ""][word=""e""][lemma=""basso"" & pos=""ADJ""]"	4150820	Poi la trasformazione in discoteca,	tra alti e bassi	"(con una parentesi come Love Planet, nata da una "" costola "" del Cocoricò) e un pubblico sempre più giovane."
yes	tra X e Y	alti	bassi	alto - basso	"[word=""tra""][lemma=""alto"" & pos=""ADJ""][word=""e""][lemma=""basso"" & pos=""ADJ""]"	5746493	In altri casi invece - come è già successo in California o nelle isole Salomone e come sta accadendo in Umbria e nelle Marche - la sequenza è diversa, continua a lungo	tra alti e bassi	.
yes	tra X e Y	alti	bassi	alto - basso	"[word=""tra""][lemma=""alto"" & pos=""ADJ""][word=""e""][lemma=""basso"" & pos=""ADJ""]"	6139417	Noi, con tutti i nostri limiti e	tra alti e bassi	, grazie soprattutto al lavoro di poliziotti, carabinieri e finanzieri - perché noi magistrati siamo come ciclisti che succhiano le ruote: senza di loro non potremmo andare da nessuna parte - lavoriamo da sei anni.
yes	tra X e Y	alti	bassi	alto - basso	"[word=""tra""][lemma=""alto"" & pos=""ADJ""][word=""e""][lemma=""basso"" & pos=""ADJ""]"	4882836	"Mai, comunque, si era pensato all'omicidio "" per proprio piacere ""; una tipologia che - secondo i criminologi dell'epoca - non trovava culturalmente riscontro all'interno di un tessuto sociale che peraltro veniva già, lentamente ma inesorabilmente, disgregato dalla più potente organizzazione criminale europea, unitamente ad una criminalità metropolitana - fenomeno, uesto, che pur"	tra alti e bassi	, si alimenta sempre di nuove connotazioni e mutazioni sociali che lo alimentano e lo sorreggono - del tutto fuori controllo.
yes	tra X e Y	alti	bassi	alto - basso	"[word=""tra""][lemma=""alto"" & pos=""ADJ""][word=""e""][lemma=""basso"" & pos=""ADJ""]"	4985117	"Per mezzo secolo, dai tempi della ricostruzione postbellica, generazioni di risparmiatori, investendo nell'abitazione, sono stati capaci di preservare negli anni il patrimonio familiare, ripagati in modo "" solido "" dal mattone che, sia pure"	tra alti e bassi	, ha retto bene il confronto con l'inflazione.
yes	tra X e Y	alta	bassa	alto - basso	"[word=""tra""][lemma=""alto"" & pos=""ADJ""][word=""e""][lemma=""basso"" & pos=""ADJ""]"	382444	E dobbiamo arrivare a questa definizione, senza ignorare le relazioni che intercorrono	tra alta e bassa	cultura.
yes	tra X e Y	alti	bassi	alto - basso	"[word=""tra""][lemma=""alto"" & pos=""ADJ""][word=""e""][lemma=""basso"" & pos=""ADJ""]"	333716	Nel nostro secolo,	tra alti e bassi	, il Neoclassicismo si è ripresentato almeno due volte: la prima nella forma del Razionalismo, con la rinuncia totale alla decorazione e l'uso di forme geometriche semplici; l'altra, più di recente, attraverso l'opera di alcuni esponenti di ciò che è stato poi definito Postmodernismo, la corrente che, rifiutando l'eredità del Razionalismo, ha recuperato gli stili del passato tra cui appunto quello Neoclassico.
yes	tra X e Y	alti	bassi	alto - basso	"[word=""tra""][lemma=""alto"" & pos=""ADJ""][word=""e""][lemma=""basso"" & pos=""ADJ""]"	2709917	Erano i primi anni Novanta dello scorso secolo quando, in forma quasi clandestina, attraverso la sua fanzine, Tommaso Labranca, con visionarietà quanto mai lucida, iniziava a raccontare di un mondo, quello attuale, che sovvertiva tutti i valori della secolare tradizione italiana - diciamo quella che ha avuto origine nel Rinascimento - e che pure,	tra alti e bassi	, è stata (e lo rimane, in modo sommerso) tra le più grandi della Storia di un'Europa che da troppo finge di esserci.
yes	tra X e Y	alti	bassi	alto - basso	"[word=""tra""][lemma=""alto"" & pos=""ADJ""][word=""e""][lemma=""basso"" & pos=""ADJ""]"	929411	La situazione dunque è grave ma non proprio seria; ed è comune,	tra alti e bassi	, un po' in tutto il mondo, come si è visto all'ultima Biennale di Venezia.
yes	tra X e Y	alta	bassa	alto - basso	"[word=""tra""][lemma=""alto"" & pos=""ADJ""][word=""e""][lemma=""basso"" & pos=""ADJ""]"	1726410	Questo effetto è risultato transitorio, dato che al secondo anno l'accrescimento longitudinale è risultato maggiore in alta luce (p0.009), mentre al terzo anno non si sono osservate differenze significative	tra alta e bassa	luce in condizioni di buona disponibilità idrica del suolo (W +, Tab.
yes	X e Y	asciutta	bagnata	asciutto - bagnato	"[lemma=""asciutto"" & pos=""ADJ""][word=""e""][lemma=""bagnato"" & pos=""ADJ""]"	5401891	Ieri, reduce dal successo colto in Canada, ha dominato a Magny Cours in tutte le condizioni: sulla pista	asciutta e bagnata	.
yes	X e Y	asciutto	bagnato	asciutto - bagnato	"[lemma=""asciutto"" & pos=""ADJ""][word=""e""][lemma=""bagnato"" & pos=""ADJ""]"	244837	Nuova costruzione: Aumento delle prestazioni su	asciutto e bagnato	.
yes	X e Y	asciutto	bagnato	asciutto - bagnato	"[lemma=""asciutto"" & pos=""ADJ""][word=""e""][lemma=""bagnato"" & pos=""ADJ""]"	6009525	È possibile prenotarsi (presso i concessionari Alfa) per l'anno nuovo: corsi di 3 giorni a Varano (Parma), con le 155, in programma test su	asciutto e bagnato	, in rettilineo e in curva.
yes	X o Y	bagnata	asciutta	asciutto - bagnato	"[lemma=""bagnato"" & pos=""ADJ""][word=""o""][lemma=""asciutto"" & pos=""ADJ""]"	1316311	""" "" Dipende se la strada è"	bagnata o asciutta	""" dice tuo fratello."
yes	X o Y	asciutto	bagnato	asciutto - bagnato	"[lemma=""asciutto"" & pos=""ADJ""][word=""o""][lemma=""bagnato"" & pos=""ADJ""]"	6707086	E mentre pensi a queste cose - necessarie perché tu vai lì per risolvere un problema, non per crearlo, non ti puoi permettere nemmeno un raffreddore, devi essere in forze e sorridere sempre, che sia freddo o che sia caldo,	asciutto o bagnato	- ti chiedi come fanno loro.
yes	X o Y	bagnato	asciutto	asciutto - bagnato	"[lemma=""bagnato"" & pos=""ADJ""][word=""o""][lemma=""asciutto"" & pos=""ADJ""]"	243389	Infine, la particolare mescola alla silice migliora sensibilmente il comportamento anche con asfalto	bagnato o asciutto	": nel primo caso il disegno direzionale e i canali longitudinali allontanano il rischio di aquaplaning, ma anche sull'asciutto, con basse temperature, le prestazioni superano quelle dei pneumatici "" estivi "", permettendo l'impiego dei TS 780 durante tutta la stagione fredda e anche oltre."
yes	X e Y	attive	passive	attivo - passivo	"[lemma=""attivo"" & pos=""ADJ""][word=""e""][lemma=""passivo"" & pos=""ADJ""]"	4912807	Le poste	attive e passive	, risultanti, per gli stessi titoli, alla data del 31 dicembre 1993, sono quelle individuate nell'ambito del patrimonio netto della società, accertato con il decreto del Ministro del tesoro in data 23 dicembre 1994.
yes	X e Y	attive	passive	attivo - passivo	"[lemma=""attivo"" & pos=""ADJ""][word=""e""][lemma=""passivo"" & pos=""ADJ""]"	1360653	39 2004) che la proposta di concordato sia unica per tutte le imprese interessate, ferma restando l'autonomia delle rispettive masse	attive e passive	.
yes	X e Y	attive	passive	attivo - passivo	"[lemma=""attivo"" & pos=""ADJ""][word=""e""][lemma=""passivo"" & pos=""ADJ""]"	2282175	Per gli esercenti imprese o arti e professioni con ricavi e compensi dichiarati non superiori a 5 milioni di euro i quali per tutte le operazioni	attive e passive	effettuate nell'esercizio dell'attivita' utilizzano esclusivamente strumenti di pagamento diversi dal denaro contante e nelle dichiarazioni in materia di imposte sui redditi e imposte sul valore aggiunto indicano gli estremi identificativi dei rapporti con gli operatori finanziari di cui all'articolo 7, sesto comma, del decreto del Presidente della Repubblica 29 settembre 1973, n.
yes	X e Y	attivi	passivi	attivo - passivo	"[lemma=""attivo"" & pos=""ADJ""][word=""e""][lemma=""passivo"" & pos=""ADJ""]"	2676314	Il trasferimento dei beni comporta anche il subentro nei rapporti	attivi e passivi	ad essi inerenti, incluse le rate di mutuo in scadenza dalla data del trasferimento.
yes	X e Y	attivi	passivi	attivo - passivo	"[lemma=""attivo"" & pos=""ADJ""][word=""e""][lemma=""passivo"" & pos=""ADJ""]"	2304896	I comitati locali e provinciali, costituiti in associazioni di diritto privato, subentrano in tutti i rapporti	attivi e passivi	ai comitati locali e provinciali esistenti alla data di entrata in vigore del presente articolo, ivi compresi i rapporti relativi alle convenzioni stipulate dalla CRI con enti territoriali e organi del Servizio sanitario nazionale.
yes	X e Y	attiva	passiva	attivo - passivo	"[lemma=""attivo"" & pos=""ADJ""][word=""e""][lemma=""passivo"" & pos=""ADJ""]"	5685094	Per efficienza e rendimento, sicurezza	attiva e passiva	, ma anche funzionalità, abitabilità, comfort.
yes	X e Y	attivi	passivi	attivo - passivo	"[lemma=""attivo"" & pos=""ADJ""][word=""e""][lemma=""passivo"" & pos=""ADJ""]"	5583763	Difatti, al momento del conferimento, si contabilizzano i valori degli elementi	attivi e passivi	misurati per differenza dall'aumento di capitale nelle scritture del soggetto conferitario, con l'appostazione dell'eventuale relativo sovrapprezzo.
yes	X e Y	attivi	passivi	attivo - passivo	"[lemma=""attivo"" & pos=""ADJ""][word=""e""][lemma=""passivo"" & pos=""ADJ""]"	4278629	3) evidenzia il totale dell'attività finanziaria del CNR negli anni 1993, 1994, 1995 e l'andamento discendente e quindi favorevole dei residui	attivi e passivi	degli stessi anni.
yes	X e Y	attivi	passivi	attivo - passivo	"[lemma=""attivo"" & pos=""ADJ""][word=""e""][lemma=""passivo"" & pos=""ADJ""]"	5595393	L'assemblea e il consiglio del Banco di Sicilia hanno deliberato l'acquisto di	attivi e passivi	della Sicilcassa, che debutterà sotto i colori dell'ex istituto di diritto pubblico già da lunedì.
yes	X e Y	attive	passive	attivo - passivo	"[lemma=""attivo"" & pos=""ADJ""][word=""e""][lemma=""passivo"" & pos=""ADJ""]"	1439381	"L'altro significato del termine "" partecipazione Â (partecipazione come rapporto giuridico che nasce dall'atto costitutivo fra socio e società), ha rilievo dal punto di vista dinamico (le vicende che investono la partecipazione) e statico (situazioni giuridiche"	attive e passive	).
yes	X e Y	attivi	passivi	attivo - passivo	"[lemma=""attivo"" & pos=""ADJ""][word=""e""][lemma=""passivo"" & pos=""ADJ""]"	4815319	Tuttavia, quando come nel caso in esame la dichiarazione sia stata rilasciata da un soggetto, successivamente deceduto, il suo valore confessorio può essere opposto in giudizio dalla persona favorita al successore universale, perché questi, in tale qualità, subentra nella medesima situazione del proprio dante causa e in tutti i suoi rapporti giuridici	attivi e passivi	e non vi sarebbe, perciò, alcuna ragione per negare efficacia probatoria a detta attestazione che il destinatario faccia valere nei confronti dell'erede, purché non ne sia stata contestata la veridicità.
yes	X e Y	attivi	passivi	attivo - passivo	"[lemma=""attivo"" & pos=""ADJ""][word=""e""][lemma=""passivo"" & pos=""ADJ""]"	4895366	454, in tutti i rapporti	attivi e passivi	in essere.
yes	X e Y	attivi	passivi	attivo - passivo	"[lemma=""attivo"" & pos=""ADJ""][word=""e""][lemma=""passivo"" & pos=""ADJ""]"	2307853	Il Commissario straordinario subentra nelle convenzioni, nei protocolli, nei rapporti	attivi e passivi	, nei contratti di lavori, di fornitura, di servizi e di collaborazione stipulati dal commissario delegato sopra menzionato.
yes	X e Y	attivi	passivi	attivo - passivo	"[lemma=""attivo"" & pos=""ADJ""][word=""e""][lemma=""passivo"" & pos=""ADJ""]"	2281983	133, e successive modificazioni, specie in ordine alla titolarita'dei rapporti giuridici	attivi e passivi	nonche'alla separatezza dei rispettivi bilanci delle gestioni commissariale e ordinaria, le attivita'finalizzate all'attuazione del piano di rientro di cui al comma 4 del medesimo articolo 78 possono essere direttamente affidate a societa'totalmente controllate, direttamente o indirettamente, dallo Stato.
yes	X e Y	passivo	attivo	attivo - passivo	"[lemma=""passivo"" & pos=""ADJ""][word=""e""][lemma=""attivo"" & pos=""ADJ""]"	4419057	Questo l'inizio della discussione sull'idea di divinità unica che le varie sette cinesi si erano create, ma vediamo come il Ricci sviluppa il discorso nelle pagine seguenti puntualizzando la differenza che corre tra il Taiji, o Grande Fato, e lo Shang - di, Creatore dell'Universo e pertanto tra principio	passivo e attivo	.
yes	X e Y	attivi	passivi	attivo - passivo	"[lemma=""attivo"" & pos=""ADJ""][word=""e""][lemma=""passivo"" & pos=""ADJ""]"	2676239	La Regione e la provincia interessata o la città metropolitana definiscono mediante accordi organizzativi, formalizzati (26) ai sensi del comma 13, in relazione alla funzione trasferita, i beni, le risorse strumentali e i rapporti	attivi e passivi	in corso da trasferire, secondo le regole stabilite dal presente articolo.
yes	X e Y	attivi	passivi	attivo - passivo	"[lemma=""attivo"" & pos=""ADJ""][word=""e""][lemma=""passivo"" & pos=""ADJ""]"	2660164	I dati presunti, relativi ai residui	attivi e passivi	riferiti alla chiusura dell'esercizio finanziario 2014, riportati rispettivamente nello stato di previsione delle entrate e delle spese del bilancio per l'esercizio finanziario 2015, sono rideterminati in conformità ai corrispondenti dati definitivi risultanti dal rendiconto generale dell'esercizio finanziario 2014.
yes	X e Y	attivo	passivo	attivo - passivo	"[lemma=""attivo"" & pos=""ADJ""][word=""e""][lemma=""passivo"" & pos=""ADJ""]"	4674270	L'elettorato	attivo e passivo	per l'elezione dei membri di cui al comma 104, lettera a), è comunque attribuito ai professori ordinari e associati e ai ricercatori afferenti a ciascuna area.
yes	X e Y	attivo	passivo	attivo - passivo	"[lemma=""attivo"" & pos=""ADJ""][word=""e""][lemma=""passivo"" & pos=""ADJ""]"	1395447	«Prendiamo atto che il Consiglio di Stato ha espresso parere negativo al voto nelle circoscrizioni, mentre un anno fa aveva stabilito che erano legittimi gli statuti dei Comuni con l'estensione dell'elettorato	attivo e passivo	per le circoscrizioni agli stranieri residenti.
yes	X e Y	attivi	passivi	attivo - passivo	"[lemma=""attivo"" & pos=""ADJ""][word=""e""][lemma=""passivo"" & pos=""ADJ""]"	114972	"La Sapienza ri - bocciata L'Università di Roma "" La Sapienza "" nuovamente nel caos: il TAR del Lazio ha ribocciato lo Statuto che ha modificato quanto previsto dal DPR 382 del 1980 in materia in materia di elettorati"	attivi e passivi	e di composizione degli organi.
yes	X e Y	attiva	passiva	attivo - passivo	"[lemma=""attivo"" & pos=""ADJ""][word=""e""][lemma=""passivo"" & pos=""ADJ""]"	6818868	La legittimazione	attiva e passiva	e l'interesse ad agire Come abbiamo ricordato l'art. 28 statuto dei lavoratori conferisce la legittimazione ad agire agli organismi locali delle associazioni sindacali nazionali che vi abbiano interesse.
yes	X e Y	attive	passive	attivo - passivo	"[lemma=""attivo"" & pos=""ADJ""][word=""e""][lemma=""passivo"" & pos=""ADJ""]"	2265056	Molti psicologi dell'età evolutiva credono che i bambini ottengano questo risultato attraverso un'alternanza di fasi	attive e passive	nel rapporto con gli altri.
yes	X e Y	attivi	passivi	attivo - passivo	"[lemma=""attivo"" & pos=""ADJ""][word=""e""][lemma=""passivo"" & pos=""ADJ""]"	6322919	Eppure le banche italiane sono gonfie di sofferenze (crediti a rischio per 120 mila miliardi), esuberi di personale, immobili valutati a prezzi troppo elevati, discesa continua del margine d'interesse (la differenza tra tassi	attivi e passivi	).
yes	X e Y	attivi	passivi	attivo - passivo	"[lemma=""attivo"" & pos=""ADJ""][word=""e""][lemma=""passivo"" & pos=""ADJ""]"	2676432	Con deliberazione della Giunta regionale possono essere individuati, anche su proposta della giunta dell Â unione, i beni, nonché i rapporti	attivi e passivi	, e i procedimenti in corso, per i quali la Regione prevede il subentro in deroga a quanto previsto dall Â articolo 10, stabilendo la decorrenza di detto subentro.
yes	X e Y	attivi	passivi	attivo - passivo	"[lemma=""attivo"" & pos=""ADJ""][word=""e""][lemma=""passivo"" & pos=""ADJ""]"	2676280	Per tali opere e procedimenti la successione della Regione nella titolarità della realizzazione dell Â opera e del procedimento e nei connessi rapporti	attivi e passivi	decorre dalla data di trasferimento della funzione o dagli adempimenti specificati nella l.r. 35.
yes	X e Y	attiva	passiva	attivo - passivo	"[lemma=""attivo"" & pos=""ADJ""][word=""e""][lemma=""passivo"" & pos=""ADJ""]"	4934251	L'ex fallito riacquista la legittimazione processuale	attiva e passiva	e può quindi proporre avverso gli organi del fallimento le azioni (in particolare, di risarcimento danni) che non avrebbe potuto esperire in pendenza della procedura.
yes	X e Y	attive	passive	attivo - passivo	"[lemma=""attivo"" & pos=""ADJ""][word=""e""][lemma=""passivo"" & pos=""ADJ""]"	2806323	Gli immobili sono posti in vendita nelle condizioni di fatto e di diritto in cui si trovano, con tutte le eventuali pertinenze, accessioni, ragioni ed azioni, servitù	attive e passive	, come meglio descritte nella relazione di stima redatta dal CTU, a corpo e non a misura per cui le eventuali differenze di superficie non potranno dar luogo ad alcun risarcimento, indennità o riduzione di prezzo.
yes	X e Y	attive	passive	attivo - passivo	"[lemma=""attivo"" & pos=""ADJ""][word=""e""][lemma=""passivo"" & pos=""ADJ""]"	4976512	Il termine attività in valuta estera include i titoli e ogni altra attività nella valuta di qualsiasi paese o in unità di conto e in qualsiasi forma essi siano detenuti; * detenere e gestire le attività di cui al presente articolo; * effettuare tutti i tipi di operazioni bancarie con i paesi terzi e le organizzazioni internazionali, ivi incluse le operazioni di credito	attive e passive	.
yes	X e Y	attivo	passivo	attivo - passivo	"[lemma=""attivo"" & pos=""ADJ""][word=""e""][lemma=""passivo"" & pos=""ADJ""]"	5182269	Alcol, fumo (	attivo e passivo	), inquinamento ambientale.
yes	X e Y	attive	passive	attivo - passivo	"[lemma=""attivo"" & pos=""ADJ""][word=""e""][lemma=""passivo"" & pos=""ADJ""]"	1443737	In ordine ai poteri sostitutivi dello Stato sulla regione, la Corte costituzionale ha affermato che debba essere rispettato il principio della leale cooperazione, il quale impone allo Stato di intervenire soltanto dopo avere adottato le misure (informazioni	attive e passive	, sollecitazioni, ecc?
yes	X e Y	attivi	passivi	attivo - passivo	"[lemma=""attivo"" & pos=""ADJ""][word=""e""][lemma=""passivo"" & pos=""ADJ""]"	2676291	La Regione succede nella titolarità della realizzazione dell Â opera, nei connessi procedimenti e nei relativi rapporti	attivi e passivi	.
yes	X e Y	attiva	passiva	attivo - passivo	"[lemma=""attivo"" & pos=""ADJ""][word=""e""][lemma=""passivo"" & pos=""ADJ""]"	4752854	I patrimoni delle seguenti società in liquidazione coatta amministrativa: Breda Progetti e Costruzioni Spa, Ecosafe Spa, Edina Spa, Efimdata Spa, Etnea Vini Spa, Istituto Ricerche Breda Spa, Metallotecnica Veneta Spa, Nuova Safim Spa, Nuova Sopal Spa, Olisud Spa, Reggiane OMI Spa, Safimgest Spa, Termomeccanica Italiana Spa, sono trasferiti, dalla data di entrata in vigore della presente legge, con ogni componente	attiva e passiva	, ivi compresi i rapporti in corso, alla società Efimpianti Spa in liquidazione coatta amministrativa.
yes	X e Y	attive	passive	attivo - passivo	"[lemma=""attivo"" & pos=""ADJ""][word=""e""][lemma=""passivo"" & pos=""ADJ""]"	4875564	Adotta, in caso di urgenza, i provvedimenti relativi alle liti	attive e passive	da sottoporre alla ratifica del Consiglio, e gli altri provvedimenti ad esso demandati dal Consiglio stesso.
yes	X e Y	attivo	passivo	attivo - passivo	"[lemma=""attivo"" & pos=""ADJ""][word=""e""][lemma=""passivo"" & pos=""ADJ""]"	2628789	Selezione e combinazione degli elementi grafici danno vita alla chiave dell Â indagine e sono la via di accesso alla conoscenza: pochi elementi possono condurre alla mèta: operazione apparentemente meccanica, con evidenti ricadute ideologiche, che rende l Â utente soggetto	attivo e passivo	nella costruzione dell Â universo delle conoscenze cercato (si cerca ciò che altri cercano o hanno cercato).
yes	X e Y	passivo	attivo	attivo - passivo	"[lemma=""passivo"" & pos=""ADJ""][word=""e""][lemma=""attivo"" & pos=""ADJ""]"	1332986	La prima categoria riguarda i diritti personali fondamentali, come il diritto alla vita, all'integrità fisica, alla privacy, alla libertà religiosa, ecc. o il diritto di partecipazione alla vita politica (voto	passivo e attivo	, ma anche il diritto di riunione, di associazione, di manifestare, ecc.).
yes	X e Y	attivo	passivo	attivo - passivo	"[lemma=""attivo"" & pos=""ADJ""][word=""e""][lemma=""passivo"" & pos=""ADJ""]"	4568308	Sarà un ibrido,	attivo e passivo	, una graffiti - tv, mordi e fuggi, con molti innesti culturali presi a prestito dal mondo dei videogame e della multimedialità.
yes	X e Y	attive	passive	attivo - passivo	"[lemma=""attivo"" & pos=""ADJ""][word=""e""][lemma=""passivo"" & pos=""ADJ""]"	4889119	5; in attesa dell'espletamento delle operazioni di divisione si avverte che le spese di aggiudicazione e le spese successive comprese quelle relative alla cancellazione di eventuali trascrizioni e iscrizioni sono a carico dell'acquirente, che l'immobile viene venduto nello stato di fatto e di diritto in cui si trova con tutte le accessioni, le pertinenze e le servitù	attive e passive	; assegna al notaio termine di mesi 6 dalla comunicazione della presente ordinanza per il compimento delle operazioni di vendita e di ripartizione.
yes	X e Y	attivo	passivo	attivo - passivo	"[lemma=""attivo"" & pos=""ADJ""][word=""e""][lemma=""passivo"" & pos=""ADJ""]"	6278538	Sarà un ibrido,	attivo e passivo	", una "" graffiti - tv "", mordi e fuggi, con molti innesti culturali presi a prestito dal mondo dei videogames e della multimedialità."
yes	X e Y	attiva	passiva	attivo - passivo	"[lemma=""attivo"" & pos=""ADJ""][word=""e""][lemma=""passivo"" & pos=""ADJ""]"	4547756	I parlanti bilingui hanno una pratica insieme	attiva e passiva	della lingua; i parlanti solo italofoni sono una minima parte e hanno col dialetto una consuetudine per lo più passiva.
yes	X e Y	attiva	passiva	attivo - passivo	"[lemma=""attivo"" & pos=""ADJ""][word=""e""][lemma=""passivo"" & pos=""ADJ""]"	4881307	, per i suoi punti di contatto con la pratica dell'eutanasia	attiva e passiva	.
yes	X e Y	attivi	passivi	attivo - passivo	"[lemma=""attivo"" & pos=""ADJ""][word=""e""][lemma=""passivo"" & pos=""ADJ""]"	1755882	Le fondazioni universitarie subentrano in tutti i rapporti	attivi e passivi	e nella titolarità del patrimonio dell'Università.
yes	X e Y	attivi	passivi	attivo - passivo	"[lemma=""attivo"" & pos=""ADJ""][word=""e""][lemma=""passivo"" & pos=""ADJ""]"	4651458	La fondazione subentra nei diritti e nei rapporti	attivi e passivi	dell'ente, in essere alla data della trasformazione.
yes	X e Y	attivi	passivi	attivo - passivo	"[lemma=""attivo"" & pos=""ADJ""][word=""e""][lemma=""passivo"" & pos=""ADJ""]"	4765855	Rilevazioni delle economie di bilancio e dei residui	attivi e passivi	alla chiusura dell'esercizio 1.
yes	X e Y	attiva	passiva	attivo - passivo	"[lemma=""attivo"" & pos=""ADJ""][word=""e""][lemma=""passivo"" & pos=""ADJ""]"	1361830	Il commissario liquidatore (ha la stessa responsabilità del curatore) è, nell'esercizio delle sue funzioni, pubblico ufficiale; ha la legittimazione	attiva e passiva	nei giudizi sui rapporti patrimoniali dell'impresa, provvede alla liquidazione sotto il controllo dell'autorità di vigilanza e del CdS.
yes	X e Y	passivo	attivo	attivo - passivo	"[lemma=""passivo"" & pos=""ADJ""][word=""e""][lemma=""attivo"" & pos=""ADJ""]"	6854517	Difatti, tale documento bilaterale, pur non trattando della materia della salute e sicurezza sul lavoro, ma andando a regolare quanto attiene alla materia della rappresentanza in ambito lavorativo, costituisce necessario riferimento per gli aspetti comuni inerenti tale tema, a partire, nello specifico, dalla determinazione del numero complessivo dei lavoratori, quale dato base di riferimento per individuare il numero dei rappresentati dei lavoratori per la sicurezza e, con questo, l'individuazione dell'elettorato	passivo e attivo	.
yes	X e Y	attivi	passivi	attivo - passivo	"[lemma=""attivo"" & pos=""ADJ""][word=""e""][lemma=""passivo"" & pos=""ADJ""]"	2308874	Il trasferimento dei beni avrà luogo nello stato di fatto e di diritto in cui i essi si trovano, con contestuale immissione di ciascuna regione o ente locale nel possesso giuridico degli stessi e con subentro in tutti i rapporti	attivi e passivi	relativi ai beni trasferiti a far data dalla pubblicazione nella Gazzetta Ufficiale dei decreti di individuazione e trasferimento del Presidente del Consiglio dei ministri.
yes	X e Y	attivo	passivo	attivo - passivo	"[lemma=""attivo"" & pos=""ADJ""][word=""e""][lemma=""passivo"" & pos=""ADJ""]"	5515768	"An furente: è razzismo alla rovescia Chi è in Italia da oltre 6 anni avrà una "" carta di soggiorno "" Case popolari, a scuola i minori La destra: "" Un numero verde per difendere gli italiani "" Critiche dal Ccd: vogliono creare serbatoi di consensi a sinistra ROMA - Espulsioni più "" severe "", carta di soggiorno per chi è in regola da oltre sei anni, elettorato"	attivo e passivo	"per le amministrative, quote di ingresso, invenzione degli "" sponsor "" per gli immigrati in cerca di lavoro."
yes	X e Y	attiva	passiva	attivo - passivo	"[lemma=""attivo"" & pos=""ADJ""][word=""e""][lemma=""passivo"" & pos=""ADJ""]"	4799966	scv Sentenza della Cassazione Civile nº 11334 del 15 11 97 Sez. I Cassazione civile - Legittimazione	attiva e passiva	- Attiva - Successione universale ad una diversa società parte del giudizio di appello - Onere della prova in caso di contestazione della legittimazione - Distribuzione - A carico della ricoverante.
yes	X e Y	attivo	passivo	attivo - passivo	"[lemma=""attivo"" & pos=""ADJ""][word=""e""][lemma=""passivo"" & pos=""ADJ""]"	4372656	Come modulo abitato deve fornire tutte le funzioni essenziali degli altri moduli della stazione e, in particolare, protezione di micrometeoriti, controllo ambientale, controllo termico	attivo e passivo	", condizionamento dell'atmosfera interna, potenza elettrica, trattamento dati e persino l'estinzione di eventuali incendi a bordo ""."
yes	X e Y	attiva	passiva	attivo - passivo	"[lemma=""attivo"" & pos=""ADJ""][word=""e""][lemma=""passivo"" & pos=""ADJ""]"	2630414	Egli parla, infatti, di Â trasposizioni Â delle categorie della lingua, di Â proiezioni Â concettuali di quest Â ultima: la forma del termine contrassegnerebbe così la categoria di ousía, quella dell Â aggettivo il quanto e il quale, il comparativo la relazione, il verbo alla forma	attiva e passiva	rispettivamente il poieÃ®n e il páschein (fare e subire), il verbo alla forma media il keÃ®sthai (giacere).
yes	X e Y	attivo	passivo	attivo - passivo	"[lemma=""attivo"" & pos=""ADJ""][word=""e""][lemma=""passivo"" & pos=""ADJ""]"	5957418	In quanto al diritto di voto	attivo e passivo	, Campana sollecita la sua attuazione dopo che la commissione del Coni ha riconosciuto la validità della richiesta.
yes	X e Y	attivo	passivo	attivo - passivo	"[lemma=""attivo"" & pos=""ADJ""][word=""e""][lemma=""passivo"" & pos=""ADJ""]"	6126492	Poi abbiamo lavorato sul fuorigioco,	attivo e passivo	: ma è difficile da applicare... Adesso stiamo puntando sugli arbitri, sino a qualche anno fa credevano di essere gli inviati speciali di Dio in campo per dirigere lo spettacolo.
yes	X e Y	attivo	passivo	attivo - passivo	"[lemma=""attivo"" & pos=""ADJ""][word=""e""][lemma=""passivo"" & pos=""ADJ""]"	5657632	I titolari di carta di soggiorno potranno esercitare l'elettorato	attivo e passivo	ma non potranno essere eletti sindaci o vicesindaci.
yes	X e Y	attiva	passiva	attivo - passivo	"[lemma=""attivo"" & pos=""ADJ""][word=""e""][lemma=""passivo"" & pos=""ADJ""]"	5403582	I plus di queste piccole gt sono rappresentati da una buona abitabilità, da prestazioni simili alle sportive di razza, allestimenti completi, e un buon livello di sicurezza	attiva e passiva	, ma soprattutto dalla capacità di dissimulare le loro doti in mezzo al branco.
yes	X e Y	attiva	passiva	attivo - passivo	"[lemma=""attivo"" & pos=""ADJ""][word=""e""][lemma=""passivo"" & pos=""ADJ""]"	980952	Al fine di fare fronte alle maggiori nuove esigenze di potenziamento della sicurezza	attiva e passiva	del Ministero degli affari esteri, il fondo di cui all'articolo 3, comma 159, della legge 24 dicembre 2003, n.
yes	X e Y	attivi	passivi	attivo - passivo	"[lemma=""attivo"" & pos=""ADJ""][word=""e""][lemma=""passivo"" & pos=""ADJ""]"	2292243	Le funzioni attribuite agli enti di cui al comma 1 dalla normativa vigente continuano ad essere esercitate, con le inerenti risorse umane, finanziarie e strumentali, compresi i relativi rapporti giuridici	attivi e passivi	", anche processuali, senza che sia esperita alcuna procedura di liquidazione, neppure giudiziale, rispettivamente, dall'Agenzia delle dogane, che assume la denominazione di "" Agenzia delle dogane e dei monopoli "", e dalla Agenzia delle entrate."
yes	X e Y	attivi	passivi	attivo - passivo	"[lemma=""attivo"" & pos=""ADJ""][word=""e""][lemma=""passivo"" & pos=""ADJ""]"	696515	"E'possibile sanare i maggiori imponibili o le minori perdite indicate nelle dichiarazioni in base a "" nuovi elementi"	attivi e passivi	o variazioni di elementi
yes	X e Y	attivo	passivo	attivo - passivo	"[lemma=""attivo"" & pos=""ADJ""][word=""e""][lemma=""passivo"" & pos=""ADJ""]"	4950123	Dal punto di vista diplomatico poi la Santa Sede in Italia gode di tutte le prerogative degli altri stati, con nunzi e ambasciatori che esercitano il diritto di legazione	attivo e passivo	secondo le regole del diritto internazionale, con organi che godono dei privilegi e delle immunità che spettano agli stati esteri.
yes	X e Y	attiva	passiva	attivo - passivo	"[lemma=""attivo"" & pos=""ADJ""][word=""e""][lemma=""passivo"" & pos=""ADJ""]"	6314805	Questo vale, come al solito, per la sicurezza	attiva e passiva	, ma anche per la linea.
yes	X e Y	attivi	passivi	attivo - passivo	"[lemma=""attivo"" & pos=""ADJ""][word=""e""][lemma=""passivo"" & pos=""ADJ""]"	4636475	Art. 1853 Compensazione tra i saldi di più rapporti o più conti Se tra la banca e il correntista esistono più rapporti o più conti, ancorché in monete differenti, i saldi	attivi e passivi	si compensano reciprocamente, salvo patto contrario (1241 e seguenti).
yes	X e Y	attivo	passivo	attivo - passivo	"[lemma=""attivo"" & pos=""ADJ""][word=""e""][lemma=""passivo"" & pos=""ADJ""]"	5489399	Alla fine, dopo essersi appartato per un breve summit con Mario Pescante, presidente del Coni, e con Azeglio Vicini, presidente dell'associazione allenatori, e prima di farsi inghiottire dall'ascensore, l'annuncio dell'ultima svolta epocale: l'elettorato	attivo e passivo	.
yes	X e Y	attiva	passiva	attivo - passivo	"[lemma=""attivo"" & pos=""ADJ""][word=""e""][lemma=""passivo"" & pos=""ADJ""]"	5362062	Sempre più la Sicilia somiglia all'isola della Tortuga che nel Seicento viveva di pirateria	attiva e passiva	.
yes	X e Y	attivi	passivi	attivo - passivo	"[lemma=""attivo"" & pos=""ADJ""][word=""e""][lemma=""passivo"" & pos=""ADJ""]"	2302931	225, subentrano in tutti i rapporti	attivi e passivi	, nei procedimenti giurisdizionali pendenti, anche ai sensi dell'articolo 110 del codice di procedura civile, nonche'in tutti quelli derivanti dalle dichiarazioni di cui all'articolo 5-bis, comma 5, del decreto - legge 7 settembre 2001, n.
yes	X e Y	attivi	passivi	attivo - passivo	"[lemma=""attivo"" & pos=""ADJ""][word=""e""][lemma=""passivo"" & pos=""ADJ""]"	2672398	L'ESTAR subentra, a decorrere dal 1° gennaio 2015, per incorporazione con successione a titolo universale, in tutti i rapporti giuridici	attivi e passivi	afferenti agli ESTAV in corso alla medesima data.
yes	X e Y	attivo	passivo	attivo - passivo	"[lemma=""attivo"" & pos=""ADJ""][word=""e""][lemma=""passivo"" & pos=""ADJ""]"	5411417	Campana ha parlato anche del diritto di voto	attivo e passivo	": "" La delibera del Coni del 30 aprile è una presa in giro e lo abbiamo scritto a Pescante, ma aspettiamo da due mesi una risposta, che non è arrivata."
yes	X e Y	attiva	passiva	attivo - passivo	"[lemma=""attivo"" & pos=""ADJ""][word=""e""][lemma=""passivo"" & pos=""ADJ""]"	4645314	Le altre spese di amministrazione comprendono le spese di amministrazione diverse dalle provvigioni di incasso e, in particolare, i costi sostenuti per la gestione del portafoglio, la gestione delle partecipazioni agli utili e dei ristorni, le spese per le informazioni agli assicurati e per la riassicurazione	attiva e passiva	.
yes	X e Y	attiva	passiva	attivo - passivo	"[lemma=""attivo"" & pos=""ADJ""][word=""e""][lemma=""passivo"" & pos=""ADJ""]"	2655237	In difetto di un'efficace, capillare rete di mezzi pubblici che davvero la garantiscano (revisione della spesa permettendo), occorre - nel vuoto di servizi di trasporto che ne resta - non infingere l'esistenza di un tipo medio di residente che debba essere in condizioni di accettare un'accessibilità ridotta,	attiva e passiva	, titolare di un privilegio odioso che debba compensare la residenza o l'originarietà.
yes	X e Y	attivi	passivi	attivo - passivo	"[lemma=""attivo"" & pos=""ADJ""][word=""e""][lemma=""passivo"" & pos=""ADJ""]"	4765873	Ai fini della determinazione del risultato economico dell'esercizio si tiene conto dei seguenti elementi: a) la determinazione delle quote di ammortamento dei beni di cui all'art. 18; b) la rilevazione della quota di accantonamento del trattamento di fine rapporto; c) la rilevazione delle eventuali quote di accantonamento dei fondi rischi; d) gli accantonamenti per svalutazione dei crediti; e) il calcolo dei ratei e risconti	attivi e passivi	; f) le variazioni intervenute nelle rimanenze.
yes	X e Y	attivo	passivo	attivo - passivo	"[lemma=""attivo"" & pos=""ADJ""][word=""e""][lemma=""passivo"" & pos=""ADJ""]"	5227410	La richiesta dell'elettorato femminile	attivo e passivo	figurava anche nei programmi dei fasci di combattimento (giugno 1919) ed ebbe parziale soddisfazione dopo l'ascesa al potere di Mussolini con una legge del 1923, che concedeva il voto amministrativo ad alcune categorie di donne (l'elettorato politico verrà riconosciuto alla donna solo con un decreto del 1945).
yes	X e Y	attivo	passivo	attivo - passivo	"[lemma=""attivo"" & pos=""ADJ""][word=""e""][lemma=""passivo"" & pos=""ADJ""]"	116653	Verifica, con l'ausilio della Commissione Verifica Poteri, la titolarità dell'elettorato	attivo e passivo	; Il Segretario redige il verbale della riunione che sottoscrive unitamente al Presidente e che viene inviato in copia all'Esecutivo Nazionale - Centro Elaborazione Dati - per il necessario monitoraggio ed eventualmente alla redazione Internet per il successivo inserimento in rete; La Preassemblea degli Aderenti e degli Eletti elegge al proprio interno i delegati all'Assemblea regionale dei Delegati.
yes	X e Y	attivi	passivi	attivo - passivo	"[lemma=""attivo"" & pos=""ADJ""][word=""e""][lemma=""passivo"" & pos=""ADJ""]"	2306754	Il trasferimento ha luogo nello stato di fatto e di diritto in cui i beni si trovano, con contestuale immissione di ciascun ente territoriale, a decorrere dalla data di sottoscrizione dell'atto formale di trasferimento del bene di cui ai commi 2 e 3, nel possesso giuridico e con subentro del medesimo in tutti i rapporti	attivi e passivi	relativi al bene trasferito.
yes	X e Y	attivo	passivo	attivo - passivo	"[lemma=""attivo"" & pos=""ADJ""][word=""e""][lemma=""passivo"" & pos=""ADJ""]"	4709587	(21) I costi socioeconomici diretti e indiretti del tabagismo	attivo e passivo	dovranno essere regolarmente valutati e messi a disposizione del pubblico nel contesto di appropriati programmi comunitari.
yes	X e Y	attivi	passivi	attivo - passivo	"[lemma=""attivo"" & pos=""ADJ""][word=""e""][lemma=""passivo"" & pos=""ADJ""]"	2292273	Con i medesimi decreti sono ripartite tra il Ministero delle politiche agricole alimentari e forestali e l'Agenzia delle dogane e dei monopoli le funzioni attribuite ad ASSI dalla normativa vigente, nonche'le relative risorse umane, finanziarie e strumentali, compresi i relativi rapporti giuridici	attivi e passivi	, senza che sia esperita alcuna procedura di liquidazione di ASSI, neppure giudiziale.
yes	X e Y	attivo	passivo	attivo - passivo	"[lemma=""attivo"" & pos=""ADJ""][word=""e""][lemma=""passivo"" & pos=""ADJ""]"	6843982	Le parti indicate rilevano che le norme censurate ledono il loro diritto di voto	attivo e passivo	"e provocano «una distorsione nella rappresentanza dei cittadini italiani», dato che più di un milione di elettori di "" Fratelli d'Italia - AN "" e altri 600.000 elettori (di liste che non hanno raggiunto la soglia di sbarramento) non hanno alcuna rappresentanza nel Parlamento europeo."
yes	X e Y	attive	passive	attivo - passivo	"[lemma=""attivo"" & pos=""ADJ""][word=""e""][lemma=""passivo"" & pos=""ADJ""]"	4594502	Il nome stesso della teoria sottolinea una differenza importante tra la Grammatica Lessico - Funzionale e la tradizione chomskyana da cui deriva: molti fenomeni vengono infatti rappresentati nel lessico o nelle strutture funzionali piuttosto che al livello della struttura sintagmatica: l'alternanza tra forme	attive e passive	, ad esempio, invece di essere trattata come una trasformazione, è risolta nel lessico.
yes	X e Y	attivo	passivo	attivo - passivo	"[lemma=""attivo"" & pos=""ADJ""][word=""e""][lemma=""passivo"" & pos=""ADJ""]"	6034257	Nei giorni scorsi il presidente dell'assocalciatori, Sergio Campana, aveva parlato di iniziative di lotta per l'elettorato	attivo e passivo	"di atleti e tecnici: "" pur condividendo le motivazioni - ha detto Di Marzio - siamo su posizioni diverse."
yes	X e Y	attivo	passivo	attivo - passivo	"[lemma=""attivo"" & pos=""ADJ""][word=""e""][lemma=""passivo"" & pos=""ADJ""]"	1751727	Anche in questo caso si solleva conflitto di attribuzione potendosi il Parlamento europeo qualificare allo stesso modo che il Senato della Repubblica quale soggetto	attivo e passivo	del conflitto di attribuzione avendo in materia di immunità gli stessi poteri di Senato e Camera dei deputati e quindi di decidere in modo definitivo circa la sussistenza o meno dell'immunità artt. 9 e 10 del Protocollo sui privilegi e le immunità art. 6 paragrafo 2 dell'Atto relativo all'elezione dei membri del Parlamento europeo.
yes	X e Y	attivo	passivo	attivo - passivo	"[lemma=""attivo"" & pos=""ADJ""][word=""e""][lemma=""passivo"" & pos=""ADJ""]"	6336657	"Una curiosità: la Comit, oltre all'estratto conto, invia alle famiglie che scelgono il suo prodotto una rendicontazione "" rovesciata "" rispetto alle consuetudine, dove"	attivo e passivo	sono visti dal punto di vista dell'istituto di credito.
yes	X e Y	attivo	passivo	attivo - passivo	"[lemma=""attivo"" & pos=""ADJ""][word=""e""][lemma=""passivo"" & pos=""ADJ""]"	5310419	ALLARME IN VISTA - Con il governo, il Coni ha da tempo avviato un rapporto a più fronti (decreto sulle società dilettantistiche, Totoscommesse, elettorato	attivo e passivo	degli atleti, tutela dei vivai, sicurezza degli stadi).
yes	X e Y	attivo	passivo	attivo - passivo	"[lemma=""attivo"" & pos=""ADJ""][word=""e""][lemma=""passivo"" & pos=""ADJ""]"	4870132	La posizione di ciascuna delle tre categorie si connota, oltre che alle funzioni attribuite in ordine agli insegnamenti, in relazione alla diversità delle sfere di attribuzioni, con riferimento all'esercizio dell'autonomia, vale a dire con riferimento alla partecipazione agli organi collegiali dell'università ed all'elettorato	attivo e passivo	alle varie cariche accademiche, l'una e l'altro aspetti fondamentali dello stato giuridico.
yes	X e Y	passiva	attiva	attivo - passivo	"[lemma=""passivo"" & pos=""ADJ""][word=""e""][lemma=""attivo"" & pos=""ADJ""]"	1992055	Non riusciamo a raccogliere le firme all'estero nonostante centinaia di italiani vogliano FIRMARE e ci scrivano mail di ogni tipo lamentando la resistenza	passiva e attiva	dei consolati.
yes	X e Y	attiva	passiva	attivo - passivo	"[lemma=""attivo"" & pos=""ADJ""][word=""e""][lemma=""passivo"" & pos=""ADJ""]"	2659452	Alla provincia autonoma di Bolzano spetta la legittimazione	attiva e passiva	nei procedimenti giudiziari concernenti il personale docente, direttivo ed ispettivo delle scuole a carattere statale.
yes	X e Y	attivo	passivo	attivo - passivo	"[lemma=""attivo"" & pos=""ADJ""][word=""e""][lemma=""passivo"" & pos=""ADJ""]"	991377	"223, il quinto comma è sostituto dal seguente: "" Le liste elettorali possono essere rilasciate in copia per finalità di applicazione della disciplina in materia di elettorato"	attivo e passivo	, di studio, di ricerca statistica, scientifica o storica, o carattere socio - assistenziale o per il perseguimento di un interesse collettivo o diffuso.
yes	X e Y	attiva	passiva	attivo - passivo	"[lemma=""attivo"" & pos=""ADJ""][word=""e""][lemma=""passivo"" & pos=""ADJ""]"	6366929	La monoposto C1 consente al guidatore un buon livello di sicurezza	attiva e passiva	come su un'automobile, nonché una valida protezione contro le avversità meteorologiche grazie alla sua copertura.
yes	X e Y	attivo	passivo	attivo - passivo	"[lemma=""attivo"" & pos=""ADJ""][word=""e""][lemma=""passivo"" & pos=""ADJ""]"	5182279	Per esempio, i gas di scarico, le sostanze tossiche presenti nelle acque, le radiazioni (ionizzanti e ultraviolette), i residui di pesticidi che troviamo nei cibi, gli additivi alimentari, il fumo (	attivo e passivo	) di sigaretta.
yes	X e Y	attivi	passivi	attivo - passivo	"[lemma=""attivo"" & pos=""ADJ""][word=""e""][lemma=""passivo"" & pos=""ADJ""]"	5611086	06-07-97 Il consolidamento di cinque poli nazionali e il taglio degli spread insidiano anche le filiali italiane Spagna, fusioni e concorrenza fanno fuggire le banche estere Franco Mimmi (NOSTRO SERVIZIO) MADRID -  Quattro anni fa, quanto a spread tra tassi	attivi e passivi	, qui era un paradiso.
yes	X e Y	attivo	passivo	attivo - passivo	"[lemma=""attivo"" & pos=""ADJ""][word=""e""][lemma=""passivo"" & pos=""ADJ""]"	5453963	Al Consiglio la Giunta consegnerà anche la conclusione del lungo iter per la concessione dell'elettorato	attivo e passivo	ad atleti e tecnici nelle federazioni.
yes	X e Y	attivi	passivi	attivo - passivo	"[lemma=""attivo"" & pos=""ADJ""][word=""e""][lemma=""passivo"" & pos=""ADJ""]"	6000902	Pur ammettendo che il problema dell'efficienza del sistema bancario rimane, Lombardini respinge che esso rappresenti oggi un limite alla discesa dei tassi, anche se - ha osservato - potrebbe diventarlo in futuro se non si creassero le condizioni per un ulteriore calo dello spread tra tassi	attivi e passivi	.
yes	X e Y	attivo	passivo	attivo - passivo	"[lemma=""attivo"" & pos=""ADJ""][word=""e""][lemma=""passivo"" & pos=""ADJ""]"	4948961	) alla redazione dell'inventario   dal quale risulti lo stato	attivo e passivo	del patrimonio sociale > >. = L'art. 2278 dice che   i liquidatori possono compiere gli atti necessari per la liquidazione e, se i soci non hanno disposto diversamente, possono vendere anche in blocco i beni sociali e fare transazioni e compromessi > >.
yes	X e Y	attivi	passivi	attivo - passivo	"[lemma=""attivo"" & pos=""ADJ""][word=""e""][lemma=""passivo"" & pos=""ADJ""]"	2291835	Alla medesima data l'ISVAP e'soppresso e l'IVASS succede in tutte le funzioni, le competenze, i poteri e in tutti i rapporti	attivi e passivi	.
yes	X e Y	attiva	passiva	attivo - passivo	"[lemma=""attivo"" & pos=""ADJ""][word=""e""][lemma=""passivo"" & pos=""ADJ""]"	6413746	Merito di qualità come la grande versatilità (che le permette di essere utilizzata sia in città sia per lunghi spostamenti con buoni risultati di comfort) e dell'alto livello di sicurezza	attiva e passiva	.
yes	X e Y	attivi	passivi	attivo - passivo	"[lemma=""attivo"" & pos=""ADJ""][word=""e""][lemma=""passivo"" & pos=""ADJ""]"	4674052	Le società conservano tutti i diritti e gli obblighi anteriori alla trasformazione e subentrano pertanto in tutti i rapporti	attivi e passivi	delle aziende originarie.
yes	X e Y	attivi	passivi	attivo - passivo	"[lemma=""attivo"" & pos=""ADJ""][word=""e""][lemma=""passivo"" & pos=""ADJ""]"	2676324	Il trasferimento dei beni mobili e immobili e la successione nei rapporti	attivi e passivi	, compresi quelli derivanti dal subentro di cui al comma 14, decorre dalla data prevista dalla legge di recepimento (26).
yes	X e Y	attivi	passivi	attivo - passivo	"[lemma=""attivo"" & pos=""ADJ""][word=""e""][lemma=""passivo"" & pos=""ADJ""]"	2676245	Le province e la città metropolitana concludono tali procedimenti, mantengono la titolarità dei rapporti	attivi e passivi	da essi generati, curano l Â eventuale contenzioso e l Â esecuzione delle sentenze che ad essi si riferiscono.
yes	X e Y	attivi	passivi	attivo - passivo	"[lemma=""attivo"" & pos=""ADJ""][word=""e""][lemma=""passivo"" & pos=""ADJ""]"	4938526	18, definisce così le poste in esame: - i ratei	attivi e passivi	rappresentano crediti e debiti in moneta.
yes	X e Y	attivi	passivi	attivo - passivo	"[lemma=""attivo"" & pos=""ADJ""][word=""e""][lemma=""passivo"" & pos=""ADJ""]"	1751989	E ciò senza considerare che il subentro dei comuni alle comunità montane soppresse nei rapporti	attivi e passivi	potrebbe presentare profili onerosi nell'ipotesi - tutt'altro che remota - in cui l'incidenza degli aspetti passivi risultasse maggiore rispetto a quella dei profili attivi.
yes	X e Y	attivo	passivo	attivo - passivo	"[lemma=""attivo"" & pos=""ADJ""][word=""e""][lemma=""passivo"" & pos=""ADJ""]"	5409346	Sul diritto di elettorato	attivo e passivo	", Campana ha spiegato che "" la presa di posizione del Consiglio, pur nettamente favorevole alla rappresentatività di atleti e tecnici nel Consiglio e all'assemblea, non corrisponde assolutamente all'urgenza delle aspettative prospettate da Aic e Aiac."
yes	X e Y	attivi	passivi	attivo - passivo	"[lemma=""attivo"" & pos=""ADJ""][word=""e""][lemma=""passivo"" & pos=""ADJ""]"	6515804	Ma anche questa concentrazione ha i suoi vantaggi: il Sanpaolo, infatti, dovrebbe soffrire meno di altre banche la riduzione dello spread tra tassi	attivi e passivi	.
yes	X e Y	attivo	passivo	attivo - passivo	"[lemma=""attivo"" & pos=""ADJ""][word=""e""][lemma=""passivo"" & pos=""ADJ""]"	5333583	""" La Lega professionisti - ha detto ieri Carraro - è favorevole a che, in tempi brevi, attraverso un'assemblea federale straordinaria, si conceda il diritto di elettorato"	attivo e passivo	"a calciatori e allenatori ""."
yes	X e Y	attivi	passivi	attivo - passivo	"[lemma=""attivo"" & pos=""ADJ""][word=""e""][lemma=""passivo"" & pos=""ADJ""]"	5711842	"Sferzante Vernetti: "" Soave è un libero cittadino - osserva - e, in quanto tale, può far valere i propri diritti elettorali"	attivi e passivi	, ossia di votare e di essere votato.
yes	X o Y	attivi	passivi	attivo - passivo	"[lemma=""attivo"" & pos=""ADJ""][word=""o""][lemma=""passivo"" & pos=""ADJ""]"	1362774	"cit. "" A nome e su richiesta degli intermediari "" vengono accesi - a cura della società di gestione accentrata - conti destinati a registrare i movimenti degli strumenti finanziari "" disposti per il tramite degli intermediari stessi, e l'intermediario - se incaricato del servizio - registra, "" in conti separati e distinti "" tra loro, il trasferimento, gli atti di esercizio e i vincoli ("	attivi o passivi	: art. 30 d.lgs.
yes	X o Y	passivo	attivo	attivo - passivo	"[lemma=""passivo"" & pos=""ADJ""][word=""o""][lemma=""attivo"" & pos=""ADJ""]"	4692210	L'urgente necessità di un'accelerazione significativa delle procedure di polizia, di giustizia e di contenziosi di assicurazione (il costo dei premi sarà ridotto in corrispondenza) o commerciali legati al trasporto (furti, incidenti, ritardi di consegna ecc.) renderà molto rapidamente indispensabile un sistema	passivo o attivo	, ma ovviamente certificato e garantito, di notifica di posizionamento che, ancora una volta, soltanto GALILEO potrà fornire al mercato.
yes	X o Y	attivo	passivo	attivo - passivo	"[lemma=""attivo"" & pos=""ADJ""][word=""o""][lemma=""passivo"" & pos=""ADJ""]"	32642	Spesso egli propende per la seconda ipotesi, il che porta a un conflitto	attivo o passivo	che sia.
yes	X o Y	attivo	passivo	attivo - passivo	"[lemma=""attivo"" & pos=""ADJ""][word=""o""][lemma=""passivo"" & pos=""ADJ""]"	4953334	La capacità giuridica è l'attitudine ad essere soggetto di diritti o a essere soggetto	attivo o passivo	, di un rapporto giuridico, mentre la capacità di agire, è attitudine a porre in essere atti volontari ai quali l'ordinamento giuridico attribuisce effetti.
yes	X o Y	attiva	passiva	attivo - passivo	"[lemma=""attivo"" & pos=""ADJ""][word=""o""][lemma=""passivo"" & pos=""ADJ""]"	3641486	Egli non si preoccupava di sapere se i suoi connazionali giocavano bene al calcio o dipingevano bene (nessun ceco si era mai interessato a quello che Sabina dipingeva); gli interessava solo stabilire se si erano opposti al regime comunista in maniera	attiva o passiva	, sul serio o soltanto in apparenza, fin dall'inizio o soltanto adesso.
yes	X o Y	attiva	passiva	attivo - passivo	"[lemma=""attivo"" & pos=""ADJ""][word=""o""][lemma=""passivo"" & pos=""ADJ""]"	4698493	I saldi intraSEBC delle BCN partecipanti nei confronti della BCE (ad eccezione di quelli afferenti il capitale della BCE e il trasferimento delle attività di riserva alla BCE) sono indicati come crediti debiti intraEurosistema ed esposti nella situazione patrimoniale della BCE in un'unica posizione netta	attiva o passiva	.
yes	X o Y	attivi	passivi	attivo - passivo	"[lemma=""attivo"" & pos=""ADJ""][word=""o""][lemma=""passivo"" & pos=""ADJ""]"	1442630	"cit. "" A nome e su richiesta degli intermediari Â vengono accesi - a cura della società di gestione accentrata - conti destinati a registrare i movimenti degli strumenti finanziari Â disposti per il tramite degli intermediari stessi, e l'intermediario - se incaricato del servizio - registra, "" in conti separati e distinti Â tra loro, il trasferimento, gli atti di esercizio e i vincoli ("	attivi o passivi	: art. 30 d.lgs.
yes	X o Y	attiva	passiva	attivo - passivo	"[lemma=""attivo"" & pos=""ADJ""][word=""o""][lemma=""passivo"" & pos=""ADJ""]"	2400049	Tappo serbatoio carburante Apertura 1 Sollevare il coperchietto (1) di protezione ed inserire la chiave	attiva o passiva	nella serratura.
yes	X o Y	attiva	passiva	attivo - passivo	"[lemma=""attivo"" & pos=""ADJ""][word=""o""][lemma=""passivo"" & pos=""ADJ""]"	781977	In ognuno di questi luoghi il clown - dottore dovrà avere un approccio diverso (applicare la comicoterapia	attiva o passiva	, indossare o no il camice), ma per certo non solo è ben accetto, ma se la sua opera riesce a essere continuativa, diviene quasi indispensabile.
yes	X o Y	attiva	passiva	attivo - passivo	"[lemma=""attivo"" & pos=""ADJ""][word=""o""][lemma=""passivo"" & pos=""ADJ""]"	7068474	""" Dunque, l'eutanasia è un atto omicida che nessun fine può legittimare e che non tollera alcuna forma di complicità o collaborazione,"	attiva o passiva	"""."
yes	X o Y	attiva	passiva	attivo - passivo	"[lemma=""attivo"" & pos=""ADJ""][word=""o""][lemma=""passivo"" & pos=""ADJ""]"	1499181	Da quanto sappiamo, le autorità politiche romane si irritavano nei confronti dei cristiani per la loro disobbedienza,	attiva o passiva	.
yes	X o Y	attive	passive	attivo - passivo	"[lemma=""attivo"" & pos=""ADJ""][word=""o""][lemma=""passivo"" & pos=""ADJ""]"	1444572	La capacità di agire, differisce poi dalla legittimazione ad agire, la quale si riferisce invece a situazioni specifiche e concrete (	attive o passive	), effettivamente sussistenti, ed ai singoli rapporti: ad esempio, il soggetto ha la capacità di agire in relazione al potere di intervento nei procedimenti amministrativi ai sensi della legge 241 90, ma ha la legittimazione ad agire soltanto se in concreto sia pendente un procedimento che coinvolga i suoi interessi.
yes	X o Y	attivo	passivo	attivo - passivo	"[lemma=""attivo"" & pos=""ADJ""][word=""o""][lemma=""passivo"" & pos=""ADJ""]"	1866250	Del resto, anche un elementare studio della grammatica può talvolta illuminarci sul prevalere o meno del momento	attivo o passivo	.
yes	X o Y	attiva	passiva	attivo - passivo	"[lemma=""attivo"" & pos=""ADJ""][word=""o""][lemma=""passivo"" & pos=""ADJ""]"	2400195	In presenza della chiave	attiva o passiva	", eseguire il "" key - on "" (accensione del sistema "" Hands free "" e di tutti i dispositivi elettronici di bordo) portando l Â interruttore rosso (1), sul lato destro del manubrio, verso l Â alto e spingere il pulsante (2)."
yes	X o Y	attiva	passiva	attivo - passivo	"[lemma=""attivo"" & pos=""ADJ""][word=""o""][lemma=""passivo"" & pos=""ADJ""]"	4781460	In altri termini, al pari degli altri requisiti di fondatezza della domanda, la titolarità,	attiva o passiva	, del rapporto controverso soggiace agli ordinari criteri sull'onere della prova dettati dall'art. 2697 c.
yes	X o Y	passiva	attiva	attivo - passivo	"[lemma=""passivo"" & pos=""ADJ""][word=""o""][lemma=""attivo"" & pos=""ADJ""]"	6445201	Sono necessari l'intervento di uno o più infermieri per le iniezioni, tutti i giorni e per il controllo e la medicazione delle piaghe da decubito, almeno ogni 48 ore, un fisioterapista per la ginnastica	passiva o attiva	, un neurologo per una consulenza specialistica, un esame del sangue ogni settimana.
yes	X o Y	attivo	passivo	attivo - passivo	"[lemma=""attivo"" & pos=""ADJ""][word=""o""][lemma=""passivo"" & pos=""ADJ""]"	448137	Aggravamento con il movimento (	attivo o passivo	) e con il levarsi dalla posizione distesa.
yes	X o Y	attiva	passiva	attivo - passivo	"[lemma=""attivo"" & pos=""ADJ""][word=""o""][lemma=""passivo"" & pos=""ADJ""]"	2399888	Attenzione Non viaggiate con la chiave (	attiva o passiva	) inserita nella serratura del tappo serbatoio o nella serratura sella in quanto potrebbe sfilarsi e costituire un potenziale pericolo.
yes	X o Y	attive	passive	attivo - passivo	"[lemma=""attivo"" & pos=""ADJ""][word=""o""][lemma=""passivo"" & pos=""ADJ""]"	6831191	Una volta completata la fase di calcolo delle denunce mensili, la procedura, in presenza di differenze contributive, può generare delle note di rettifica	attive o passive	.
yes	X o Y	attivo	passivo	attivo - passivo	"[lemma=""attivo"" & pos=""ADJ""][word=""o""][lemma=""passivo"" & pos=""ADJ""]"	4936678	Contabilmente il primo metodo prevede la contabilizzazione delle voci proventi o oneri finanziari in contropartita del credito o del debito in valuta, al fine di adeguarne direttamente il valore contabile; mentre il secondo ed il terzo metodo vengono contabilizzati ricorrendo alle voci del risconto	attivo o passivo	direttamente in contropartita dei debiti o crediti da adeguare, ed alla voce proventi o oneri finanziari solo per la rilevazione della quota di utile o perdita su cambi di competenza dell'esercizio.
yes	X o Y	attiva	passiva	attivo - passivo	"[lemma=""attivo"" & pos=""ADJ""][word=""o""][lemma=""passivo"" & pos=""ADJ""]"	2400058	Smontaggio selle Inserire la chiave	attiva o passiva	nella serratura (1) e ruotarla in senso orario fino a sentire lo scatto di sgancio della sella passeggero.
yes	X o Y	attiva	passiva	attivo - passivo	"[lemma=""attivo"" & pos=""ADJ""][word=""o""][lemma=""passivo"" & pos=""ADJ""]"	4781458	"Viceversa non attiene alla "" legitimatio ad causam "" ma al merito della lite la questione relativa alla reale titolarità"	attiva o passiva	del rapporto sostanziale dedotto in giudizio, risolvendosi nell'accertamento di una situazione di fatto favorevole all'accoglimento o al rigetto della pretesa azionata.
yes	X o Y	attivo	passivo	attivo - passivo	"[lemma=""attivo"" & pos=""ADJ""][word=""o""][lemma=""passivo"" & pos=""ADJ""]"	645265	Non si scherza con la democrazia, e neppure con il diritto,	attivo o passivo	, di parteciparvi.
yes	X o Y	attiva	passiva	attivo - passivo	"[lemma=""attivo"" & pos=""ADJ""][word=""o""][lemma=""passivo"" & pos=""ADJ""]"	4781351	scv Sentenza della Cassazione Civile nº 10843 del 05 11 97 Sez. III Procedimento civile - Legittimazione - Legitimatio ad causam e titolarità	attiva o passiva	del rapporto - Nozioni - Differenze - Rilevabilità d'ufficio del difetto di titolarità del rapporto - Inammissibilità - Onere della prova - Criteri ordinari - Operatività - Mancata contestazione, da parte del convenuto, dei profili della titolarità del rapporto - Conseguenze.
yes	X o Y	attiva	passiva	attivo - passivo	"[lemma=""attivo"" & pos=""ADJ""][word=""o""][lemma=""passivo"" & pos=""ADJ""]"	4935352	Salvi naturalmente i casi eccezionali in cui la legge consente di far valere un diritto altrui o di agire contro un soggetto diverso dal soggetto passivo del diritto, l'accoglibilità della domanda trova un ostacolo insuperabile nel difetto di legittimazione, nella mancanza, cioè, di titolarità	attiva o passiva	dell'azione, in conformità del resto a quanto sancito dall'art 24.
yes	X o Y	attivo	passivo	attivo - passivo	"[lemma=""attivo"" & pos=""ADJ""][word=""o""][lemma=""passivo"" & pos=""ADJ""]"	417547	"E il parallelo tra la rete e i sistemi auto - organizzativi potrebbe rivelarsi utile per capire alcune delle caratteristiche emergenti di questo autore strano, diffuso e disseminato, che si palesa non soltanto attraverso i sottoautori individuali, ma anche attraverso sottoautori collettivi: circoli d'interesse, gruppi di discussione e così via, cioè tutti i "" luoghi "" frequentati in modo"	attivo o passivo	, continuato od occasionale dagli appassionati, veterani o neofiti, di un genere letterario, di una tecnica di giardinaggio o di un certo tipo di clessidra.
yes	X o Y	passivo	attivo	attivo - passivo	"[lemma=""passivo"" & pos=""ADJ""][word=""o""][lemma=""attivo"" & pos=""ADJ""]"	5103629	Il trattamento può essere	passivo o attivo	; nel primo caso i pazienti ascoltano brani musicali, nel secondo suonano strumenti o cantano.
yes	X o Y	attiva	passiva	attivo - passivo	"[lemma=""attivo"" & pos=""ADJ""][word=""o""][lemma=""passivo"" & pos=""ADJ""]"	4781997	L'Istituto della legittimazione ad agire ovvero a contraddire in giudizio - legittimazione	attiva o passiva	- si ricollega al principio dettato dall'art. 81 c.
yes	X o Y	passivi	attivi	attivo - passivo	"[lemma=""passivo"" & pos=""ADJ""][word=""o""][lemma=""attivo"" & pos=""ADJ""]"	347692	Ricordate che stiamo parlando di Rdf, non di grammatica italiana, per cui cosa è soggetto e cosa oggetto non dipende dall'uso di tempi	passivi o attivi	.
yes	X o Y	attiva	passiva	attivo - passivo	"[lemma=""attivo"" & pos=""ADJ""][word=""o""][lemma=""passivo"" & pos=""ADJ""]"	743772	Dice: Si deve rammentare che il nostro attuale ordinamento giuridico vieta e punisce a titolo di omicidio volontario la pratica dell'eutanasia in qualunque forma (	attiva o passiva	).
yes	sia X che Y	attive	passive	attivo - passivo	"[word=""sia""][lemma=""attivo"" & pos=""ADJ""][word=""che""][lemma=""passivo"" & pos=""ADJ""]"	4954375	LE SUCCESSIONI IN PARTICOLARE Con il termine successione ci riferiamo a quel fenomeno di trasmissione di posizioni giuridiche soggettive,	sia attive che passive	.
yes	sia X che Y	attiva	passiva	attivo - passivo	"[word=""sia""][lemma=""attivo"" & pos=""ADJ""][word=""che""][lemma=""passivo"" & pos=""ADJ""]"	116590	Partecipa, senza diritto di voto, alle riunioni dell'Esecutivo Nazionale nei casi in cui vengano prese decisioni di carattere economico; È eletto dall'Assemblea delle Regioni e ha la rappresentanza legale e giudiziale,	sia attiva che passiva	.
yes	sia X che Y	attivi	passivi	attivo - passivo	"[word=""sia""][lemma=""attivo"" & pos=""ADJ""][word=""che""][lemma=""passivo"" & pos=""ADJ""]"	6394581	Gli interessi,	sia attivi che passivi	, erano quasi sconosciuti.
yes	sia X che Y	passiva	attiva	attivo - passivo	"[word=""sia""][lemma=""passivo"" & pos=""ADJ""][word=""che""][lemma=""attivo"" & pos=""ADJ""]"	4434105	Ma il film esprime anche in parecchi punti la solidarietà spontanea, automatica, istintiva, tra tutti coloro che soffrono e si oppongono con una resistenza	sia passiva che attiva	.
yes	sia X sia Y	attive	passive	attivo - passivo	"[word=""sia""][lemma=""attivo"" & pos=""ADJ""][word=""sia""][lemma=""passivo"" & pos=""ADJ""]"	383518	Il sistema coprirà un'ampia banda dello spettro elettromagnetico, dalle radiazioni ultraviolette alle microonde, con tecniche di telemetria	sia attive sia passive	.
yes	sia X sia Y	attivi	passivi	attivo - passivo	"[word=""sia""][lemma=""attivo"" & pos=""ADJ""][word=""sia""][lemma=""passivo"" & pos=""ADJ""]"	273950	La serie comprende moduli	sia attivi sia passivi	, che consentono di connettere il bus del Pc alal rete Isdn: essi includono funzioni Ta (Terminal Adapter), rendendo così inutile la presenza di apparati aggiuntivi.
yes	sia X sia Y	attivo	passivo	attivo - passivo	"[word=""sia""][lemma=""attivo"" & pos=""ADJ""][word=""sia""][lemma=""passivo"" & pos=""ADJ""]"	4289451	Ovviamente, pertanto, c'è una parziale sovrapposizione con altre linee di ricerca, specie quelle dedicate al telerilevamento	sia attivo sia passivo	.
yes	X e Y	buoni	cattivi	buono - cattivo	"[lemma=""buono"" & pos=""ADJ""][word=""e""][lemma=""cattivo"" & pos=""ADJ""]"	642942	Fare opposizione tout court agli Stati uniti mi appare lo stesso atteggiamento di coloro che usano dividere il mondo in	buoni e cattivi	.
yes	X e Y	buoni	cattivi	buono - cattivo	"[lemma=""buono"" & pos=""ADJ""][word=""e""][lemma=""cattivo"" & pos=""ADJ""]"	4152402	', con quell'implicito elenco di'	buoni e cattivi	', gli creò non poche difficoltà.
yes	X e Y	buono	cattivo	buono - cattivo	"[lemma=""buono"" & pos=""ADJ""][word=""e""][lemma=""cattivo"" & pos=""ADJ""]"	1124889	Il doppio parametro etico: il terrorismo	buono e cattivo	", le vittime lecite e illecite Prima di legittimare e inneggiare alla "" resistenza "" irachena, caliamoci nel vissuto della maggioranza degli iracheni, ascoltiamo quanto i loro esponenti e la gente comune dicono al riguardo."
yes	X e Y	buona	cattiva	buono - cattivo	"[lemma=""buono"" & pos=""ADJ""][word=""e""][lemma=""cattivo"" & pos=""ADJ""]"	2262858	Era come se fossi una persona a due velocità Â	buona e cattiva	Â e non avessi alcun controllo sull 'interruttore.» Solo dopo che sfuriate analoghe di suo figlio gli causarono dei problemi a scuola, Sofia decise di venire da noi per un consulto.
yes	X e Y	buoni	cattivi	buono - cattivo	"[lemma=""buono"" & pos=""ADJ""][word=""e""][lemma=""cattivo"" & pos=""ADJ""]"	5160213	A questo punto, la storia deve farsi più avventurosa: il protagonista incontrerà personaggi	buoni e cattivi	.
yes	X e Y	buoni	cattivi	buono - cattivo	"[lemma=""buono"" & pos=""ADJ""][word=""e""][lemma=""cattivo"" & pos=""ADJ""]"	6149282	Non ci sono	buoni e cattivi	nello scontro tra bianchi e indiani nel western di Aldrich.
yes	X e Y	buoni	cattivi	buono - cattivo	"[lemma=""buono"" & pos=""ADJ""][word=""e""][lemma=""cattivo"" & pos=""ADJ""]"	1389711	Le trame più grandi di lui riguardano un doppio gioco in seno alla Cia: Rain arriva per gradi a capire chi sono i buoni e i cattivi di quella che era la sua parte, ma anche i	buoni e cattivi	di un paese come il Giappone, in cui la corruzione dilaga e il solo personaggio umano è forse Tatsu, il poliziotto che fa da spalla (ma anche, a volte, da coscienza) a Rain.
yes	X e Y	buoni	cattivi	buono - cattivo	"[lemma=""buono"" & pos=""ADJ""][word=""e""][lemma=""cattivo"" & pos=""ADJ""]"	7013302	Renzi e Salvini oggi mettono la leggerezza e la genericità dei contenuti, affinati dai comunicatori per arrivare al maggior numero di elettori possibili, insieme con la rigida divisione del mondo in	buoni e cattivi	.
yes	X e Y	buone	cattive	buono - cattivo	"[lemma=""buono"" & pos=""ADJ""][word=""e""][lemma=""cattivo"" & pos=""ADJ""]"	5532915	Dimenticavo: non sono nè americanofilo, nè americanofobo, e degli Usa mi limito ad apprezzare o non apprezzare le cose che trovo rispettivamente	buone e cattive	.
yes	X e Y	buoni	cattivi	buono - cattivo	"[lemma=""buono"" & pos=""ADJ""][word=""e""][lemma=""cattivo"" & pos=""ADJ""]"	3428528	A scuola durante la ricreazione giocavamo alla guerra, sognavamo le battaglie dei film in bianco e nero, dove c'erano	buoni e cattivi	, eroi e traditori.
yes	X e Y	buoni	cattivi	buono - cattivo	"[lemma=""buono"" & pos=""ADJ""][word=""e""][lemma=""cattivo"" & pos=""ADJ""]"	5297191	Ed è inevitabile che i voti, oggi, vengano assegnati dalla stampa di lingua inglese, che divide	buoni e cattivi	e stabilisce addirittura quali sono le nazioni di moda (oggi l'Inghilterra, ieri l'Irlanda, l'altri ieri la Spagna e domani, magari, l'Italia)?
yes	X e Y	buono	cattivo	buono - cattivo	"[lemma=""buono"" & pos=""ADJ""][word=""e""][lemma=""cattivo"" & pos=""ADJ""]"	1283371	Cerco di indovinare in anticipo quali saranno i verdetti di Noa dopo che gli ospiti se ne saranno andati:	buono e cattivo	, caldo e freddo, desolante.
yes	X e Y	buoni	cattivi	buono - cattivo	"[lemma=""buono"" & pos=""ADJ""][word=""e""][lemma=""cattivo"" & pos=""ADJ""]"	6907287	Riconoscimento Il sistema immunitario deve individuare la presenza di nemici invasori, aggredirli e riparare il danno subìto, senza però danneggiare i componenti normali dell'organismo, e distinguendo fra microbi	buoni e cattivi	: «riconoscimento» è dunque una parola chiave fondamentale per il nostro naturale apparato di difesa.
yes	X e Y	buone	cattive	buono - cattivo	"[lemma=""buono"" & pos=""ADJ""][word=""e""][lemma=""cattivo"" & pos=""ADJ""]"	1883799	Singolare mix di notizie	buone e cattive	nell'area euro.
yes	X e Y	buoni	cattivi	buono - cattivo	"[lemma=""buono"" & pos=""ADJ""][word=""e""][lemma=""cattivo"" & pos=""ADJ""]"	2100740	Agli agenti del governo non bisogna sovraccaricare la testa con troppe informazioni, loro vogliono solo idee chiare e semplici, bianco e nero,	buoni e cattivi	, e il cattivo deve essere uno solo.
yes	X e Y	buoni	cattivi	buono - cattivo	"[lemma=""buono"" & pos=""ADJ""][word=""e""][lemma=""cattivo"" & pos=""ADJ""]"	3614395	""" "" Senti, io non ho mai conosciuto questo Michael ma ho conosciuto parecchi uomini,"	buoni e cattivi	, e penso proprio che sia andata così.
yes	X e Y	buona	cattiva	buono - cattivo	"[lemma=""buono"" & pos=""ADJ""][word=""e""][lemma=""cattivo"" & pos=""ADJ""]"	1598334	L'assegnazione all'ufficio di New York era stata una notizia	buona e cattiva	nel contempo.
yes	X e Y	buoni	cattivi	buono - cattivo	"[lemma=""buono"" & pos=""ADJ""][word=""e""][lemma=""cattivo"" & pos=""ADJ""]"	2899049	Voglio dire erano scrittori e se a te scrittore ti tolgo	buoni e cattivi	e bene e male che ti resta?
yes	X e Y	buona	cattiva	buono - cattivo	"[lemma=""buono"" & pos=""ADJ""][word=""e""][lemma=""cattivo"" & pos=""ADJ""]"	652269	Ma la politica italiana è tanto complicata: da queste parti, come in tutto il mondo, del resto, la gente è	buona e cattiva	, ma quelli che detengono il potere sono signori che non hanno molte idee, e in qualche momento anche contraddittorie e confuse.
yes	X e Y	buoni	cattivi	buono - cattivo	"[lemma=""buono"" & pos=""ADJ""][word=""e""][lemma=""cattivo"" & pos=""ADJ""]"	5701569	"Secondo Zich, "" Ci sono docenti"	buoni e cattivi	, come amministratori delegati non all'altezza ed altri sì.
yes	X e Y	buono	cattivo	buono - cattivo	"[lemma=""buono"" & pos=""ADJ""][word=""e""][lemma=""cattivo"" & pos=""ADJ""]"	5389777	La tecnologia d'alta e implacabile precisione, che ormai comanda la nostra vita, anche il succedersi delle stagioni e il	buono e cattivo	tempo, non concedeva scampo.
yes	X e Y	buono	cattivo	buono - cattivo	"[lemma=""buono"" & pos=""ADJ""][word=""e""][lemma=""cattivo"" & pos=""ADJ""]"	3916353	Parole come	buono e cattivo	non hanno mai avuto molto significato, per me, come pure le parole rispettabile e non rispettabile.
yes	X e Y	buone	cattive	buono - cattivo	"[lemma=""buono"" & pos=""ADJ""][word=""e""][lemma=""cattivo"" & pos=""ADJ""]"	3939629	» Sulle sue sette mule da carico, tuttavia, viaggiavano altre casse con medaglie e posate d'oro e cose molteplici di un certo valore, dieci bauli di carte private, due di libri letti e almeno cinque di indumenti, e parecchie casse con ogni tipo di cose	buone e cattive	che nessuno aveva avuto la pazienza di inventariare.
yes	X e Y	buoni	cattivi	buono - cattivo	"[lemma=""buono"" & pos=""ADJ""][word=""e""][lemma=""cattivo"" & pos=""ADJ""]"	3428027	A scuola durante la ricreazione giocavamo alla guerra, sognavamo le battaglie dei film in bianco e nero, dove c'erano	buoni e cattivi	", eroi e traditori... Allora ciò che ci teneva occupati era la scuola, che detestavo, e la Copa Infantil Evita, che la nostra squadra aveva appena vinto nella finale contro i ragazzi di Buenos Aires ""."
yes	X e Y	buoni	cattivi	buono - cattivo	"[lemma=""buono"" & pos=""ADJ""][word=""e""][lemma=""cattivo"" & pos=""ADJ""]"	6954834	Abusivi	buoni e cattivi	Non tutti gli abusivi sono evidentemente uguali: quelli ischitani, quelli dei piani rialzati, sono da condannare senza processo, quelli africani che occupano un palazzo al centro di Roma sono da tollerare.
yes	X e Y	buoni	cattivi	buono - cattivo	"[lemma=""buono"" & pos=""ADJ""][word=""e""][lemma=""cattivo"" & pos=""ADJ""]"	476184	Le narrazioni più ambigue (come quella di Lilith e della prima Eva, che presuppongono poligamia ed errori divini) sono state eliminate; i vari dei	buoni e cattivi	"del vasto pantheon ebraico sono stati unificati in Dio e nel suo antagonista Satana; alcuni episodi sono stati modificati, creando spesso delle discrepanze su cui teologi e studiosi hanno versato fiumi d'inchiostro (dopo aver ucciso Abele, Caino fugge verso "" la città delle figlie degli uomini ""."
yes	X e Y	buoni	cattivi	buono - cattivo	"[lemma=""buono"" & pos=""ADJ""][word=""e""][lemma=""cattivo"" & pos=""ADJ""]"	1406896	Conta poco la classifica dei	buoni e cattivi	(«il 60 per cento dei manifesti è del centrodestra, il 40 del centrosinistra» dicono Odevaine e Mario Schina, coordinatore dell'ufficio comunale del Decoro urbano); più rilevante che i cattivi non possano di fatto essere puniti: «Dalla Finanziaria 2005 - ricorda il vice capo di Gabinetto - i trasgressori sono puniti con una multa di 100 euro totali a campagna elettorale.
yes	X e Y	buono	cattivo	buono - cattivo	"[lemma=""buono"" & pos=""ADJ""][word=""e""][lemma=""cattivo"" & pos=""ADJ""]"	5568723	C'è un approccio gastronomico che parla di	buono e cattivo	, quello antropologico che riflette il cotto e il crudo, c'è il medico salutistico che sentenzia il bene e il male, c'è l'approccio sociologico che indica dove, quando e come.
yes	X e Y	buoni	cattivi	buono - cattivo	"[lemma=""buono"" & pos=""ADJ""][word=""e""][lemma=""cattivo"" & pos=""ADJ""]"	1053318	In realtà, questa non tanto è una storia di	buoni e cattivi	.
yes	X e Y	buoni	cattivi	buono - cattivo	"[lemma=""buono"" & pos=""ADJ""][word=""e""][lemma=""cattivo"" & pos=""ADJ""]"	1314925	Aveva anche	buoni e cattivi	minuti, così ravvicinati a volte che era difficile credere che fosse lo stesso cane.
yes	X e Y	cattive	buone	buono - cattivo	"[lemma=""cattivo"" & pos=""ADJ""][word=""e""][lemma=""buono"" & pos=""ADJ""]"	5072021	Vi spieghiamo tutte le sue forme,	cattive e buone	, e vi aiutiamo a scoprire che tipo siete voi.
yes	X e Y	buoni	cattivi	buono - cattivo	"[lemma=""buono"" & pos=""ADJ""][word=""e""][lemma=""cattivo"" & pos=""ADJ""]"	5808794	La legislazione che ha ucciso O'Dell è speculare alle contraddizioni di una cultura, quella americana, che santifica lo spazio storico della Nuova Frontiera, che esalta i diritti civili, che si fa paladina della libertà in assoluto e tuttavia, alla fine, risulta provinciale nel dividere il mondo, la società, in	buoni e cattivi	.
yes	X e Y	buono	cattivo	buono - cattivo	"[lemma=""buono"" & pos=""ADJ""][word=""e""][lemma=""cattivo"" & pos=""ADJ""]"	4512579	"Nella "" Genealogia della morale "" Nietzsche si propone di dimostrare che i concetti di"	buono e cattivo	, come gli altri giudizi legati alla moralità dei costumi, sono imposti dall'alto, cioè sono modelli di cui le classi dominanti si servono per soggiogare e controllare le classi subalterne.
yes	X e Y	buona	cattiva	buono - cattivo	"[lemma=""buono"" & pos=""ADJ""][word=""e""][lemma=""cattivo"" & pos=""ADJ""]"	385142	Come si vede è molto difficile stabilire un rapporto fra quantità e qualità televisiva, fra	buona e cattiva	televisione, semplicemente basandosi sui numeri.
yes	X e Y	buoni	cattivi	buono - cattivo	"[lemma=""buono"" & pos=""ADJ""][word=""e""][lemma=""cattivo"" & pos=""ADJ""]"	5243563	"Lei è l'indispensabile "" braccio destro "" del capo dell'opposizione a Bonn (dal 1973 al 1982) e del cancelliere (dall'ottobre del 1982 al 1998), ancora oggi la donna di sempre, al centro del potere del cancellierato, colei che con infallibile intuito divideva tutti i visitatori in"	buoni e cattivi	: quelli a favore e quelli contrari al suo stimato capo.
yes	X e Y	buone	cattive	buono - cattivo	"[lemma=""buono"" & pos=""ADJ""][word=""e""][lemma=""cattivo"" & pos=""ADJ""]"	4048740	Gli esseri umani accolgono ogni cambiamento del proprio animo in una confusione di cose	buone e cattive	, e da soli portano quel peso per tutta la vita.
yes	X e Y	buoni	cattivi	buono - cattivo	"[lemma=""buono"" & pos=""ADJ""][word=""e""][lemma=""cattivo"" & pos=""ADJ""]"	5527066	"9.000) si prova a scombinare i "" c'era una volta "", magie, re"	buoni e cattivi	.
yes	X e Y	buone	cattive	buono - cattivo	"[lemma=""buono"" & pos=""ADJ""][word=""e""][lemma=""cattivo"" & pos=""ADJ""]"	4326993	Così si crea, oltre tutto, una confusione grave tra una disciplina scientifica - che in quanto tale persegue soltanto la conoscenza, e quindi in sè può essere soltanto positiva - e le sue applicazioni commerciali, che possono essere buone, meno	buone e cattive	.
yes	X e Y	buoni	cattivi	buono - cattivo	"[lemma=""buono"" & pos=""ADJ""][word=""e""][lemma=""cattivo"" & pos=""ADJ""]"	1341257	Verso i nemici bisogna comportarsi come fa Dio, il quale fa sorgere il sole su	buoni e cattivi	": "" Amate i vostri nemici e pregate per i vostri persecutori, perché siate figli del Padre vostro celeste, che fa sorgere il suo sole sopra i malvagi e sopra i buoni, e fa piovere sopra i giusti e sopra gli ingiusti."
yes	X e Y	buono	cattivo	buono - cattivo	"[lemma=""buono"" & pos=""ADJ""][word=""e""][lemma=""cattivo"" & pos=""ADJ""]"	204303	"La seconda fase è chiamata fase anale, va dai due ai quattro anni circa, e durante essa il bambino prova piacere nel trattenere e nel rilasciare gli sfinteri anali: è collegata agli inviti materni o famigliari ad espellere o a ritenere le feci ("" l'educazione al vasino ""), che assumono quindi carattere ambivalente,"	buono e cattivo	al tempo stesso.
yes	X e Y	buoni	cattivi	buono - cattivo	"[lemma=""buono"" & pos=""ADJ""][word=""e""][lemma=""cattivo"" & pos=""ADJ""]"	1089989	Come la tendenza manichea a dividere i cibi in	buoni e cattivi	": "" Una divisione che non ha senso: un alimento in quanto tale non può essere nocivo, per definizione "", dice Caputo: "" Oggi sappiamo che l'ideale è una dieta il più possibile variata."
yes	X e Y	buoni	cattivi	buono - cattivo	"[lemma=""buono"" & pos=""ADJ""][word=""e""][lemma=""cattivo"" & pos=""ADJ""]"	5873174	Fino all'ultimo i giochi per le 15 deleghe del governo comunale (la sedicesima, al Personale, per ora non è stata assegnata e rimarrà nelle mani del sindaco) sono rimasti in sospeso tra Arcore e il Pirellone, An e la Curia,	buoni e cattivi	.
yes	X e Y	buoni	cattivi	buono - cattivo	"[lemma=""buono"" & pos=""ADJ""][word=""e""][lemma=""cattivo"" & pos=""ADJ""]"	4585206	Non ci si preoccupava più di ciò che concerne gli dei, della venerazione ad essi dovuta: si vedeva infatti che	buoni e cattivi	morivano allo stesso modo.
yes	X e Y	buoni	cattivi	buono - cattivo	"[lemma=""buono"" & pos=""ADJ""][word=""e""][lemma=""cattivo"" & pos=""ADJ""]"	3085412	(r) La mia favola è popolata di ginn	buoni e cattivi	.
yes	X e Y	buoni	cattivi	buono - cattivo	"[lemma=""buono"" & pos=""ADJ""][word=""e""][lemma=""cattivo"" & pos=""ADJ""]"	2443710	Non ci sono	buoni e cattivi	, ma ci sono il grano e la zizzania in ogni persona.
yes	X e Y	buono	cattivo	buono - cattivo	"[lemma=""buono"" & pos=""ADJ""][word=""e""][lemma=""cattivo"" & pos=""ADJ""]"	6902834	La prima di queste due declinazioni riguarda l'uso	buono e cattivo	dell'Intelligenza Artificiale.
yes	X e Y	buona	cattiva	buono - cattivo	"[lemma=""buono"" & pos=""ADJ""][word=""e""][lemma=""cattivo"" & pos=""ADJ""]"	6192923	E questo, Beatles inclusi, mi ha fatto crescere nella convinzione che non esistono gerarchie tra arte colta e popolare, ma solo tra arte	buona e cattiva	"""."
yes	X e Y	buoni	cattivi	buono - cattivo	"[lemma=""buono"" & pos=""ADJ""][word=""e""][lemma=""cattivo"" & pos=""ADJ""]"	6179841	"Diliberto ha proposto una lettura politica del cinema di Leone sostenendo che: "" è di sinistra perché ribalta i vecchi schemi del western americano basato sulla distinzione fra"	buoni e cattivi	.
yes	X e Y	buoni	cattivi	buono - cattivo	"[lemma=""buono"" & pos=""ADJ""][word=""e""][lemma=""cattivo"" & pos=""ADJ""]"	4020849	Afferrò di nuovo la pila di cartoncini e cominciò a giocherellarci come se si trattasse di un mazzo di carte, dicendo: - Credo che ci sia di tutto, come da ogni parte: quattro ragazzi e tre ragazze, studenti	buoni e cattivi	, diligenti e scansafatiche, puntuali e ritardatari, coscienziosi e irresponsabili, sinceri e bugiardi... Lasciò quest'ultimo attributo sospeso nel silenzio, forse perché si scolpisse maggiormente nella nostra memoria.
yes	X e Y	buoni	cattivi	buono - cattivo	"[lemma=""buono"" & pos=""ADJ""][word=""e""][lemma=""cattivo"" & pos=""ADJ""]"	469868	La bocca non solo gli fa riconoscere i sapori	buoni e cattivi	", ma gli permette di associare direttamente l'odore, la forma, il "" comportamento "" delle cose."
yes	X e Y	buoni	cattivi	buono - cattivo	"[lemma=""buono"" & pos=""ADJ""][word=""e""][lemma=""cattivo"" & pos=""ADJ""]"	5983732	Critiche dai popolari Polo, un coro di no al super - partito La Russa: non ci piace, ha diviso An in	buoni e cattivi	ROMA.
yes	X e Y	buoni	cattivi	buono - cattivo	"[lemma=""buono"" & pos=""ADJ""][word=""e""][lemma=""cattivo"" & pos=""ADJ""]"	4249716	In questa prospettiva così aperta sul destino dell'uomo, sul senso della sua esistenza, sulla profondità dei suoi sentimenti	buoni e cattivi	", si scontrano massimi sistemi (l'America e il suo sogno pragmatista e libertario, evocati anche nell'ultima disincantata lettera di Op al presidente Lincoln), uomini "" del lutto "" e uomini (e donne, e bambini) di pena, servi e padroni, cultura e innatismo."
yes	X e Y	buoni	cattivi	buono - cattivo	"[lemma=""buono"" & pos=""ADJ""][word=""e""][lemma=""cattivo"" & pos=""ADJ""]"	5548556	"08 01 1997 Ghisi Giancarla - LA GRANDE CRISI Un'ora di monologo nello spogliatoio: "" Tutto dipende dal cervello e qui non vedo la necessaria voglia di vittoria "" Sacchi spacca il Milan in"	buoni e cattivi	"Sulla lista nera Savicevic, Ambrosini Simone, Boban, Davids e Dugarry La nuova rivoluzione è già in vista: "" Troppe sconfitte Qui è mancata l'intensità giusta "" "" Non tutti si comportano da professionisti ""."
yes	X e Y	buono	cattivo	buono - cattivo	"[lemma=""buono"" & pos=""ADJ""][word=""e""][lemma=""cattivo"" & pos=""ADJ""]"	1050451	Estorta da due magistrati «molto ostili», che «giocavano a fare il poliziotto	buono e cattivo	», dopo dieci ore d'interrogatorio.
yes	X e Y	buoni	cattivi	buono - cattivo	"[lemma=""buono"" & pos=""ADJ""][word=""e""][lemma=""cattivo"" & pos=""ADJ""]"	6511579	Le pistole furono spesso coperte dalla' ' biacca' ', lasciando	buoni e cattivi	disarmati.
yes	X e Y	buoni	cattivi	buono - cattivo	"[lemma=""buono"" & pos=""ADJ""][word=""e""][lemma=""cattivo"" & pos=""ADJ""]"	6056487	Ma nel capitolo trentasei, quello che come una Nemesi risistema	buoni e cattivi	, Lucignolo avrà la sua punizione: rimasto asino, massacrato di fatica dall'ortolano Giangio, aspetta di morire sdraiato sul fieno.
yes	X e Y	buoni	cattivi	buono - cattivo	"[lemma=""buono"" & pos=""ADJ""][word=""e""][lemma=""cattivo"" & pos=""ADJ""]"	111720	Ci saranno ancora, per la nostra delizia, poliziotti e ladri,	buoni e cattivi	, robots, Dio, e gli obbligatori avatar del Dr. Frankenstein, ma vedremo anche, sempre più vicino, l'uomo della strada, la barista, e prostituta, e il vagabondo spaziale.
yes	X e Y	buoni	cattivi	buono - cattivo	"[lemma=""buono"" & pos=""ADJ""][word=""e""][lemma=""cattivo"" & pos=""ADJ""]"	1339230	Al ritorno dell'esercito, il pranzo - in modo del tutto inverosimile - è ancora pronto (22,8), allora vengono invitate delle persone qualsiasi,	buoni e cattivi	, ferme ai crocicchi.
yes	X e Y	buoni	cattivi	buono - cattivo	"[lemma=""buono"" & pos=""ADJ""][word=""e""][lemma=""cattivo"" & pos=""ADJ""]"	5361722	Quanto all'area grigia che risucchia	buoni e cattivi	", se guarda all'ultimo periodo di Tangentopoli e a quello che stanno facendo a Di Pietro, non mi pare che sia un problema soltanto siciliano ""."
yes	X e Y	buone	cattive	buono - cattivo	"[lemma=""buono"" & pos=""ADJ""][word=""e""][lemma=""cattivo"" & pos=""ADJ""]"	2026327	Riservo un po' di gratitudine perfino a me stesso, per tutte le scelte	buone e cattive	che mi hanno portato qui.
yes	X e Y	buoni	cattivi	buono - cattivo	"[lemma=""buono"" & pos=""ADJ""][word=""e""][lemma=""cattivo"" & pos=""ADJ""]"	4981040	CRITICI AL LAVORO Cinevisioni: Cosmicomiche di Marco Lodoli Invasi dagli alieni, i terrestri riscoprono il gusto della conoscenza e della meraviglia Sono annate straboccanti di marziani, queste, ogni mese nei nostri occhi atterrano astronavi cariche di mostri galattici,	buoni e cattivi	, sterminatori e compagnoni, e viene naturale domandarsi come mai proprio adesso s'è rinsaldato il patto di fantasia tra lo spettatore e il cielo più remoto, tra la mano che al buio pesca il popcorn e il tentacolo squamoso dell'alieno.
yes	X e Y	buoni	cattivi	buono - cattivo	"[lemma=""buono"" & pos=""ADJ""][word=""e""][lemma=""cattivo"" & pos=""ADJ""]"	5859788	11 06 1997 FLASH LAMFALUSSY In Europa non ci sono più	buoni e cattivi	allievì ha dichiarato il presidente dell'Istituto Monetario Europeo, Alexandre Lamfalussy per il quale non si può più dividere i Paesi dell'Unione europea in due classi distinte; siamo tutti un pó nel grigiore, con Paesi più grigi e altri meno ha aggiunto Lamfalussy auspicando che ai Paesi esclusi dal primo gruppo, quello che dovrebbe adottare dal 1999 l'Euro come moneta comune, sia dato appuntamento entro l'anno successivo.
yes	X e Y	buona	cattiva	buono - cattivo	"[lemma=""buono"" & pos=""ADJ""][word=""e""][lemma=""cattivo"" & pos=""ADJ""]"	6790766	Ricordo di aver pensato alle frasi con cui si celebra il matrimonio, al condividere	buona e cattiva	sorte e rimanere uniti in salute e malattia.
yes	X e Y	buoni	cattivi	buono - cattivo	"[lemma=""buono"" & pos=""ADJ""][word=""e""][lemma=""cattivo"" & pos=""ADJ""]"	6571221	Grassi	buoni e cattivi	": quali sono e i cibi giusti da scegliere Nonostante la parola "" grasso "" non ci piaccia molto ed evochi in noi una sensazione negativa, per il nostro organismo non sempre è così."
yes	X e Y	buoni	cattivi	buono - cattivo	"[lemma=""buono"" & pos=""ADJ""][word=""e""][lemma=""cattivo"" & pos=""ADJ""]"	5551109	A volte sembra che il pubblico chieda solo di essere facilitato al massimo, come se volesse solo libri per bambini e film per bambini, con quella chiara, rassicurante divisione manichea del mondo in	buoni e cattivi	"""."
yes	X e Y	buoni	cattivi	buono - cattivo	"[lemma=""buono"" & pos=""ADJ""][word=""e""][lemma=""cattivo"" & pos=""ADJ""]"	339679	Un'occhiata all'America non farebbe male: chi ha tentato lì, in passato, questa scorciatoia verso il successo è sonoramente caduto non appena la borsa è stata in grado di valutare	buoni e cattivi	, premiando i primi e punendo con severità i secondi.
yes	X e Y	buoni	cattivi	buono - cattivo	"[lemma=""buono"" & pos=""ADJ""][word=""e""][lemma=""cattivo"" & pos=""ADJ""]"	5550456	""" Non mi piace questo modo di ragionare, questo voler a tutti i costi dividere"	buoni e cattivi	, fedeli e infedeli.
yes	X e Y	cattivi	buoni	buono - cattivo	"[lemma=""cattivo"" & pos=""ADJ""][word=""e""][lemma=""buono"" & pos=""ADJ""]"	607495	Aggiungendo che «non è più possibile continuare a fare una distinzione tra terroristi	cattivi e buoni	».
yes	X e Y	buoni	cattivi	buono - cattivo	"[lemma=""buono"" & pos=""ADJ""][word=""e""][lemma=""cattivo"" & pos=""ADJ""]"	5547227	E Capello chiede Panucci per il Real Madrid Milan, l'ora della purga: nessuno è incedibile MILANO - Dopo la sortita di Sacchi, che ha pubblicamente diviso i suoi giocatori in	buoni e cattivi	, ieri il vicepresidente milanista Galliani ha confermato la linea dura della società.
yes	X e Y	buoni	cattivi	buono - cattivo	"[lemma=""buono"" & pos=""ADJ""][word=""e""][lemma=""cattivo"" & pos=""ADJ""]"	4478625	"Per avere un quadro d'insieme, ci rivolgiamo naturalmente al capo corrispondente diplomatico del "" New York Times "", Thomas Friedman, che in un suo articolo ha preso spunto da quanto una volta dichiarato dal membro del Congresso Les Aspin (attuale segretario alla Difesa): «Il mondo che sta emergendo probabilmente non avrà la chiarezza tipica della guerra fredda... Il vecchio mondo era fatto di"	buoni e cattivi	.
yes	X e Y	buone	cattive	buono - cattivo	"[lemma=""buono"" & pos=""ADJ""][word=""e""][lemma=""cattivo"" & pos=""ADJ""]"	6526812	- nella trappola dei valori e degli anatemi, delle cose	buone e cattive	, di quelle dannate e di quelle da salvare per la nuova era.
yes	X e Y	buoni	cattivi	buono - cattivo	"[lemma=""buono"" & pos=""ADJ""][word=""e""][lemma=""cattivo"" & pos=""ADJ""]"	5271009	Non sto riproponendo una storiografia che giudichi e condanni, continuando a dividere gli italiani in	buoni e cattivi	.
yes	X e Y	buoni	cattivi	buono - cattivo	"[lemma=""buono"" & pos=""ADJ""][word=""e""][lemma=""cattivo"" & pos=""ADJ""]"	6958224	"Secondo Giuseppe Murolo, coordinatore regionale del Movimento Nazionale per la Sovrantià, "" dopo 72 anni di rancore cade un muro "" perché "" l'Italia non ha bisogno di una storia spezzata, di vincitori e vinti,"	buoni e cattivi	"""."
yes	X e Y	buoni	cattivi	buono - cattivo	"[lemma=""buono"" & pos=""ADJ""][word=""e""][lemma=""cattivo"" & pos=""ADJ""]"	1932420	«Purtroppo non c'è traccia di trasparenza nella gestione Panzironi - attacca il consigliere Pd Athos De Luca - e dentro questa voce ci sono le gratifiche, quelle liste di	buoni e cattivi	fatte nell'azienda dall'ex amministratore delegato».
yes	X e Y	buoni	cattivi	buono - cattivo	"[lemma=""buono"" & pos=""ADJ""][word=""e""][lemma=""cattivo"" & pos=""ADJ""]"	1869676	Il pericolo c'è, il business interessa	buoni e cattivi	».
yes	X e Y	buoni	cattivi	buono - cattivo	"[lemma=""buono"" & pos=""ADJ""][word=""e""][lemma=""cattivo"" & pos=""ADJ""]"	3912515	Ho conosciuto ogni sorta di uomini,	buoni e cattivi	, nel senso di godere e saperci fare a letto, o di fallire e affliggersene.
yes	X e Y	buona	cattiva	buono - cattivo	"[lemma=""buono"" & pos=""ADJ""][word=""e""][lemma=""cattivo"" & pos=""ADJ""]"	669114	Ma se rinunciamo al mito dell'esilio cosmico, dobbiamo riconoscere che la scienza è tra noi e distilla, elabora, difende a ogni istante filosofia (	buona e cattiva	) quanto qualunque dipartimento di humanities.
yes	X e Y	buoni	cattivi	buono - cattivo	"[lemma=""buono"" & pos=""ADJ""][word=""e""][lemma=""cattivo"" & pos=""ADJ""]"	1748632	Fra di loro vi furono uomini	buoni e cattivi	, ma più tardi, quando il potere passò ai discendenti di questi ultimi, costoro diedero grande importanza all'autorità regale e al lusso.
yes	X e Y	buoni	cattivi	buono - cattivo	"[lemma=""buono"" & pos=""ADJ""][word=""e""][lemma=""cattivo"" & pos=""ADJ""]"	5708402	"Nella stessa giornata in piazza San Carlo si svolgerà lo spettacolo "" Addio al paese dei balocchi - Grande parata di bambini"	buoni e cattivi	"finalmente insieme "" con tanto di banda, gruppi musicali, e gli attori del Teatro della Tosse."
yes	X e Y	buoni	cattivi	buono - cattivo	"[lemma=""buono"" & pos=""ADJ""][word=""e""][lemma=""cattivo"" & pos=""ADJ""]"	4486799	Jimmy e Josh hanno ricavato le loro idee sulle persone autoritarie e sull'autoritarismo dall'esperienza emotiva, ma le hanno raggruppate in categorie logiche (distinguendo fra autoritari	buoni e cattivi	).
yes	X e Y	buoni	cattivi	buono - cattivo	"[lemma=""buono"" & pos=""ADJ""][word=""e""][lemma=""cattivo"" & pos=""ADJ""]"	1896371	«Non ci sono	buoni e cattivi	- conclude il regista - ci sono esseri umani con le loro passioni.
yes	X e Y	buoni	cattivi	buono - cattivo	"[lemma=""buono"" & pos=""ADJ""][word=""e""][lemma=""cattivo"" & pos=""ADJ""]"	640581	"Mi fermo alla prima: "" L'affermazione della sacralità della vita come valore assoluto e universale, per cui non ci sono terrorismi"	buoni e cattivi	", vittime lecite o illecite ""."
yes	X e Y	buoni	cattivi	buono - cattivo	"[lemma=""buono"" & pos=""ADJ""][word=""e""][lemma=""cattivo"" & pos=""ADJ""]"	4074183	Per un certo periodo leggiamo, insieme,	buoni e cattivi	romanzi.
yes	X e Y	buono	cattivo	buono - cattivo	"[lemma=""buono"" & pos=""ADJ""][word=""e""][lemma=""cattivo"" & pos=""ADJ""]"	1812828	Eppure, questa società a responsabilità limitata da due anni sta facendo il	buono e cattivo	tempo nelle soprintendenze e nelle amministrazioni locali, dettando il calendario dei restauri, scegliendo vie o piazze di straordinario richiamo turistico e commerciale per innalzare giganteschi ponteggi ricoperti dai manifesti pubblicitari.
yes	X e Y	buono	cattivo	buono - cattivo	"[lemma=""buono"" & pos=""ADJ""][word=""e""][lemma=""cattivo"" & pos=""ADJ""]"	5077160	Inoltre, secondo una ricerca pubblicata sulla rinomata rivista The Lancet, orlistat riuscirebbe anche a migliorare alcuni fattori di rischio delle malattie cardiovascolari, quali il colesterolo totale, il rapporto fra colesterolo	buono e cattivo	, il controllo glicemico e la pressione del sangue.
yes	X e Y	buoni	cattivi	buono - cattivo	"[lemma=""buono"" & pos=""ADJ""][word=""e""][lemma=""cattivo"" & pos=""ADJ""]"	5786122	Gli psicologi dovrebbero sapere quant'è complessa la natura umana e fare elenchi di	buoni e cattivi	è compito, semmai, dei moralisti.
yes	X e Y	buona	cattiva	buono - cattivo	"[lemma=""buono"" & pos=""ADJ""][word=""e""][lemma=""cattivo"" & pos=""ADJ""]"	5219003	"Un impegno a scoprire e accettare gradualmente l'altro e la sua storia, con i suoi pregi e anche difetti, "" nella"	buona e cattiva	"sorte "", ad amarlo così come si amano i figli, come essi sono, non come vorremmo che fossero; senza pretesa di cambiarli, di farli a propria immagine."
yes	X e Y	buona	cattiva	buono - cattivo	"[lemma=""buono"" & pos=""ADJ""][word=""e""][lemma=""cattivo"" & pos=""ADJ""]"	6892964	Inoltre, abbiamo detto che la mutazione è al contempo	buona e cattiva	: buona, perché alimenta la selezione naturale e con essa l'evoluzione; cattiva, perché accumulandosi con altre può portare una cellula a perdere il controllo.
yes	X e Y	buona	cattiva	buono - cattivo	"[lemma=""buono"" & pos=""ADJ""][word=""e""][lemma=""cattivo"" & pos=""ADJ""]"	4244601	Ma il pegno dell'amicizia sta proprio lì, nel non fare domande, nell'accettare tutto dell'altro nella	buona e cattiva	sorte, anche il silenzio.
yes	X e Y	buoni	cattivi	buono - cattivo	"[lemma=""buono"" & pos=""ADJ""][word=""e""][lemma=""cattivo"" & pos=""ADJ""]"	4074165	"Così, l'insieme dei loro temi potrebbe riassumersi in questa formula: "" Ma no, ma no, ognuno ha il diritto di scrivere quello che vuole, e tutti i gusti sono nella natura, dai... "" Sì, sì, sì per carità, posizione assolutamente onorevole... Ciò non toglie che vi siano"	buoni e cattivi	romanzi.
yes	X e Y	buoni	cattivi	buono - cattivo	"[lemma=""buono"" & pos=""ADJ""][word=""e""][lemma=""cattivo"" & pos=""ADJ""]"	2203620	Uomini	buoni e cattivi	, eroi e infami, uomini d'onore, bugiardi, codardi, bestie... ne abbiamo tanti, così come li avete voi.
yes	X e Y	buoni	cattivi	buono - cattivo	"[lemma=""buono"" & pos=""ADJ""][word=""e""][lemma=""cattivo"" & pos=""ADJ""]"	2473322	Insieme all'angoscia lo Xanax si portava via tutti i pensieri,	buoni e cattivi	insieme.
yes	X e Y	buoni	cattivi	buono - cattivo	"[lemma=""buono"" & pos=""ADJ""][word=""e""][lemma=""cattivo"" & pos=""ADJ""]"	934019	La Fiat fa i suoi	buoni e cattivi	affari, in bilico sulla crisi dell & rsquo; auto italiana, ma è su un altro pianeta nei rapporti con il governo, quando per decenni conviveva felicemente e cooperativamente con tutti i governi.
yes	X e Y	buono	cattivo	buono - cattivo	"[lemma=""buono"" & pos=""ADJ""][word=""e""][lemma=""cattivo"" & pos=""ADJ""]"	4088881	Riguardo alla prima situazione, nessuno mi ha spiegato i concetti di	buono e cattivo	a proposito del cane.
yes	X e Y	buoni	cattivi	buono - cattivo	"[lemma=""buono"" & pos=""ADJ""][word=""e""][lemma=""cattivo"" & pos=""ADJ""]"	5684924	"Domani (ore 17) il presepe di Luzzati in piazza Carlo Felice farà da sfondo alla replica dello spettacolo "" Addio al paese dei balocchi - Grande parata di bambini"	buoni e cattivi	"finalmente insieme ""."
yes	X e Y	buone	cattive	buono - cattivo	"[lemma=""buono"" & pos=""ADJ""][word=""e""][lemma=""cattivo"" & pos=""ADJ""]"	6922908	Come per tutto il resto, i social media portano cose	buone e cattive	nelle nostre vite.
yes	X e Y	buoni	cattivi	buono - cattivo	"[lemma=""buono"" & pos=""ADJ""][word=""e""][lemma=""cattivo"" & pos=""ADJ""]"	4486581	Si divertiva con il fratellino appena nato, prendeva a calci il pallone con gli amici e si immergeva in elaborate fantasie popolate da	buoni e cattivi	.
yes	X e Y	buone	cattive	buono - cattivo	"[lemma=""buono"" & pos=""ADJ""][word=""e""][lemma=""cattivo"" & pos=""ADJ""]"	1280871	""" Da principio, quelle parole parvero rimbalzarle nella testa, come spesso avviene per le notizie inattese,"	buone e cattive	.
yes	X e Y	buono	cattivo	buono - cattivo	"[lemma=""buono"" & pos=""ADJ""][word=""e""][lemma=""cattivo"" & pos=""ADJ""]"	1304800	I tre si alternavano, scambiandosi le parti di poliziotto	buono e cattivo	, insultando, minacciando.
yes	X e Y	buoni	cattivi	buono - cattivo	"[lemma=""buono"" & pos=""ADJ""][word=""e""][lemma=""cattivo"" & pos=""ADJ""]"	768491	"Anche l'analizzatore sensoriale svedese, il "" naso elettronico "" presentato pochi giorni fa alla Fiera di Alba in Piemonte, può poco di fronte ai tartufi"	buoni e cattivi	mescolati tra loro.
yes	X o Y	buona	cattiva	buono - cattivo	"[lemma=""buono"" & pos=""ADJ""][word=""o""][lemma=""cattivo"" & pos=""ADJ""]"	2701036	"La fusione tra il gruppo Espresso e "" la Stampa "" secondo te è cosa"	buona o cattiva	per il giornalismo italiano?
yes	X o Y	buona	cattiva	buono - cattivo	"[lemma=""buono"" & pos=""ADJ""][word=""o""][lemma=""cattivo"" & pos=""ADJ""]"	6880256	«La sorpresa può essere	buona o cattiva	, ma in entrambi i casi insegna».
yes	X o Y	buono	cattivo	buono - cattivo	"[lemma=""buono"" & pos=""ADJ""][word=""o""][lemma=""cattivo"" & pos=""ADJ""]"	3933552	Non mi sarei affatto meravigliata se un giorno il suo nome avesse acquistato una certa notorietà, in senso	buono o cattivo	.
yes	X o Y	buona	cattiva	buono - cattivo	"[lemma=""buono"" & pos=""ADJ""][word=""o""][lemma=""cattivo"" & pos=""ADJ""]"	2599771	Ma lo studente non stava dicendo al professore che non aveva bisogno di lui perché erano ormai radio e televisione a dirgli dove stia Timbuctu o che si è discusso sulla fusione fredda, e cioè non gli stava dicendo che il suo ruolo era stato assunto da discorsi per così dire sciolti, che circolano in modo casuale e disordinato giorno per giorno sui vari media Â e che se sappiamo molto sull'Iraq e poco sulla Siria dipende dalla	buona o cattiva	volontà di Bush.
yes	X o Y	buoni	cattivi	buono - cattivo	"[lemma=""buono"" & pos=""ADJ""][word=""o""][lemma=""cattivo"" & pos=""ADJ""]"	2839422	Suoni e volti scandiscono nel vuoto le stesse parole simili a dischi inceppati, Antonio è la volpe che tenta di ripulire dalla terra quanto lei stessa ha nascosto, momenti predati alla vita,	buoni o cattivi	che siano.
yes	X o Y	buona	cattiva	buono - cattivo	"[lemma=""buono"" & pos=""ADJ""][word=""o""][lemma=""cattivo"" & pos=""ADJ""]"	1052295	Un concetto che - benedetto da settori irresponsabili della sinistra - si converte in valore capace di far decidere se una persona è	buona o cattiva	».
yes	X o Y	buono	cattivo	buono - cattivo	"[lemma=""buono"" & pos=""ADJ""][word=""o""][lemma=""cattivo"" & pos=""ADJ""]"	6876562	Consiste nel restringere la propria valutazione a due sole categorie: bianco o nero,	buono o cattivo	.
yes	X o Y	buoni	cattivi	buono - cattivo	"[lemma=""buono"" & pos=""ADJ""][word=""o""][lemma=""cattivo"" & pos=""ADJ""]"	760959	Applicata alle tradizionali sfere della devianza criminale, al luogo di lavoro nella sua dimensione di potenziale motore del conflitto di classe, utilizzata dal mercato per omogeneizzare e guidare i comportamenti di consumo, la filosofia del controllo basata sulla collezione di informazioni personali e quindi sulla categorizzazione degli individui, è sempre stato uno strumento di potere che stabilisce la modalità del comportamento corretto classificando di volta in volta gli individui come	buoni o cattivi	lavoratori, consumatori, vicini di casa.
yes	X o Y	buona	cattiva	buono - cattivo	"[lemma=""buono"" & pos=""ADJ""][word=""o""][lemma=""cattivo"" & pos=""ADJ""]"	3062191	Che fosse magia	buona o cattiva	, nera o bianca, ormai non c'era più.
yes	X o Y	buono	cattivo	buono - cattivo	"[lemma=""buono"" & pos=""ADJ""][word=""o""][lemma=""cattivo"" & pos=""ADJ""]"	914178	Bruno a volte rientrando a casa prima di cena la trovava seduta in cucina con le bracce adagiate nel grembo lo sguardo fisso avanti a se, allora si dispiaceva per lei e uscivano insieme a passeggiare sia che il tempo fosse	buono o cattivo	, altrimenti non usciva quasi mai, per la spesa e altre faccende pensava la Vicenzina che aveva ripreso a lavorare per loro a guerra finita, era lei che accudiva a tutte le faccende di casa e anche oltre come curare la tomba di famiglia.
yes	X o Y	buone	cattive	buono - cattivo	"[lemma=""buono"" & pos=""ADJ""][word=""o""][lemma=""cattivo"" & pos=""ADJ""]"	4450308	Sotto l'influenza e i buoni uffici dell'esperienza, il repertorio delle cose categorizzate come	buone o cattive	cresce rapidamente, e cresce in modo esponenziale la capacità di scoprire altre cose
yes	X o Y	buona	cattiva	buono - cattivo	"[lemma=""buono"" & pos=""ADJ""][word=""o""][lemma=""cattivo"" & pos=""ADJ""]"	2138924	Si comportava come non valesse niente perché nessuno l'aveva mai amata abbastanza da far caso alla sua	buona o cattiva	condotta.
yes	X o Y	buono	cattivo	buono - cattivo	"[lemma=""buono"" & pos=""ADJ""][word=""o""][lemma=""cattivo"" & pos=""ADJ""]"	4336820	Per il resto, è chiaro che Internet  è solamente un servizio, uno strumento che sarà	buono o cattivo	a seconda dell'uso che ne verrà fatto > e che  a parità di condizioni, una persona capace di usarlo rende di più >.
yes	X o Y	buone	cattive	buono - cattivo	"[lemma=""buono"" & pos=""ADJ""][word=""o""][lemma=""cattivo"" & pos=""ADJ""]"	2554057	Chiusi le tende, staccai il telefono, e guardammo questo strano cartone animato su una ragazzina che finisce in un universo parallelo abitato da bizzarre creature, metà delle quali non si capiva se fossero	buone o cattive	.
yes	X o Y	buon	cattivo	buono - cattivo	"[lemma=""buono"" & pos=""ADJ""][word=""o""][lemma=""cattivo"" & pos=""ADJ""]"	6917947	La grandezza che ci indica se qualcosa è un	buon o cattivo	conduttore si chiama proprio resistenza (un nome sicuramente appropriato), e si misura in Ohm (?
yes	X o Y	buona	cattiva	buono - cattivo	"[lemma=""buono"" & pos=""ADJ""][word=""o""][lemma=""cattivo"" & pos=""ADJ""]"	4480902	Al meglio esso fu sostenuto dagli interessi acquisiti di un ampio settore della nobiltà, e ricevette o meno il consenso della maggioranza della popolazione a seconda di quanto	buona o cattiva	fosse la capacità di governare dimostrata dai viceré che si succedettero.L' impero spagnolo non fu mai capace di generare quel sentimento di venerazione che era stato una caratteristica così sorprendente dell'impero romano anche quando esso non era più ormai altro che un ricordo.
yes	X o Y	buone	cattive	buono - cattivo	"[lemma=""buono"" & pos=""ADJ""][word=""o""][lemma=""cattivo"" & pos=""ADJ""]"	2208554	La bambina non sapeva se quelle creature fossero	buone o cattive	(e naturalmente non lo sapeva neanche Tengo).
yes	X o Y	buona	cattiva	buono - cattivo	"[lemma=""buono"" & pos=""ADJ""][word=""o""][lemma=""cattivo"" & pos=""ADJ""]"	764600	Di che volete che noi ci affliggiamo, quando non fosse per la sorte riserbata al generoso che, opportunamente o inopportunamente, con	buona o cattiva	tattica, ha dato se stesso in olocausto alla causa dell'uguaglianza e della libertà?
yes	X o Y	buono	cattivo	buono - cattivo	"[lemma=""buono"" & pos=""ADJ""][word=""o""][lemma=""cattivo"" & pos=""ADJ""]"	2091257	Se esistesse un solo uomo sulla terra, sarebbe	buono o cattivo	?
yes	X o Y	buone	cattive	buono - cattivo	"[lemma=""buono"" & pos=""ADJ""][word=""o""][lemma=""cattivo"" & pos=""ADJ""]"	1624698	Potrei pensare qui su due piedi ad almeno sei o sette spiegazioni alternative per queste sparizioni, tutte più o meno	buone o cattive	, ma comunque sempre più fondate dello scenario che hai cercato di descrivere.
yes	X o Y	buono	cattivo	buono - cattivo	"[lemma=""buono"" & pos=""ADJ""][word=""o""][lemma=""cattivo"" & pos=""ADJ""]"	385068	Pertanto fin dai suoi primi passi l'analisi dei dati genetici ha sempre richiesto l'applicazione di metodi statistici che permettessero di valutare il	buono o cattivo	accordo tra i dati sperimentali raccolti e quelli attesi in base all'ipotesi che si vuole sottoporre a verifica.
yes	X o Y	buona	cattiva	buono - cattivo	"[lemma=""buono"" & pos=""ADJ""][word=""o""][lemma=""cattivo"" & pos=""ADJ""]"	1681648	Di fatto sono solo esercizi di	buona o cattiva	volontà, normalmente falliti, per cercare di imparare a loro volta.
yes	X o Y	buoni	cattivi	buono - cattivo	"[lemma=""buono"" & pos=""ADJ""][word=""o""][lemma=""cattivo"" & pos=""ADJ""]"	352962	Il metodo classico è quello dell'eliminazione dei vari mostri (	buoni o cattivi	che siano) che popolano il mondo del MUD.
yes	X o Y	buono	cattivo	buono - cattivo	"[lemma=""buono"" & pos=""ADJ""][word=""o""][lemma=""cattivo"" & pos=""ADJ""]"	4330456	La domanda che allora ci si può porre è se l'ozono è	buono o cattivo	, se lo vogliamo o no.
yes	X o Y	buono	cattivo	buono - cattivo	"[lemma=""buono"" & pos=""ADJ""][word=""o""][lemma=""cattivo"" & pos=""ADJ""]"	6666708	Il titolo deve comunicare al pubblico il senso della storia che sta per leggere, non descrivere il personaggio - tragico o comico,	buono o cattivo	che sia - di cui ti servi per trasmettere il tuo messaggio» rispose Myron.
yes	X o Y	buone	cattive	buono - cattivo	"[lemma=""buono"" & pos=""ADJ""][word=""o""][lemma=""cattivo"" & pos=""ADJ""]"	4424456	Tutti gli «affetti attivi» sono necessariamente buoni; le «passioni» possono essere	buone o cattive	.
yes	X o Y	buono	cattivo	buono - cattivo	"[lemma=""buono"" & pos=""ADJ""][word=""o""][lemma=""cattivo"" & pos=""ADJ""]"	3706974	E quando un uomo è in pace con gli dei e gli antenati, dipende dalla forza del suo braccio se il raccolto è	buono o cattivo	.
yes	X o Y	buona	cattiva	buono - cattivo	"[lemma=""buono"" & pos=""ADJ""][word=""o""][lemma=""cattivo"" & pos=""ADJ""]"	5820535	Mentre la candidatura di Di Pietro non è un avvenimento mondano da trattare in chiave di	buona o cattiva	educazione pubblica: per questo risultano francamente sconfortanti le ricostruzioni che cominciano a circolare, dalla proposta gentilmente formulata da Arlacchi all'atteggiamento pronubo di Prodi, in un clima buonista in cui nell'Ulivo si parla dell'impegno politico dell'ex pm come di un servizio alla collettività, e Di Pietro parla in modo ispirato della propria volontà di rafforzare l'ala moderata dello schieramento.
yes	X o Y	buone	cattive	buono - cattivo	"[lemma=""buono"" & pos=""ADJ""][word=""o""][lemma=""cattivo"" & pos=""ADJ""]"	1283197	Persino le persone che da parte mia consideravo complicate, enigmatiche, trincerate dietro un'apparenza impeccabile o ben camuffate da modi incantevoli, lei sapeva sempre stabilire subito se erano	buone o cattive	: malvagie, ingenue, generose, chiuse.
yes	X o Y	buona	cattiva	buono - cattivo	"[lemma=""buono"" & pos=""ADJ""][word=""o""][lemma=""cattivo"" & pos=""ADJ""]"	6002896	Evito qualsiasi giudizio di valore, se è	buona o cattiva	(forse più cattiva).
yes	X o Y	buoni	cattivi	buono - cattivo	"[lemma=""buono"" & pos=""ADJ""][word=""o""][lemma=""cattivo"" & pos=""ADJ""]"	6251153	Mentre i Fobici hanno una visione manichea, per loro esistono solo	buoni o cattivi	odori, profumi o puzze.
yes	X o Y	buono	cattivo	buono - cattivo	"[lemma=""buono"" & pos=""ADJ""][word=""o""][lemma=""cattivo"" & pos=""ADJ""]"	3283990	Dalle sottili tramezze di bambù giungevano a loro i rumori di tutta la gente che passava per le camere accanto Ascoltavano uomini che godevano con donne o con altri uomini, uomini che litigavano con donne o altri uomini, uomini che urlavano a se stessi, che biascicavano nel sonno, che uggiolavano cose incomprensibili mentre compivano azioni incompresibili; con i suoni veniva a loro ogni sorta di odore	buono o cattivo	.
yes	X o Y	buone	cattive	buono - cattivo	"[lemma=""buono"" & pos=""ADJ""][word=""o""][lemma=""cattivo"" & pos=""ADJ""]"	5467996	Ciò dimostra che le pratiche ascetiche non sono	buone o cattive	in sè ma possono portare al delitto sistematico: anche con la mistica si possono creare sodalizi infami e la comunicazione rapida via Internet può favorire l'aggregazione.
yes	X o Y	buono	cattivo	buono - cattivo	"[lemma=""buono"" & pos=""ADJ""][word=""o""][lemma=""cattivo"" & pos=""ADJ""]"	4450310	Il cervello estende a tale entità il trattamento speciale semplicemente perché essa si trova vicina a una che di sicuro è importante; si potrebbe parlare di gloria (se la nuova entità è vicina a una cosa buona) o di colpa (se è vicina a una cosa cattiva) riflessa: la luce che avvolge un elemento genuinamente importante (	buono o cattivo	) illuminerà anche i suoi vicini.
yes	X o Y	cattivi	buoni	buono - cattivo	"[lemma=""cattivo"" & pos=""ADJ""][word=""o""][lemma=""buono"" & pos=""ADJ""]"	4451437	Le reti prefrontali si affinerebbero, quanto al rapporto tra negatività e positività proprio di ogni mazzo, sulla base della frequenza di stati somatici	cattivi o buoni	"provati "" dopo "" la punizione o la ricompensa."
yes	X o Y	buona	cattiva	buono - cattivo	"[lemma=""buono"" & pos=""ADJ""][word=""o""][lemma=""cattivo"" & pos=""ADJ""]"	1120134	Apparentemente in un'azione	buona o cattiva	non c'è un nesso tra un gesto di per sé innocuo, quale uno sguardo o un sorriso, e l'esito finale dell'azione stessa.
yes	X o Y	buoni	cattivi	buono - cattivo	"[lemma=""buono"" & pos=""ADJ""][word=""o""][lemma=""cattivo"" & pos=""ADJ""]"	1832019	Se è così pervaso dall'idea un po' cialtrona di dividere tutti nella categoria dei vincenti e dei perdenti, facendo valere anche gli euro spesi o risparmiati per affittare il lettino da spiaggia, allora non solo non c'è da rallegrarsi ma c'è anche da combatterlo questo stile vagamente classista, indigeribile almeno quanto i famosi salotti di sinistra, che dividono tutti in	buoni o cattivi	».
yes	X o Y	buoni	cattivi	buono - cattivo	"[lemma=""buono"" & pos=""ADJ""][word=""o""][lemma=""cattivo"" & pos=""ADJ""]"	422941	Però è arduo rispettare questo caveatperché i modelli (	buoni o cattivi	) costituiscono proprio il modo avanzato in cui la nostra mente comprende la realtà.
yes	X o Y	buona	cattiva	buono - cattivo	"[lemma=""buono"" & pos=""ADJ""][word=""o""][lemma=""cattivo"" & pos=""ADJ""]"	7121847	Il loro errore, che siano in	buona o cattiva	fede, è scambiare una tecnologia che nasce per l'approssimarsi alla ricerca della verità forse mai attingibile - ricordiamo che il web nasce nell'ambito della comunità dei fisici delle particelle sub - atomiche del Cern - con la causa di fenomeni sociali imponenti e che possono mettere a rischio la democrazia e che non trovano certo nella tecnologia di Berners Lee la loro origine.
yes	X o Y	buone	cattive	buono - cattivo	"[lemma=""buono"" & pos=""ADJ""][word=""o""][lemma=""cattivo"" & pos=""ADJ""]"	4085705	"Così viene descritto l'apparire di Cayo Romano oltre le murate del "" Pilar "", nelle pagine di "" Isole nella corrente "": «Avevano passato così tanto tempo davanti alle coste di quell'isola, lunga, strana, piena di guano, ne conoscevano una parte così bene e tante volte vi si erano addentrati, guidati dai suoi punti di riferimento, in circostanze"	buone o cattive	, che per lui [Hudson] era sempre una grande emozione avvistarla o perderla di vista.
yes	X o Y	buona	cattiva	buono - cattivo	"[lemma=""buono"" & pos=""ADJ""][word=""o""][lemma=""cattivo"" & pos=""ADJ""]"	3957965	» La cucina,	buona o cattiva	, era il male minore.
yes	X o Y	buono	cattivo	buono - cattivo	"[lemma=""buono"" & pos=""ADJ""][word=""o""][lemma=""cattivo"" & pos=""ADJ""]"	5649303	Se accade qualcosa di	buono o cattivo	per un'azienda, tutto il mondo lo viene a sapere.
yes	X o Y	buone	cattive	buono - cattivo	"[lemma=""buono"" & pos=""ADJ""][word=""o""][lemma=""cattivo"" & pos=""ADJ""]"	4588366	- Se il re di Monomotapa possedeva qualità	buone o cattive	, una qualche imperfezione fisica, un difetto, un vizio o una virtù, i suoi compagni e la sua servitù si preoccupavano di imitarlo.
yes	X o Y	buono	cattivo	buono - cattivo	"[lemma=""buono"" & pos=""ADJ""][word=""o""][lemma=""cattivo"" & pos=""ADJ""]"	3283794	Disse che lui non sapeva se questo era	buono o cattivo	, ma sapeva solo che era il modo naturale in cui andavano le cose.
yes	X o Y	buone	cattive	buono - cattivo	"[lemma=""buono"" & pos=""ADJ""][word=""o""][lemma=""cattivo"" & pos=""ADJ""]"	84771	Ha però importanza se ci comanda cose	buone o cattive	perché delle nostre azioni risponderemo noi davanti a Dio.
yes	X o Y	buona	cattiva	buono - cattivo	"[lemma=""buono"" & pos=""ADJ""][word=""o""][lemma=""cattivo"" & pos=""ADJ""]"	1593667	Un preludio a qualcosa, ma prima che capisca cosa farne del mio disorientato prestigiatore, mi serve qualche istante per riflettere su Katya e i film, dato che non so ancora stabilire se sia una cosa	buona o cattiva	.
yes	X o Y	buono	cattivo	buono - cattivo	"[lemma=""buono"" & pos=""ADJ""][word=""o""][lemma=""cattivo"" & pos=""ADJ""]"	2118116	Per quanto grande fosse lo sforzo di interpretare il succedersi di tutti quegli eventi, il giovane non riusciva a comprendere se il boemo fosse stato un uomo	buono o cattivo	.
yes	X o Y	buona	cattiva	buono - cattivo	"[lemma=""buono"" & pos=""ADJ""][word=""o""][lemma=""cattivo"" & pos=""ADJ""]"	2429980	C'era chi telefonava, chi parlava con sconosciuti, senza distinzione tra le religioni, nessuno giudicava se la notizia fosse	buona o cattiva	, una sola cosa importava: il Papa era argentino.
yes	X o Y	buoni	cattivi	buono - cattivo	"[lemma=""buono"" & pos=""ADJ""][word=""o""][lemma=""cattivo"" & pos=""ADJ""]"	3598917	Alla lunga, non aveva importanza se si era stati	buoni o cattivi	.
yes	X o Y	buone	cattive	buono - cattivo	"[lemma=""buono"" & pos=""ADJ""][word=""o""][lemma=""cattivo"" & pos=""ADJ""]"	29751	Quando un giocatore, gettando i dadi, fa un numero doppio (con entrambi i dadi lo stesso numero) procede col segnalino come di solito, e sopporta le conseguenze	buone o cattive	inerenti al terreno su cui è arrivato, ma deve tirare una seconda volta e spostare di nuovo il segnalino in rapporto al numero fatto.
yes	X o Y	buono	cattivo	buono - cattivo	"[lemma=""buono"" & pos=""ADJ""][word=""o""][lemma=""cattivo"" & pos=""ADJ""]"	84769	Non ha nessuna importanza se chi comanda è personalmente	buono o cattivo	.
yes	X o Y	buon	cattivo	buono - cattivo	"[lemma=""buono"" & pos=""ADJ""][word=""o""][lemma=""cattivo"" & pos=""ADJ""]"	2997363	Lo aveva chiesto a Martino, e Martino: Pronostico, auspicio,	buon o cattivo	augurio.
yes	X o Y	buone	cattive	buono - cattivo	"[lemma=""buono"" & pos=""ADJ""][word=""o""][lemma=""cattivo"" & pos=""ADJ""]"	2615371	Siamo abituati a sentir parlare di annate	buone o cattive	per il vino, per esempio, dove le stesse uve, coltivate nello stesso modo danno risultati differenti a seconda che l Â annata sia piovosa o secca o che la vigna sia più o meno esposta a sole, venti e piogge.
yes	X o Y	buono	cattivo	buono - cattivo	"[lemma=""buono"" & pos=""ADJ""][word=""o""][lemma=""cattivo"" & pos=""ADJ""]"	763402	La concatenazione di vite sotto forme diverse è determinata dal karma,	buono o cattivo	, formatosi in precedenza.
yes	X o Y	buona	cattiva	buono - cattivo	"[lemma=""buono"" & pos=""ADJ""][word=""o""][lemma=""cattivo"" & pos=""ADJ""]"	6907241	Perché se nulla si può fare per cambiare la -	buona o cattiva	- sorte, la prevenzione è invece nelle mani di ognuno di noi.
yes	X o Y	buono	cattivo	buono - cattivo	"[lemma=""buono"" & pos=""ADJ""][word=""o""][lemma=""cattivo"" & pos=""ADJ""]"	416190	Per qualsiasi portato della tecnica il giudizio di valore intellettuale morale non va espresso sull'apparecchio in sé ma sull'uso,	buono o cattivo	, che ne viene fatto.
yes	X o Y	buona	cattiva	buono - cattivo	"[lemma=""buono"" & pos=""ADJ""][word=""o""][lemma=""cattivo"" & pos=""ADJ""]"	5426779	"Comunque, Pio XII doveva vedersela col comunismo di Stalin e, in Italia, quello del "" triangolo della morte "", il comunismo della "" guerra fredda "" che talvolta e in varie parti del mondo si tramutava in calda: che è - sia detto fra parentesi - il comunismo a cui tanti italiani sembrano ancora pensare, ma che, con"	buona o cattiva	pace di costoro, non è certo più quello con cui deve vedersela il Cardinale Martini.
yes	X o Y	buono	cattivo	buono - cattivo	"[lemma=""buono"" & pos=""ADJ""][word=""o""][lemma=""cattivo"" & pos=""ADJ""]"	3728025	""" Egli non disse a Mosè se era"	buono o cattivo	.
yes	X o Y	buona	cattiva	buono - cattivo	"[lemma=""buono"" & pos=""ADJ""][word=""o""][lemma=""cattivo"" & pos=""ADJ""]"	4333300	Lo stesso giudizio su ciò che è utile, è relativo: la scienza diventa utile o dannosa,	buona o cattiva	a seconda dell'uso che se ne fa.
yes	X o Y	buona	cattiva	buono - cattivo	"[lemma=""buono"" & pos=""ADJ""][word=""o""][lemma=""cattivo"" & pos=""ADJ""]"	5525245	Non dico se	buona o cattiva	", comunque sono un'altra razza ""."
yes	X o Y	buono	cattivo	buono - cattivo	"[lemma=""buono"" & pos=""ADJ""][word=""o""][lemma=""cattivo"" & pos=""ADJ""]"	4045979	Da ciò che non si vede, che sia	buono o cattivo	, è impossibile liberarsi.
yes	X o Y	buono	cattivo	buono - cattivo	"[lemma=""buono"" & pos=""ADJ""][word=""o""][lemma=""cattivo"" & pos=""ADJ""]"	6202253	Eppure, ogni persona che pretende di essere informata non può non sapere (e non dire) che - negli Stati Uniti - tutte le cause, sia quella ignobile della National Rifle Association e dei costruttori di armi, sia quella nobile dell'Unicef, sono sostenute da agenzie di pubbliche relazioni il cui scopo è esclusivamente tecnico: divulgare il messaggio,	buono o cattivo	, del cliente.
yes	X o Y	buona	cattiva	buono - cattivo	"[lemma=""buono"" & pos=""ADJ""][word=""o""][lemma=""cattivo"" & pos=""ADJ""]"	478727	Giacché posti due più due, non dipende dalla mia	buona o cattiva	volontà, dal mio sapere o dalla mia ignoranza, dalla mia forza o dalla mia abilità, che il risultato sia diverso da quattro.
yes	X o Y	buona	cattiva	buono - cattivo	"[lemma=""buono"" & pos=""ADJ""][word=""o""][lemma=""cattivo"" & pos=""ADJ""]"	4947505	L'impossibilità, per chi sia immerso in Facoltà particolarmente esigenti, di sperimentare con pienezza la realtà circostante:	buona o cattiva	che essa sia, le attese altrui come i propri bisogni e desideri.
yes	X o Y	buona	cattiva	buono - cattivo	"[lemma=""buono"" & pos=""ADJ""][word=""o""][lemma=""cattivo"" & pos=""ADJ""]"	2092890	Non era facile per uno che aveva preso una strada Â	buona o cattiva	che fosse Â cambiare tutto rischiando la vita.
yes	X o Y	buona	cattiva	buono - cattivo	"[lemma=""buono"" & pos=""ADJ""][word=""o""][lemma=""cattivo"" & pos=""ADJ""]"	421843	Comunque, serve a poco concionare se Internet, il web, Usenet o altro sia cosa	buona o cattiva	, reale o virtuale, migliorativa o peggiorativa.
yes	X o Y	buone	cattive	buono - cattivo	"[lemma=""buono"" & pos=""ADJ""][word=""o""][lemma=""cattivo"" & pos=""ADJ""]"	2999296	Come un feto privo di lineamenti precisi, all'inizio chiude in sé una miniera di ipotesi: tiene in serbo una miriade di sorprese	buone o cattive	.
yes	X o Y	buona	cattiva	buono - cattivo	"[lemma=""buono"" & pos=""ADJ""][word=""o""][lemma=""cattivo"" & pos=""ADJ""]"	4112095	Non rinnegare mai nulla e nessuno, perché ogni cosa serve,	buona o cattiva	che sia, in questo mondo!
yes	X o Y	buoni	cattivi	buono - cattivo	"[lemma=""buono"" & pos=""ADJ""][word=""o""][lemma=""cattivo"" & pos=""ADJ""]"	1425174	Ed io non faccio che descrivere questi conflitti, senza catalogarli come	buoni o cattivi	».
yes	X o Y	buono	cattivo	buono - cattivo	"[lemma=""buono"" & pos=""ADJ""][word=""o""][lemma=""cattivo"" & pos=""ADJ""]"	328975	William Scherlis, uno degli autori dello studio, ha voluto specificare che l'intenzione non era quella di definire se Internet è uno strumento socialmente	buono o cattivo	, ma piuttosto di evidenziare come sia un fenomeno complesso e multiforme in continua evoluzione.
yes	X o Y	buono	cattivo	buono - cattivo	"[lemma=""buono"" & pos=""ADJ""][word=""o""][lemma=""cattivo"" & pos=""ADJ""]"	443343	[1758] L'oggetto scelto specifica moralmente l'atto del volere, in quanto la ragione lo riconosce e lo giudica	buono o cattivo	.
yes	X o Y	buona	cattiva	buono - cattivo	"[lemma=""buono"" & pos=""ADJ""][word=""o""][lemma=""cattivo"" & pos=""ADJ""]"	1815457	Ho anzi sempre pensato (e continuo a farlo) che la letteratura è	buona o cattiva	, e che le distinzioni di genere (anche sessuale) sono inutili, quando non fuorvianti.
yes	X o Y	buona	cattiva	buono - cattivo	"[lemma=""buono"" & pos=""ADJ""][word=""o""][lemma=""cattivo"" & pos=""ADJ""]"	5635027	Non sono più gli scopi perseguiti, ma le regole osservate che rendono l'azione	buona o cattiva	>.
yes	X o Y	buono	cattivo	buono - cattivo	"[lemma=""buono"" & pos=""ADJ""][word=""o""][lemma=""cattivo"" & pos=""ADJ""]"	6227057	Prendiamo atto che tutto questo è passato,	buono o cattivo	, realistico o utopico che fosse.
yes	X o Y	buona	cattiva	buono - cattivo	"[lemma=""buono"" & pos=""ADJ""][word=""o""][lemma=""cattivo"" & pos=""ADJ""]"	5483318	La scienza è somma di conoscenze; non può quindi essere	buona o cattiva	.
yes	X o Y	buone	cattive	buono - cattivo	"[lemma=""buono"" & pos=""ADJ""][word=""o""][lemma=""cattivo"" & pos=""ADJ""]"	1335664	Dobbiamo smetterla di fingere di credere che la ricerca sia neutrale e che solo le sue applicazioni possano essere qualificate come	buone o cattive	.
yes	X o Y	buoni	cattivi	buono - cattivo	"[lemma=""buono"" & pos=""ADJ""][word=""o""][lemma=""cattivo"" & pos=""ADJ""]"	1123647	È la cultura del malocchio che ci può colpire e che va respinto con un'appropriata fattura confezionata da maghi e stregoni che hanno il potere di evocare e sconfiggere lo spirito di defunti, demoni, folletti	buoni o cattivi	.
yes	X o Y	buona	cattiva	buono - cattivo	"[lemma=""buono"" & pos=""ADJ""][word=""o""][lemma=""cattivo"" & pos=""ADJ""]"	2701031	Ora per i media è più difficile tenere sotto controllo errori, disinformazione (in	buona o cattiva	fede), manipolazione (sia politica che giornalistica), copia e incolla.
yes	X o Y	buona	cattiva	buono - cattivo	"[lemma=""buono"" & pos=""ADJ""][word=""o""][lemma=""cattivo"" & pos=""ADJ""]"	391932	Insomma Internet sarà ciò che noi avremo deciso che sia:	buona o cattiva	, facilitante o complicatoria, includente o escludente.
yes	X o Y	buona	cattiva	buono - cattivo	"[lemma=""buono"" & pos=""ADJ""][word=""o""][lemma=""cattivo"" & pos=""ADJ""]"	1809948	Ma la realtà resta là fuori:	buona o cattiva	, bella o brutta.
yes	X o Y	buona	cattiva	buono - cattivo	"[lemma=""buono"" & pos=""ADJ""][word=""o""][lemma=""cattivo"" & pos=""ADJ""]"	1698695	Ma una volta fatta, quella cosa,	buona o cattiva	che sia, diventa patrimonio dell'umanità.
yes	X o Y	buono	cattivo	buono - cattivo	"[lemma=""buono"" & pos=""ADJ""][word=""o""][lemma=""cattivo"" & pos=""ADJ""]"	793191	Il famoso generale turco dell'800 Omar Pascià fu mutato in Mar Pascià nome uguale ad uno stabilimento balneare di Riccione... il Presidente cinese Mao diventò Ma come una qualunque avversativa, e, fosse	buono o cattivo	il suo pensiero, nonostante non cattolico, andò a farsi benedire.
yes	X o Y	buona	cattiva	buono - cattivo	"[lemma=""buono"" & pos=""ADJ""][word=""o""][lemma=""cattivo"" & pos=""ADJ""]"	444113	1723 1807 [2006] Il termine merito> > indica, in generale, la retribuzione dovuta da una comunità o da una società per l'azione di uno dei suoi membri riconosciuta come	buona o cattiva	, meritevole di ricompensa o di punizione.
yes	X o Y	buono	cattivo	buono - cattivo	"[lemma=""buono"" & pos=""ADJ""][word=""o""][lemma=""cattivo"" & pos=""ADJ""]"	5254487	Non possiamo che beneficiare dell'esame delle nostre assunzioni, di ciò che è	buono o cattivo	nel nostro approccio alla vita, di modi di vivere migliori.
yes	X o Y	buona	cattiva	buono - cattivo	"[lemma=""buono"" & pos=""ADJ""][word=""o""][lemma=""cattivo"" & pos=""ADJ""]"	3933284	Oppure, nonostante tutto, si rivolge a una persona ben definita, alla stessa, misteriosa persona che può essere indifferentemente	buona o cattiva	, senza che l'intensità del nostro sentimento dipenda in alcun modo dalle sue azioni e dalle sue qualità?
yes	X o Y	buono	cattivo	buono - cattivo	"[lemma=""buono"" & pos=""ADJ""][word=""o""][lemma=""cattivo"" & pos=""ADJ""]"	2504330	Il Zamberletti era bianco o nero,	buono o cattivo	.
yes	X o Y	buona	cattiva	buono - cattivo	"[lemma=""buono"" & pos=""ADJ""][word=""o""][lemma=""cattivo"" & pos=""ADJ""]"	416958	E', nello stesso tempo: un compendio telegrafico ma puntuale di storia della televisione italiana; l'evocazione di un fascino, quello appunto delle immagini in movimento, che la tv ha ereditato dal cinema; un reportage sul prossimo futuro della comunicazione telematica e delle sue tecnologie multimediali; infine un repertorio elettivo dei programmi e dei personaggi che dal 1952 all'altro ieri hanno fatto	buona o cattiva	compagnia a diverse generazioni di italiani.
yes	X o Y	buoni	cattivi	buono - cattivo	"[lemma=""buono"" & pos=""ADJ""][word=""o""][lemma=""cattivo"" & pos=""ADJ""]"	2760616	Ma andiamo con ordine: la religione cristiana a differenza dell'ebraismo che la precede e dell'islamismo che la segue non considera gli alimenti	buoni o cattivi	in sè.
yes	X o Y	buona	cattiva	buono - cattivo	"[lemma=""buono"" & pos=""ADJ""][word=""o""][lemma=""cattivo"" & pos=""ADJ""]"	2837158	Lo scricchiolio delle alte ruote di legno nseguiva il lamento delle assi del carretto, che ciondolavano come ubriachi ad ogni passo dei paciosi bovi mentre scendevano la collina oramai stretta dalla bambagia gelida, poi subito dopo un buio impenetrabile ingoiò ogni cosa:	buona o cattiva	che fosse.
yes	X o Y	buoni	cattivi	buono - cattivo	"[lemma=""buono"" & pos=""ADJ""][word=""o""][lemma=""cattivo"" & pos=""ADJ""]"	7116173	Dunque, anche i prodotti più innovativi non sono	buoni o cattivi	"in sé, ma nel loro uso concreto nella vita reale; e "" la tecnologia va allineata agli obiettivi di mobilità sostenibile ""."
yes	X o Y	buono	cattivo	buono - cattivo	"[lemma=""buono"" & pos=""ADJ""][word=""o""][lemma=""cattivo"" & pos=""ADJ""]"	5701581	"Punto, questo, che lo avvicina ad Olimpia Gambino, ex vicerettore: "" Si può sempre migliorare, ma non è questo il punto: è un discorso irrilevante, ai fini del funzionamento"	buono o cattivo	dell'università.
yes	X o Y	buona	cattiva	buono - cattivo	"[lemma=""buono"" & pos=""ADJ""][word=""o""][lemma=""cattivo"" & pos=""ADJ""]"	6889104	Accade invece con una certa frequenza di non trovare alcuna altra informazione se non il nome del traduttore (a volte manca addirittura quello), oppure che venga indicata un'edizione originale che non è quella utilizzata dal traduttore, oppure che si espliciti sì una lingua, ma dichiarando il falso (in	buona o cattiva	fede).
yes	X o Y	buone	cattive	buono - cattivo	"[lemma=""buono"" & pos=""ADJ""][word=""o""][lemma=""cattivo"" & pos=""ADJ""]"	445899	Fa parte dell'esperienza quotidiana del combattimento spirituale: Per l'Apostolo non si tratta di discriminare e di condannare il corpo, che con l'anima spirituale costituisce la natura dell'uomo e la sua soggettività personale; egli si occupa invece delle opere, o meglio delle stabili disposizioni - virtù e vizi - moralmente	buone o cattive	, che sono frutto di sottomissione (nel primo caso) oppure di resistenza (nel secondo) all'azione salvifica dello Spirito Santo.
yes	X o Y	buona	cattiva	buono - cattivo	"[lemma=""buono"" & pos=""ADJ""][word=""o""][lemma=""cattivo"" & pos=""ADJ""]"	2091249	La leonessa che uccide i cuccioli di zebra per sfamare i propri cuccioli è	buona o cattiva	?
yes	X o Y	buoni	cattivi	buono - cattivo	"[lemma=""buono"" & pos=""ADJ""][word=""o""][lemma=""cattivo"" & pos=""ADJ""]"	6260723	"gli "" spiriti "" possono essere"	buoni o cattivi	, innocenti o mascalzoni, beneducati o intemperanti.
yes	X o Y	buoni	cattivi	buono - cattivo	"[lemma=""buono"" & pos=""ADJ""][word=""o""][lemma=""cattivo"" & pos=""ADJ""]"	2616166	Questo è un punto importante da comprendere perché spesso, anche nei fumetti, l Â apparizione di mutanti,	buoni o cattivi	, è vista come una reazione della natura stessa, che si oppone all Â azione dell Â uomo.
yes	X o Y	buoni	cattivi	buono - cattivo	"[lemma=""buono"" & pos=""ADJ""][word=""o""][lemma=""cattivo"" & pos=""ADJ""]"	201593	Ma se non si può decidere quello che si è e quello che si fa, tuttavia, si è di fatto	buoni o cattivi	, cioè si agisce secondo virtù o secondo passione; allora è questo che può essere valutato moralmente.
yes	X o Y	cattiva	buona	buono - cattivo	"[lemma=""cattivo"" & pos=""ADJ""][word=""o""][lemma=""buono"" & pos=""ADJ""]"	2591731	Tanto per dire che,	cattiva o buona	che mia madre fosse, cei care m - au facut au fost asimetrici, come dice bene una grande poeta romena morta giusto il 15 aprile scorso: insomma, nel rapporto fra i due che hanno concorso a farmi vigeva una bella asimmetria.
yes	X o Y	cattiva	buona	buono - cattivo	"[lemma=""cattivo"" & pos=""ADJ""][word=""o""][lemma=""buono"" & pos=""ADJ""]"	661582	"Tenere un'azione vuol dire "" temere e tremare "" - ma anche godere e gioire - a ogni notizia"	cattiva o buona	sui risultati dell'impresa: risultati che sono veicolati nei bilanci e negli altri documenti dell'informativa aziendale.
yes	X o Y	buona	cattiva	buono - cattivo	"[lemma=""buono"" & pos=""ADJ""][word=""o""][lemma=""cattivo"" & pos=""ADJ""]"	2999373	Nessuna rivoluzione (	buona o cattiva	che fosse) è mai avvenuta al di fuori degli scrittori.
yes	o X o Y	buona	cattiva	buono - cattivo	"[word=""o""][lemma=""buono"" & pos=""ADJ""][word=""o""][lemma=""cattivo"" & pos=""ADJ""]"	2599213	Un tempo la reputazione era soltanto	o buona o cattiva	, e quando si rischiava una cattiva reputazione (perché si faceva fallimento, o perché ci dicevano cornuto) si arrivava a riscattarla col suicidio o col delitto d'onore.
yes	sia X che Y	buone	cattive	buono - cattivo	"[word=""sia""][lemma=""buono"" & pos=""ADJ""][word=""che""][lemma=""cattivo"" & pos=""ADJ""]"	4036913	Tanto l'una che l'altra cosa erano, adesso, per lui	sia buone che cattive	.
yes	sia X che Y	buoni	cattivi	buono - cattivo	"[word=""sia""][lemma=""buono"" & pos=""ADJ""][word=""che""][lemma=""cattivo"" & pos=""ADJ""]"	3385639	"Mentre gli europei hanno fantasmi e giganti, folletti, "" trolls "" e "" poltergeists "" per spiegare episodi inaspettati o la cattiva sorte, le culture asiatiche hanno tutta una serie di esseri sovrannaturali come l' "" oni "" giapponese (orco cattivo), il "" tokkaebi "" coreano (spiritello maligno) insieme a un vasto numero di fantasmi, demoni, dei e spiriti"	sia buoni che cattivi	.
yes	tra X e Y	buono	cattivo	buono - cattivo	"[word=""tra""][lemma=""buono"" & pos=""ADJ""][word=""e""][lemma=""cattivo"" & pos=""ADJ""]"	2687899	Erano i valori individuali, o quelli del cittadino, che consentivano la distinzione	tra buono e cattivo	.
yes	tra X e Y	buoni	cattivi	buono - cattivo	"[word=""tra""][lemma=""buono"" & pos=""ADJ""][word=""e""][lemma=""cattivo"" & pos=""ADJ""]"	5213131	L'evoluzione del lavoro ha comportato l'attenuazione prima e la scomparsa poi della netta contrapposizione	tra buoni e cattivi	", fra parte buona di Matteo e parte cattiva, fra "" sole buono e sole cattivo ""."
yes	tra X e Y	buoni	cattivi	buono - cattivo	"[word=""tra""][lemma=""buono"" & pos=""ADJ""][word=""e""][lemma=""cattivo"" & pos=""ADJ""]"	2709621	"Il direttore della sede Rai campana Francesco Pinto ha un'opinione controcorrente: "" L'Archivio è un patrimonio della Rai, una cosa moderna che non distingue"	tra buoni e cattivi	, alto e basso, Ha tutto, senza liste.
yes	tra X e Y	buoni	cattivi	buono - cattivo	"[word=""tra""][lemma=""buono"" & pos=""ADJ""][word=""e""][lemma=""cattivo"" & pos=""ADJ""]"	3276928	Questo non è uno scontro morale	tra buoni e cattivi	, brigadiere disse.
yes	tra X e Y	buoni	cattivi	buono - cattivo	"[word=""tra""][lemma=""buono"" & pos=""ADJ""][word=""e""][lemma=""cattivo"" & pos=""ADJ""]"	6039131	""" La manifestazione di protesta è stata strumentalizzata da An - sostiene Domenico Volpe sindaco di Bellizzi - è assurdo che qualcuno come è accaduto domenica mattina possa stabilire chi possa manifestare oppure no per la chiusura dello sversatoio a secondo dei colori politici e come se si scegliesse"	tra buoni e cattivi	.
yes	tra X e Y	buoni	cattivi	buono - cattivo	"[word=""tra""][lemma=""buono"" & pos=""ADJ""][word=""e""][lemma=""cattivo"" & pos=""ADJ""]"	2325476	In piazza c'è il segretario della Cgil Alessio Gramolati, il professor Massimo Livi Bacci, c'è il presidente della Regione Enrico Rossi: «Questa manifestazione non ha colore politico e non distingue	tra buoni e cattivi	.
yes	tra X e Y	buoni	cattivi	buono - cattivo	"[word=""tra""][lemma=""buono"" & pos=""ADJ""][word=""e""][lemma=""cattivo"" & pos=""ADJ""]"	2899089	Loro appunto gli americani hanno questo buon rapporto invece tra bene e male e	tra buoni e cattivi	e il mondo che pare divenga da più cattivo a sempre più buono per merito appunto del buon americano.
yes	tra X e Y	buoni	cattivi	buono - cattivo	"[word=""tra""][lemma=""buono"" & pos=""ADJ""][word=""e""][lemma=""cattivo"" & pos=""ADJ""]"	6096190	Ma chissà, forse sarà lo spunto per una riflessione e non solo per marcare la linea	tra buoni e cattivi	.
yes	tra X e Y	buoni	cattivi	buono - cattivo	"[word=""tra""][lemma=""buono"" & pos=""ADJ""][word=""e""][lemma=""cattivo"" & pos=""ADJ""]"	6499291	In questo gioco continuo di falsi specchi e di bambole cinesi sparisce infatti ogni senso dei valori, ogni tradizionale distinzione	tra buoni e cattivi	.
yes	tra X e Y	buoni	cattivi	buono - cattivo	"[word=""tra""][lemma=""buono"" & pos=""ADJ""][word=""e""][lemma=""cattivo"" & pos=""ADJ""]"	1873715	Strumentali come quelle al Vallanzasca di Placido Ragazzi del 77 Amor Fou: «Il nostro Dandi è archetipo dell'Italia anni 70» Se sembriamo radicali è solo perché tra i coetanei domina il disimpegno * L'idea di un mondo diviso	tra buoni e cattivi	non li convince.
yes	tra X e Y	buoni	cattivi	buono - cattivo	"[word=""tra""][lemma=""buono"" & pos=""ADJ""][word=""e""][lemma=""cattivo"" & pos=""ADJ""]"	6931668	Come pure la volontà di agire su finanziamenti diretti e indiretti (dividendo	tra buoni e cattivi	?
yes	tra X e Y	buoni	cattivi	buono - cattivo	"[word=""tra""][lemma=""buono"" & pos=""ADJ""][word=""e""][lemma=""cattivo"" & pos=""ADJ""]"	5041008	E dietro lo schermo sfila un'Italia manichea, spaccata a metà	tra buoni e cattivi	, con i grandi gruppi industriali sotto scacco, la classe politica della prima repubblica alla sbarra e una piazza giustizialista che reclama eroi e sangue.
yes	tra X e Y	buoni	cattivi	buono - cattivo	"[word=""tra""][lemma=""buono"" & pos=""ADJ""][word=""e""][lemma=""cattivo"" & pos=""ADJ""]"	5059582	E il problema è chiedersi perché una questione come quella della liberalizzazione deve diventare, ancora una volta, una volta di troppo, una conta	tra buoni e cattivi	, una guerra di religione.
yes	tra X e Y	buoni	cattivi	buono - cattivo	"[word=""tra""][lemma=""buono"" & pos=""ADJ""][word=""e""][lemma=""cattivo"" & pos=""ADJ""]"	4432713	"Del resto il mondo stesso nei quale agiscono i personaggi de'LA STRADA', come avverrà anche nel film successivo, "" IL BIDONE "" ed anche ne "" LE NOTTI DI CABIRIA', non permette alcuna distinzione tra carnefici e vittime, tra ingannatori e ingannati, tra colpevoli e innocenti, insomma"	tra buoni e cattivi	.
yes	tra X e Y	buoni	cattivi	buono - cattivo	"[word=""tra""][lemma=""buono"" & pos=""ADJ""][word=""e""][lemma=""cattivo"" & pos=""ADJ""]"	6226493	La settima partita della sua gestione, infatti, segna la fine delle pettorine come elemento di scelta: l'ultimo allenamento non sancisce più divisioni	tra buoni e cattivi	, titolari e riserve, prima e seconde scelte.
yes	tra X e Y	buoni	cattivi	buono - cattivo	"[word=""tra""][lemma=""buono"" & pos=""ADJ""][word=""e""][lemma=""cattivo"" & pos=""ADJ""]"	6074453	Qui ci sono tutti gli ingredienti che hanno fatto il successo di questo scrittore dalle vendite record: scenari geostrategici molto accurati, e una rigida divisione	tra buoni e cattivi	.
yes	tra X e Y	buona	cattiva	buono - cattivo	"[word=""tra""][lemma=""buono"" & pos=""ADJ""][word=""e""][lemma=""cattivo"" & pos=""ADJ""]"	3795356	E'anche a metà	tra buona e cattiva	.
yes	tra X e Y	buoni	cattivi	buono - cattivo	"[word=""tra""][lemma=""buono"" & pos=""ADJ""][word=""e""][lemma=""cattivo"" & pos=""ADJ""]"	6109416	Un tempo, c'era una distinzione netta	tra buoni e cattivi	, e le incertezze delle fiction trovavano certezze nella realtà.
yes	tra X e Y	buoni	cattivi	buono - cattivo	"[word=""tra""][lemma=""buono"" & pos=""ADJ""][word=""e""][lemma=""cattivo"" & pos=""ADJ""]"	5585547	Se non si bada al ribaltamento di ruoli	tra buoni e cattivi	Dungeon keeper ha tutto per piacere.
yes	tra X e Y	buona	cattiva	buono - cattivo	"[word=""tra""][lemma=""buono"" & pos=""ADJ""][word=""e""][lemma=""cattivo"" & pos=""ADJ""]"	5602711	Ne risultava piuttosto una distinzione	tra buona e cattiva	filosofia: dove questa era individuata in certe forme di relativismo e di decostruzionismo post - moderno.
yes	tra X e Y	buoni	cattivi	buono - cattivo	"[word=""tra""][lemma=""buono"" & pos=""ADJ""][word=""e""][lemma=""cattivo"" & pos=""ADJ""]"	4318553	È anzitutto lo standard qualitativo che segna il confine	tra buoni e cattivi	programmi di ricerca e dunque tra programmi da finanziare o da non finanziare.
yes	tra X e Y	buoni	cattivi	buono - cattivo	"[word=""tra""][lemma=""buono"" & pos=""ADJ""][word=""e""][lemma=""cattivo"" & pos=""ADJ""]"	621840	Perché nelle loro storie semplici c'era un mondo diviso	tra buoni e cattivi	, dove i primi non punivano i secondi, ma li sculacciavano.
yes	tra X e Y	buoni	cattivi	buono - cattivo	"[word=""tra""][lemma=""buono"" & pos=""ADJ""][word=""e""][lemma=""cattivo"" & pos=""ADJ""]"	6248531	"Ed è proprio su queste esclusioni che si leva la protesta dell'opposizione di sinistra insieme a quella delle associazioni laiche che dicono: "" Il Polo in Lombardia vuole premiare solo le famiglie tradizionali "" di fatto discriminando"	tra buoni e cattivi	.
yes	tra X e Y	buoni	cattivi	buono - cattivo	"[word=""tra""][lemma=""buono"" & pos=""ADJ""][word=""e""][lemma=""cattivo"" & pos=""ADJ""]"	6773279	Il pensiero mi fece avvampare al punto che Corrado disse: stai pensando una bella cosa, e io quasi strillai: no, ma non riuscii a sbarazzarmi di quelle visioni e continuai a fantasticare che lì, nella cucina buia, le due donne si erano raccontate chissà quante volte, minutamente, atti e parole dell'uomo che si erano divise, e che dovevano aver faticato, prima di trovare un equilibrio	tra buoni e cattivi	sentimenti.
yes	tra X e Y	buoni	cattivi	buono - cattivo	"[word=""tra""][lemma=""buono"" & pos=""ADJ""][word=""e""][lemma=""cattivo"" & pos=""ADJ""]"	2119999	La finanza ha surrogato l'obesità nel funzionare come antidoto al senso di colpa, come intercapedine tra sé e i desideri troppo personali; anche il denaro, come il cibo, non racconta che se stesso: è anonimo e non distingue	tra buoni e cattivi	.
yes	tra X e Y	buoni	cattivi	buono - cattivo	"[word=""tra""][lemma=""buono"" & pos=""ADJ""][word=""e""][lemma=""cattivo"" & pos=""ADJ""]"	2429759	Non le chiedo di fare un elenco	tra buoni e cattivi	, ma semplicemente indicarci, dopo le vostre indagini, quali secondo voi sono quelli meritevoli.
yes	tra X e Y	buoni	cattivi	buono - cattivo	"[word=""tra""][lemma=""buono"" & pos=""ADJ""][word=""e""][lemma=""cattivo"" & pos=""ADJ""]"	6968861	E pazienza se in nome della libertà propria si metta a repentaglio quella altrui e si faccia scempio della storia, ridotta ormai ad una partita	tra buoni e cattivi	, tra bene e male.
yes	X e Y	caldi	freddi	caldo - freddo	"[lemma=""caldo"" & pos=""ADJ""][word=""e""][lemma=""freddo"" & pos=""ADJ""]"	230006	Attrezzature da chef Contrasto tra i materiali	caldi e freddi	nell'ambiente cucina dove, sotto la copertura di legno a vista, è sistemata l'attrezzatura della serie Axis prodotta da Ciatti (tel. 055 7310817).
yes	X e Y	fredda	calda	caldo - freddo	"[lemma=""freddo"" & pos=""ADJ""][word=""e""][lemma=""caldo"" & pos=""ADJ""]"	61515	"L'IAA ha un laboratorio che possiede un "" eliodon "" (apparecchio che consente di simulare il percorso solare), un tunnel del vento e una camera"	fredda e calda	per misurare le proprietà termofisiche degli elementi costruttivi.
yes	X e Y	fredda	calda	caldo - freddo	"[lemma=""freddo"" & pos=""ADJ""][word=""e""][lemma=""caldo"" & pos=""ADJ""]"	6873898	Cammi un'ipotesi di lavoro ce l'ha: creare un oggetto passivo che, per purificare, sfrutti i flussi di aria	fredda e calda	presenti negli edifici.
yes	X e Y	caldi	freddi	caldo - freddo	"[lemma=""caldo"" & pos=""ADJ""][word=""e""][lemma=""freddo"" & pos=""ADJ""]"	5121735	21 dos16 sauna e bagno turco Sauna e bagno turco combinano forti stimoli	caldi e freddi	per sollecitare i vasi sanguigni.
yes	X e Y	caldo	freddo	caldo - freddo	"[lemma=""caldo"" & pos=""ADJ""][word=""e""][lemma=""freddo"" & pos=""ADJ""]"	3044856	Ma anche piante e animali, luce e tenebra,	caldo e freddo	, con tutti gli stati intermedi e le stagioni temperate.
yes	X e Y	calda	fredda	caldo - freddo	"[lemma=""caldo"" & pos=""ADJ""][word=""e""][lemma=""freddo"" & pos=""ADJ""]"	236216	Materiale: è un particolare processo di lavorazione a creare il caratteristico effetto ghiaccio di questo lavabo: consiste nell'iniettare nella comune plastica granulare, scaldata e colata negli stampi, aria	calda e fredda	, alternativamente.. Il cesto (L.
yes	X e Y	calda	fredda	caldo - freddo	"[lemma=""caldo"" & pos=""ADJ""][word=""e""][lemma=""freddo"" & pos=""ADJ""]"	4390243	"Sulla parete fanno bella mostra di sè le tubazioni, che dall'alto, costeggiando lo spigolo della "" salle de bain "", arrivano al gruppo erogatore dell'acqua"	calda e fredda	, con i rubinetti in ottone e le manopole in porcellana.
yes	X e Y	calda	fredda	caldo - freddo	"[lemma=""caldo"" & pos=""ADJ""][word=""e""][lemma=""freddo"" & pos=""ADJ""]"	5203204	Poi, indirizzate il getto della doccia sotto la pianta, quindi, risalite le caviglie fino al ginocchio, alternando acqua	calda e fredda	.
yes	X e Y	calda	fredda	caldo - freddo	"[lemma=""caldo"" & pos=""ADJ""][word=""e""][lemma=""freddo"" & pos=""ADJ""]"	5051378	Nel frattempo do un'occhiata ai bagni: un portasapone ha perduto il pulsante, un altro è vuoto, l'asciugamani elettrico soffia a intermittenza aria	calda e fredda	.
yes	X e Y	caldo	freddo	caldo - freddo	"[lemma=""caldo"" & pos=""ADJ""][word=""e""][lemma=""freddo"" & pos=""ADJ""]"	6776248	I blocchi non hanno ore, giorni, mesi, anni, e le stagioni sono incerte, fa	caldo e freddo	, piove e c'è il sole.
yes	X e Y	calde	fredde	caldo - freddo	"[lemma=""caldo"" & pos=""ADJ""][word=""e""][lemma=""freddo"" & pos=""ADJ""]"	6424690	Tra essi, la scelta del menu, la possibilità di avere dei pasti anche per l'accompagnatore, il ricevere in camera bevande	calde e fredde	, il poter prenotare barbiere, parucchiere, pedicure, manicure (eventualmente visagista), il poter ricevere in camera giornali e riviste.
yes	X e Y	calde	fredde	caldo - freddo	"[lemma=""caldo"" & pos=""ADJ""][word=""e""][lemma=""freddo"" & pos=""ADJ""]"	4297493	il periodo detto di clima sub - Atlantico, in cui fasi	calde e fredde	si alternano con più alta frequenza, che va dal 900 a.
yes	X e Y	calda	fredda	caldo - freddo	"[lemma=""caldo"" & pos=""ADJ""][word=""e""][lemma=""freddo"" & pos=""ADJ""]"	2606467	E c'erano ippodromi e bagni con acqua	calda e fredda	e con piscine lunghe più di cento piedi in cui nuotare e giocare a palla.
yes	X e Y	freddo	caldo	caldo - freddo	"[lemma=""freddo"" & pos=""ADJ""][word=""e""][lemma=""caldo"" & pos=""ADJ""]"	5055946	Ci ha fatto patire fame e sete, malattie e morte precoce,	freddo e caldo	.
yes	X e Y	calda	fredda	caldo - freddo	"[lemma=""caldo"" & pos=""ADJ""][word=""e""][lemma=""freddo"" & pos=""ADJ""]"	4645949	Se necessario, si devono prevedere opportune disposizioni per la pulizia e la disinfezione degli strumenti di lavoro e degli impianti, i quali devono essere in materiale resistente alla corrosione, facili da pulire e avere una adeguata erogazione di acqua	calda e fredda	.
yes	X e Y	calde	fredde	caldo - freddo	"[lemma=""caldo"" & pos=""ADJ""][word=""e""][lemma=""freddo"" & pos=""ADJ""]"	158574	Infatti, grazie ad esse è possibile riconoscere la posizione delle masse d'aria	calde e fredde	presenti al suolo ed in quota e, in base alla direzione e all'intensità dei venti, anche ricostruirne la traiettoria e la velocità di spostamento.
yes	X e Y	calda	fredda	caldo - freddo	"[lemma=""caldo"" & pos=""ADJ""][word=""e""][lemma=""freddo"" & pos=""ADJ""]"	1307311	C'era abbondanza di acqua	calda e fredda	, ma era praticamente impossibile miscelarle.
yes	X e Y	fredde	calde	caldo - freddo	"[lemma=""freddo"" & pos=""ADJ""][word=""e""][lemma=""caldo"" & pos=""ADJ""]"	3244856	Avevo paura, anche: ero percorso da onde	fredde e calde	alternate, come un merluzzo surgelato che passa dal freezer al forno a microonde al freezer di nuovo.
yes	X e Y	calde	fredde	caldo - freddo	"[lemma=""caldo"" & pos=""ADJ""][word=""e""][lemma=""freddo"" & pos=""ADJ""]"	4297395	Inoltre, avendo il clima conosciuto nel corso della sua evoluzione fasi	calde e fredde	, si cerca di stabilire se sia possibile una qualche analogia tra ciò che è avvenuto nel passato e ciò che potrebbe accadere in futuro, in modo che il paventato cambiamento del clima non ci colga del tutto impreparati.
yes	X e Y	caldi	freddi	caldo - freddo	"[lemma=""caldo"" & pos=""ADJ""][word=""e""][lemma=""freddo"" & pos=""ADJ""]"	6459334	E studiano insieme a voi la formula e il menù: si va dal cocktail base, che prevede stuzzichini	caldi e freddi	, accompagnati da bevande più o meno alcoliche, alla cena servita.
yes	X e Y	calda	fredda	caldo - freddo	"[lemma=""caldo"" & pos=""ADJ""][word=""e""][lemma=""freddo"" & pos=""ADJ""]"	6875949	Il rapporto L'uso degli antibiotici in Italia - Rapporto nazionale anno 2018, pubblicato dall'Agenzia italiana del farmaco a novembre 2019, conferma che il consumo di antibiotici in inverno è in media più del doppio di quello dell'estate, con punte che vanno di pari passo con i picchi delle sindromi influenzali osservati nei diversi anni e una differenza tra stagione	calda e fredda	assai meno marcata in caso di epidemie più limitate, come nel 2013-2014 e nel 2015-2016.
yes	X e Y	caldi	freddi	caldo - freddo	"[lemma=""caldo"" & pos=""ADJ""][word=""e""][lemma=""freddo"" & pos=""ADJ""]"	2600163	La risposta veniva da una celebre distinzione di Marshall McLuhan (che peraltro era stata anticipata da molti che avevano scritto sulla radio, da Brecht a Benjamin, da Bachelard ad Arnheim), tra media	caldi e freddi	.
yes	X e Y	calde	fredde	caldo - freddo	"[lemma=""caldo"" & pos=""ADJ""][word=""e""][lemma=""freddo"" & pos=""ADJ""]"	453029	La regina fu colma di paura e di gioia, come una corrente di acque	calde e fredde	mescolate assieme, perché da un lato il potere di suo figlio era più che umano, e perché d'altro canto ella aveva la debolezza naturale di una madre.
yes	X e Y	caldo	freddo	caldo - freddo	"[lemma=""caldo"" & pos=""ADJ""][word=""e""][lemma=""freddo"" & pos=""ADJ""]"	5259359	Di come antico e moderno convivessero insieme, così come deserti e montagne,	caldo e freddo	, in una sorta di equilibrio degli opposti.
yes	X e Y	calda	fredda	caldo - freddo	"[lemma=""caldo"" & pos=""ADJ""][word=""e""][lemma=""freddo"" & pos=""ADJ""]"	229848	Sono stati previsti due rubinetti che bloccano l'erogazione dell'acqua (	calda e fredda	) a tutto il bagno?
yes	X e Y	calde	fredde	caldo - freddo	"[lemma=""caldo"" & pos=""ADJ""][word=""e""][lemma=""freddo"" & pos=""ADJ""]"	212591	Quando particelle di ghiaccio	calde e fredde	entrano in contatto, le particelle più fredde (cristalli di ghiaccio) si caricano di segno più, mentre le più calde (grandine, nevischio, groupel) di segno meno.
yes	X e Y	caldi	freddi	caldo - freddo	"[lemma=""caldo"" & pos=""ADJ""][word=""e""][lemma=""freddo"" & pos=""ADJ""]"	1168909	"Il ricevimento - descritto nell'invito come un "" cocktail renforcé "" - era diventato, su insistenza del direttore dell'albergo, un vero e proprio banchetto: antipasti"	caldi e freddi	, primi piatti, carni, pesci, verdure, affettati e formaggi, torte, semifreddi, gelatine, gelati, cioccolatini, dolcini vari e frutta, per non parlare dei vini da tavola e da dessert e dello spumante.
yes	X e Y	caldi	freddi	caldo - freddo	"[lemma=""caldo"" & pos=""ADJ""][word=""e""][lemma=""freddo"" & pos=""ADJ""]"	6370286	Bruna Dassi e Daniele Levi hanno rilevato da pochi mesi un bar dove propongono una ventina di vini al bicchiere, accompagnati da pochi piatti	caldi e freddi	.
yes	X e Y	calda	fredda	caldo - freddo	"[lemma=""caldo"" & pos=""ADJ""][word=""e""][lemma=""freddo"" & pos=""ADJ""]"	1457808	Si potrebbe obiettare che da comunisti è inutile starsi a difendere STATO e COSTITUZIONE essendo questi stessi strumenti sovrastrutturali che già per loro natura contengono sacche di fascismo e anticomunismo... ma questo ERA il massimo che si poteva pretendere nel riemergere dalle macerie della guerra,	calda e fredda	.
yes	X e Y	calda	fredda	caldo - freddo	"[lemma=""caldo"" & pos=""ADJ""][word=""e""][lemma=""freddo"" & pos=""ADJ""]"	538276	Luigi XIII si accontentava di una tinozza di legno, ma Francesco I, Luigi XIV e Luigi XV fecero allestire a Fontainebleau, al Louvre e a Versailles sale da bagno con marmi preziosi e acqua	calda e fredda	corrente.
yes	X e Y	fredda	calda	caldo - freddo	"[lemma=""freddo"" & pos=""ADJ""][word=""e""][lemma=""caldo"" & pos=""ADJ""]"	3534704	Una luce neon, al tempo stesso	fredda e calda	, illuminava la stanza, producendo riflessi sul vetro delle maschere delle bianche tute antisettiche.
yes	X e Y	caldi	freddi	caldo - freddo	"[lemma=""caldo"" & pos=""ADJ""][word=""e""][lemma=""freddo"" & pos=""ADJ""]"	4297486	Naturalmente non si deve pensare che il clima in questo lungo periodo sia rimasto uniforme: anche nell'Olocene esso ha subito continue variazioni con l'alternarsi di periodi	caldi e freddi	.
yes	X e Y	calda	fredda	caldo - freddo	"[lemma=""caldo"" & pos=""ADJ""][word=""e""][lemma=""freddo"" & pos=""ADJ""]"	286001	È	calda e fredda	, perché e multipla; ha molti ingressi, ma lui avrebbe contrapposto Internet e Web; l'attuale Web è troppo caldo, Internet fredda.
yes	X e Y	freddo	caldo	caldo - freddo	"[lemma=""freddo"" & pos=""ADJ""][word=""e""][lemma=""caldo"" & pos=""ADJ""]"	4537658	E come la tensione di una corda crea quelle vibrazioni che si chiamano, secondo la loro frequenza, «note» e produce la musica, così l'alternarsi degli opposti (	freddo e caldo	, bianco e nero, guerra e pace, ecc.) crea la vita e le dà il suo significato.
yes	X e Y	caldo	freddo	caldo - freddo	"[lemma=""caldo"" & pos=""ADJ""][word=""e""][lemma=""freddo"" & pos=""ADJ""]"	5629011	Sono i controlli a microprocessori e con fuzzy logic che, anziché accendere e spegnere di continuo il compressore, o rilevare con approssimazione le temperature, misurano con precisione	caldo e freddo	, umidità e quantità dei cibi nel frigorifero, mantenendo il compressore in forma e senza sbalzi di funzionamento.
yes	X e Y	calda	fredda	caldo - freddo	"[lemma=""caldo"" & pos=""ADJ""][word=""e""][lemma=""freddo"" & pos=""ADJ""]"	191588	Erano una vera e propria Beauty Farm dell'antichità con piscine d'acqua	calda e fredda	, bagni turchi, sale massaggi, gallerie d'arte e splendidi giardini per salutari passeggiate.
yes	X e Y	caldi	freddi	caldo - freddo	"[lemma=""caldo"" & pos=""ADJ""][word=""e""][lemma=""freddo"" & pos=""ADJ""]"	432006	Le rapide transizioni fra climi	caldi e freddi	"sono invece da attribuire a cambiamenti repentini della circolazione oceanica profonda, la quale sembra avere dei "" pulsanti "" di comando alle alte latitudini."
yes	X e Y	calda	fredda	caldo - freddo	"[lemma=""caldo"" & pos=""ADJ""][word=""e""][lemma=""freddo"" & pos=""ADJ""]"	6388281	Cucina	calda e fredda	a prezzi contenutissimi, soprattutto a mezzogiorno.
yes	X e Y	calda	fredda	caldo - freddo	"[lemma=""caldo"" & pos=""ADJ""][word=""e""][lemma=""freddo"" & pos=""ADJ""]"	4759796	Questo locale dovrà contenere come minimo una doccia con acqua	calda e fredda	e sarà dotato ove possibile di servizi igienici.
yes	X e Y	calde	fredde	caldo - freddo	"[lemma=""caldo"" & pos=""ADJ""][word=""e""][lemma=""freddo"" & pos=""ADJ""]"	192445	Alternare docce	calde e fredde	stimola il seno e i capezzoli, l'importante è eseguire il tutto con delicatezza e senza violenza.
yes	X e Y	caldi	freddi	caldo - freddo	"[lemma=""caldo"" & pos=""ADJ""][word=""e""][lemma=""freddo"" & pos=""ADJ""]"	4232346	E'vero, e dice bene Tortarolo, che Pyle frequenta le celebrità, e re, ministri, generali; ma anche, e dappertutto, trova serve soldati cavalli, fatica fisica,	caldi e freddi	, bisogni elementari di sesso e cibo.
yes	X e Y	calda	fredda	caldo - freddo	"[lemma=""caldo"" & pos=""ADJ""][word=""e""][lemma=""freddo"" & pos=""ADJ""]"	1551893	La doccia che aveva fatto, nascosto agli occhi di nessuno dietro a una tenda di plastica, era stata un'alternanza senza controllo di acqua	calda e fredda	.
yes	X e Y	caldo	freddo	caldo - freddo	"[lemma=""caldo"" & pos=""ADJ""][word=""e""][lemma=""freddo"" & pos=""ADJ""]"	6301572	Buffet	caldo e freddo	, panettone e spumante allo scoccare dell'anno, maccheroncini alle 3, cappuccio e brioche all'alba.
yes	X e Y	freddo	caldo	caldo - freddo	"[lemma=""freddo"" & pos=""ADJ""][word=""e""][lemma=""caldo"" & pos=""ADJ""]"	4109301	Sento	freddo e caldo	, ormai consapevole della dura realtà.
yes	X e Y	calde	fredde	caldo - freddo	"[lemma=""caldo"" & pos=""ADJ""][word=""e""][lemma=""freddo"" & pos=""ADJ""]"	221157	Bevande	calde e fredde	, spremute, tè, caffè, succhi di frutta, cioccolata in tazza, oltre a tramezzini, paste, biscotti e torte costituiscono il men di questa originale soluzione.
yes	X e Y	calde	fredde	caldo - freddo	"[lemma=""caldo"" & pos=""ADJ""][word=""e""][lemma=""freddo"" & pos=""ADJ""]"	6587043	L'azienda ha, infatti, lanciato una serie di distributori di cereali per la colazione - dispenser e dosatori -, di distributori di bevande	calde e fredde	, espositori e dispenser per yogurt e per burro, ceste chiuse per pane, portarifiuti da tavola.
yes	X e Y	caldi	freddi	caldo - freddo	"[lemma=""caldo"" & pos=""ADJ""][word=""e""][lemma=""freddo"" & pos=""ADJ""]"	1395580	"Un "" aperitivo "" a base di yogurt e di almeno dieci piatti,"	caldi e freddi	, con legumi o verdure.
yes	X e Y	caldi	freddi	caldo - freddo	"[lemma=""caldo"" & pos=""ADJ""][word=""e""][lemma=""freddo"" & pos=""ADJ""]"	2417596	"Ricordiamo il "" Nudo rosa Â in cui Matisse effettua un processo di semplificazione preludendo al movimento del Cubismo del primo periodo, e che crea un equilibrio tra forme organiche e geometriche, tra linee curve e diritte e tra colori"	caldi e freddi	.
yes	X e Y	calda	fredda	caldo - freddo	"[lemma=""caldo"" & pos=""ADJ""][word=""e""][lemma=""freddo"" & pos=""ADJ""]"	3687322	Ma come per la maggior parte della gente, le cose che diceva non avevano alcun rapporto con quello che sentiva: era sempre molto sollevata all'idea di ritornare all'acqua	calda e fredda	che usciva dai rubinetti, alle strade e all'ufficio.
yes	X e Y	caldo	freddo	caldo - freddo	"[lemma=""caldo"" & pos=""ADJ""][word=""e""][lemma=""freddo"" & pos=""ADJ""]"	5203793	l Gli sbalzi termici (	caldo e freddo	) o gli agenti esterni (vento, umidità, smog) ti provocano arrossamenti nelle zone più esposte, come mani e viso?
yes	X e Y	calda	fredda	caldo - freddo	"[lemma=""caldo"" & pos=""ADJ""][word=""e""][lemma=""freddo"" & pos=""ADJ""]"	2127960	Devono costruirsi le case con le rubinetterie d'oro per l'acqua	calda e fredda	.
yes	X e Y	fredde	calde	caldo - freddo	"[lemma=""freddo"" & pos=""ADJ""][word=""e""][lemma=""caldo"" & pos=""ADJ""]"	5597812	Hanno avuto successo le sperimentazioni condotte per esempio nelle stazioni delle metropolitane di Milano e di Roma, dove sono state installate macchine automatiche per la vendita di bevande	fredde e calde	e di merende confezionate, e perciò numerose imprese che costruiscono apparecchi automatici o che li gestiscono stanno diversificando i sistemi aziendali puntando verso il grande pubblico.
yes	X e Y	calde	fredde	caldo - freddo	"[lemma=""caldo"" & pos=""ADJ""][word=""e""][lemma=""freddo"" & pos=""ADJ""]"	1342439	La stessa idea di grandezza dovette averla l'imperatore Caracalla quando le inaugurò nel 217 in tutta la loro magnificenza: undici ettari di suolo, la capacità d'accogliere tutte insieme fino a milleseicento persone, vasche	calde e fredde	, palestre, biblioteche, ambulacri, pavimenti in mosaico, affreschi alle pareti, sculture (tra le quali l'Ercole poi detto Farnese), sotterranei così vasti che perfino i carri potevano percorrerli; intorno giardini, fontane ornamentali, boschetti cedui, are.
yes	X e Y	calde	fredde	caldo - freddo	"[lemma=""caldo"" & pos=""ADJ""][word=""e""][lemma=""freddo"" & pos=""ADJ""]"	6551173	Grazie alla gamma cromatica particolarmente varia è possibile ottenere look sempre diversi, combinare tonalità	calde e fredde	per creare accostamenti inusuali ed innovativi.
yes	X e Y	freddo	caldo	caldo - freddo	"[lemma=""freddo"" & pos=""ADJ""][word=""e""][lemma=""caldo"" & pos=""ADJ""]"	3341386	Mi sono messo subito a letto, mi sentivo spossato, provavo	freddo e caldo	come se mi stesse per venire la febbre.
yes	X e Y	calda	fredda	caldo - freddo	"[lemma=""caldo"" & pos=""ADJ""][word=""e""][lemma=""freddo"" & pos=""ADJ""]"	3843377	Ella era una donna che amava la vita di albergo, ma il suo concetto di una camera d'albergo era un tappeto spesso e morbido, un letto di lusso, un'abbondanza di luci elettriche fra le quali un lumino da letto con tanto di paralume, acqua	calda e fredda	in quantità e accanto al letto un telefono, tramite il quale ordinare tè, pasti, acque minerali, cocktail, e parlare agli amici.
yes	X e Y	freddi	caldi	caldo - freddo	"[lemma=""freddo"" & pos=""ADJ""][word=""e""][lemma=""caldo"" & pos=""ADJ""]"	2417333	Lo scandalo è dato sia dal tema erotico, per la presenza di un nudo di donna seduta che guarda l'osservatore in un contesto simile a un picnic, sia dallo stile, caratterizzato da pennellate piatte e dense di colore, il quale di per sé sostituisce il disegno grazie agli accostamenti tonali e i contrasti di colori	freddi e caldi	.
yes	X e Y	calda	fredda	caldo - freddo	"[lemma=""caldo"" & pos=""ADJ""][word=""e""][lemma=""freddo"" & pos=""ADJ""]"	6046016	Tra le proposte ischitane in ogni caso non vanno dimenticati gli straordinari parchi balneo - termali (unici in Europa) che offrono spiaggia terme saune e giochi d'acqua	calda e fredda	tra vasche e piscine in contesti naturali invidiabili.
yes	X e Y	freddo	caldo	caldo - freddo	"[lemma=""freddo"" & pos=""ADJ""][word=""e""][lemma=""caldo"" & pos=""ADJ""]"	3244857	Rido	freddo e caldo	, mi inclino ad appoggiarmi ancora alla membrana invisibile e resistente dei nostri campi magnetici, ma siamo molto vicini e la resistenza della membrana deve avere dei limiti, perchè di colpo precipito oltre e sento le labbra di Nina contro le mie: l'umido tiepido elastico che sa di latte di soia e miele e diventa più liquido in un mondo interno dove ci si può perdere come un sottomarino che si perde nel buio del mare profondo.
yes	X e Y	caldi	freddi	caldo - freddo	"[lemma=""caldo"" & pos=""ADJ""][word=""e""][lemma=""freddo"" & pos=""ADJ""]"	2034554	Cetrioli	caldi e freddi	Per la preparazione a caldo: sbucciate, lavate e tagliate i cetrioli.
yes	X e Y	fredda	calda	caldo - freddo	"[lemma=""freddo"" & pos=""ADJ""][word=""e""][lemma=""caldo"" & pos=""ADJ""]"	5203569	In un caso così, la ricetta classica per rimettersi in forma è passare qualche minuto sotto la doccia: acqua	fredda e calda	alternate e un vigoroso massaggio con il guanto su tutta la pelle.
yes	X e Y	calde	fredde	caldo - freddo	"[lemma=""caldo"" & pos=""ADJ""][word=""e""][lemma=""freddo"" & pos=""ADJ""]"	6057716	Un caso clamoroso accadde negli anni Settanta con l'acciuga peruviana: un gioco di correnti	calde e fredde	portò alla morìa del plancton, base della catena alimentare.
yes	X e Y	fredde	calde	caldo - freddo	"[lemma=""freddo"" & pos=""ADJ""][word=""e""][lemma=""caldo"" & pos=""ADJ""]"	6587051	Sei i brand che compongono il gruppo, a vantaggio di una produzione completa: bevande	fredde e calde	, caffè, tè, succhi di frutta, cereali sfusi e monodose, frutta secca e semi, confetture e miele, semilavorati dolciari, biscotti, pane nero e fette biscottate.
yes	X e Y	caldi	freddi	caldo - freddo	"[lemma=""caldo"" & pos=""ADJ""][word=""e""][lemma=""freddo"" & pos=""ADJ""]"	4369780	Si provoca così uno scambio tra quelle più fredde dei poli e quelle più calde dell'equatore favorendo lo sviluppo dei venti, delle alte e basse pressioni, dei fronti	caldi e freddi	e delle perturbazioni.
yes	X e Y	calda	fredda	caldo - freddo	"[lemma=""caldo"" & pos=""ADJ""][word=""e""][lemma=""freddo"" & pos=""ADJ""]"	133811	Tali requisiti riguardano la pulizia quotidiana locali, il cambio della biancheria, la fornitura dell'energia elettrica, dell'acqua	calda e fredda	, il riscaldamento e la somministrazione della prima colazione.
yes	X e Y	calde	fredde	caldo - freddo	"[lemma=""caldo"" & pos=""ADJ""][word=""e""][lemma=""freddo"" & pos=""ADJ""]"	538829	"La "" Baronessa "", dopo aver esortato le sue lettrici a superare ogni remora del pudore, prescriveva una toilette intima al mattino dopo essersi alzate dal letto ed una alla sera prima di concedersi al riposo della notte, procedendo ad "" abbondanti abluzioni"	calde e fredde	"""."
yes	X e Y	fredda	calda	caldo - freddo	"[lemma=""freddo"" & pos=""ADJ""][word=""e""][lemma=""caldo"" & pos=""ADJ""]"	4645928	I lavabi devono disporre di acqua corrente	fredda e calda	, materiale per lavarsi le mani e un sistema igienico di asciugatura.
yes	X e Y	caldi	freddi	caldo - freddo	"[lemma=""caldo"" & pos=""ADJ""][word=""e""][lemma=""freddo"" & pos=""ADJ""]"	229991	"9712 archi Brava Casa: RISTRUTTURAZIONE RISTRUTTURAZIONE Spazi anticonvenzionali dell'arch. Roberto Volonterio La teatrale abitazione di un single prevede un soppalco con studio e vasca idromassaggio "" aperta "", luci soffuse e uno studiato abbinamento tra materiali"	caldi e freddi	.
yes	X e Y	calde	fredde	caldo - freddo	"[lemma=""caldo"" & pos=""ADJ""][word=""e""][lemma=""freddo"" & pos=""ADJ""]"	5148177	Per dolcificare le bevande,	calde e fredde	, si può sostituire lo zucchero con qualche cucchiaino di miele.
yes	X e Y	fredde	calde	caldo - freddo	"[lemma=""freddo"" & pos=""ADJ""][word=""e""][lemma=""caldo"" & pos=""ADJ""]"	6725407	E poi, è affascinata da quell'abbigliamento così audace dal punto di vista cromatico, che mescola tonalità	fredde e calde	, il blu petrolio del vestito e l'ambra della collana.
yes	X e Y	caldo	freddo	caldo - freddo	"[lemma=""caldo"" & pos=""ADJ""][word=""e""][lemma=""freddo"" & pos=""ADJ""]"	6642230	All'improvviso ho	caldo e freddo	allo stesso tempo.
yes	X e Y	calda	fredda	caldo - freddo	"[lemma=""caldo"" & pos=""ADJ""][word=""e""][lemma=""freddo"" & pos=""ADJ""]"	2891891	Edie intanto pratica dell'idroterapia (sempre consigliato dalla rivista) che è il top per tonificare e rassodare i tessuti cutanei, e alterna per trenta secondi getti d'acqua	calda e fredda	"seguendo un iter di "" innaffiamento "" preciso che prevede la partenza dal piede destro per arrivare all'inguine."
yes	X e Y	freddo	caldo	caldo - freddo	"[lemma=""freddo"" & pos=""ADJ""][word=""e""][lemma=""caldo"" & pos=""ADJ""]"	4453797	E per mettere le cose bene in chiaro Dio promette al suo servo Noè (Gn 8, 22): «Finché la terra durerà, semente e raccolta,	freddo e caldo	, estate e inverno, giorno e notte, non cesseranno mai».
yes	X e Y	fredde	calde	caldo - freddo	"[lemma=""freddo"" & pos=""ADJ""][word=""e""][lemma=""caldo"" & pos=""ADJ""]"	6599598	Sei i brand del gruppo, a vantaggio di una produzione completa: bevande	fredde e calde	, caffé, te, succhi di frutta, cereali, frutta secca e semi, confetture e miele, semilavorati dolciari, biscotti, pane nero e fette biscottate.
yes	X e Y	calde	fredde	caldo - freddo	"[lemma=""caldo"" & pos=""ADJ""][word=""e""][lemma=""freddo"" & pos=""ADJ""]"	6576725	Un'ampia collezione nata dallo studio approfondito di una palette cromatica naturale e di tendenza: tonalità tenui	calde e fredde	, di verde, di color acqua, di bianco e nero fino ad arrivare al fascino bruciato e vibrante degli aranci.
yes	X e Y	calda	fredda	caldo - freddo	"[lemma=""caldo"" & pos=""ADJ""][word=""e""][lemma=""freddo"" & pos=""ADJ""]"	2377146	Dal 9 al 16 e dal 16 al 23 agosto con Eleonora Albanese e Jacopo Fo abbiamo messo insieme una vacanza naturalizzante (passeggiate lente, massaggi e ammolli in piscina	calda e fredda	) con un happening creativo multidisciplinare e lo Yoga Demenziale (la via comica all'estasi esistenziale).
yes	X e Y	caldi	freddi	caldo - freddo	"[lemma=""caldo"" & pos=""ADJ""][word=""e""][lemma=""freddo"" & pos=""ADJ""]"	1193108	Pensavo agli elementi terrestri che erano passati attraverso il corpo terrestre di mio padre nel corso della sua vita: all'aria che aveva respirato, ai cibi che aveva mangiato distinguendo ogni volta tra i loro sapori, ai liquidi	caldi e freddi	che aveva bevuto fino al giorno prima.
yes	X o Y	calde	fredde	caldo - freddo	"[lemma=""caldo"" & pos=""ADJ""][word=""o""][lemma=""freddo"" & pos=""ADJ""]"	6591937	Nel suo libro L'arte della cucina moderna del 1935, lo chef francese Henri - Paul Pellaprat, indica 148 ricette di uova, suddivise per tempi e modi di cottura,	calde o fredde	.
yes	X o Y	calda	fredda	caldo - freddo	"[lemma=""caldo"" & pos=""ADJ""][word=""o""][lemma=""freddo"" & pos=""ADJ""]"	171201	Un'avvezione,	calda o fredda	che sia, porta in generale un cambiamento del tempo, poiché porta a contatto masse d'aria di natura differente.
yes	X o Y	freddissimo	caldissimo	caldo - freddo	"[lemma=""freddo"" & pos=""ADJ""][word=""o""][lemma=""caldo"" & pos=""ADJ""]"	6882067	Nel primo ordine rientrano un inspiegabile formicolio, il calore che sale dai piedi e va alla testa e che va dalla testa ai piedi; il sentirsi passare, attraverso il ventre, come un vento	freddissimo o caldissimo	.
yes	X o Y	calda	fredda	caldo - freddo	"[lemma=""caldo"" & pos=""ADJ""][word=""o""][lemma=""freddo"" & pos=""ADJ""]"	5089640	Voi alzate la leva e lui decide da solo se fornirvi acqua	calda o fredda	in base alla temperatura della stanza da bagno (Taron di Grohe.
yes	X o Y	calde	fredde	caldo - freddo	"[lemma=""caldo"" & pos=""ADJ""][word=""o""][lemma=""freddo"" & pos=""ADJ""]"	3657947	Mani che stringono le mie:	calde o fredde	, salde o molli.
yes	X o Y	calde	fredde	caldo - freddo	"[lemma=""caldo"" & pos=""ADJ""][word=""o""][lemma=""freddo"" & pos=""ADJ""]"	4444894	Si ha a che fare piuttosto con once di materiali semplici o composti catalogati sulla base delle loro presunte qualità additive e sottrattive, umide o secche,	calde o fredde	, e non per i principi attivi secondo i quali operano su un organismo umano anch'esso attivo.
yes	X o Y	caldi	freddi	caldo - freddo	"[lemma=""caldo"" & pos=""ADJ""][word=""o""][lemma=""freddo"" & pos=""ADJ""]"	2743606	I venti hanno un nome proprio come il Maestrale o lo Scirocco, un carattere proprio a seconda che essi siano secchi, umidi,	caldi o freddi	.
yes	X o Y	caldo	freddo	caldo - freddo	"[lemma=""caldo"" & pos=""ADJ""][word=""o""][lemma=""freddo"" & pos=""ADJ""]"	203075	La materia consiste nelle varie sensazioni e, come tale, è a posteriori (= dipende dall'esperienza: non posso sentire	caldo o freddo	se non ho prima l'esperienza del caldo o del freddo).
yes	X o Y	caldo	freddo	caldo - freddo	"[lemma=""caldo"" & pos=""ADJ""][word=""o""][lemma=""freddo"" & pos=""ADJ""]"	6812647	A fine settembre,	caldo o freddo	che ci sia, Aci Trezza torna in modalità invernale.
yes	X o Y	caldo	freddo	caldo - freddo	"[lemma=""caldo"" & pos=""ADJ""][word=""o""][lemma=""freddo"" & pos=""ADJ""]"	5176500	Mettete in pratica questi consigli Se il ragazzino ha meno di dieci anni Non domandategli in continuazione se ha	caldo o freddo	.
yes	X o Y	fredde	calde	caldo - freddo	"[lemma=""freddo"" & pos=""ADJ""][word=""o""][lemma=""caldo"" & pos=""ADJ""]"	4338537	Daranno così vita a un moto fluttuante come intensità che prende il nome di turbolenza e che si manifesta con le classiche folate di vento all'angolo dei palazzi (3). Infine, ancora l'incalanamento forzato delle brezze urbane e dei venti locali tra palazzi ravvicinati o vie molto strette provoca per effetto Venturi> un notevole rinforzo di queste corrrenti che trovano conferma nella sensazione tattile di sferzate di vento che saranno	fredde o calde	in funzione della situazione termica del momento anche con tempo stabile e soleggiato.
yes	X o Y	caldo	freddo	caldo - freddo	"[lemma=""caldo"" & pos=""ADJ""][word=""o""][lemma=""freddo"" & pos=""ADJ""]"	944934	5 La modificazione genetica della soia RR sembra aver avuto un effetto collaterale negativo sulla capacità della pianta di superare condizioni di stress, come periodi di	caldo o freddo	eccessivi, oppure uno squilibrio microbico o minerale del suolo.
yes	X o Y	fredda	calda	caldo - freddo	"[lemma=""freddo"" & pos=""ADJ""][word=""o""][lemma=""caldo"" & pos=""ADJ""]"	6109508	"C'era un disegno generale, "" atlantico "" potremmo dire, di prepararsi alla guerra"	fredda o calda	con l'Urss e di adoperare gli ex nemici di sicura militanza anticomunista, un disegno politico banalizzato quando non reso ridicolo dallo zelo dell'apparato politico - poliziesco che doveva metterlo in pratica, affezionato ai guadagni e ai privilegi che ne ricavava.
yes	X o Y	caldi	freddi	caldo - freddo	"[lemma=""caldo"" & pos=""ADJ""][word=""o""][lemma=""freddo"" & pos=""ADJ""]"	5122995	Tre i vantaggi: spendi poco, preparari i piatti in anticipo e li gusti	caldi o freddi	Servizio di Claudia Compagni Foto di Alessandro Romiti
yes	X o Y	caldi	freddi	caldo - freddo	"[lemma=""caldo"" & pos=""ADJ""][word=""o""][lemma=""freddo"" & pos=""ADJ""]"	6551037	Se invece preferite tonalità scure potete scegliere toni più intensi,	caldi o freddi	, a seconda del vostro incarnato.
yes	X o Y	calda	fredda	caldo - freddo	"[lemma=""caldo"" & pos=""ADJ""][word=""o""][lemma=""freddo"" & pos=""ADJ""]"	158577	In conclusione, grazie alle isoterme, possiamo prevedere non solo l'arrivo di aria	calda o fredda	sulle nostre regioni, ma anche il tipo di fenomeni associati a tale evento e la loro l'intensità.
yes	X o Y	freddissime	caldissime	caldo - freddo	"[lemma=""freddo"" & pos=""ADJ""][word=""o""][lemma=""caldo"" & pos=""ADJ""]"	4531071	L'Arcipelago Gulag costituì la struttura cardine del regime repressivo sovietico con il compito preciso di sottrarre dal corpo «sano» della società comunista quegli elementi che via via il Partito individuava come nemici del popolo per trasformarli in schiavi e dentro questo processo prevederne l'eliminazione, in alta percentuale, durante la dura fase dei trasferimenti, con il lavoro in zone	freddissime o caldissime	o in attività ad alto rischio come il lavoro in miniera o nelle attività connesse al ciclo dell'uranio.
yes	X o Y	caldo	freddo	caldo - freddo	"[lemma=""caldo"" & pos=""ADJ""][word=""o""][lemma=""freddo"" & pos=""ADJ""]"	178337	si muove spingendo con le zampe posteriori; il cucciolo guaisce quando sente	caldo o freddo	(ricerca della cura materna); 3.
yes	X o Y	caldo	freddo	caldo - freddo	"[lemma=""caldo"" & pos=""ADJ""][word=""o""][lemma=""freddo"" & pos=""ADJ""]"	6608906	Infine, La Radiosa, la prima macchina professionale superautomatica a marchio Gaggia Milano, con l'innovativa tecnologia Evomilk, che consente di erogare bevande a latte	caldo o freddo	perfettamente montato.
yes	X o Y	caldo	freddo	caldo - freddo	"[lemma=""caldo"" & pos=""ADJ""][word=""o""][lemma=""freddo"" & pos=""ADJ""]"	4450671	Dopo avere subito un'amputazione chirurgica, alcuni pazienti immaginano che l'arto mancante sia ancora al suo posto, e sono perfino capaci di percepire modificazioni immaginarie dello stato dell'arto che non c'è: un movimento particolare, dolore,	caldo o freddo	, eccetera.
yes	X o Y	caldi	freddi	caldo - freddo	"[lemma=""caldo"" & pos=""ADJ""][word=""o""][lemma=""freddo"" & pos=""ADJ""]"	4297404	Inoltre, i geologi danno un supporto fondamentale agli studi per la datazione dei residui organici animali e vegetali presenti nei vari strati, in modo da stabilire, in collaborazione con paleontologi e botanici, se essi appartengano a specie che vivono o hanno vissuto in ambienti	caldi o freddi	.
yes	X o Y	calda	fredda	caldo - freddo	"[lemma=""caldo"" & pos=""ADJ""][word=""o""][lemma=""freddo"" & pos=""ADJ""]"	4645952	Ogni acquaio o impianto analogo previsto per il lavaggio degli alimenti deve disporre di un'adeguata erogazione di acqua potabile	calda o fredda	onde poter essere mantenuti puliti.
yes	X o Y	fredda	calda	caldo - freddo	"[lemma=""freddo"" & pos=""ADJ""][word=""o""][lemma=""caldo"" & pos=""ADJ""]"	2034219	Scaldate a bagnomaria e servite con carne	fredda o calda	.
yes	X o Y	freddo	caldo	caldo - freddo	"[lemma=""freddo"" & pos=""ADJ""][word=""o""][lemma=""caldo"" & pos=""ADJ""]"	2034305	È un piatto che si gusta	freddo o caldo	, accompagnato da salsa al rafano, salsa verde o salsa al pomodoro (vedi ricetta al paragrafo precedente).
yes	X o Y	fredda	calda	caldo - freddo	"[lemma=""freddo"" & pos=""ADJ""][word=""o""][lemma=""caldo"" & pos=""ADJ""]"	5165153	""" Un bar che offre servizio di tavola"	fredda o calda	dovrebbe avere camerieri addetti esclusivamente ai pasti.
yes	X o Y	calda	fredda	caldo - freddo	"[lemma=""caldo"" & pos=""ADJ""][word=""o""][lemma=""freddo"" & pos=""ADJ""]"	3224251	Può essere irrigata in maniera continua da due tubi che versano acqua	calda o fredda	.
yes	X o Y	fredda	calda	caldo - freddo	"[lemma=""freddo"" & pos=""ADJ""][word=""o""][lemma=""caldo"" & pos=""ADJ""]"	6012629	Oltre che attraverso bevande, esplicano azione farmacologica, e quindi curativa, per mezzo di bagni in vasca o piscina, di irrigazioni, di fanghi, limi, torbe e muffe (peloidoterapia), con l'antroterapia	fredda o calda	effettuata (come indica il termine - in caverne naturali o, infine, con le classiche sabbiature (psammatoterapia).
yes	X o Y	caldo	freddo	caldo - freddo	"[lemma=""caldo"" & pos=""ADJ""][word=""o""][lemma=""freddo"" & pos=""ADJ""]"	3774921	Aveva deciso da solo di conservare suo fratello,	caldo o freddo	.
yes	X o Y	calde	fredde	caldo - freddo	"[lemma=""caldo"" & pos=""ADJ""][word=""o""][lemma=""freddo"" & pos=""ADJ""]"	240267	E utile: grazie al particolare tappo a espansione, riesce a mantenere le bevande	calde o fredde	a lungo.
yes	X o Y	freddi	caldi	caldo - freddo	"[lemma=""freddo"" & pos=""ADJ""][word=""o""][lemma=""caldo"" & pos=""ADJ""]"	5198017	Se possibile, scegliete un locale dove offrano piatti pronti,	freddi o caldi	, che possono conciliarsi facilmente con un'alimentazione dietetica.
yes	X o Y	freddo	caldo	caldo - freddo	"[lemma=""freddo"" & pos=""ADJ""][word=""o""][lemma=""caldo"" & pos=""ADJ""]"	3007717	- - - Intendo dire: se lo stesso impeto di fede che oggi spinge decine di migliaia di persone ad aspettare sui gradini della chiesa,	freddo o caldo	che faccia, per vedere per cinque minuti un lenzuolo in controluce nel quale si indovina una macchia di forma più o meno umana, fosse diretto verso qualcosa di più utile, o divertente... - - - Vuoi fare una bella discussione sulla forza della fede che muove la storia, sulla religio istrumentum regni, o hai in mente qualcosa?
yes	X o Y	freddo	caldo	caldo - freddo	"[lemma=""freddo"" & pos=""ADJ""][word=""o""][lemma=""caldo"" & pos=""ADJ""]"	4207767	Vorremmo nutrirci di altri corpi, di carne e di parole, persino il dolore ci sarebbe di compagnia gradita quando l'assenza di qualsiasi dato,	freddo o caldo	, tenero o scostante, ci fa restare esposti al sole che si apre al sole e alla materia che si apre all'odore del ritorno.
yes	X o Y	calda	fredda	caldo - freddo	"[lemma=""caldo"" & pos=""ADJ""][word=""o""][lemma=""freddo"" & pos=""ADJ""]"	2034238	La salsa verde è un ottimo accompagnamento alla carne di manzo bollita,	calda o fredda	.
yes	X o Y	calde	fredde	caldo - freddo	"[lemma=""caldo"" & pos=""ADJ""][word=""o""][lemma=""freddo"" & pos=""ADJ""]"	6442085	2 Distributore automatico di pizze _ Nome: Pizza Chef _ Descrizione È un normale distributore automatico che, invece delle solite bevande	calde o fredde	, serve fumanti e ben cotte... pizze!
yes	X o Y	caldi	freddi	caldo - freddo	"[lemma=""caldo"" & pos=""ADJ""][word=""o""][lemma=""freddo"" & pos=""ADJ""]"	5129889	Servite i polipetti a piacere,	caldi o freddi	.
yes	X o Y	calde	fredde	caldo - freddo	"[lemma=""caldo"" & pos=""ADJ""][word=""o""][lemma=""freddo"" & pos=""ADJ""]"	238865	Sempre, ma soprattutto in situazioni particolari come in mansarda, stanze esposte a sud e zone climatiche molto	calde o fredde	.
yes	X o Y	caldo	freddo	caldo - freddo	"[lemma=""caldo"" & pos=""ADJ""][word=""o""][lemma=""freddo"" & pos=""ADJ""]"	5178756	Ma ascoltate le loro richieste: se sanno già parlare sono perfettamente in grado di dirvi se hanno	caldo o freddo	.
yes	X o Y	freddo	caldo	caldo - freddo	"[lemma=""freddo"" & pos=""ADJ""][word=""o""][lemma=""caldo"" & pos=""ADJ""]"	2964825	Uno stesso corpo può essere	freddo o caldo	, dolce o amaro, umido o secco, in un luogo - e in un altro luogo no.
yes	X o Y	fredda	calda	caldo - freddo	"[lemma=""freddo"" & pos=""ADJ""][word=""o""][lemma=""caldo"" & pos=""ADJ""]"	5799145	E di essere quindi una potenza che non ha bisogno di un clima di guerra,	fredda o calda	, per dare il suo meglio, ma di una pace globale.
yes	X o Y	caldo	freddo	caldo - freddo	"[lemma=""caldo"" & pos=""ADJ""][word=""o""][lemma=""freddo"" & pos=""ADJ""]"	203062	La sensazione è una semplice modificazione (un tempo si diceva affezione) che il soggetto subisce, passivamente, ad opera dell'oggetto: ad esempio quando sentiamo	caldo o freddo	, quando vediamo rosso o altri colori, quando gustiamo il dolce o l'amaro.
yes	X o Y	caldi	freddi	caldo - freddo	"[lemma=""caldo"" & pos=""ADJ""][word=""o""][lemma=""freddo"" & pos=""ADJ""]"	6341690	L'urino - terapia è praticabile, secondo il dottor Hoting, in vari modi: frizioni, impacchi	caldi o freddi	, instillazioni, clisteri, inalazioni, gargarismi, risciacqui, da bere, per iniezione (urina sterilizzata con ozono) o lozione per capelli.
yes	X o Y	caldo	freddo	caldo - freddo	"[lemma=""caldo"" & pos=""ADJ""][word=""o""][lemma=""freddo"" & pos=""ADJ""]"	4054446	É come se una persona cieca dalla nascita vi chiedesse: «Il colore verde è	caldo o freddo	?
yes	X o Y	freddo	caldo	caldo - freddo	"[lemma=""freddo"" & pos=""ADJ""][word=""o""][lemma=""caldo"" & pos=""ADJ""]"	6023912	La prima: avevano il sangue	freddo o caldo	?
yes	X o Y	calda	fredda	caldo - freddo	"[lemma=""caldo"" & pos=""ADJ""][word=""o""][lemma=""freddo"" & pos=""ADJ""]"	3154683	Convogli senza anima, uniformi, si impongono al viaggiatore (ben gli sta) come modelli robotici di viaggio: finestrini bloccati, sedili rigidi per corpi programmati, corridoi che sicuramente non invitano al passaggio o a sgranchirsi le gambe, aria condizionata	calda o fredda	.
yes	X o Y	caldi	freddi	caldo - freddo	"[lemma=""caldo"" & pos=""ADJ""][word=""o""][lemma=""freddo"" & pos=""ADJ""]"	762556	Vi sono ristoranti all'aperto stile fast food, dove i cibi già preparati,	caldi o freddi	, contenuti in enormi taniche o bacinelle possono essere scelti indicandicandoli e si trovano anche mense dove si paga all'entrata e si consegna al cameriere un biglietto ricevuto in precedenza.
yes	X o Y	freddo	caldo	caldo - freddo	"[lemma=""freddo"" & pos=""ADJ""][word=""o""][lemma=""caldo"" & pos=""ADJ""]"	5138600	In un caso come il suo chiederà se ha la pressione alta o bassa, se è già in menopausa o no, se suda dopo aver fatto un intenso sforzo mentale o fisico, se il sudore è	freddo o caldo	e così via.
yes	X o Y	freddo	caldo	caldo - freddo	"[lemma=""freddo"" & pos=""ADJ""][word=""o""][lemma=""caldo"" & pos=""ADJ""]"	2559263	Nuvole o pioggia,	freddo o caldo	, il buio, prima o poi, perdeva la sua quotidiana battaglia con la luce.
yes	X o Y	calde	fredde	caldo - freddo	"[lemma=""caldo"" & pos=""ADJ""][word=""o""][lemma=""freddo"" & pos=""ADJ""]"	5150623	Sono ottime servite	calde o fredde	"con l'aperitivo, oppure nel pane "" pitta "" (pane arabo) con insalata o altri piatti libanesi come l'hummus o il tabbuleh."
yes	sia X che Y	calda	fredda	caldo - freddo	"[word=""sia""][lemma=""caldo"" & pos=""ADJ""][word=""che""][lemma=""freddo"" & pos=""ADJ""]"	92357	Al termine della cottura si scodella e si serve	sia calda che fredda	.
yes	sia X che Y	caldi	freddi	caldo - freddo	"[word=""sia""][lemma=""caldo"" & pos=""ADJ""][word=""che""][lemma=""freddo"" & pos=""ADJ""]"	6553857	grissini di sfoglia alle olive ricetta stuzzichino veloce e facile il chicco di mais 3 attorcigliare i grissini Servite i grissini di sfoglia alle olive come antipasto, sono ottimi	sia caldi che freddi	.
yes	sia X che Y	fredda	calda	caldo - freddo	"[word=""sia""][lemma=""freddo"" & pos=""ADJ""][word=""che""][lemma=""caldo"" & pos=""ADJ""]"	476032	"La "" som tam "" è un'insalata di papaya verde condita con succo di "" lime "" e noccioline sbriciolate, mentre la "" yam "" è un'insalata tipica del nord - est,"	sia fredda che calda	", con ingredienti che vanno dalla carne al pesce, condita con una "" vinaigrette "" piccante al limone."
yes	sia X che Y	fredda	calda	caldo - freddo	"[word=""sia""][lemma=""freddo"" & pos=""ADJ""][word=""che""][lemma=""caldo"" & pos=""ADJ""]"	199000	- La crema può essere servita	sia fredda che calda	Pulire e sbucciare i manghi.
yes	sia X che Y	calde	fredde	caldo - freddo	"[word=""sia""][lemma=""caldo"" & pos=""ADJ""][word=""che""][lemma=""freddo"" & pos=""ADJ""]"	5258605	Ma alla fine, dite la verità, le temperature -	sia calde che fredde	- non sono soltanto una scusa per evitare il lavoro?
yes	sia X sia Y	calda	fredda	caldo - freddo	"[word=""sia""][lemma=""caldo"" & pos=""ADJ""][word=""sia""][lemma=""freddo"" & pos=""ADJ""]"	6571055	La bevanda si prepara per infusione, classicamente, in acqua	sia calda sia fredda	.
yes	sia X sia Y	fredde	calde	caldo - freddo	"[word=""sia""][lemma=""freddo"" & pos=""ADJ""][word=""sia""][lemma=""caldo"" & pos=""ADJ""]"	4060319	Non beveva mai alcolici gelati perché le temperature estreme,	sia fredde sia calde	, le alteravano la voce.
yes	sia X sia Y	caldi	freddi	caldo - freddo	"[word=""sia""][lemma=""caldo"" & pos=""ADJ""][word=""sia""][lemma=""freddo"" & pos=""ADJ""]"	5113662	Per il buffet all'americana ci vuole un menu classico con antipasti vari, primi e secondi	sia caldi sia freddi	e molti tipi di verdure crude e cotte.
yes	tra X e Y	caldo	freddo	caldo - freddo	"[word=""tra""][lemma=""caldo"" & pos=""ADJ""][word=""e""][lemma=""freddo"" & pos=""ADJ""]"	4088749	Vuol sapere se la preferisco ben cotta, non troppo cotta... Mi accorgo che cerca di spiegarmi la differenza tra cotto e crudo e, con l'aiuto del radiatore,	tra caldo e freddo	.
yes	X e Y	corte	lunghe	corto - lungo	"[lemma=""corto"" & pos=""ADJ""][word=""e""][lemma=""lungo"" & pos=""ADJ""]"	961142	Il cilindro può custodire armi	corte e lunghe	purché smontate.
yes	X e Y	corti	lunghi	corto - lungo	"[lemma=""corto"" & pos=""ADJ""][word=""e""][lemma=""lungo"" & pos=""ADJ""]"	6399698	A disposizione, modelli femminili	corti e lunghi	e, per l'uomo, tight e smoking.
yes	X e Y	corte	lunghe	corto - lungo	"[lemma=""corto"" & pos=""ADJ""][word=""e""][lemma=""lungo"" & pos=""ADJ""]"	1475228	[] Corsi e certificati Corso per rilascio certificato maneggio armi	corte e lunghe	: 90 euro (41); eventuali lezioni ripetute: 20 euro; Corso per rilascio certificato maneggio armi corte o lunghe: 70 euro (41); eventuali lezioni ripetute: 20 euro.
yes	X e Y	lunghi	corti	corto - lungo	"[lemma=""lungo"" & pos=""ADJ""][word=""e""][lemma=""corto"" & pos=""ADJ""]"	6707079	È vero che Open Arms ti consegna una divisa della tua taglia - pantaloni	lunghi e corti	, la loro felpa rossa, le magliette con il logo e la giacca a vento -, ma non devi dimenticare niente.
yes	X e Y	corta	lunga	corto - lungo	"[lemma=""corto"" & pos=""ADJ""][word=""e""][lemma=""lungo"" & pos=""ADJ""]"	1888077	"Caratterizzata dal bianco e dal blu marine e dal logo ricamato "" Kipawa 1938 "", la linea Kipawa comprende il bermuda con tasche laterali, impreziosito da loghi ed etichette ricamate in oro, una gamma di tshirt e polo in tinta unita o a fasce orizzontali a manica"	corta e lunga	.
yes	X e Y	lunghe	corte	corto - lungo	"[lemma=""lungo"" & pos=""ADJ""][word=""e""][lemma=""corto"" & pos=""ADJ""]"	4258512	Abbinato al libro di Gianni Rodari, * Filastrocche	lunghe e corte	*, con le illustrazioni di Emanuele Luzzati, c'è il software * I Viaggi di Stroccofillo * (libro + floppy disk, Editori Riuniti - Lynx, Lit 11.900).
yes	X e Y	lunga	corta	corto - lungo	"[lemma=""lungo"" & pos=""ADJ""][word=""e""][lemma=""corto"" & pos=""ADJ""]"	6326995	Lo scivolo di tre mesi delle finestre'98 non trova invece applicazione per i lavoratori collocati in mobilità,	lunga e corta	, e in cassa integrazione straordinaria (in seguito ad accordi stipulati prima del 3 novembre'97), nonché per coloro che raggiungono (nel'98) il diritto all'anzianità con i versamenti volontari e per chi ha maturato 40 anni di contribuzione.
yes	X e Y	lunghe	corte	corto - lungo	"[lemma=""lungo"" & pos=""ADJ""][word=""e""][lemma=""corto"" & pos=""ADJ""]"	199352	Ideale con paste	lunghe e corte	, anche freddi in insalata con aglio e prezzemolo.
yes	X e Y	corta	lunga	corto - lungo	"[lemma=""corto"" & pos=""ADJ""][word=""e""][lemma=""lungo"" & pos=""ADJ""]"	2233642	Il nodo principale è rappresentato dalla tipologia di filiera Â	corta e lunga	Â e dalla complessità dei rapporti e relazioni che in essa si instaurano.
yes	X e Y	lunga	corta	corto - lungo	"[lemma=""lungo"" & pos=""ADJ""][word=""e""][lemma=""corto"" & pos=""ADJ""]"	4612815	Gli impulsi rilevati dai due contatori (a spaziatura	lunga e corta	) vengono elaborati in superficie per il calcolo della densità.
yes	X e Y	lunghe	corte	corto - lungo	"[lemma=""lungo"" & pos=""ADJ""][word=""e""][lemma=""corto"" & pos=""ADJ""]"	4385118	Il moto della superficie marina risulta dalla presenza simultanea di onde	lunghe e corte	che si muovono con velocità diverse per valore e direzione, e dalla cui sovrapposizione, casuale e variabile, deriva l'aspetto mutevole della superficie del mare cioè il crescere, il frangersi e lo scomparire delle singole creste.
yes	X o Y	corto	lungo	corto - lungo	"[lemma=""corto"" & pos=""ADJ""][word=""o""][lemma=""lungo"" & pos=""ADJ""]"	5948259	A parte la Mercedes Classe A, grande protagonista (ma le consegne inizieranno in autunno avanzato) debutto mondiale per il grande minivan Hyundai H - 1 (4,7 o 5,04 metri, in funzione del passo,	corto o lungo	) derivato - con la stessa filosofia del Mercedes Classe V - da un veicolo commerciale leggero come l'H - 100.
yes	X o Y	corta	lunga	corto - lungo	"[lemma=""corto"" & pos=""ADJ""][word=""o""][lemma=""lungo"" & pos=""ADJ""]"	5543090	La camicia è spesso bianca e spunta dalla giacca che può essere	corta o lunga	.
yes	X o Y	lunghi	corti	corto - lungo	"[lemma=""lungo"" & pos=""ADJ""][word=""o""][lemma=""corto"" & pos=""ADJ""]"	3221910	Ho scrutato i visi, sotto le barbe, oltre i capelli	lunghi o corti	, tra le cicatrici e le rughe.
yes	X o Y	lunga	corta	corto - lungo	"[lemma=""lungo"" & pos=""ADJ""][word=""o""][lemma=""corto"" & pos=""ADJ""]"	2316722	Ad esclusione dei collaboratori a progetto che possono contare su un indennizzo una tantum, le partite Iva non usufruiscono dell'indennità di disoccupazione e di alcuna forma di cassaintegrazione o di mobilità	lunga o corta	.
yes	X o Y	corta	lunga	corto - lungo	"[lemma=""corto"" & pos=""ADJ""][word=""o""][lemma=""lungo"" & pos=""ADJ""]"	6253340	Ma va più forte la pasta	corta o lunga	?
yes	X o Y	lungo	corto	corto - lungo	"[lemma=""lungo"" & pos=""ADJ""][word=""o""][lemma=""corto"" & pos=""ADJ""]"	1025783	"Date un'occhiata a quella pagina, è piena di piccole perle come questa: "" Non importa se il video è"	lungo o corto	.
yes	X o Y	lunghi	corti	corto - lungo	"[lemma=""lungo"" & pos=""ADJ""][word=""o""][lemma=""corto"" & pos=""ADJ""]"	6118306	Per le bambine, la scelta del vestito oscilla in media dalle 3-400 mila alle 6-700 mila lire (2 milioni per le grandi firme), per una vasta produzione di abitini	lunghi o corti	confezionati - a seconda delle richieste - in tafta, organza, sangallo o altri tessuti a scelta.
yes	X o Y	corto	lungo	corto - lungo	"[lemma=""corto"" & pos=""ADJ""][word=""o""][lemma=""lungo"" & pos=""ADJ""]"	509756	Il canale indiretto può essere	corto o lungo	in relazione al numero degli intermediari commerciali coinvolti.
yes	X o Y	lunghe	corte	corto - lungo	"[lemma=""lungo"" & pos=""ADJ""][word=""o""][lemma=""corto"" & pos=""ADJ""]"	5543100	"C'è attesa per i tanto declamati tessuti "" naturali "" per stoffe sofisticate, le spalle sorrette solo da impercettibili anime di crine e telette:"	lunghe o corte	.
yes	X o Y	lunghi	corti	corto - lungo	"[lemma=""lungo"" & pos=""ADJ""][word=""o""][lemma=""corto"" & pos=""ADJ""]"	699502	"Chiamato a distinguere maschi e femmine, tra una serie di volti da cui erano stati cancellati tutti gli indizi di natura "" culturale "" (i capelli"	lunghi o corti	, il trucco, orecchini o collane, ecc.), il computer è stato più perspicace.
yes	X o Y	lunghi	corti	corto - lungo	"[lemma=""lungo"" & pos=""ADJ""][word=""o""][lemma=""corto"" & pos=""ADJ""]"	6150037	Non c'è quella varietà di costumi, di veli	lunghi o corti	"per le donne, che si può osservare in una strada di Francia ""."
yes	X o Y	corto	lungo	corto - lungo	"[lemma=""corto"" & pos=""ADJ""][word=""o""][lemma=""lungo"" & pos=""ADJ""]"	5264214	Il top di gamma sarà un'ammiraglia S90 nella versione berlina o station wagon V90 disponibile con passo	corto o lungo	e carrozzeria compresa tra i 4,84 e i 5 metri, con motori 5 cilindri e potenze di 179 o 226 cavalli: modelli che indicheranno la posizione definitiva di Volvo nel terzo millennio.
yes	X o Y	lunghe	corte	corto - lungo	"[lemma=""lungo"" & pos=""ADJ""][word=""o""][lemma=""corto"" & pos=""ADJ""]"	5892548	Non raccontate - vi prego - se Otello ha le mutande	lunghe o corte	.
yes	X o Y	lunghe	corte	corto - lungo	"[lemma=""lungo"" & pos=""ADJ""][word=""o""][lemma=""corto"" & pos=""ADJ""]"	1972068	Nei corridoi sfilano le amanti: il tailleur pigiama di raso sotto il cappotto vestaglia in astrakan, sottovesti di seta	lunghe o corte	, stampate o ricamate o di pizzo, lingerie che occhieggia da caban di visone tricot.
yes	X o Y	cortissima	lunghissima	corto - lungo	"[lemma=""corto"" & pos=""ADJ""][word=""o""][lemma=""lungo"" & pos=""ADJ""]"	7107612	Anche Fabio Bresciani, Global Ambassador Italia Bumble and Bumble e Fabrizio Palmieri, Creative Director Toni & Guy Italia, ci avevano indicato la frangia come un must della stagione:	cortissima o lunghissima	per Bresciani, da portare con un taglio scalato anni '70 o con un corto, tipo mullet alla David Bowie, corto sulla testa con frangetta e ciuffi lunghi sulle tempie.
yes	X o Y	lungo	corto	corto - lungo	"[lemma=""lungo"" & pos=""ADJ""][word=""o""][lemma=""corto"" & pos=""ADJ""]"	126815	I gatti domestici a pelo	lungo o corto	sono facili da trovare.
yes	X o Y	lunghi	corti	corto - lungo	"[lemma=""lungo"" & pos=""ADJ""][word=""o""][lemma=""corto"" & pos=""ADJ""]"	4059935	Vecchi e giovani, con capelli	lunghi o corti	, bianchi o neri, reagirono tutti come se gli fosse stato acceso un fiammifero sotto il culo».
yes	X o Y	lunghe	corte	corto - lungo	"[lemma=""lungo"" & pos=""ADJ""][word=""o""][lemma=""corto"" & pos=""ADJ""]"	5928658	E questa caratteristica fondamentale della personalità si doveva evincere attraverso domande tipo: Le bugie hanno le gambe	lunghe o corte	?
yes	X o Y	corti	lunghi	corto - lungo	"[lemma=""corto"" & pos=""ADJ""][word=""o""][lemma=""lungo"" & pos=""ADJ""]"	106794	I guanti sono una protezione per chi non è abituato alle punture delle api, ne esistono di vario tipo	corti o lunghi	fino al gomito.
yes	X o Y	lunga	corta	corto - lungo	"[lemma=""lungo"" & pos=""ADJ""][word=""o""][lemma=""corto"" & pos=""ADJ""]"	6392414	Lo stile è militare, i tessuti pure: pantaloni in cotone antistrappo e con tasconi (da 55 a 75 mila), gilet con 13 tasche (da 59 a 130 mila), sahariane con manica	lunga o corta	"da 60 mila in su e una serie di calzature "" estreme "": anfibi da giungla, Desert Boots come quelli usati nel Golfo e Combact Boots da parà americano."
yes	X o Y	lunghi	corti	corto - lungo	"[lemma=""lungo"" & pos=""ADJ""][word=""o""][lemma=""corto"" & pos=""ADJ""]"	5205630	Per avere ciuffi	lunghi o corti	, basette sfilate, nuca rasata.
yes	X o Y	lunghe	corte	corto - lungo	"[lemma=""lungo"" & pos=""ADJ""][word=""o""][lemma=""corto"" & pos=""ADJ""]"	4230345	Di più, la similitudine oggi diffusa di testo poetico e spartito veniva da lei collegata ad un'interazione profonda di forze equivalenti che rendevano ogni simmetria'contrastata da un formicolio di ritmi traducibili non in piedi o in misure	lunghe o corte	, ma in durate microscopiche appena appena annotabili, volendo, a matita su carta grafica millesimale'.
yes	o X o Y	corte	lunghissime	corto - lungo	"[word=""o""][lemma=""corto"" & pos=""ADJ""][word=""o""][lemma=""lungo"" & pos=""ADJ""]"	2882729	Con la notte i gruppi di alpini erano diventati più frenetici di canto, andavano e venivano per le strade, dolcement in salita, presi a braccio, col cappello sbandato e le penne	o corte o lunghissime	che si incrociavano come spade.
yes	X e Y	facili	difficili	difficile - facile	"[lemma=""facile"" & pos=""ADJ""][word=""e""][lemma=""difficile"" & pos=""ADJ""]"	250286	E poi ci sono altri temi di discussione: collaborazioni	facili e difficili	, nascita frequente di nuovi Gruppi, futuro della nostra speleologia, ruoli e nuove opportunità della Federazione Speleologica Regionale, turisticizzazione delle grotte, vandalismi, deturpazioni, inquinamenti, rapporti col mondo politico, il prossimo Congresso di Speleologia, la legge regionale 27..... Perché non ne parliamo...... ma serenamente?
yes	X e Y	facile	difficile	difficile - facile	"[lemma=""facile"" & pos=""ADJ""][word=""e""][lemma=""difficile"" & pos=""ADJ""]"	3637191	Trattare con loro, appunto, è al tempo stesso	facile e difficile	, non ci sono regole in proposito.
yes	X e Y	facile	difficile	difficile - facile	"[lemma=""facile"" & pos=""ADJ""][word=""e""][lemma=""difficile"" & pos=""ADJ""]"	5655391	De Simone l'ha trasportata ai nostri giorni rispettando la musica: compito	facile e difficile	al tempo stesso.
yes	X e Y	facili	difficili	difficile - facile	"[lemma=""facile"" & pos=""ADJ""][word=""e""][lemma=""difficile"" & pos=""ADJ""]"	5340116	Primo errore, perché oggi in serie A non esistono più partite	facili e difficili	.
yes	X o Y	facili	difficili	difficile - facile	"[lemma=""facile"" & pos=""ADJ""][word=""o""][lemma=""difficile"" & pos=""ADJ""]"	2801515	Tutti facciamo scelte	facili o difficili	, spesso sono le difficoltà che ci consegnano i momenti migliori».
yes	X o Y	facili	difficili	difficile - facile	"[lemma=""facile"" & pos=""ADJ""][word=""o""][lemma=""difficile"" & pos=""ADJ""]"	5611209	Gli stessi anni,	facili o difficili	, narrati da una viaggiatrice senza tempo come Adriana.
yes	X o Y	facile	difficile	difficile - facile	"[lemma=""facile"" & pos=""ADJ""][word=""o""][lemma=""difficile"" & pos=""ADJ""]"	4624349	Per lei che si è sempre battuta per la riforma della scuola, è stato	facile o difficile	il rapporto con i superiori?
yes	X o Y	facili	difficili	difficile - facile	"[lemma=""facile"" & pos=""ADJ""][word=""o""][lemma=""difficile"" & pos=""ADJ""]"	6905565	Accanto alla distinzione tra sequenze computabili e sequenze non computabili, esaminata da Turing nel 1936, si possono classificare le sequenze a seconda che siano	facili o difficili	da calcolare.
yes	X o Y	facile	difficile	difficile - facile	"[lemma=""facile"" & pos=""ADJ""][word=""o""][lemma=""difficile"" & pos=""ADJ""]"	1523440	Si ottiene quindi un grafico nel quale il nome di ciascuno studente scopre quanto sia	facile o difficile	lavorare con lui.
yes	X o Y	facile	difficile	difficile - facile	"[lemma=""facile"" & pos=""ADJ""][word=""o""][lemma=""difficile"" & pos=""ADJ""]"	1568811	Ma	facile o difficile	, era così, e adesso, grazie a quello stupido tiliàn, lo aveva capito.
yes	X o Y	facile	difficile	difficile - facile	"[lemma=""facile"" & pos=""ADJ""][word=""o""][lemma=""difficile"" & pos=""ADJ""]"	6508132	Una lettera di Raffaele Massacesi (Pesaro) ha reso questo gioco - che non si sapeva se definire	facile o difficile	- del tutto scosceso.
yes	X o Y	facile	difficile	difficile - facile	"[lemma=""facile"" & pos=""ADJ""][word=""o""][lemma=""difficile"" & pos=""ADJ""]"	6481891	PRONOSTICI DIFFICILI Era	facile o difficile	prevedere un epilogo del genere?
yes	X o Y	facile	difficile	difficile - facile	"[lemma=""facile"" & pos=""ADJ""][word=""o""][lemma=""difficile"" & pos=""ADJ""]"	603372	Ma in Sicilia le 324 mila microimprese del registro Iva renderanno più	facile o difficile	una riedizione del clamoroso 61 parlamentari a 0 con il quale il Polo liquidò alle politiche del 2001 l'Ulivo?
yes	X o Y	facile	difficile	difficile - facile	"[lemma=""facile"" & pos=""ADJ""][word=""o""][lemma=""difficile"" & pos=""ADJ""]"	1660268	Senza porsi la tacita domanda se uccidermi subito fosse	facile o difficile	.
yes	X e Y	dure	morbide	duro - morbido	"[lemma=""duro"" & pos=""ADJ""][word=""e""][lemma=""morbido"" & pos=""ADJ""]"	8534	Le matite Esistono matite	dure e morbide	ma vi consiglio di usare una matita 2 B che è abbastanza morbida e permette di realizzare un tratto preciso.
yes	X e Y	duri	morbidi	duro - morbido	"[lemma=""duro"" & pos=""ADJ""][word=""e""][lemma=""morbido"" & pos=""ADJ""]"	5797018	Per abbatterlo si sono tentati complotti, usate spie che' ' venivano dal caldo' '; embarghi	duri e morbidi	.
yes	X e Y	dure	morbide	duro - morbido	"[lemma=""duro"" & pos=""ADJ""][word=""e""][lemma=""morbido"" & pos=""ADJ""]"	687597	Dopo due giorni interminabili a parlare di mescole	dure e morbide	"con un occhio al cielo e l'altro al termometro, dopo la corsa in cui tutti hanno visto la Ferrari di Michael Schumacher tradita da un pneumatico sgonfio, l'addetto stampa di Maranello, Claudio Berro, ci tiene a puntualizzare che "" le gomme non c'entrano ""."
yes	X e Y	morbido	duro	duro - morbido	"[lemma=""morbido"" & pos=""ADJ""][word=""e""][lemma=""duro"" & pos=""ADJ""]"	2167425	Mmh... è	morbido e duro	al tempo stesso, come acciaio avvolto nel velluto, e ha un sapore sorprendente, lievemente salato.
yes	X o Y	morbido	durissimo	duro - morbido	"[lemma=""morbido"" & pos=""ADJ""][word=""o""][lemma=""duro"" & pos=""ADJ""]"	241400	C'è un solo apparecchio che può offrire, in tempi molto rapidi, un risultato perfetto con qualsiasi alimento,	morbido o durissimo	: è l'affettatrice elettrica semiprofessionale.
yes	X o Y	duro	morbido	duro - morbido	"[lemma=""duro"" & pos=""ADJ""][word=""o""][lemma=""morbido"" & pos=""ADJ""]"	4623446	Sono anzitutto gli schemi sensorio - percettivi (spaziali, tattili, luminosi, cinetici, sinestesici, ecc.) per cui diciamo che un evento sonoro è alto o basso, vicino o lontano,	duro o morbido	, chiaro o scuro, e così via.
yes	X o Y	morbidi	duri	duro - morbido	"[lemma=""morbido"" & pos=""ADJ""][word=""o""][lemma=""duro"" & pos=""ADJ""]"	5189690	A San Marco dei Cavoti, un piccolo Comune della provincia di Benevento, ci sono ben sette fabbriche di croccantini, torroni - baci, alla mandorla o al cioccolato,	morbidi o duri	.
yes	X o Y	dura	morbida	duro - morbido	"[lemma=""duro"" & pos=""ADJ""][word=""o""][lemma=""morbido"" & pos=""ADJ""]"	471897	Se si trattava di una pastiglia: era	dura o morbida	?
yes	X , non Y	falsa	vera	falso - vero	"[lemma=""falso"" & pos=""ADJ""][word="",""][word=""non""][lemma=""vero"" & pos=""ADJ""]"	4398106	È questo il caso piú frequente e subdolo, che prende il nome di pseudodemenza: cioè demenza	falsa, non vera	.
yes	X e Y	vera	falsa	falso - vero	"[lemma=""vero"" & pos=""ADJ""][word=""e""][lemma=""falso"" & pos=""ADJ""]"	201474	Tale principio è importantissimo per Aristotele perché, se lo si nega, ne segue che ogni affermazione può essere insieme	vera e falsa	, il che escluderebbe la possibilità di distinguere il vero dal falso, conducendo verso il relativismo e lo scetticismo.
yes	X e Y	falsa	vera	falso - vero	"[lemma=""falso"" & pos=""ADJ""][word=""e""][lemma=""vero"" & pos=""ADJ""]"	2256327	Le nozioni medievali di	falsa e vera	attribuzione, e di manipolazione di un testo, non erano le nostre.
yes	X e Y	vere	false	falso - vero	"[lemma=""vero"" & pos=""ADJ""][word=""e""][lemma=""falso"" & pos=""ADJ""]"	419887	"Si combatte pure all'esterno, nei salotti intellettuali che contano, nel santuario dei "" poteri forti "", nel commercio levantino delle notizie"	vere e false	", nelle interviste a raffica degli apologeti e dei diffamatori del boss di Seattle, o nelle "" veline "" talvolta compiacenti e talaltra maliziose delle agenzie di stampa."
yes	X e Y	veri	falsi	falso - vero	"[lemma=""vero"" & pos=""ADJ""][word=""e""][lemma=""falso"" & pos=""ADJ""]"	5436249	Ma è anche - insinua Malerba - il racconto di un racconto, anzi di molti racconti,	veri e falsi	, con i quali Ulisse articola e porta avanti la sua strategia.
yes	X e Y	vero	falso	falso - vero	"[lemma=""vero"" & pos=""ADJ""][word=""e""][lemma=""falso"" & pos=""ADJ""]"	5099683	Ecco cosa c'è di	vero e falso	nelle convinzioni più diffuse.
yes	X e Y	vere	false	falso - vero	"[lemma=""vero"" & pos=""ADJ""][word=""e""][lemma=""falso"" & pos=""ADJ""]"	7095815	Hanno quindi immaginato una serie di scenari simili all'esperimento di Sally e Anne, e hanno messo alla prova alcune delle più moderne intelligenze artificiali, fornendo loro una breve descrizione della situazione e chiedendogli di rispondere ad alcuni quesiti relativi alle credenze,	vere e false	, del primo e del secondo ordine, delle due protagoniste.
yes	X e Y	vere	false	falso - vero	"[lemma=""vero"" & pos=""ADJ""][word=""e""][lemma=""falso"" & pos=""ADJ""]"	5744240	È un salotto ricco di anfore e statuine etrusche e maya	vere e false	, di statue di legno policromo, di Madonne in terracotta, di un Matta e di bellissimi acquerelli azzurri, ritratti di Franca firmati Picasso (ma sono dello stesso Fo).
yes	X e Y	vera	falsa	falso - vero	"[lemma=""vero"" & pos=""ADJ""][word=""e""][lemma=""falso"" & pos=""ADJ""]"	4410758	Sicché pensare dialetticamente, o per contrapposizione, non significa affermare che è vero tutto e il contrario di tutto, alla maniera dei sofisti; o che una cosa è	vera e falsa	insieme; ma che il vero può essere attinto solo mediante il confronto, la mediazione con ciò che vero non è, cioè mediante verificazione.
yes	X e Y	veri	falsi	falso - vero	"[lemma=""vero"" & pos=""ADJ""][word=""e""][lemma=""falso"" & pos=""ADJ""]"	4414565	Il significato di una parola contiene tutti i suoi possibili usi,	veri e falsi	, non solo i suoi usi effettivi, e gli usi effettivi sono solo una frazione minima di quelli possibili.
yes	X e Y	vera	falsa	falso - vero	"[lemma=""vero"" & pos=""ADJ""][word=""e""][lemma=""falso"" & pos=""ADJ""]"	4410748	""" Hegel - sottolinea a tale proposito Croce - non nega il principio di identità, perché altrimenti avrebbe dovuto ammettere, per esempio, che la sua teoria logica sia vera e non vera insieme,"	vera e falsa	"; che filosoficamente, l'essere e il nulla si possano pensare nella sintesi, e anche ciascuno per sé, fuori della sintesi ""."
yes	X e Y	vere	false	falso - vero	"[lemma=""vero"" & pos=""ADJ""][word=""e""][lemma=""falso"" & pos=""ADJ""]"	3218729	Con tutte le lettere,	vere e false	, compreremo merci su molte piazze diverse e poi le rivenderemo per moneta sonante.
yes	X e Y	vero	falso	falso - vero	"[lemma=""vero"" & pos=""ADJ""][word=""e""][lemma=""falso"" & pos=""ADJ""]"	2644029	Lo Stato e l Â uomo di Stato sono grandi nella misura in cui riescono a discernere ciò che è importante nella volontà popolare, la quale ha per Hegel un carattere ancora oscuro: «Nella pubblica opinione, tutto è	vero e falso	; ma trovare in essa la verità è cosa del grand Â uomo.
yes	X e Y	vero	falso	falso - vero	"[lemma=""vero"" & pos=""ADJ""][word=""e""][lemma=""falso"" & pos=""ADJ""]"	4093636	Degli uni e degli altri, si usa spesso dire che ` ` non si possono esprimere' ': ed è, penso,	vero e falso	contemporaneamente.
yes	X e Y	vera	falsa	falso - vero	"[lemma=""vero"" & pos=""ADJ""][word=""e""][lemma=""falso"" & pos=""ADJ""]"	5626833	L'affermazione che i due sistemi siano sostanzialmente analoghi è insieme	vera e falsa	.
yes	X e Y	vere	false	falso - vero	"[lemma=""vero"" & pos=""ADJ""][word=""e""][lemma=""falso"" & pos=""ADJ""]"	5850430	Il professor Wagner ha concluso così la tavola rotonda sulle innovazioni	vere e false	nell'artroprotesi d'anca inserita nel Congresso internazionale di Ortopedia e Traumatologia che terminerà oggi al Lingotto.
yes	X e Y	veri	falsi	falso - vero	"[lemma=""vero"" & pos=""ADJ""][word=""e""][lemma=""falso"" & pos=""ADJ""]"	201041	Se non è più possibile discriminare in assoluto tra discorsi	veri e falsi	, sarà però possibile elaborarne di sempre più ampi e comprensivi, che rispecchino i punti di vista della comunità, superando e mediando le opinioni particolari.
yes	X e Y	vero	falso	falso - vero	"[lemma=""vero"" & pos=""ADJ""][word=""e""][lemma=""falso"" & pos=""ADJ""]"	5597420	28-08-97 ECONOMIArio MISURE IN GIOCO A cura di Michele Francipane Enigma oncia - unghia, salma - salmo - Il rapporto linguistico oncia - unghia e salma - salmo è	vero e falso	a un tempo: è vero che son due false coppie, proprio perché è falso che oncia e unghia abbiano una stessa radice.
yes	X e Y	vero	falso	falso - vero	"[lemma=""vero"" & pos=""ADJ""][word=""e""][lemma=""falso"" & pos=""ADJ""]"	2640108	Cade la distinzione tra proporzione e spro porzione (già in Leone Ebreo), tra forma e informe, visibile e invisibile: la rappresentazione dell'informe, dell'invisibile, del vago trascende le opposiz ioni tra bello e brutto,	vero e falso	.
yes	X e Y	vero	falso	falso - vero	"[lemma=""vero"" & pos=""ADJ""][word=""e""][lemma=""falso"" & pos=""ADJ""]"	4303550	Sono quei fili che rendono	vero e falso	nello stesso tempo il riduzionismo, e ribadiscono l'importanza di tutte le forme del sapere, dalla fisica alla letteratura, dalla chimica alla psicanalisi, nel quadro di un'unica cultura che tanti grandi, fra cui Boltzmann, hanno contribuito a creare.
yes	X e Y	vere	false	falso - vero	"[lemma=""vero"" & pos=""ADJ""][word=""e""][lemma=""falso"" & pos=""ADJ""]"	4510090	Come il materialismo supera se stesso, allo stesso modo potremmo dire che la selezione naturale supera t se stessa, portando allo sviluppo di un linguaggio provvisto di frasi	vere e false	.
yes	X e Y	falso	vero	falso - vero	"[lemma=""falso"" & pos=""ADJ""][word=""e""][lemma=""vero"" & pos=""ADJ""]"	4131276	Questo conflitto fra	falso e vero	sé è quello che nel corso del tempo può portare alla difficoltà a sentirsi esistente e può quindi interferire, in certe situazioni, nel rapporto col reale.
yes	X e Y	vero	falso	falso - vero	"[lemma=""vero"" & pos=""ADJ""][word=""e""][lemma=""falso"" & pos=""ADJ""]"	2259731	"T Ã¢ "" "" Dicendo che, se la domanda riguarda questioni spirituali, Dio può certamente perdonare il peccato commesso e restituire la peccatrice allo stato di grazia; e se riguarda questioni Ã´ "" Â § siche, Dio può con un miracolo far tornare alla primitiva integrità quell'imene violato; ma neppure Dio può fare che ciò che è stato non sia stato, ovvero stabilire che qualcosa sia"	vero e falso	allo stesso tempo.
yes	X e Y	vero	falso	falso - vero	"[lemma=""vero"" & pos=""ADJ""][word=""e""][lemma=""falso"" & pos=""ADJ""]"	412566	Nella scala degli scambi di ruolo fra	vero e falso	sono più diffusi, ma proprio per questo forse più fuorvianti, quelli che avvengono nel mondo dei mass media.
yes	X e Y	vero	falso	falso - vero	"[lemma=""vero"" & pos=""ADJ""][word=""e""][lemma=""falso"" & pos=""ADJ""]"	2471393	È una donna di cinquant'anni appena scolarizzata, non sa come si fa una ricerca, non sa cos'è la verità documentaria: legge, si appassiona, mescola	vero e falso	, fantastica.
yes	X e Y	vere	false	falso - vero	"[lemma=""vero"" & pos=""ADJ""][word=""e""][lemma=""falso"" & pos=""ADJ""]"	4508764	Proprio come vi sono religioni del bene e del male religioni che incoraggiano nell'uomo il bene o il male - così esistono idee filosofiche buone e cattive, e teorie filosofiche	vere e false	.
yes	X e Y	vere	false	falso - vero	"[lemma=""vero"" & pos=""ADJ""][word=""e""][lemma=""falso"" & pos=""ADJ""]"	5290373	"Dostoevskij è invece protagonista con "" Il sottosuolo "" interpretato e adattato da Valentino Orfeo (al Teatro dell'Orologio Sala Orfeo da questa sera): confessioni"	vere e false	in un'atmosfera di memorie.
yes	X e Y	veri	falsi	falso - vero	"[lemma=""vero"" & pos=""ADJ""][word=""e""][lemma=""falso"" & pos=""ADJ""]"	1330843	Il più delle avanguardie, come si definirono, dubitò che cambiare i rapporti di comando su quell'infido terreno e con una azione di massa fosse sovversivo; bisognava spingere, dividersi fra rivoluzionari	veri e falsi	, tutto e subito, non farsi accalappiare dai fatali obiettivi intermedi finendo preda del sindacato.
yes	X e Y	veri	falsi	falso - vero	"[lemma=""vero"" & pos=""ADJ""][word=""e""][lemma=""falso"" & pos=""ADJ""]"	5404254	L'inglese Belstaff, giaccone adorato da	veri e falsi	"motociclisti, espone la "" Brogh Superior SS100 "", moto - gioiello su cui si impastò il celeberrimo colonnello Lawrence, pur scampato ai pericoli d'Arabia."
yes	X e Y	vero	falso	falso - vero	"[lemma=""vero"" & pos=""ADJ""][word=""e""][lemma=""falso"" & pos=""ADJ""]"	4501318	Trattandosi di obesità e di disturbi del comportamento alimentare bisognerà tenere presenti le nozioni psicanalitiche di «oralità», «pregenitalità», «narcisismo» e «introiezione», di	vero e falso	«sé» o, in modo più colorito, di «imprecisione dei limiti dell'io».
yes	X e Y	vere	false	falso - vero	"[lemma=""vero"" & pos=""ADJ""][word=""e""][lemma=""falso"" & pos=""ADJ""]"	6920571	Non è un caso che Sinan Aral, uno dei ricercatori che si era occupato dei dati relativi al contagio tra corridori, abbia studiato la diffusione di tutte le notizie	vere e false	distribuite su Twitter dal 2006 al 2017.
yes	X e Y	vero	falso	falso - vero	"[lemma=""vero"" & pos=""ADJ""][word=""e""][lemma=""falso"" & pos=""ADJ""]"	6053120	Dire che i fucili di oggi sono uguali a quelli di ieri è	vero e falso	allo stesso tempo.
yes	X o Y	vere	false	falso - vero	"[lemma=""vero"" & pos=""ADJ""][word=""o""][lemma=""falso"" & pos=""ADJ""]"	4604864	Queste regole tecnologiche e le metaregole, come abbiamo gia'indicato, non sono	vere o false	come le leggi nomologiche, ma più o meno efficaci o inefficaci, e la loro efficacia deve essere stabilitaempiricamente.
yes	X o Y	vero	falso	falso - vero	"[lemma=""vero"" & pos=""ADJ""][word=""o""][lemma=""falso"" & pos=""ADJ""]"	2635275	Analogamente, la verità e la menzogna non sono entità morali distinte, niente essendo completamente	vero o falso	.
yes	X o Y	veri	falsi	falso - vero	"[lemma=""vero"" & pos=""ADJ""][word=""o""][lemma=""falso"" & pos=""ADJ""]"	2327867	* Indemoniati	veri o falsi	dall'esorcista c'Ã ¨ la fila * IN FILA con il numerino per l'esorcista.
yes	X o Y	vera	falsa	falso - vero	"[lemma=""vero"" & pos=""ADJ""][word=""o""][lemma=""falso"" & pos=""ADJ""]"	6405294	"Si parla del ruolo che devono assumere i genitori, del "" tempo libero "" dei bambini (da non riempire per forza con tanti "" corsi ""), degli amici e delle paure, delle bugie, dei piccoli tic e fobie, della"	vera o falsa	"pigrizia, delle "" cotte "" infantili e via via componendo l'intero mondo di questi bambini."
yes	X o Y	vero	falso	falso - vero	"[lemma=""vero"" & pos=""ADJ""][word=""o""][lemma=""falso"" & pos=""ADJ""]"	5337913	Ora la sentenza del Tribunale civile decreta che il documento non vale,	vero o falso	che sia.
yes	X o Y	veri	falsi	falso - vero	"[lemma=""vero"" & pos=""ADJ""][word=""o""][lemma=""falso"" & pos=""ADJ""]"	4047418	Per questo sapeva tutta una serie di strani dettagli,	veri o falsi	non si sa, e queste sue nozioni misteriose tingevano il nostro viaggio di colori altrettanto misteriosi.
yes	X o Y	vero	falso	falso - vero	"[lemma=""vero"" & pos=""ADJ""][word=""o""][lemma=""falso"" & pos=""ADJ""]"	5932999	Ha avvinto il marito che la desiderava sopra ogni cosa, avvicinandosi a lui ad arte, ogni volta che lui - folle di desiderio - si convinceva a confessarle,	vero o falso	, l'orribile crimine.
yes	X o Y	vere	false	falso - vero	"[lemma=""vero"" & pos=""ADJ""][word=""o""][lemma=""falso"" & pos=""ADJ""]"	2103468	"Le crisi di Diana possono impressionare le altre pazienti, e le confidenze che tende a fare nella sua fase Ã¢ "" Â cattivaÃ¢ "" Â,"	vere o false	che siano, turbano tutti.
yes	X o Y	vere	false	falso - vero	"[lemma=""vero"" & pos=""ADJ""][word=""o""][lemma=""falso"" & pos=""ADJ""]"	2257396	"Vi sono dimostrazioni persuasive del fatto che Ockham abbia usato significare anche in senso intensionale Ã¢ "" "" e si rinvia ancora a Boehner (1958) e Marmo (1984) per tutti quei casi in cui le proposizioni mantengono comunque il loro signiÃ´ "" Â § cato indipendentemente dal fatto che siano"	vere o false	.
yes	X o Y	veri	falsi	falso - vero	"[lemma=""vero"" & pos=""ADJ""][word=""o""][lemma=""falso"" & pos=""ADJ""]"	1170254	Anche la vostra religiosità ha qualcosa di pagano: qui i santi -	veri o falsi	- contano più di Dio!
yes	X o Y	vero	falso	falso - vero	"[lemma=""vero"" & pos=""ADJ""][word=""o""][lemma=""falso"" & pos=""ADJ""]"	6965491	Schoch beve da così tanto tempo che poco gli importa all'inizio se quel che vede è	vero o falso	.
yes	X o Y	vere	false	falso - vero	"[lemma=""vero"" & pos=""ADJ""][word=""o""][lemma=""falso"" & pos=""ADJ""]"	4510099	Qui sta dunque il passo decisivo, il passo che dipende dall'invenzione di frasi	vere o false	.
yes	X o Y	vere	false	falso - vero	"[lemma=""vero"" & pos=""ADJ""][word=""o""][lemma=""falso"" & pos=""ADJ""]"	3477963	""" "" Sono Commissario di Rotor, Marlene Fisher, ed è compito mio occuparmi di certe cose, quindi devi lasciarle a me,"	vere o false	che siano, sciocche o non sciocche.
yes	X o Y	veri	falsi	falso - vero	"[lemma=""vero"" & pos=""ADJ""][word=""o""][lemma=""falso"" & pos=""ADJ""]"	4946523	"Rimane pur sempre un "" nucleo di fatto "" costituito da enunciati che possono essere"	veri o falsi	", dalla cui verità o falsità dipende l'esito della decisione in quanto la norma potrà o non potrà essere applicata a seconda che i suoi presupposti di fatto "" esistano "" o "" non esistano ""."
yes	X o Y	veri	falsi	falso - vero	"[lemma=""vero"" & pos=""ADJ""][word=""o""][lemma=""falso"" & pos=""ADJ""]"	4510819	Consistono nel descrivere fatti orripilanti, prevalentemente sadici, che possono essere	veri o falsi	, ma che soprattutto sono presentati in una forma che evoca un impulso sessuale e non semplice paura o disgusto.
yes	X o Y	vero	falso	falso - vero	"[lemma=""vero"" & pos=""ADJ""][word=""o""][lemma=""falso"" & pos=""ADJ""]"	6897750	Prima di tutto si tratta di comprendere qualcosa sul funzionamento logico del pensiero antropocentrico basato, essenzialmente, su una logica in cui regnano pochissime sfumature ma moltissime dicotomie: nella procedura antropocentrica è ben rintracciabile una logica in cui le variabili possono assumere solo i valori	vero o falso	e per cui le cose sono o bianche o nere.
yes	X o Y	vero	falso	falso - vero	"[lemma=""vero"" & pos=""ADJ""][word=""o""][lemma=""falso"" & pos=""ADJ""]"	4169399	Non ho più voglia di fare niente, e non so più se quello che penso, anche di lui, sia	vero o falso	.
yes	X o Y	vera	falsa	falso - vero	"[lemma=""vero"" & pos=""ADJ""][word=""o""][lemma=""falso"" & pos=""ADJ""]"	1020196	Questa sensazione,	vera o falsa	che sia, l'italiano la vive sulla sua pelle, tutti i giorni.
yes	X o Y	vero	falso	falso - vero	"[lemma=""vero"" & pos=""ADJ""][word=""o""][lemma=""falso"" & pos=""ADJ""]"	2257282	"È solo l'intelletto, le cui operazioni sono signiÃ´ "" Â § cate, che può essere deÃ´ "" Â § nito"	vero o falso	"rispetto allo stato di cose eÃ´ "" Â ± ettivo: Ã¢ "" Â intellectus dicitur verum secundum quod conformatur reiÃ¢ "" Â (I, 3, 7)."
yes	X o Y	vera	falsa	falso - vero	"[lemma=""vero"" & pos=""ADJ""][word=""o""][lemma=""falso"" & pos=""ADJ""]"	6972434	L'informazione in Rete può essere	vera o falsa	, o entrambe le cose, ma in Rete è impossibile sostenere una menzogna per lungo tempo.
yes	X o Y	vero	falso	falso - vero	"[lemma=""vero"" & pos=""ADJ""][word=""o""][lemma=""falso"" & pos=""ADJ""]"	955693	"Ancora di più: poiché il logos è un "" lasciar vedere "" proprio per questo motivo esso può essere"	vero o falso	.
yes	X o Y	vere	false	falso - vero	"[lemma=""vero"" & pos=""ADJ""][word=""o""][lemma=""falso"" & pos=""ADJ""]"	2236320	In particolare, il portatile proponeva una serie di affermazioni Â che i soggetti dovevano classificare come	vere o false	Â appartenenti a quattro diverse categorie.
yes	X o Y	vero	falso	falso - vero	"[lemma=""vero"" & pos=""ADJ""][word=""o""][lemma=""falso"" & pos=""ADJ""]"	2639133	Per appurare se qualcosa che ha detto è	vero o falso	, dovete per forza rivolgervi a fonti più autorevoli.
yes	X o Y	vere	false	falso - vero	"[lemma=""vero"" & pos=""ADJ""][word=""o""][lemma=""falso"" & pos=""ADJ""]"	398435	Esso può offrire degli esempi numerici che rendono esplicite le proposizioni astratte; può confutare delle impressioni false; è in grado di accumulare del materiale che può suggerire delle congetture che successivamente qualcuno dimostrerà	vere o false	.
yes	X o Y	vera	falsa	falso - vero	"[lemma=""vero"" & pos=""ADJ""][word=""o""][lemma=""falso"" & pos=""ADJ""]"	2261859	Di ogni affermazione dovete indicare se vi sembra	vera o falsa	basandovi sui vostri sentimenti.
yes	X o Y	vere	false	falso - vero	"[lemma=""vero"" & pos=""ADJ""][word=""o""][lemma=""falso"" & pos=""ADJ""]"	7117961	I social hanno rovesciato i parametri esistenti e hanno reso possibile per ognuno di condivide e amplificare le informazioni, indipendentemente dal fatto che siano	vere o false	.
yes	X o Y	vere	false	falso - vero	"[lemma=""vero"" & pos=""ADJ""][word=""o""][lemma=""falso"" & pos=""ADJ""]"	5097628	Leggete queste affermazioni e provate a dire se sono	vere o false	.
yes	X o Y	vere	false	falso - vero	"[lemma=""vero"" & pos=""ADJ""][word=""o""][lemma=""falso"" & pos=""ADJ""]"	6825023	o meno coerenti, e non proposizioni empiriche,	vere o false	.
yes	X o Y	vera	falsa	falso - vero	"[lemma=""vero"" & pos=""ADJ""][word=""o""][lemma=""falso"" & pos=""ADJ""]"	2625698	C Â è chi preferisce credere a una storia purchessia solo perché ci credevano gli anziani della tribù Â non importa se sia	vera o falsa	Â, piuttosto che accettare il coraggio della sincerità: accettare che viviamo senza sapere tutto quello che vorremmo sapere.
yes	X o Y	vera	falsa	falso - vero	"[lemma=""vero"" & pos=""ADJ""][word=""o""][lemma=""falso"" & pos=""ADJ""]"	3075637	La sua pacata abitudine alla morte violenta mi terrorizzava più di qualsiasi Madonna	vera o falsa	che fosse.
yes	X o Y	vera	falsa	falso - vero	"[lemma=""vero"" & pos=""ADJ""][word=""o""][lemma=""falso"" & pos=""ADJ""]"	5697517	"Tommasi, a parte la storia del "" patronage "" di Palazzo Chigi,"	vera o falsa	che sia, gode della stima e della considerazione di tutti gli azionisti del gruppo.
yes	X o Y	veri	falsi	falso - vero	"[lemma=""vero"" & pos=""ADJ""][word=""o""][lemma=""falso"" & pos=""ADJ""]"	4824549	Tuttavia, non è infondata la tesi tradizionale secondo la quale solo gli enunciati constatativi o descrittivi possono dirsi	veri o falsi	.
yes	X o Y	vero	falso	falso - vero	"[lemma=""vero"" & pos=""ADJ""][word=""o""][lemma=""falso"" & pos=""ADJ""]"	2236323	"Alla quarta categoria appartenevano invece affermazioni che non richiedono un'introspezione ma un'attenzione rivolta all'esterno, costituite da semplici espressioni aritmetiche (""67 + 6 = 75,"	vero o falso	?
yes	X o Y	vero	falso	falso - vero	"[lemma=""vero"" & pos=""ADJ""][word=""o""][lemma=""falso"" & pos=""ADJ""]"	2632583	Il problema consisterà allora nel determinare le condizioni in base alle quali il linguaggio dell Â esperienza può farsi significante, può esser detto	vero o falso	in quanto rappresentante effettivo della realtà, in quanto la sua forma corrisponda o meno alle Erscheinungen, alle apparenze del mondo, la cui realtà non viene soltanto presupposta (e anche nella logica essa viene, di fatto, presupposta, poiché la logica «è prima del Come, non del Che cosa (Was)», 5.552), ma diviene l Â oggetto stesso dell Â interrogazione.
yes	X o Y	vere	false	falso - vero	"[lemma=""vero"" & pos=""ADJ""][word=""o""][lemma=""falso"" & pos=""ADJ""]"	6821517	Non essendoci un'unica natura del diritto, indipendente dalle lingue e dalle culture, le affermazioni sulla natura del diritto devono dunque essere intese diversamente: come proposizioni analitiche implicite,	vere o false	perché corrispondenti - non alla natura della cosa diritto, ma solo - alla definizione (al significato, al concetto) della parola'diritto'.
yes	X o Y	vero	falso	falso - vero	"[lemma=""vero"" & pos=""ADJ""][word=""o""][lemma=""falso"" & pos=""ADJ""]"	2709559	"«Sono proprio i tre elementi chiave di un classico "" meme "", ovvero di un elemento che si prepara a diventare virale sul web,"	vero o falso	che sia», spiega Giovanni Boccia Artieri, professore ordinario di sociologia dei new media all'universit Carlo Bo di Urbino.
yes	X o Y	vere	false	falso - vero	"[lemma=""vero"" & pos=""ADJ""][word=""o""][lemma=""falso"" & pos=""ADJ""]"	6821458	Gli enunciati possono esprimere quattro tipi principali di significati: definizioni; proposizioni analitiche,	vere o false	analiticamente (per definizione); proposizioni empiriche,
yes	X o Y	vere	false	falso - vero	"[lemma=""vero"" & pos=""ADJ""][word=""o""][lemma=""falso"" & pos=""ADJ""]"	365598	"L'accesso universale a Internet consente a qualsiasi dilettante o mercenario di "" fare informazione "", col risultato che si rovesciano a valanga, sulla linea, notizie d'ogni tipo e qualità,"	vere o false	, comunque quasi sempre incontrollabili, le quali si accreditano (almeno presso gli sprovveduti) per il solo fatto di stare sulla Rete... Questo, insieme agli altri aspetti della nuova realtà multimediale, ha gettato in una grave crisi di finalizzazione le agenzie di stampa.
yes	X o Y	vera	falsa	falso - vero	"[lemma=""vero"" & pos=""ADJ""][word=""o""][lemma=""falso"" & pos=""ADJ""]"	4952766	"2) non si può parlare di "" prova dell'affermazione (della verità) di un fatto "", un fatto è o non è, solo la sua enunciazione può essere"	vera o falsa	.
yes	X o Y	veri	falsi	falso - vero	"[lemma=""vero"" & pos=""ADJ""][word=""o""][lemma=""falso"" & pos=""ADJ""]"	6984364	Mentre in questo caso ha avuto l'effetto esattamente contrario, perché da un lato ha assecondato l'inerzia di chi riteneva più conveniente ottenere il soccorso piuttosto che cercarsi un'occupazione, e dall'altro ha avvilito chi invece lavorava sul serio con una retribuzione quasi pari a quella dei	veri o falsi	indigenti.
yes	X o Y	vero	falso	falso - vero	"[lemma=""vero"" & pos=""ADJ""][word=""o""][lemma=""falso"" & pos=""ADJ""]"	347569	È un gioco in cui si può seguire la storia di Splatterpunk attraverso le testimonianze, i pettegolezzi o gli avvistamenti e, al termine, dare un giudizio:	vero o falso	.
yes	X o Y	veri	falsi	falso - vero	"[lemma=""vero"" & pos=""ADJ""][word=""o""][lemma=""falso"" & pos=""ADJ""]"	416295	Insomma, anch'essi hanno deciso di sfruttare il processo di mimesi che si instaura tra il pubblico e gli eroi (	veri o falsi	) dello star system.
yes	X o Y	vere	false	falso - vero	"[lemma=""vero"" & pos=""ADJ""][word=""o""][lemma=""falso"" & pos=""ADJ""]"	4552349	In effetti, è proprio fra i transfughi dal Tempio che gli uomini di Filippo il Bello raccolsero le loro informazioni,	vere o false	che fossero.
yes	X o Y	vero	falso	falso - vero	"[lemma=""vero"" & pos=""ADJ""][word=""o""][lemma=""falso"" & pos=""ADJ""]"	1370981	Carlo Freccero, intellettuale del piccolo schermo: «I giornali si sono sempre più televisivizzati, questo esercito di sciacquette e belloni non ha altro da vendere che il proprio privato,	vero o falso	che sia».
yes	X o Y	veri	falsi	falso - vero	"[lemma=""vero"" & pos=""ADJ""][word=""o""][lemma=""falso"" & pos=""ADJ""]"	4222136	Questi fenomeni,	veri o falsi	che siano, sono antichi quanto il mondo: si registrano sempre e dappertutto.
yes	X o Y	vero	falso	falso - vero	"[lemma=""vero"" & pos=""ADJ""][word=""o""][lemma=""falso"" & pos=""ADJ""]"	260371	Il testo che si vuole mostrare per default va indicato tra le tag di apertura e di chiusura Indirizzo:  TEXTAREA ROWS = 4 COLS = 40 > Via Numero civico: Codice Postale: Città:  TEXTAREA> In situazioni in cui si chiede di impostare dei valori di tipo	vero o falso	si possono utilizzare le checkbox.
yes	X o Y	vere	false	falso - vero	"[lemma=""vero"" & pos=""ADJ""][word=""o""][lemma=""falso"" & pos=""ADJ""]"	4380755	Per la fama letteraria è infatti sufficiente scovare frasi ad effetto,	vere o false	"che siano: ad esempio, bastò a Ludwig Wittgenstein dire (non tacendo) "" su ciò di cui non si può parlare, si deve tacere "", per guadagnarsi una presenza di rilievo sui cattivi manuali."
yes	X o Y	vere	false	falso - vero	"[lemma=""vero"" & pos=""ADJ""][word=""o""][lemma=""falso"" & pos=""ADJ""]"	6822655	6) Anche le interpretazioni dottrinali, dunque, sarebbero	vere o false	(formalismo interpretativo).
yes	X o Y	vera	falsa	falso - vero	"[lemma=""vero"" & pos=""ADJ""][word=""o""][lemma=""falso"" & pos=""ADJ""]"	6291515	La Rete, orizzontale per definizione, rischia di dare identica dignità a qualsiasi informazione,	vera o falsa	, inedita o conosciuta.
yes	X o Y	vero	falso	falso - vero	"[lemma=""vero"" & pos=""ADJ""][word=""o""][lemma=""falso"" & pos=""ADJ""]"	335633	"Per esempio, se vogliamo trovare documenti che contengono il nome di questa testata, l'interrogazione dovrà essere effettuata nel modo seguente: "" Internet News "" Espressioni complesse ma di facile scrittura Queste opzioni utilizzano le espressioni booleane, le quali possono dare come risultato solo"	vero o falso	(True False).
yes	X o Y	vero	falso	falso - vero	"[lemma=""vero"" & pos=""ADJ""][word=""o""][lemma=""falso"" & pos=""ADJ""]"	6262174	"Pure, ciò che le solleva verso la perfezione rimane il segno tagliente, e la continua capacità di inserti alieni, anche in diversi linguaggi: la canzone del Piemontese in Friedenstag, "" La rosa, la rosa "", le citazioni della Schweigsame Frau: Monteverdi, Legrenzi, un frammento del Fitzwilliam Virginal Book a cui (ancora una volta) Strauss sta come Stravinskij al suo"	vero o falso	Pergolesi.
yes	X o Y	vero	falso	falso - vero	"[lemma=""vero"" & pos=""ADJ""][word=""o""][lemma=""falso"" & pos=""ADJ""]"	2257223	"Gli enunciati o le espressioni complesse invece signiÃ´ "" Â § cano anch'essi un pensiero, ma un tipo particolare di enunciati (un enunciato aÃ´ "" Â ± ermativo o una proposizione) asseriscono uno stato di cose"	vero o falso	.
yes	X o Y	vera	falsa	falso - vero	"[lemma=""vero"" & pos=""ADJ""][word=""o""][lemma=""falso"" & pos=""ADJ""]"	381115	Contu10 Le ragioni di Telèma - Telèma 10 Ignazio Contu Non è soltanto spettacolo	vera o falsa	, la tv è il mondo 1.
yes	X o Y	vero	falso	falso - vero	"[lemma=""vero"" & pos=""ADJ""][word=""o""][lemma=""falso"" & pos=""ADJ""]"	4824563	Un argomento non può essere	vero o falso	, ma solo valido o invalido, migliore o peggiore.
yes	X o Y	vero	falso	falso - vero	"[lemma=""vero"" & pos=""ADJ""][word=""o""][lemma=""falso"" & pos=""ADJ""]"	6526888	È indifferente se il presunto sapere sia	vero o falso	(e ci sono buoni motivi per supporre che in sè e per sè sia sostanzialmente falso); esso è dannoso al fine di conseguire la propria identità.
yes	X o Y	veri	falsi	falso - vero	"[lemma=""vero"" & pos=""ADJ""][word=""o""][lemma=""falso"" & pos=""ADJ""]"	44460	E dimentichiamo la prontezza con la quale, quasi quotidianamente, i giornali danno spazio ed enfasi alla più piccola indiscrezione priva di qualsiasi riscontro che denunci errori, defaillance, infortuni,	veri o falsi	che siano, da parte del governo o dei singoli ministri?
yes	X o Y	vera	falsa	falso - vero	"[lemma=""vero"" & pos=""ADJ""][word=""o""][lemma=""falso"" & pos=""ADJ""]"	1594617	Povero scemo, dice, con un sorrisetto lezioso di compassione, ma se questa nuova sollecitudine per lui sia	vera o falsa	, Brick proprio non lo capisce.
yes	X o Y	vere	false	falso - vero	"[lemma=""vero"" & pos=""ADJ""][word=""o""][lemma=""falso"" & pos=""ADJ""]"	6009503	Lettere su carta e lettere su Internet,	vere o false	, chi lo sa, forse un misto, come tutta la posta del cuore, che permette ai due di filosofare, dar consigli, bisticciare, o di amarsi a vicenda.
yes	X o Y	vero	falso	falso - vero	"[lemma=""vero"" & pos=""ADJ""][word=""o""][lemma=""falso"" & pos=""ADJ""]"	2257224	Aristotele non dice che le affermazioni significano ciò che è	vero o falso	, ma piuttosto che dicono (il verbo è léghein) che una data cosa A appartiene (il verbo è hypÃ Â¡ rchein) a una data cosa B.
yes	X o Y	vero	falso	falso - vero	"[lemma=""vero"" & pos=""ADJ""][word=""o""][lemma=""falso"" & pos=""ADJ""]"	2602976	Dovete sapere che i filosofi americani sono molto sensibili al problema della verità dei nostri enunciati, tanto che passano il tempo a chiedersi se sia	vero o falso	dire che Ulisse è tornato a Itaca, dal momento che Ulisse non è mai esistito.
yes	X o Y	vere	false	falso - vero	"[lemma=""vero"" & pos=""ADJ""][word=""o""][lemma=""falso"" & pos=""ADJ""]"	4509069	(Le teorie possono essere	vere o false	; i concetti possono essere nel migliore dei casi adeguati, e fuorvianti nel peggiore dei casi.
yes	X o Y	vero	falso	falso - vero	"[lemma=""vero"" & pos=""ADJ""][word=""o""][lemma=""falso"" & pos=""ADJ""]"	5046842	Che il contrasto non è fra comprensione e rigore, ma fra	vero o falso	perdono,
yes	X o Y	vero	falso	falso - vero	"[lemma=""vero"" & pos=""ADJ""][word=""o""][lemma=""falso"" & pos=""ADJ""]"	4522533	"Infatti, "" se le osservazioni scientifiche sono aperte al dubbio, viene a mancare un fondamento classico della filosofia divisionista: che esista una differenza qualitativa tra discorso descrittivo,"	vero o falso	, e discorso prescrittivo, oggetto di scelte e di preferenze.
yes	X o Y	vero	falso	falso - vero	"[lemma=""vero"" & pos=""ADJ""][word=""o""][lemma=""falso"" & pos=""ADJ""]"	332009	Adesso l'ultimo dubbio che resta non è solo se Rinehart verrà colpito o meno, ma anche se tutto quanto descritto finora sia	vero o falso	.
yes	X o Y	vera	falsa	falso - vero	"[lemma=""vero"" & pos=""ADJ""][word=""o""][lemma=""falso"" & pos=""ADJ""]"	6547931	Sia chiaro, non metto in dubbio l'informazione che viene data, ci saranno per davvero dei lupi alle porte di Roma e chi ha animali che scorazzano liberi dovrà preoccuparsi di starci attento, ma quello che c'interessa non è se la notizia sia	vera o falsa	, bensì come viene data.
yes	X o Y	vera	falsa	falso - vero	"[lemma=""vero"" & pos=""ADJ""][word=""o""][lemma=""falso"" & pos=""ADJ""]"	419195	5 Vedi Ignazio Contu, Non è soltanto spettacolo,	vera o falsa	, la tv è il mondo, Telèma 10, autunno 1997.
yes	X o Y	falso	vero	falso - vero	"[lemma=""falso"" & pos=""ADJ""][word=""o""][lemma=""vero"" & pos=""ADJ""]"	1872382	Proprio in questi giorni, è scoppiato l'affaire per la nomina a capo di Stato maggiore: un documento mostrato in tv,	falso o vero	non si capisce, in cui uno dei pretendenti (il generale Yoav Galant) incarica un famoso pubblicitario d'ordire una campagna stampa per screditare il principale rivale, il generale Benny Gantz, con pesanti apprezzamenti anche sul ministro della Difesa, Barak.
yes	X o Y	vera	falsa	falso - vero	"[lemma=""vero"" & pos=""ADJ""][word=""o""][lemma=""falso"" & pos=""ADJ""]"	6211172	VINCIGUERRA Claudia:	vera o falsa	, comunque per ridere.
yes	X o Y	vero	falso	falso - vero	"[lemma=""vero"" & pos=""ADJ""][word=""o""][lemma=""falso"" & pos=""ADJ""]"	215270	"ebbe nitidissima, in particolare, la crisi di identità dell'uomo moderno, che non è più "" uno "", ma "" tanti "", "" secondo tutte le possibilità d'essere che sono in noi "" e secondo "" quello che gli altri lo fanno ""; e nell'uomo, quindi, egli mise in luce la relatività assoluta di ogni atto e pensiero, che nessuno dei criteri tradizionali può ormai discriminare come"	vero o falso	, razionale o irrazionale, normale o folle.
yes	X o Y	vere	false	falso - vero	"[lemma=""vero"" & pos=""ADJ""][word=""o""][lemma=""falso"" & pos=""ADJ""]"	367835	Naturalmente questo pericolo è sempre esistito ma preoccupa è l'ampiezza attuale del fenomeno dovuta soprattutto alla rapidità con la quale le notizie (	vere o false	poco importa) si diffondono e vengono riprese dai diversi mezzi di comunicazione.
yes	X o Y	vere	false	falso - vero	"[lemma=""vero"" & pos=""ADJ""][word=""o""][lemma=""falso"" & pos=""ADJ""]"	7079084	Ma,	vere o false	che siano le accuse contenute nel documento, ora il suo autore è introvabile e si sente in pericolo di vita.
yes	X o Y	vero	falso	falso - vero	"[lemma=""vero"" & pos=""ADJ""][word=""o""][lemma=""falso"" & pos=""ADJ""]"	2958329	Quanti hanno amato la tua dolce grazia di allora e la bellezza di un	vero o falso	amore.
yes	X o Y	vero	falso	falso - vero	"[lemma=""vero"" & pos=""ADJ""][word=""o""][lemma=""falso"" & pos=""ADJ""]"	1370334	Le gente impazzisce e se ne frega se è	vero o falso	.
yes	X o Y	vero	falso	falso - vero	"[lemma=""vero"" & pos=""ADJ""][word=""o""][lemma=""falso"" & pos=""ADJ""]"	6839640	complesse della rigida alternativa	vero o falso	» a cui il giudice deve tener conto.
yes	X o Y	vere	false	falso - vero	"[lemma=""vero"" & pos=""ADJ""][word=""o""][lemma=""falso"" & pos=""ADJ""]"	5757810	Onore vole Folena, da Palermo arriva no indiscrezioni su nuove in chieste giudi ziarie contro Berlusconi... Sì, ma non spetta alla politica commentare queste notizie, che nel caso specifico non si capisce se siano	vere o false	.
yes	X o Y	falso	vero	falso - vero	"[lemma=""falso"" & pos=""ADJ""][word=""o""][lemma=""vero"" & pos=""ADJ""]"	3940602	» Era così sensibile a tutto quanto si diceva di lui,	falso o vero	, che non si riprese mai da nessuna panzana, e fino all'ora della sua morte lottò per smentirle.
yes	X o Y	vera	falsa	falso - vero	"[lemma=""vero"" & pos=""ADJ""][word=""o""][lemma=""falso"" & pos=""ADJ""]"	4414555	Significa lo stesso, che sia	vera o falsa	, e che il parlante e l'ascoltatore sappiano o meno che è
yes	X o Y	vere	false	falso - vero	"[lemma=""vero"" & pos=""ADJ""][word=""o""][lemma=""falso"" & pos=""ADJ""]"	421579	L'idea che le ipotesi non siano proposizioni	vere o false	riguardo la realtà, ma assunzioni intercambiabili dalle quali ricavare conseguenze compatibili con diverse classi di fenomeni, era già diventata incomprensibile all'epoca di Tolomeo, come si è accennato.
yes	X o Y	vere	false	falso - vero	"[lemma=""vero"" & pos=""ADJ""][word=""o""][lemma=""falso"" & pos=""ADJ""]"	5426281	"Non so, dice Prodi, "" se queste dichiarazioni sono"	vere o false	.
yes	X o Y	vere	false	falso - vero	"[lemma=""vero"" & pos=""ADJ""][word=""o""][lemma=""falso"" & pos=""ADJ""]"	6390571	Leggi le affermazioni e indica, con sincerità, se le trovi	vere o false	.
yes	X o Y	vero	falso	falso - vero	"[lemma=""vero"" & pos=""ADJ""][word=""o""][lemma=""falso"" & pos=""ADJ""]"	5520901	"Una per tutte: "" È"	vero o falso	che le opere per le Olimpiadi non rappresentano le necessità prioritarie per la capitale?
yes	X o Y	veri	falsi	falso - vero	"[lemma=""vero"" & pos=""ADJ""][word=""o""][lemma=""falso"" & pos=""ADJ""]"	6225467	"Non sento parlare d'altro, oggi a Washington, sesto giorno di campagna aerea, sesto giorno di frustrazione "" tecno "", tra i generali, i politici, i senatori, gli esperti"	veri o falsi	"che ascoltano le "" secche smentite "" di Clinton e dell'Amministrazione scuotendo la testa scettici."
yes	X o Y	vera	falsa	falso - vero	"[lemma=""vero"" & pos=""ADJ""][word=""o""][lemma=""falso"" & pos=""ADJ""]"	265584	Questa cosa,	vera o falsa	che sia, ovviamente nulla ha a che fare con la sua attività imprenditoriale ma supponete che le sue idee siano in stridente contrasto con quelle della maggior parte dei suoi potenziali clienti o, peggio, dei suoi possibili finanziatori e potete trarne le conseguenze: altro che personalità virtuale, il cyberspazio può influenzare la vita reale.
yes	X o Y	vero	falso	falso - vero	"[lemma=""vero"" & pos=""ADJ""][word=""o""][lemma=""falso"" & pos=""ADJ""]"	380293	Il fatto che chiunque possa inserire qualsiasi dato,	vero o falso	", rappresenta un "" fattore a rischio "" che crescerà nel tempo, a meno che non intervengano strategie di controllo."
yes	X o Y	falso	vero	falso - vero	"[lemma=""falso"" & pos=""ADJ""][word=""o""][lemma=""vero"" & pos=""ADJ""]"	4496833	se il trash castelvecchiano sia	falso o vero	, se lo sperimentalismo coincida veramente con la modernità?
yes	X o Y	vero	falso	falso - vero	"[lemma=""vero"" & pos=""ADJ""][word=""o""][lemma=""falso"" & pos=""ADJ""]"	5542716	Notoriamente (	vero o falso	che sia) poco esperte di motori e quindi pure di pneumatici, propense, in caso di bisogno, ad ascoltare i consigli di chi le può trarre dall'impiccio.
yes	X o Y	falso	vero	falso - vero	"[lemma=""falso"" & pos=""ADJ""][word=""o""][lemma=""vero"" & pos=""ADJ""]"	4756738	Orbene, tra dette incombenze rientrano di certo: 1) la stipula di contratti di acquisto o di affitto, sotto	falso o vero	nome, di locali in cui installare tipografie per la stampa clandestina di documenti di propaganda e informazione; l'acquisto o l'uso di macchinari tipografici.
yes	X o Y	falso	vero	falso - vero	"[lemma=""falso"" & pos=""ADJ""][word=""o""][lemma=""vero"" & pos=""ADJ""]"	4273290	Un bit d'informazione non è altro che la differenza tra due alternative: no o sì, 0 o 1,	falso o vero	.
yes	X o Y	veri	falsi	falso - vero	"[lemma=""vero"" & pos=""ADJ""][word=""o""][lemma=""falso"" & pos=""ADJ""]"	4824555	In particolare, quando intervengano in contesti implicano l'accettazione di parametri di valutazione normativamente determinati o tecnicamente indiscussi, gli enunciati valutativi assolvono certamente una funzione informativa e possono dirsi	veri o falsi	.
yes	X o Y	vero	falso	falso - vero	"[lemma=""vero"" & pos=""ADJ""][word=""o""][lemma=""falso"" & pos=""ADJ""]"	2966481	"Guglielmo in ogni caso cercò di riprendere la conversazione: "" In ogni caso,"	vero o falso	che sia, questa voce ci dice di quale sia il clima morale di Avignone, dove chiunque, sfruttati e sfruttatori, sanno di vivere più in un mercato che nella corte di un rappresentante di Cristo.
yes	X o Y	vere	false	falso - vero	"[lemma=""vero"" & pos=""ADJ""][word=""o""][lemma=""falso"" & pos=""ADJ""]"	1861936	Voleva dire che le parole per esprimerli,	vere o false	, esistevano... Oggi l'onestà, l'onore, il sacrificio ci sembrano così lontani da noi, così estranei al nostro mondo che non riusciamo a farne parola; e siamo completamente ammutoliti, avendo in questo nostro tempo orrore della menzogna.
yes	X o Y	vero	falso	falso - vero	"[lemma=""vero"" & pos=""ADJ""][word=""o""][lemma=""falso"" & pos=""ADJ""]"	7070561	""" Papa Francesco dice sempre che la verità non è negoziabile, vorremmo cercarla insieme - dice all'Ansa l'avvocato Laura Sgrò, legale della famiglia Orlandi - Non sappiamo se sia"	vero o falso	.
yes	X o Y	vero	falso	falso - vero	"[lemma=""vero"" & pos=""ADJ""][word=""o""][lemma=""falso"" & pos=""ADJ""]"	4824550	Ma deve essere chiaro che questa affermazione implica una definizione esclusivamente logica, e non anche epistemologica, della verità: una definizione, cioè, che vuole solo indicare le condizioni logiche perché un enunciato possa dirsi	vero o falso	, senza pretendere di fornire un criterio per stabilire quando un enunciato sia vero e quando sia falso.
yes	X o Y	vera	falsa	falso - vero	"[lemma=""vero"" & pos=""ADJ""][word=""o""][lemma=""falso"" & pos=""ADJ""]"	625650	Da lui proviene, almeno indirettamente, l'impalcatura che fa poggiare ciò che un'espressione significa su ciò che può rendere quell'espressione	vera o falsa	.
yes	X o Y	vera	falsa	falso - vero	"[lemma=""vero"" & pos=""ADJ""][word=""o""][lemma=""falso"" & pos=""ADJ""]"	448797	(Cesare Pavese) Nessuna opinione,	vera o falsa	, ma contraria all'opinione dominante e generale, si è mai stabilita nel mondo istantaneamente e in forza d'una dimostrazione lucida e palpabile, ma a forza di ripetizioni e quindi di assuefazione.
yes	X o Y	vera	falsa	falso - vero	"[lemma=""vero"" & pos=""ADJ""][word=""o""][lemma=""falso"" & pos=""ADJ""]"	6712624	Di quell'azione artistica paradossalmente rimarrà soprattutto quell'immagine, e quanto sia	vera o falsa	nella sua realtà non ha molta importanza: la performance, come lei stessa ci ha insegnato, appartiene a una verità superiore e la realtà non la interpreta, la crea.
yes	X o Y	vere	false	falso - vero	"[lemma=""vero"" & pos=""ADJ""][word=""o""][lemma=""falso"" & pos=""ADJ""]"	955306	"Tale oggetto, successivamente, potrà anche essere "" soggetto "" per altre predicazioni,"	vere o false	che siano, ma è importante questa sua prima e originaria determinazione, che è ancora antepredicativa.
yes	X o Y	veri	falsi	falso - vero	"[lemma=""vero"" & pos=""ADJ""][word=""o""][lemma=""falso"" & pos=""ADJ""]"	6823984	del fenomeno raffigurato), orientate a certi scopi (gli obiettivi sia cognitivi sia normativi dei diversi teorici) e in concorrenza fra loro (i modelli teorici non sono	veri o falsi	, ma solo piu?
yes	X o Y	vero	falso	falso - vero	"[lemma=""vero"" & pos=""ADJ""][word=""o""][lemma=""falso"" & pos=""ADJ""]"	4078785	Quello che riuscii a ricostruire ma non ho la minima idea se fosse	vero o falso	fu una specie di esperimento'scientifico' nel corso del quale un aborigeno aveva cantato il suo Sogno, un monaco cattolico aveva cantato un canto gregoriano, un lama tibetano aveva cantato i suoi mantra, e un africano aveva cantato chissà cosa; avevano cantato tutti e quattro a più non posso per verificare l'effetto dei diversi stili di canto sulla struttura ritmica del cervello.
yes	X o Y	vere	false	falso - vero	"[lemma=""vero"" & pos=""ADJ""][word=""o""][lemma=""falso"" & pos=""ADJ""]"	5727166	Storie	vere o false	, ma che fanno comunque parte del mito oggi in vendita, come quella del condizionatore d'aria che costa da solo più di un'utilitaria.
yes	o X o Y	falso	vero	falso - vero	"[word=""o""][lemma=""falso"" & pos=""ADJ""][word=""o""][lemma=""vero"" & pos=""ADJ""]"	2904683	Tra lo scemare della sezione gravida e l'inizio del corpo centrale c'è una collana di nobile metallo	o falso o vero	, incarnata, si direbbe, nel collo del legno.
yes	o X o Y	vera	falsa	falso - vero	"[word=""o""][lemma=""vero"" & pos=""ADJ""][word=""o""][lemma=""falso"" & pos=""ADJ""]"	4365169	Altri accusarono la logica, la quale stabilisce che una frase può essere solo	o vera o falsa	(tertium non datur), mentre l'esempio precedente non è evidentemente nè una cosa nè l'altra.
yes	sia X che Y	vera	falsa	falso - vero	"[word=""sia""][lemma=""vero"" & pos=""ADJ""][word=""che""][lemma=""falso"" & pos=""ADJ""]"	4347633	Una congettura è un'affermazione che non siamo in grado di dimostrare e che quindi potrebbe essere	sia vera che falsa	, ma di cui siamo indotti ad accettare la validità sulla base di esempi, casi speciali e analogie.
yes	sia X sia Y	vere	false	falso - vero	"[word=""sia""][lemma=""vero"" & pos=""ADJ""][word=""sia""][lemma=""falso"" & pos=""ADJ""]"	4164390	Alla base di un tale genere di fantasie non c'è un disegno meditato e una frode volontaria ai danni dell'ascoltatore, come nella bugia detta a proprio tornaconto, semmai esse fanno parte di un inganno più vasto, per così dire, filosofico, come se la vita di tutti noi si svolgesse su un piano d'irrealtà diffusa dove si può giocare con carte	sia vere sia false	senza che il risultato cambi.
yes	tra X e Y	vero	falso	falso - vero	"[word=""tra""][lemma=""vero"" & pos=""ADJ""][word=""e""][lemma=""falso"" & pos=""ADJ""]"	5341241	"* - Dalle "" conigliette "" a Luther Blisset Una lunga serie di bufale sulla Rete Nell'impero del bit, i confini"	tra vero e falso	sono troppo labili.
yes	tra X e Y	vero	falso	falso - vero	"[word=""tra""][lemma=""vero"" & pos=""ADJ""][word=""e""][lemma=""falso"" & pos=""ADJ""]"	1834434	* il Post - Moderno Debutta in Finanza * * Per sua natura è «al di là del bene e del male» e se ne infischia della distinzione	tra vero e falso	, presunto idolo del passato; dà libero sfogo alla propria immaginazione e abita una bolla cosmica * Inutile consultare i grandi economisti classici per capire la crisi attuale.
yes	tra X e Y	vero	falso	falso - vero	"[word=""tra""][lemma=""vero"" & pos=""ADJ""][word=""e""][lemma=""falso"" & pos=""ADJ""]"	332013	E questo basta a far capire quanto nel cyberspace sia relativa la differenza	tra vero e falso	, si tratti di arte o di realtà.
yes	tra X e Y	vera	falsa	falso - vero	"[word=""tra""][lemma=""vero"" & pos=""ADJ""][word=""e""][lemma=""falso"" & pos=""ADJ""]"	1844345	Su una scena divisa in tre da semplici velatini - la scuola, la casa di Toti, quella della sorella di Giacomino - dove tutti possono spiare quello che fanno gli altri, si consuma lo scontro	tra vera e falsa	morale, accompagnato dalle sonorità mediterranee del gruppo Isula e della Banda Jonica.
yes	tra X e Y	vero	falso	falso - vero	"[word=""tra""][lemma=""vero"" & pos=""ADJ""][word=""e""][lemma=""falso"" & pos=""ADJ""]"	2695139	Non un semplice straniamento, ma una contaminazione fantasmagorica	tra vero e falso	.
yes	tra X e Y	vero	falso	falso - vero	"[word=""tra""][lemma=""vero"" & pos=""ADJ""][word=""e""][lemma=""falso"" & pos=""ADJ""]"	5906982	Senza sottovalutare l'importanza della forma, del sillogismo, della tecnica, c'è un bisogno crescente di distinguere	tra vero e falso	.
yes	tra X e Y	vero	falso	falso - vero	"[word=""tra""][lemma=""vero"" & pos=""ADJ""][word=""e""][lemma=""falso"" & pos=""ADJ""]"	6920589	In altre parole, non dobbiamo necessariamente supporre che il motivo per cui le false notizie si diffondono è perché alla gente piacciono o perché non ci si accorge della differenza	tra vero e falso	.
yes	tra X e Y	vero	falso	falso - vero	"[word=""tra""][lemma=""vero"" & pos=""ADJ""][word=""e""][lemma=""falso"" & pos=""ADJ""]"	5914138	Quindi come individuare il limite	tra vero e falso	?
yes	tra X e Y	veri	falsi	falso - vero	"[word=""tra""][lemma=""vero"" & pos=""ADJ""][word=""e""][lemma=""falso"" & pos=""ADJ""]"	4150581	Almeno non nel senso in cui s'intende normalmente una discoteca,	tra veri e falsi	"luoghi comuni: ragazze "" in tiro "", ragazzi rasati di fresco (quando ce l'hanno, la barba), atteggiamenti forzati stile "" up society "" o "" artistoide di tendenza ""."
yes	tra X e Y	vero	falso	falso - vero	"[word=""tra""][lemma=""vero"" & pos=""ADJ""][word=""e""][lemma=""falso"" & pos=""ADJ""]"	1733286	La perdita della fiducia nella realtà delle immagini, l'indiscernibilità	tra vero e falso	, tra lontano e vicino, conseguenze della nuova modalità di produzione di immagini, sono i segni del cinema postmoderno, caratterizzato dalla mescolanza dei generi e dei piani, dal gioco metalinguistico dei rimandi e delle citazioni, dalla cancellazione di una linearità temporale in favore della creazione di una temporalità labirintica.
yes	tra X e Y	vero	falso	falso - vero	"[word=""tra""][lemma=""vero"" & pos=""ADJ""][word=""e""][lemma=""falso"" & pos=""ADJ""]"	1834473	traduzione Daniela MaggioniPer sua natura è «al di là del bene e del male» e se ne infischia della distinzione	tra vero e falso	, presunto idolo del passato; dà libero sfogo alla propria immaginazione e abita una bolla cosmica
yes	tra X e Y	vero	falso	falso - vero	"[word=""tra""][lemma=""vero"" & pos=""ADJ""][word=""e""][lemma=""falso"" & pos=""ADJ""]"	5388420	Così è la vita a Ocean Drive, un miraggio	tra vero e falso	.
yes	tra X e Y	vero	falso	falso - vero	"[word=""tra""][lemma=""vero"" & pos=""ADJ""][word=""e""][lemma=""falso"" & pos=""ADJ""]"	1834463	Il postmoderno, che si istituisce «al di là del bene e del male» e se ne infischia della distinzione	tra vero e falso	, presunto idolo del passato, dà libero sfogo alla propria immaginazione e abita una bolla cosmica.
yes	tra X e Y	vero	falso	falso - vero	"[word=""tra""][lemma=""vero"" & pos=""ADJ""][word=""e""][lemma=""falso"" & pos=""ADJ""]"	4573505	Molto simile è la posizione di Fellini che sempre ha rivendicato le ragioni della fantasia nell'esercizio dell'atto mnemonico, ed è stato in gran parte grazie alla sua costante sfida alle barriere	tra vero e falso	, tra reale e immaginario che l'immagine felliniana è divenuta nel tempo vero e proprio simulacro ed è stata progressivamente appropriata, fagocitata e continuamente replicata dall'immagine pubblicitaria.
yes	tra X e Y	vero	falso	falso - vero	"[word=""tra""][lemma=""vero"" & pos=""ADJ""][word=""e""][lemma=""falso"" & pos=""ADJ""]"	375701	Proprio questo diritto dev'essere riformulato nella prospettiva definita dalle reti, dove il rapporto tra libertà e riservatezza,	tra vero e falso	, spesso muta di senso e di portata.
yes	tra X e Y	vero	falso	falso - vero	"[word=""tra""][lemma=""vero"" & pos=""ADJ""][word=""e""][lemma=""falso"" & pos=""ADJ""]"	2637784	Anche nel caso di immagini scientifiche, che in teoria dovrebbero rappresentare delle osservazioni in laboratorio, la distinzione	tra vero e falso	è oggi più sfumata.
yes	tra X e Y	vero	falso	falso - vero	"[word=""tra""][lemma=""vero"" & pos=""ADJ""][word=""e""][lemma=""falso"" & pos=""ADJ""]"	5877440	E se non ci sono più destra nè sinistra, i romani - purtroppo - non sanno più distinguere tra presagio e verità, tra progetto e realizzazione, in ultima analisi	tra vero e falso	.
yes	X e Y	felice	triste	felice - triste	"[lemma=""felice"" & pos=""ADJ""][word=""e""][lemma=""triste"" & pos=""ADJ""]"	5774406	08 09 1997 Il pilota scozzese ha dedicato il successo di Monza alla sfortunata Principessa del Galles Coulthard: ho vinto pensando a Diana Guidavo verso il successo, ero	felice e triste	insieme racing, winner MONZA DAL NOSTRO INVIATO Dedicata a Lady D.
yes	X e Y	triste	felice	felice - triste	"[lemma=""triste"" & pos=""ADJ""][word=""e""][lemma=""felice"" & pos=""ADJ""]"	2957957	Così, in questa pianura, ho raccolto il testimone, solo, abbandonato dallo stillicidio dei padri, con una nuova coscienza, con una gioia disperata,	triste e felice	, consapevole solo che il mio gesto disperato è solo un gesto d'amore (...)''.
yes	X e Y	tristi	felici	felice - triste	"[lemma=""triste"" & pos=""ADJ""][word=""e""][lemma=""felice"" & pos=""ADJ""]"	6637801	Per un decennio, gli inquilini mangiano lì, un'intera processione, per lo più giovani,	tristi e felici	, a volte soli, a volte con amici o amanti.
yes	X e Y	tristi	felici	felice - triste	"[lemma=""triste"" & pos=""ADJ""][word=""e""][lemma=""felice"" & pos=""ADJ""]"	5402624	I bambini sono sempre come il bambino che foste voi:	tristi e felici	; e se pensate alla vostra infanzia, rivivrete fra di loro, fra i bambini segreti.
yes	X e Y	tristi	felici	felice - triste	"[lemma=""triste"" & pos=""ADJ""][word=""e""][lemma=""felice"" & pos=""ADJ""]"	3272615	Per troppo tempo avevano condiviso con noi giornate	tristi e felici	, paure, viltà, speranze.
yes	X e Y	tristi	felici	felice - triste	"[lemma=""triste"" & pos=""ADJ""][word=""e""][lemma=""felice"" & pos=""ADJ""]"	1466381	Invece continuiamo a ballare in tondo, ci muoviamo nello stesso luogo, siamo	tristi e felici	, nello stesso istante.
yes	X e Y	felice	triste	felice - triste	"[lemma=""felice"" & pos=""ADJ""][word=""e""][lemma=""triste"" & pos=""ADJ""]"	6612329	Ricordo me stesso mentre percorrevo i cento metri che dividevano i nostri palazzi,	felice e triste	.
yes	X o Y	felici	tristi	felice - triste	"[lemma=""felice"" & pos=""ADJ""][word=""o""][lemma=""triste"" & pos=""ADJ""]"	4450771	"Sapere che una data sostanza agisce su certi sistemi, in certi circuiti e recettori e in certi neuroni, non spiega "" perché "" ci si sente"	felici o tristi	.
yes	X o Y	felici	tristi	felice - triste	"[lemma=""felice"" & pos=""ADJ""][word=""o""][lemma=""triste"" & pos=""ADJ""]"	4450773	Se sentirsi	felici o tristi	corrisponde in buona misura a un cambiamento della rappresentazione neurale degli stati corporei in atto, allora la spiegazione richiede che le sostanze chimiche agiscano sulle fonti di quelle rappresentazioni, cioè il corpo stesso e i vari livelli di circuiti neurali i cui schemi di attività rappresentano il corpo.
yes	X o Y	triste	felice	felice - triste	"[lemma=""triste"" & pos=""ADJ""][word=""o""][lemma=""felice"" & pos=""ADJ""]"	6703818	A volte sapeva dove ero stata, se avevo conosciuto un ragazzo, se ero	triste o felice	anche se non lo dimostravo assolutamente, senza quasi guardarmi, dal rumore dei miei passi, da un filo bianco o nero che mi s'insinuava nella voce.
yes	X o Y	felice	triste	felice - triste	"[lemma=""felice"" & pos=""ADJ""][word=""o""][lemma=""triste"" & pos=""ADJ""]"	2496612	Una sorella cattiva, ma pur sempre qualcuno che ti conosce alla perfezione, che sa benissimo quanto è facile farti	felice o triste	.
yes	X o Y	felice	triste	felice - triste	"[lemma=""felice"" & pos=""ADJ""][word=""o""][lemma=""triste"" & pos=""ADJ""]"	846116	Non era	felice o triste	, brutto o bello e guidando lento verso il paese, pensò solo al taglio che aveva sul labbro ed alla macchia di sangue seminascosta da un gemello.
yes	X o Y	tristi	felici	felice - triste	"[lemma=""triste"" & pos=""ADJ""][word=""o""][lemma=""felice"" & pos=""ADJ""]"	4487616	Queste persone non pensano al fatto di sentirsi arrabbiate,	tristi o felici	, ma immaginano azioni come picchiare, prendere a calci, sputare, gridare, abbracciare o baciare.
yes	X o Y	triste	felice	felice - triste	"[lemma=""triste"" & pos=""ADJ""][word=""o""][lemma=""felice"" & pos=""ADJ""]"	4094954	E non sapevo se ero	triste o felice	da pazzi.
yes	X o Y	triste	felice	felice - triste	"[lemma=""triste"" & pos=""ADJ""][word=""o""][lemma=""felice"" & pos=""ADJ""]"	1549471	C'era un addio in quel paio di ore di traversata, non capivo se	triste o felice	.
yes	X o Y	felici	tristi	felice - triste	"[lemma=""felice"" & pos=""ADJ""][word=""o""][lemma=""triste"" & pos=""ADJ""]"	2613730	Vedozero cosí affidava ad alcuni studenti di liceo dei videofonini e gli chiedeva di filmare la loro vita, ciò che ritenevano degno di essere visto o ripreso... confessioni, litigi, momenti	felici o tristi	.
yes	X o Y	felice	triste	felice - triste	"[lemma=""felice"" & pos=""ADJ""][word=""o""][lemma=""triste"" & pos=""ADJ""]"	787853	Noi siamo sempre più in condizioni di predirre chi vivrà o morirà, chi avrà un alto o basso reddito, chi sarà	felice o triste	ed anche che cosa determina tali situazioni.
yes	X o Y	triste	felice	felice - triste	"[lemma=""triste"" & pos=""ADJ""][word=""o""][lemma=""felice"" & pos=""ADJ""]"	3784846	Provò uno slancio di generosità, sapendo che la vita della ragazza era nelle sue mani, che aveva il potere di renderla	triste o felice	.
yes	X o Y	felici	tristi	felice - triste	"[lemma=""felice"" & pos=""ADJ""][word=""o""][lemma=""triste"" & pos=""ADJ""]"	4450775	Se sentirsi	felici o tristi	corrisponde anche, in parte, ai modi cognitivi secondo cui i pensieri stanno operando, allora la spiegazione richiede anche che la sostanza chimica agisca sui circuiti che generano e manipolano immagini: il che è come dire che ridurre la depressione a un enunciato sulla disponibilità di serotonina o di norepinefrina in generale (enunciato molto popolare, nei giorni e nell'epoca del Prozac) è intollerabilmente rozzo.
yes	X o Y	triste	felice	felice - triste	"[lemma=""triste"" & pos=""ADJ""][word=""o""][lemma=""felice"" & pos=""ADJ""]"	80292	Mio figlio sapeva troppo di me, conosceva troppo bene le mie debolezze, i miei difetti, quello che mi rendeva	triste o felice	.
yes	X o Y	felice	triste	felice - triste	"[lemma=""felice"" & pos=""ADJ""][word=""o""][lemma=""triste"" & pos=""ADJ""]"	2547950	Pensai che, di lì a poco, lei e Thomas si sarebbero trasferiti al campus, e mi resi conto che ancora non sapevo se questo mi rendesse	felice o triste	, o se la mia fosse una sensazione complicata a metà fra le due.
yes	X o Y	mascoline	femminili	femminile - mascolino	"[lemma=""mascolino"" & pos=""ADJ""][word=""o""][lemma=""femminile"" & pos=""ADJ""]"	306287	Per ognuna delle quali è possibile scegliere dimensioni, sembianze (	mascoline o femminili	) e texture.
yes	X , non Y	sbagliata	giusta	giusto - sbagliato	"[lemma=""sbagliato"" & pos=""ADJ""][word="",""][word=""non""][lemma=""giusto"" & pos=""ADJ""]"	811341	"Una bugia ci fa "" nascondere "" quello che abbiamo fatto (anche il non fare i compiti è aver fatto una cosa che non abbiamo fatto; se questo pensiero non si capisce bene, rileggiamolo più volte); se nascondiamo qualcosa significa che anche noi consideriamo questa cosa"	sbagliata, non giusta	, di cui avere addirittura vergogna, altrimenti la faremmo vedere, la diremmo, la racconteremmo.
yes	X e Y	giusto	sbagliato	giusto - sbagliato	"[lemma=""giusto"" & pos=""ADJ""][word=""e""][lemma=""sbagliato"" & pos=""ADJ""]"	3433262	- Ma	giusto e sbagliato	non sono parole, - disse.
yes	X e Y	giusto	sbagliato	giusto - sbagliato	"[lemma=""giusto"" & pos=""ADJ""][word=""e""][lemma=""sbagliato"" & pos=""ADJ""]"	4516000	"Relativamente ai sogni di grandezza psichiatrica, mascherati sotto la veste di "" affermazioni scientifiche "" e che hanno provocato tanti disastri, ritengo opportuno infine ricordare che una delle associazioni psichiatriche oggi maggiormente accreditate è certamente la Federazione Mondiale per la Salute Mentale - World Federation of Mental Health -; uno dei suoi padri fondatori, lo psichiatra Brock Chisolm, scriveva nel 1947: "" La reinterpretazione e l'eventuale sradicamento dei concetti di"	giusto e sbagliato	è praticamente l'obiettivo finale di tutte le terapie psichiatriche efficaci.
yes	X e Y	giusto	sbagliato	giusto - sbagliato	"[lemma=""giusto"" & pos=""ADJ""][word=""e""][lemma=""sbagliato"" & pos=""ADJ""]"	4414743	Primo, un sacco di gente che non crede in Dio dà tuttavia giudizi di	giusto e sbagliato	, e pensa che nessuno dovrebbe uccidere un altro per il suo portafoglio anche se è sicuro di farla franca.
yes	X e Y	giusto	sbagliato	giusto - sbagliato	"[lemma=""giusto"" & pos=""ADJ""][word=""e""][lemma=""sbagliato"" & pos=""ADJ""]"	3433260	- Per loro,	giusto e sbagliato	sono soltanto parole, ragazzo -.
yes	X e Y	giusto	sbagliato	giusto - sbagliato	"[lemma=""giusto"" & pos=""ADJ""][word=""e""][lemma=""sbagliato"" & pos=""ADJ""]"	4414857	Ma, se lo fai, devi far riferimento a qualche criterio più oggettivo, un'idea di quello che è veramente	giusto e sbagliato	, contrapposta a quello che pensa la maggior parte della gente.
yes	X e Y	giusto	sbagliato	giusto - sbagliato	"[lemma=""giusto"" & pos=""ADJ""][word=""e""][lemma=""sbagliato"" & pos=""ADJ""]"	4414713	Le idee di	giusto e sbagliato	sono differenti dalle idee di quello che è e non è contro le norme.
yes	X e Y	giusto	sbagliato	giusto - sbagliato	"[lemma=""giusto"" & pos=""ADJ""][word=""e""][lemma=""sbagliato"" & pos=""ADJ""]"	4414190	Non potremmo farcela a tirare avanti nella vita senza prendere per scontate la maggior parte del tempo le idee di tempo, numero, conoscenza, linguaggio,	giusto e sbagliato	; ma in filosofia ci occupiamo proprio di queste cose.
yes	X e Y	giusto	sbagliato	giusto - sbagliato	"[lemma=""giusto"" & pos=""ADJ""][word=""e""][lemma=""sbagliato"" & pos=""ADJ""]"	368561	Ed esige di credere in un linea di confine fra bene e male, fra	giusto e sbagliato	, fra ammissibile e inammissibile che implicitamente trasforma gli utenti in discepoli invece che in liberi protagonisti consci del nuovo, consci del molto, ma anche consapevoli dell'ignoto, di ciò che resta da capire e da scoprire.
yes	X e Y	giusto	sbagliato	giusto - sbagliato	"[lemma=""giusto"" & pos=""ADJ""][word=""e""][lemma=""sbagliato"" & pos=""ADJ""]"	4414850	Vi è un modo in cui	giusto e sbagliato	sono ovviamente relativi alle circostanze.
yes	X e Y	giusto	sbagliato	giusto - sbagliato	"[lemma=""giusto"" & pos=""ADJ""][word=""e""][lemma=""sbagliato"" & pos=""ADJ""]"	4414828	Questo ci porta a un'altra grande questione:	giusto e sbagliato	sono gli stessi per chiunque?
yes	X e Y	giuste	sbagliate	giusto - sbagliato	"[lemma=""giusto"" & pos=""ADJ""][word=""e""][lemma=""sbagliato"" & pos=""ADJ""]"	1117908	Partendo da questo, chiamiamolo pure principio, riusciamo, a volte, a percepire quali sono le cose che noi riteniamo	giuste e sbagliate	.
yes	X e Y	giusto	sbagliato	giusto - sbagliato	"[lemma=""giusto"" & pos=""ADJ""][word=""e""][lemma=""sbagliato"" & pos=""ADJ""]"	4498920	Certo qui ci si richiama alle figure piuttosto solitarie di Salvemini e Gobetti, alla necessità per il nostro paese di uomini che agiscono e pensano in termini di	giusto e sbagliato	, di vero e di falso.
yes	X e Y	giusto	sbagliato	giusto - sbagliato	"[lemma=""giusto"" & pos=""ADJ""][word=""e""][lemma=""sbagliato"" & pos=""ADJ""]"	4414831	Ma se si suppone che l'essere qualcosa sbagliato costituisca una ragione contro il farlo, e se le tue ragioni per fare cose dipendono dai tuoi motivi, e i motivi delle persone possono variare enormemente, allora è come se non ci fosse per chiunque un unico	giusto e sbagliato	.
yes	X e Y	giusto	sbagliato	giusto - sbagliato	"[lemma=""giusto"" & pos=""ADJ""][word=""e""][lemma=""sbagliato"" & pos=""ADJ""]"	6564464	È appunto questo intento che ci prefiggiamo di soddisfare che determina in qualche modo la fastidiosa dicotomia	giusto e sbagliato	.
yes	X e Y	giusto	sbagliato	giusto - sbagliato	"[lemma=""giusto"" & pos=""ADJ""][word=""e""][lemma=""sbagliato"" & pos=""ADJ""]"	6564465	L'intento ha a che fare con la nostra visione della fotografia e soltanto in relazione a questo possiamo ragionare in termini di	giusto e sbagliato	.
yes	X e Y	giusto	sbagliato	giusto - sbagliato	"[lemma=""giusto"" & pos=""ADJ""][word=""e""][lemma=""sbagliato"" & pos=""ADJ""]"	4414849	O è più ragionevole credere che	giusto e sbagliato	siano relativi a un tempo particolare, a un luogo e a un contesto sociale?
yes	X e Y	giusto	sbagliato	giusto - sbagliato	"[lemma=""giusto"" & pos=""ADJ""][word=""e""][lemma=""sbagliato"" & pos=""ADJ""]"	2544128	Ma, quando accetti l'idea che ogni anima si materializza in un corpo per evolvere, comprendi come le regole del gioco obbediscano a criteri non classificabili con le categorie terrene di	giusto e sbagliato	.
yes	X e Y	giusto	sbagliato	giusto - sbagliato	"[lemma=""giusto"" & pos=""ADJ""][word=""e""][lemma=""sbagliato"" & pos=""ADJ""]"	4414832	Non ci sarà un unico	giusto e sbagliato	perché, se i motivi fondamentali delle persone differiscono, non ci sarà un unico criterio fondamentale di comportamento che chiunque abbia ragione di seguire.
yes	X e Y	giusto	sbagliato	giusto - sbagliato	"[lemma=""giusto"" & pos=""ADJ""][word=""e""][lemma=""sbagliato"" & pos=""ADJ""]"	4120424	Poiché innamorarsi può essere tutto questo e tutto insieme, sfidando le leggi della logica: inutile e significativo, stupido e interessante,	giusto e sbagliato	, bello e... che strano, la ragazza che ha posto la domanda non ha accoppiato, come negli altri casi, il bello con il suo opposto.
yes	X e Y	giuste	sbagliate	giusto - sbagliato	"[lemma=""giusto"" & pos=""ADJ""][word=""e""][lemma=""sbagliato"" & pos=""ADJ""]"	229527	"Le lezioni tratteranno ogni mese (questa prima lezione è dedicata alla cucina) un ambiente diverso della casa, dal soggiorno alla camera da letto, al ripostiglio e via di seguito, proponendo una serie di "" si "" e "" no "" a confronto, ovvero soluzioni"	giuste e sbagliate	per guidarvi nella scelta ed evitare possibili errori.
yes	X o Y	giusto	sbagliato	giusto - sbagliato	"[lemma=""giusto"" & pos=""ADJ""][word=""o""][lemma=""sbagliato"" & pos=""ADJ""]"	72659	Ma,	giusto o sbagliato	, entrai in crisi di nuovo, faticai, nel frattempo un coming out con molti, moltissimi miei amici, ritornato alla tranquilla provincia, accettato e stimato.
yes	X o Y	giusto	sbagliato	giusto - sbagliato	"[lemma=""giusto"" & pos=""ADJ""][word=""o""][lemma=""sbagliato"" & pos=""ADJ""]"	177174	I genitori devono presentare standard obiettivi di ciò che è	giusto o sbagliato	, creando un contesto morale sicuro per la vita.
yes	X o Y	giusta	sbagliata	giusto - sbagliato	"[lemma=""giusto"" & pos=""ADJ""][word=""o""][lemma=""sbagliato"" & pos=""ADJ""]"	2967995	Ovvero dopo una vita di incertezze, entusiasmi e delusioni, viltà e tradimenti, messo di fronte alla ineluttabilità della sua rovina, egli decideva di professare la fede della sua giovinezza, senza più chiedersi se fosse	giusta o sbagliata	, ma quasi per mostrare a se stesso che era capace di qualche fede.
yes	X o Y	giuste	sbagliate	giusto - sbagliato	"[lemma=""giusto"" & pos=""ADJ""][word=""o""][lemma=""sbagliato"" & pos=""ADJ""]"	2636333	Sarà lesperienza poi, nel momento in cui poggerete le mani sul volante, a darvi una valutazione di quanto le vostre ipotesi fossero	giuste o sbagliate	.
yes	X o Y	giusto	sbagliato	giusto - sbagliato	"[lemma=""giusto"" & pos=""ADJ""][word=""o""][lemma=""sbagliato"" & pos=""ADJ""]"	653954	""" Non ci sono più confini, non si percepisce ciò che è"	giusto o sbagliato	.
yes	X o Y	giusta	sbagliata	giusto - sbagliato	"[lemma=""giusto"" & pos=""ADJ""][word=""o""][lemma=""sbagliato"" & pos=""ADJ""]"	7014466	Il messaggio che Jinwar vuole dare alle donne del mondo è che non esiste una donna	giusta o sbagliata	, ma solo donne consapevoli.
yes	X o Y	giusto	sbagliato	giusto - sbagliato	"[lemma=""giusto"" & pos=""ADJ""][word=""o""][lemma=""sbagliato"" & pos=""ADJ""]"	4414169	Le nostre capacità analitiche sono spesso altamente sviluppate prima che abbiamo imparato gran che sul mondo, e intorno ai quattordici anni di età le persone cominciano a pensare per conto loro ai problemi filosofici - su quello che esiste davvero, se possiamo conoscere qualcosa, se qualcosa è veramente	giusto o sbagliato	, se la vita ha qualche significato, se la morte è la fine.
yes	X o Y	giuste	sbagliate	giusto - sbagliato	"[lemma=""giusto"" & pos=""ADJ""][word=""o""][lemma=""sbagliato"" & pos=""ADJ""]"	2262901	Qui non ci sono risposte	giuste o sbagliate	, ma la chiave per interpretare i risultati in fondo al test vi permetterà di valutare il vostro livello di consapevolezza emotiva.
yes	X o Y	giusta	sbagliata	giusto - sbagliato	"[lemma=""giusto"" & pos=""ADJ""][word=""o""][lemma=""sbagliato"" & pos=""ADJ""]"	4389562	Crescevano con il tempo umido e con quello secco, con la luna	giusta o sbagliata	.
yes	X o Y	giusto	sbagliato	giusto - sbagliato	"[lemma=""giusto"" & pos=""ADJ""][word=""o""][lemma=""sbagliato"" & pos=""ADJ""]"	4265577	Nell'addestramento impartito alla macchina tramite questo suggerimento non si richiede che il risultato fornito dal calcolatore sia	giusto o sbagliato	, ma solo che sia mantenuta la coerenza al variare della posizione o della scala della figura d'ingresso.
yes	X o Y	sbagliato	giusto	giusto - sbagliato	"[lemma=""sbagliato"" & pos=""ADJ""][word=""o""][lemma=""giusto"" & pos=""ADJ""]"	1983429	Viene rabbia a pensare che da questa parte magari c'è tuo padre e dall'altra c'è tuo figlio, e succede, succede a Chiomonte, a Napoli, in tante altre parti d'Italia, l'errore è di finire noi assassini perché noi usiamo i lacrimogeni, noi i lacrimogeni li usiamo perché siamo obbligati a usarli, non sto dicendo che è	sbagliato o giusto	, sto dicendo solo che non è a noi che devono essere indirizzate le critiche.
yes	X o Y	giuste	sbagliate	giusto - sbagliato	"[lemma=""giusto"" & pos=""ADJ""][word=""o""][lemma=""sbagliato"" & pos=""ADJ""]"	4040134	Jan diceva, quando d'estate arrivavano al paese dalla parte giusta, che in natura non esistono parti	giuste o sbagliate	.
yes	X o Y	giusto	sbagliato	giusto - sbagliato	"[lemma=""giusto"" & pos=""ADJ""][word=""o""][lemma=""sbagliato"" & pos=""ADJ""]"	2092782	» «Vuoi davvero parlare di ciò che è	giusto o sbagliato	?
yes	X o Y	giusto	sbagliato	giusto - sbagliato	"[lemma=""giusto"" & pos=""ADJ""][word=""o""][lemma=""sbagliato"" & pos=""ADJ""]"	2265440	Questa impudente irrisione del mondo adulto è tipica di un ragazzo che guarda alla vita in termini di alternative secche, di bianco e nero, di	giusto o sbagliato	.
yes	X o Y	sbagliata	giusta	giusto - sbagliato	"[lemma=""sbagliato"" & pos=""ADJ""][word=""o""][lemma=""giusto"" & pos=""ADJ""]"	1886851	Diranno i mercati se sarà una scelta	sbagliata o giusta	.
yes	X o Y	giusto	sbagliato	giusto - sbagliato	"[lemma=""giusto"" & pos=""ADJ""][word=""o""][lemma=""sbagliato"" & pos=""ADJ""]"	2623147	Che l Â argomento astratto sia	giusto o sbagliato	, la conclusione Â oggi lo sappiamo Â ha comunque molto di giusto.
yes	X o Y	giuste	sbagliate	giusto - sbagliato	"[lemma=""giusto"" & pos=""ADJ""][word=""o""][lemma=""sbagliato"" & pos=""ADJ""]"	6378294	Fate fare il test al bambino, dopo aver chiarito che non ci sono risposte	giuste o sbagliate	"e che deve unicamente segnare la risposta che ritiene più adeguata, spiegandogli che è un modo per aiutarlo ad esprimere "" come si sente "" dentro."
yes	X o Y	giuste	sbagliate	giusto - sbagliato	"[lemma=""giusto"" & pos=""ADJ""][word=""o""][lemma=""sbagliato"" & pos=""ADJ""]"	7095793	In psicologia viene definita teoria della mente ed è la capacità di comprendere che, come noi, anche le persone che ci circondano hanno un punto di vista, possiedono credenze	giuste o sbagliate	(definite solitamente come stati mentali) che spesso non coincidono con i nostri.
yes	X o Y	giuste	sbagliate	giusto - sbagliato	"[lemma=""giusto"" & pos=""ADJ""][word=""o""][lemma=""sbagliato"" & pos=""ADJ""]"	4157497	Non era importante se facevo le cose	giuste o sbagliate	, era come capitava e, comunque, sempre meglio l'esterno che non la famiglia nella quale vivevo.
yes	X o Y	giusto	sbagliato	giusto - sbagliato	"[lemma=""giusto"" & pos=""ADJ""][word=""o""][lemma=""sbagliato"" & pos=""ADJ""]"	5211073	Questo è un ragionamento,	giusto o sbagliato	non saprei.
yes	X o Y	giuste	sbagliate	giusto - sbagliato	"[lemma=""giusto"" & pos=""ADJ""][word=""o""][lemma=""sbagliato"" & pos=""ADJ""]"	3149113	E per riuscire nel suo intento aveva assoluto bisogno di essere solo in quell'avventura, di essere il solo responsabile delle proprie azioni	giuste o sbagliate	che fossero.
yes	X o Y	giusta	sbagliata	giusto - sbagliato	"[lemma=""giusto"" & pos=""ADJ""][word=""o""][lemma=""sbagliato"" & pos=""ADJ""]"	1720712	Ricordando il periodo della guerra fredda e le frequenti proposte di disarmo in quella fase storica, Aumann si chiede se fosse stata una scelta	giusta o sbagliata	partire con un disarmo unilaterale.
yes	X o Y	giusta	sbagliata	giusto - sbagliato	"[lemma=""giusto"" & pos=""ADJ""][word=""o""][lemma=""sbagliato"" & pos=""ADJ""]"	1130794	Subito dopo, d'accordo con i genitori, fece un'altra scelta, non so se	giusta o sbagliata	: stabilì di non dire nulla alla famiglia del suo innamorato.
yes	X o Y	giusto	sbagliato	giusto - sbagliato	"[lemma=""giusto"" & pos=""ADJ""][word=""o""][lemma=""sbagliato"" & pos=""ADJ""]"	7126300	In questo caso il thriller ti dà una certezza di quello che è	giusto o sbagliato	che la legge, o la vita, non ti daranno mai».
yes	X o Y	giusto	sbagliato	giusto - sbagliato	"[lemma=""giusto"" & pos=""ADJ""][word=""o""][lemma=""sbagliato"" & pos=""ADJ""]"	6928658	Inutile chiedersi se sia	giusto o sbagliato	, se Giovanni Malagò, presidente del Coni e commissario di un calcio in crisi, abbia fatto bene a ordinare lo stop: ha deciso in pochi minuti, raggiunto da un dolore intenso e contagioso che ha conquistato anche lui.
yes	X o Y	giusto	sbagliato	giusto - sbagliato	"[lemma=""giusto"" & pos=""ADJ""][word=""o""][lemma=""sbagliato"" & pos=""ADJ""]"	4197643	Di fatto ciò che Marcello aveva cominciato a chiedere alla madre riguardava questioni relative al bene e al male,	giusto o sbagliato	, peccato o no.
yes	X o Y	giusta	sbagliata	giusto - sbagliato	"[lemma=""giusto"" & pos=""ADJ""][word=""o""][lemma=""sbagliato"" & pos=""ADJ""]"	1409080	Qui, invece, nella calura dell'estate del 2006 si discute di quanto fosse	giusta o sbagliata	un'ipotesi del futuro avanzata venti anni fa, alla fine degli anni Ottanta, da un gruppo di persone decisamente eterogeneo, per professione, estrazione, cultura, creatività e, mi sia consentito, prospettiva etica rispetto alla cosa pubblica.
yes	X o Y	giusto	sbagliato	giusto - sbagliato	"[lemma=""giusto"" & pos=""ADJ""][word=""o""][lemma=""sbagliato"" & pos=""ADJ""]"	934010	Ripeto: non mi interessa sapere se sia	giusto o sbagliato	, basta esaminare il fatto nudo e crudo.
yes	X o Y	giusto	sbagliato	giusto - sbagliato	"[lemma=""giusto"" & pos=""ADJ""][word=""o""][lemma=""sbagliato"" & pos=""ADJ""]"	2031892	In un primo momento la Chiesa restò al fianco del regime di Perón, e ottenne perfino delle cose, come l'insegnamento religioso,	giusto o sbagliato	non importa.
yes	X o Y	giusto	sbagliato	giusto - sbagliato	"[lemma=""giusto"" & pos=""ADJ""][word=""o""][lemma=""sbagliato"" & pos=""ADJ""]"	5926244	Spiega: Il presidio poteva essere	giusto o sbagliato	, però funzionava.
yes	X o Y	giuste	sbagliate	giusto - sbagliato	"[lemma=""giusto"" & pos=""ADJ""][word=""o""][lemma=""sbagliato"" & pos=""ADJ""]"	6658382	Continuo a prendere delle decisioni o a non prenderle, a imboccare strade	giuste o sbagliate	che non sono mai veramente
yes	X o Y	giusta	sbagliata	giusto - sbagliato	"[lemma=""giusto"" & pos=""ADJ""][word=""o""][lemma=""sbagliato"" & pos=""ADJ""]"	6252806	Romano Prodi offriva,	giusta o sbagliata	, l'immagine di un candidato premier nuovo, fiducioso, dotato di un programma e di una missione precisi, capace di attrarre il voto anti - partitico e di rassicurare i moderati, circondato da una squadra di collaboratori di livello, a cominciare da Carlo Azeglio Ciampi.
yes	X o Y	giusto	sbagliato	giusto - sbagliato	"[lemma=""giusto"" & pos=""ADJ""][word=""o""][lemma=""sbagliato"" & pos=""ADJ""]"	2634098	Che poi tale fede sia assolutamente fondamentale per stabilire cosa è moralmente	giusto o sbagliato	costituisce tuttavia, e senza mezzi termini, la rovina sia per la moralità sia per la religione.
yes	X o Y	giusto	sbagliato	giusto - sbagliato	"[lemma=""giusto"" & pos=""ADJ""][word=""o""][lemma=""sbagliato"" & pos=""ADJ""]"	404577	Ma è una sciocca perdita di tempo discutere se un cambiamento sia	giusto o sbagliato	, perché quando è già in corso è soprattutto una cosa: irreversibile.
yes	X o Y	giuste	sbagliate	giusto - sbagliato	"[lemma=""giusto"" & pos=""ADJ""][word=""o""][lemma=""sbagliato"" & pos=""ADJ""]"	7003743	Non ci sono scelte	giuste o sbagliate	, ma solo subordinate alla salute di tutti.
yes	X o Y	giuste	sbagliate	giusto - sbagliato	"[lemma=""giusto"" & pos=""ADJ""][word=""o""][lemma=""sbagliato"" & pos=""ADJ""]"	2600841	Ebrei, massoni e radical chic Mentre scrivo non si è ancora sopita la discussione giornalistica sul caso di don Gelmini, e vorrei subito dire che non sono granché interessato a sapere se le accuse che gli rivolgono sono	giuste o sbagliate	, perché errare è umano, sia che abbia sbagliato un prete sia che abbia sbagliato un magistrato, e per il resto si tratta di faccende personali.
yes	X o Y	giusta	sbagliata	giusto - sbagliato	"[lemma=""giusto"" & pos=""ADJ""][word=""o""][lemma=""sbagliato"" & pos=""ADJ""]"	1350330	Nessun governo israeliano rappresenta l'Ebraismo e nessuna critica,	giusta o sbagliata	, al primo coinvolge il secondo, né può essere respinta soltanto per la preoccupazione di difendere quest'ultimo.
yes	X o Y	giusta	sbagliata	giusto - sbagliato	"[lemma=""giusto"" & pos=""ADJ""][word=""o""][lemma=""sbagliato"" & pos=""ADJ""]"	890327	Io ricordo con piacere i primissimi giorni dopo le prime morti dei robot in cui l'intera umanità non capiva assolutamente ciò che stava accadendo e più andavano avanti i giorni e più c'era confusione, e più c'era la voglia di capire, di ricercare, anche se non se ne aveva la competenza, la capacità, però c'era una reazione,	giusta o sbagliata	che fosse, completamente inutile che fosse, in ogni modo era una reazione.
yes	X o Y	giusto	sbagliato	giusto - sbagliato	"[lemma=""giusto"" & pos=""ADJ""][word=""o""][lemma=""sbagliato"" & pos=""ADJ""]"	1973925	Ciò che succede dopo,	giusto o sbagliato	che sia, lo è per gli azionisti, allo Stato non costa.Vendere un?
yes	X o Y	giuste	sbagliate	giusto - sbagliato	"[lemma=""giusto"" & pos=""ADJ""][word=""o""][lemma=""sbagliato"" & pos=""ADJ""]"	329676	Un problema che non riguarderà solo un Ocalan in fuga,	giuste o sbagliate	che siano le sue ragioni, ma il militante di Amnesty International che cerca di incastrare un Pinochet e l'amministratore dell'Olivetti che tesse la tela finanziaria di una Opa.
yes	X o Y	giuste	sbagliate	giusto - sbagliato	"[lemma=""giusto"" & pos=""ADJ""][word=""o""][lemma=""sbagliato"" & pos=""ADJ""]"	2640527	Il mondo vittoriano (e quello borghese in generale) è un mondo retto da una sempli ficazione della vita e dell'esperienza in senso schiettamente pratico: le cose sono	giuste o sbagliate	, belle o brutte, senza inutili compiacimenti per l'equivoco, i caratteri misti, le ambiguità.
yes	X o Y	giusti	sbagliati	giusto - sbagliato	"[lemma=""giusto"" & pos=""ADJ""][word=""o""][lemma=""sbagliato"" & pos=""ADJ""]"	2484992	Forti o deboli,	giusti o sbagliati	, tutto succede come succede perché deve succedere così.
yes	X o Y	giusto	sbagliato	giusto - sbagliato	"[lemma=""giusto"" & pos=""ADJ""][word=""o""][lemma=""sbagliato"" & pos=""ADJ""]"	108400	Siamo di fronte a un dramma che, inserito in una cornice pedagogica adatta a ogni tempo, pone alla nostra attenzione un problema esistenziale molto attuale: chi deve decidere ciò che è	giusto o sbagliato	?
yes	X o Y	giuste	sbagliate	giusto - sbagliato	"[lemma=""giusto"" & pos=""ADJ""][word=""o""][lemma=""sbagliato"" & pos=""ADJ""]"	6967672	Il governo ha preso le sue decisioni,	giuste o sbagliate	che siano.
yes	X o Y	giusto	sbagliato	giusto - sbagliato	"[lemma=""giusto"" & pos=""ADJ""][word=""o""][lemma=""sbagliato"" & pos=""ADJ""]"	2481322	O forse no, non è assurdo, forse è solo come dice la mamma, Dio non esiste e non esiste nulla di	giusto o sbagliato	, e allora è normale che le cose succedano a caso.
yes	X o Y	giusti	sbagliati	giusto - sbagliato	"[lemma=""giusto"" & pos=""ADJ""][word=""o""][lemma=""sbagliato"" & pos=""ADJ""]"	4064300	E'altrettanto importante esaminare cosa sentivate da bambini circa i sogni di vostra madre: a livello intuitivo pensavate che i suoi valori e i suoi metri di giudizio fossero	giusti o sbagliati	?
yes	X o Y	giuste	sbagliate	giusto - sbagliato	"[lemma=""giusto"" & pos=""ADJ""][word=""o""][lemma=""sbagliato"" & pos=""ADJ""]"	1461279	"Il PDL la chiama democrazia, ma in realtà si sta andando verso una "" putinizzazione "" su modello russo della democrazia... una sorta di dittatura moderata e mascherata da una parvenza di democrazia libertaria... la libertà esiste sì... ma non è un diritto che un cittadino con le proprie idee -"	giuste o sbagliate	- possa esercitare, specialmente su internet.
yes	X o Y	giusto	sbagliato	giusto - sbagliato	"[lemma=""giusto"" & pos=""ADJ""][word=""o""][lemma=""sbagliato"" & pos=""ADJ""]"	4449217	Aveva il senso di ciò che è	giusto o sbagliato	, o era vittima della sua nuova configurazione cerebrale, cosicché le sue decisioni gli erano imposte, in modo inevitabile?
yes	X o Y	giusto	sbagliato	giusto - sbagliato	"[lemma=""giusto"" & pos=""ADJ""][word=""o""][lemma=""sbagliato"" & pos=""ADJ""]"	4092749	Fanno risparmiare tempo e fatica, e forniscono risposte nette: vero o falso, buono o cattivo,	giusto o sbagliato	, obbligatorio o proibito.
yes	X o Y	giuste	sbagliate	giusto - sbagliato	"[lemma=""giusto"" & pos=""ADJ""][word=""o""][lemma=""sbagliato"" & pos=""ADJ""]"	712175	La strada con cui Bush è giunto a questo risultato si è dunque dimostrata efficace, rapida e costosa in termini di vite umane, perché la sofisticazione della tecnologia militare non ha eliminato il carico di distruzione e dolore che hanno sempre le guerre,	giuste o sbagliate	che siano.
yes	X o Y	giuste	sbagliate	giusto - sbagliato	"[lemma=""giusto"" & pos=""ADJ""][word=""o""][lemma=""sbagliato"" & pos=""ADJ""]"	3147676	Comunque aveva imparato una lezione: le decisioni che si prendono possono essere	giuste o sbagliate	.
yes	X o Y	giuste	sbagliate	giusto - sbagliato	"[lemma=""giusto"" & pos=""ADJ""][word=""o""][lemma=""sbagliato"" & pos=""ADJ""]"	1163613	Sarò fatto male, ma sono abituato ad applicare le stesse categorie,	giuste o sbagliate	che siano, a tutti: a destra come a sinistra.
yes	X o Y	giusta	sbagliata	giusto - sbagliato	"[lemma=""giusto"" & pos=""ADJ""][word=""o""][lemma=""sbagliato"" & pos=""ADJ""]"	4414188	"Chiunque può chiedersi se è sbagliato entrare in un cinema senza pagare, ma un filosofo chiederà "" Cosa rende un'azione"	giusta o sbagliata	?
yes	X o Y	giusto	sbagliato	giusto - sbagliato	"[lemma=""giusto"" & pos=""ADJ""][word=""o""][lemma=""sbagliato"" & pos=""ADJ""]"	3734616	«Vedi, John, non è sempre facile far capire agli altri cosa è giusto, quando si è a capo di una famiglia in cui tutti preferiscono fare a modo loro,	giusto o sbagliato	che sia.
yes	X o Y	giusta	sbagliata	giusto - sbagliato	"[lemma=""giusto"" & pos=""ADJ""][word=""o""][lemma=""sbagliato"" & pos=""ADJ""]"	1450448	L'Ordine non va assolutamente abolito, sarebbe davvero la fine,	giusta o sbagliata	della categoria dei giornalisti.
yes	X o Y	giuste	sbagliate	giusto - sbagliato	"[lemma=""giusto"" & pos=""ADJ""][word=""o""][lemma=""sbagliato"" & pos=""ADJ""]"	3544342	«Ha fatto bene a dirmelo, non esistono occasioni	giuste o sbagliate	per notizie del genere.
yes	X o Y	giusta	sbagliata	giusto - sbagliato	"[lemma=""giusto"" & pos=""ADJ""][word=""o""][lemma=""sbagliato"" & pos=""ADJ""]"	2207629	Perché non so se si tratta di una cosa	giusta o sbagliata	.
yes	X o Y	giuste	sbagliate	giusto - sbagliato	"[lemma=""giusto"" & pos=""ADJ""][word=""o""][lemma=""sbagliato"" & pos=""ADJ""]"	124680	È ora di finirla che tutti quanti, dai giornalisti ai conduttori, vivano con ansia le interviste o le critiche (	giuste o sbagliate	che siano) a questi personaggi di secondissimo piano perché i cantanti si risentono, si offendono e rispondono malissimo.
yes	X o Y	giusta	sbagliata	giusto - sbagliato	"[lemma=""giusto"" & pos=""ADJ""][word=""o""][lemma=""sbagliato"" & pos=""ADJ""]"	3198682	O peggio ancora vuole sapere se è	giusta o sbagliata	.
yes	X o Y	giusto	sbagliato	giusto - sbagliato	"[lemma=""giusto"" & pos=""ADJ""][word=""o""][lemma=""sbagliato"" & pos=""ADJ""]"	7104104	Nasce così una «morale impersonale», di tipo propriamente culturale, in grado di stabilire ciò che sarebbe oggettivamente	giusto o sbagliato	, una capacità che esperimenti recenti riscontrano già nei bambini di tre anni.
yes	X o Y	giusta	sbagliata	giusto - sbagliato	"[lemma=""giusto"" & pos=""ADJ""][word=""o""][lemma=""sbagliato"" & pos=""ADJ""]"	942399	Non esiste quindi la comunicazione	giusta o sbagliata	, esiste solo la comunicazione efficace.
yes	X o Y	giuste	sbagliate	giusto - sbagliato	"[lemma=""giusto"" & pos=""ADJ""][word=""o""][lemma=""sbagliato"" & pos=""ADJ""]"	722504	Si parla di nuove leggi e di nuove norme (	giuste o sbagliate	che siano).
yes	X o Y	giuste	sbagliate	giusto - sbagliato	"[lemma=""giusto"" & pos=""ADJ""][word=""o""][lemma=""sbagliato"" & pos=""ADJ""]"	73762	Non ci si può struggere per le scelte dei figli,	giuste o sbagliate	"che sembrino, perché volerli forgiare ad ogni costo a propria immagine e somiglianza è una specie di "" clonazione psicologica "" con risultati devastanti."
yes	X o Y	giusto	sbagliato	giusto - sbagliato	"[lemma=""giusto"" & pos=""ADJ""][word=""o""][lemma=""sbagliato"" & pos=""ADJ""]"	6791510	Questo sì e l'altro no, bianco o nero,	giusto o sbagliato	: sembra più facile, se hai delle regole da seguire.
yes	X o Y	giusto	sbagliato	giusto - sbagliato	"[lemma=""giusto"" & pos=""ADJ""][word=""o""][lemma=""sbagliato"" & pos=""ADJ""]"	2758481	Quello meno contundente potrebbe consistere nel tentativo (	giusto o sbagliato	lo diranno prima gli elettori e poi la storia...) di far fare un salto in avanti al Pd - ed alla sua sinistra, prima di tutto - sulla via di posizioni e programmi che siano meno segnati dall'ideologia e dalla tradizione.
yes	X o Y	giuste	sbagliate	giusto - sbagliato	"[lemma=""giusto"" & pos=""ADJ""][word=""o""][lemma=""sbagliato"" & pos=""ADJ""]"	6939523	È chiaro che si tratta di una scelta azzardata, perché la storia impone regole,	giuste o sbagliate	che siano, perché bisogna sempre tenere presente l'onda possibile delle reazioni.
yes	X o Y	giuste	sbagliate	giusto - sbagliato	"[lemma=""giusto"" & pos=""ADJ""][word=""o""][lemma=""sbagliato"" & pos=""ADJ""]"	183800	i punteggi più bassi derivano non tanto dal numero delle risposte	giuste o sbagliate	, quanto dal tempo maggiore che gli anziani impiegano nel darle (i test infatti privilegiano la rapidità e penalizzano la riflessione); 3.
yes	X o Y	giusto	sbagliato	giusto - sbagliato	"[lemma=""giusto"" & pos=""ADJ""][word=""o""][lemma=""sbagliato"" & pos=""ADJ""]"	6902605	Ma chi può stabilire cosa sia	giusto o sbagliato	?
yes	X o Y	giuste	sbagliate	giusto - sbagliato	"[lemma=""giusto"" & pos=""ADJ""][word=""o""][lemma=""sbagliato"" & pos=""ADJ""]"	4414834	Primo, potremmo dire che le stesse cose sono	giuste o sbagliate	"per chiunque, ma che non tutti hanno una ragione per fare quello che è giusto e evitare quello che è sbagliato: solo persone con il giusto tipo di motivi "" morali "" - in particolare una considerazione per gli altri - hanno qualche ragione di fare quello che è giusto, nell'interesse del giusto."
yes	X o Y	giusto	sbagliato	giusto - sbagliato	"[lemma=""giusto"" & pos=""ADJ""][word=""o""][lemma=""sbagliato"" & pos=""ADJ""]"	6511569	Non dico che fosse	giusto o sbagliato	, dico solo che andò così racconta Sergio Bonelli figlio di Giovanni Luigi e Tea Bonelli, nonché fratello di Tex Willer.
yes	X o Y	giusta	sbagliata	giusto - sbagliato	"[lemma=""giusto"" & pos=""ADJ""][word=""o""][lemma=""sbagliato"" & pos=""ADJ""]"	5669303	Una legge -	giusta o sbagliata	che sia - prescrive il requisito dell' ' onorabilita' ' per gli azionisti di controllo delle compagnie d'assicurazione.
yes	X o Y	giusto	sbagliato	giusto - sbagliato	"[lemma=""giusto"" & pos=""ADJ""][word=""o""][lemma=""sbagliato"" & pos=""ADJ""]"	1146920	Poi puoi giudicare se il Che fosse un politico	giusto o sbagliato	, ma c'era qualcosa di grande in lui.
yes	X o Y	giusto	sbagliato	giusto - sbagliato	"[lemma=""giusto"" & pos=""ADJ""][word=""o""][lemma=""sbagliato"" & pos=""ADJ""]"	6981357	Insomma, per uscire dal periodo nero che sta attraversando (con il dilagare di bufale e haters da una parte e i soliti problemi fiscali dall'altra), al posto dei ripetuti mea culpa degli ultimi mesi pare che il social network abbia adottato una nuova filosofia: vero o no,	giusto o sbagliato	, purché se ne parli.
yes	X o Y	giusto	sbagliato	giusto - sbagliato	"[lemma=""giusto"" & pos=""ADJ""][word=""o""][lemma=""sbagliato"" & pos=""ADJ""]"	2725758	«Questo è previsto dalle norme,	giusto o sbagliato	che sia.
yes	X o Y	giusto	sbagliato	giusto - sbagliato	"[lemma=""giusto"" & pos=""ADJ""][word=""o""][lemma=""sbagliato"" & pos=""ADJ""]"	5609189	Qualificare come liberale una posizione secondo che si richiami o no ai criteri del mercato può essere	giusto o sbagliato	in base alla nozione di mercato che si impiega.
yes	X o Y	giusti	sbagliati	giusto - sbagliato	"[lemma=""giusto"" & pos=""ADJ""][word=""o""][lemma=""sbagliato"" & pos=""ADJ""]"	4519615	Queste persone si riallacciano alla tradizione dell'empirismo, e quindi si pongono su una posizione che potremmo chiamare di realismo metodologico, o anche di rispetto per l'oggettività Oggi come ieri, questi studiosi, tecnici e scienziati hanno un particolare stile di ragionamento e di giudizio: sono concreti, esigenti e talora pedanti, e inclini a dividere gli enunciati in chiari o confusi, pertinenti o non pertinenti,	giusti o sbagliati	.
yes	X o Y	giusta	sbagliata	giusto - sbagliato	"[lemma=""giusto"" & pos=""ADJ""][word=""o""][lemma=""sbagliato"" & pos=""ADJ""]"	4000761	Tutti i miei pensieri erano per i rettangolini di pellicola che passavano attraverso le mie vecchie macchine, Voigtlander, Leica Pentax, per le forme e i colori che venivano registrati là dentro dagli accidenti del moto e del caso, e ovviamente dall'abilità, o dalla mancanza di essa, con cui riuscivo a puntare l'obiettivo nella direzione	giusta o sbagliata	al momento giusto o sbagliato.
yes	X o Y	giuste	sbagliate	giusto - sbagliato	"[lemma=""giusto"" & pos=""ADJ""][word=""o""][lemma=""sbagliato"" & pos=""ADJ""]"	1900381	L'obiezione che mi permetto di muovere a questa dialettica degli opposti è che non esistono politiche economiche	giuste o sbagliate	per ogni tempo e luogo, traducibili in ricette valide per sempre, ma teorie e pratiche corrispondenti o incongrue in rapporto alla fase economica in corso, almeno a medio termine.
yes	X o Y	giusto	sbagliato	giusto - sbagliato	"[lemma=""giusto"" & pos=""ADJ""][word=""o""][lemma=""sbagliato"" & pos=""ADJ""]"	1349745	In quella piccola aula le cui finestre guardano la fiumana di persone e di cose che scorre in Oxford Street come un'allegoria del Tempo, sguardi incrociati per un attimo e subito perduti, sono invece di nuovo a scuola, sottoposto a giudizio - e a un giudizio preciso, quello risultante dai verbi coniugati in modo	giusto o sbagliato	, non quello affidato alla magnanimità o alla diffidenza dei recensori.
yes	X o Y	giusto	sbagliato	giusto - sbagliato	"[lemma=""giusto"" & pos=""ADJ""][word=""o""][lemma=""sbagliato"" & pos=""ADJ""]"	770159	A questo punto mi sono posta una seconda serie di domande: il lavoro minorile è	giusto o sbagliato	?
yes	X o Y	giusto	sbagliato	giusto - sbagliato	"[lemma=""giusto"" & pos=""ADJ""][word=""o""][lemma=""sbagliato"" & pos=""ADJ""]"	4331022	Nuotano in una vasca che assomiglia poco al mare, ma siamo stati abituati fin da bambini a vedere animali nei circhi, negli zoo, negli studi televisivi, e non viene sempre naturale chiedersi se sia	giusto o sbagliato	metterceli.
yes	X o Y	giusta	sbagliata	giusto - sbagliato	"[lemma=""giusto"" & pos=""ADJ""][word=""o""][lemma=""sbagliato"" & pos=""ADJ""]"	841609	"Gli ex - soldati ci venivano incontro di gran carriera e man mano che si avvicinavano potevo accorgermi di quanto fosse sbagliato chiamarli tali: nella mia mente i "" soldati "" o le "" guardie "" erano sinonimo di valore, persino quelli imperiali che avevano combattuto contro la nostra Chiesa erano degni di rispetto perché mettevano in pericolo la loro vita per una causa,"	giusta o sbagliata	che fosse.
yes	X o Y	giusto	sbagliato	giusto - sbagliato	"[lemma=""giusto"" & pos=""ADJ""][word=""o""][lemma=""sbagliato"" & pos=""ADJ""]"	4386924	Al contrario, l'andamento di una Borsa, è estremamente sensibile ad ogni input esterno,	giusto o sbagliato	"che sia rispetto alle condizioni reali ""."
yes	X o Y	giusta	sbagliata	giusto - sbagliato	"[lemma=""giusto"" & pos=""ADJ""][word=""o""][lemma=""sbagliato"" & pos=""ADJ""]"	5018452	Il Bestiario potrebbe finire qui, poiché non sta bene infierire su un figlio che si batte per il padre,	giusta o sbagliata	che sia la sua causa.
yes	X o Y	giusto	sbagliato	giusto - sbagliato	"[lemma=""giusto"" & pos=""ADJ""][word=""o""][lemma=""sbagliato"" & pos=""ADJ""]"	2548810	«Credo di non avere più la minima idea di cosa sia	giusto o sbagliato	.
yes	X o Y	giusto	sbagliato	giusto - sbagliato	"[lemma=""giusto"" & pos=""ADJ""][word=""o""][lemma=""sbagliato"" & pos=""ADJ""]"	3103742	Senza capirne il motivo, senza sapere cosa ho fatto di	giusto o sbagliato	.
yes	X o Y	giusta	sbagliata	giusto - sbagliato	"[lemma=""giusto"" & pos=""ADJ""][word=""o""][lemma=""sbagliato"" & pos=""ADJ""]"	5930528	Va ricordato che ad accelerare questo processo concorsero altri episodi, dopo il fallimento della Ced, e soprattutto quella storica doppia crisi dell'ottobre 1956, che vide l'umiliazione di Francia e Gran Bretagna nella spedizione (	giusta o sbagliata	che fosse) contro l'Egitto di Nasser per il canale di Suez, e vide anche l'invasione sovietica dell'Ungheria (dunque il crescere di una minaccia totalitaria da Est).
yes	X o Y	giusta	sbagliata	giusto - sbagliato	"[lemma=""giusto"" & pos=""ADJ""][word=""o""][lemma=""sbagliato"" & pos=""ADJ""]"	2643280	Gli elementi fondamentali mi pare siano tre: innanzitutto una contestazione (	giusta o sbagliata	che fosse) delle linee di politica culturale dominanti all'interno del partito comunista, che naturalmente occupava per la sinistra italiana un ruolo di un peso forse difficilmente immaginabile oggi; tale contestazione riguardava diversi livelli e tematiche ma, per la materia che qui più interessa, la letteratura (narrativa e poesia), essa riguardava la strumentalizzazione che del fenomeno letterario veniva realizzata a fini di consenso politico - culturale.
yes	X o Y	giusta	sbagliata	giusto - sbagliato	"[lemma=""giusto"" & pos=""ADJ""][word=""o""][lemma=""sbagliato"" & pos=""ADJ""]"	792388	Qualunque regista e sceneggiatore, quindi, per quanto fedele alla storia e allo spirito dell'opera, produce attraverso il film, o la fiction, un'interpretazione del romanzo (	giusta o sbagliata	che sia), creando un'opera in un certo senso nuova (perché frutto della riflessione dell'autore odierno), ma sempre in rapporto con la precedente.
yes	X o Y	giusto	sbagliato	giusto - sbagliato	"[lemma=""giusto"" & pos=""ADJ""][word=""o""][lemma=""sbagliato"" & pos=""ADJ""]"	6642000	Sarebbe come raccontarle l'orrore della sedia elettrica per spiegarle il concetto di	giusto o sbagliato	.
yes	X o Y	giusto	sbagliato	giusto - sbagliato	"[lemma=""giusto"" & pos=""ADJ""][word=""o""][lemma=""sbagliato"" & pos=""ADJ""]"	6570446	E da queste posizioni pontificherà fino allo stremo su che cosa è	giusto o sbagliato	, su cosa è di sinistra e cosa non lo è.
yes	X o Y	giusto	sbagliato	giusto - sbagliato	"[lemma=""giusto"" & pos=""ADJ""][word=""o""][lemma=""sbagliato"" & pos=""ADJ""]"	4054763	Non mi voglio sentire male, né rimproverarmi per qualcosa che ho fatto, (	giusto o sbagliato	) che fosse.
yes	tra X e Y	giusto	sbagliato	giusto - sbagliato	"[word=""tra""][lemma=""giusto"" & pos=""ADJ""][word=""e""][lemma=""sbagliato"" & pos=""ADJ""]"	1337585	L'assenza di significati garantiti, di verità assolute, di norme di condotta predeterminate, di confini prestabiliti	tra giusto e sbagliato	, non più bisognosi di attenzione, di regole garantite di successo, è la conditio sine qua non di una società autenticamente autonoma e al contempo di individui autenticamente liberi; società autonoma e libertà dei suoi membri vanno di pari passo.
yes	tra X e Y	giusto	sbagliato	giusto - sbagliato	"[word=""tra""][lemma=""giusto"" & pos=""ADJ""][word=""e""][lemma=""sbagliato"" & pos=""ADJ""]"	1290442	Ciò nonostante, la ritenevo abbastanza grande da capire la differenza	tra giusto e sbagliato	.
yes	X , non Y	grandi	piccole	grande - piccolo	"[lemma=""grande"" & pos=""ADJ""][word="",""][word=""non""][lemma=""piccolo"" & pos=""ADJ""]"	3181558	Le orecchie non	grandi, non piccole	, con il lembo inferiore tagliato in alto nel punto in cui si attacca alla nuca, tese a cogliere un segnale nel ronzio del silenzio.
yes	X e Y	grande	piccola	grande - piccolo	"[lemma=""grande"" & pos=""ADJ""][word=""e""][lemma=""piccolo"" & pos=""ADJ""]"	527795	Il resto lo fanno le leggi ipergarantiste approvate per favorire i colletti bianchi inquisiti dentro e fuori dal Parlamento, e che hanno finito per favorire tutta la criminalità,	grande e piccola	.
yes	X e Y	grandi	piccoli	grande - piccolo	"[lemma=""grande"" & pos=""ADJ""][word=""e""][lemma=""piccolo"" & pos=""ADJ""]"	2256808	Poi vidi i morti,	grandi e piccoli	, ritti davanti al trono.
yes	X e Y	piccoli	grandi	grande - piccolo	"[lemma=""piccolo"" & pos=""ADJ""][word=""e""][lemma=""grande"" & pos=""ADJ""]"	1353277	I	piccoli e grandi	risparmiatori che rimpinguavano le casse del Tesoro celeste a forza di buone azioni erano, come abbiamo detto, i santi.
yes	X e Y	piccole	grandi	grande - piccolo	"[lemma=""piccolo"" & pos=""ADJ""][word=""e""][lemma=""grande"" & pos=""ADJ""]"	4879363	L'infibulazione è forse una tra le più cruente forme di mutilazione genitale femminile e consiste nella recisione totale della clitoride, delle	piccole e grandi	labbra, e nella chiusura - cucitura della vulva, in cui viene lasciato soltanto un piccolo orifizio per espletare le funzioni fisiologiche.
yes	X e Y	grandi	piccoli	grande - piccolo	"[lemma=""grande"" & pos=""ADJ""][word=""e""][lemma=""piccolo"" & pos=""ADJ""]"	6294683	Infine ci sono le sinergie, così amate da editori	grandi e piccoli	: la Reuters, in fondo, potrebbe sfruttare meglio la rete di corrispondenti che ha nel mondo.
yes	X e Y	grandi	piccoli	grande - piccolo	"[lemma=""grande"" & pos=""ADJ""][word=""e""][lemma=""piccolo"" & pos=""ADJ""]"	3928964	Era appena terminato un giro;	grandi e piccoli	stavano scendendo, alcuni ridevano e altri erano pallidi pallidi.
yes	X e Y	grandi	piccoli	grande - piccolo	"[lemma=""grande"" & pos=""ADJ""][word=""e""][lemma=""piccolo"" & pos=""ADJ""]"	5058918	Tutti,	grandi e piccoli	investitori, hanno dato ordine di disfarsi delle azioni delle maggiori società nel timore di un tracollo del fatturato e soprattutto dei profitti.
yes	X e Y	piccole	grandi	grande - piccolo	"[lemma=""piccolo"" & pos=""ADJ""][word=""e""][lemma=""grande"" & pos=""ADJ""]"	5347199	E continuano anche	piccole e grandi	manovre al centro del Polo.
yes	X e Y	grandi	piccole	grande - piccolo	"[lemma=""grande"" & pos=""ADJ""][word=""e""][lemma=""piccolo"" & pos=""ADJ""]"	91616	Non mancano nel diabetico, infine, disturbi del cammino, con dolori agli arti inferiori, che possono dipendere o da una arteriopatia, cioè da riduzione del calibro delle	grandi e piccole	arterie, con minore apporto di sangue ai muscoli, sia da una neuropatia, cioè da lesioni dei nervi periferici.
yes	X e Y	piccoli	grandi	grande - piccolo	"[lemma=""piccolo"" & pos=""ADJ""][word=""e""][lemma=""grande"" & pos=""ADJ""]"	5256799	I	piccoli e grandi	cambiamenti dovuti alla tecnologia, alla modernità che sfiora anche quel piccolo angolo di mondo.
yes	X e Y	grandi	piccoli	grande - piccolo	"[lemma=""grande"" & pos=""ADJ""][word=""e""][lemma=""piccolo"" & pos=""ADJ""]"	4847397	Vuole approfondire un po' di più questa situazione di disparità fra	grandi e piccoli	Enti locali?
yes	X e Y	grandi	piccoli	grande - piccolo	"[lemma=""grande"" & pos=""ADJ""][word=""e""][lemma=""piccolo"" & pos=""ADJ""]"	411363	Dove, ovviamente, si formeranno	grandi e piccoli	Isp (Internet service providers) di nuova generazione.
yes	X e Y	grandi	piccole	grande - piccolo	"[lemma=""grande"" & pos=""ADJ""][word=""e""][lemma=""piccolo"" & pos=""ADJ""]"	2945891	Tutte le donne,	grandi e piccole	, erano nel bosco a raccogliere lamponi, in quei giorni maturi al punto giusto.
yes	X e Y	grandi	piccoli	grande - piccolo	"[lemma=""grande"" & pos=""ADJ""][word=""e""][lemma=""piccolo"" & pos=""ADJ""]"	1429582	C'è materia più che sufficiente, come si vede, per puntare i riflettori sull'avvicendamento al vertice dell'azienda: non solo nell'interesse degli azionisti,	grandi e piccoli	, ma soprattutto dei circa 25 milioni di utenti che usano la sua rete telefonica fissa.
yes	X e Y	grandi	piccole	grande - piccolo	"[lemma=""grande"" & pos=""ADJ""][word=""e""][lemma=""piccolo"" & pos=""ADJ""]"	3557033	«Undici... dodici... tredici...» Nell'armadietto c'erano dozzine di chiavi,	grandi e piccole	, con etichetta e senza, e tutte appese a un gancio.
yes	X e Y	grandi	piccoli	grande - piccolo	"[lemma=""grande"" & pos=""ADJ""][word=""e""][lemma=""piccolo"" & pos=""ADJ""]"	5843423	Per ora i giochi, combattuti sulle attese di 19 editori	grandi e piccoli	(il più presente era Einaudi, seguito da Marsilio, Mondadori e Feltrinelli), hanno così distribuito onori e speranze.
yes	X e Y	grandi	piccoli	grande - piccolo	"[lemma=""grande"" & pos=""ADJ""][word=""e""][lemma=""piccolo"" & pos=""ADJ""]"	5304183	"È anche a quella colossale opera di "" analfabetizzazione "" politica realizzata da intellettuali"	grandi e piccoli	che si deve se molti italiani ignorano oggi che la Rivoluzione culturale cinese è stata una delle più terribili esperienze totalitarie del secolo e credono ancora che Lenin sia stato soltanto un rivoluzionario idealista.
yes	X e Y	grandi	piccoli	grande - piccolo	"[lemma=""grande"" & pos=""ADJ""][word=""e""][lemma=""piccolo"" & pos=""ADJ""]"	4130719	Il tema intorno a cui ruota questo lavoro è generale e accomuna tutti,	grandi e piccoli	.
yes	X e Y	piccole	grandi	grande - piccolo	"[lemma=""piccolo"" & pos=""ADJ""][word=""e""][lemma=""grande"" & pos=""ADJ""]"	3271621	Una esigua minoranza che si è perfettamente integrata nelle	piccole e grandi	città, in gran parte al centronord; e che una volta liberata dai vincoli che ne limitavano le attività prima dell'Unità, si è affermata soprattutto nel commercio e nelle libere professioni.
yes	X e Y	grandi	piccoli	grande - piccolo	"[lemma=""grande"" & pos=""ADJ""][word=""e""][lemma=""piccolo"" & pos=""ADJ""]"	5170401	MARKA Dall'America, dove è una tradizione che appassiona	grandi e piccoli	, la festa dei fantasmini e delle maschere fatte con le zucche è arrivata fino a noi.
yes	X e Y	piccoli	grandi	grande - piccolo	"[lemma=""piccolo"" & pos=""ADJ""][word=""e""][lemma=""grande"" & pos=""ADJ""]"	5362640	"La famosa "" cura Giuliani "", del resto, consiste proprio nel non sottovalutare alcun tipo di reato: il principio è che"	piccoli e grandi	crimini maturano in ambienti contigui, ed i primi conducono ai secondi.
yes	X e Y	grandi	piccoli	grande - piccolo	"[lemma=""grande"" & pos=""ADJ""][word=""e""][lemma=""piccolo"" & pos=""ADJ""]"	4316894	L'evoluzione del commercio al dettaglio, la miriade di marche di prodotti	grandi e piccoli	, il frazionamento della domanda offrono enormi possibilità alla produzione e alla trasformazione.
yes	X e Y	grandi	piccole	grande - piccolo	"[lemma=""grande"" & pos=""ADJ""][word=""e""][lemma=""piccolo"" & pos=""ADJ""]"	6296310	Il ruolo di Servizi Interbancari rimarrebbe invece intatto nel campo del processing: continuerebbe a svolgere il servizio di pagamento per tutte le banche,	grandi e piccole	.
yes	X e Y	grandi	piccoli	grande - piccolo	"[lemma=""grande"" & pos=""ADJ""][word=""e""][lemma=""piccolo"" & pos=""ADJ""]"	6580651	Si può programmare quindi un ideale viaggio tra alcuni dei produttori più significativi, inframmezzando il tour con visite ai borghi	grandi e piccoli	che punteggiano le colline.
yes	X e Y	grandi	piccoli	grande - piccolo	"[lemma=""grande"" & pos=""ADJ""][word=""e""][lemma=""piccolo"" & pos=""ADJ""]"	5917551	Il prestigioso centro, diretto dallo storico della lingua italiana Mirko Tavoni, ha fino ad oggi ottenuto l'adesione di 14 università italiane, mentre di giorno in giorno si moltiplicano i gruppi di ricerca che stanno creando	grandi e piccoli	archivi, pronti per essere conglobati in un sofisticatissimo programma.
yes	X e Y	grandi	piccole	grande - piccolo	"[lemma=""grande"" & pos=""ADJ""][word=""e""][lemma=""piccolo"" & pos=""ADJ""]"	1886574	John McCain ha speso un mucchio di tempo a parlare di viaggi in Iraq, in queste ultime settimane, ma forse se avesse speso un po' di tempo a viaggiare nelle città	grandi e piccole	che sono state colpite più duramente di tutte da questa economia - nel Michigan, nell'Ohio e proprio qui in Minnesota - comprenderebbe che tipo di cambiamento sta cercando la gente.
yes	X e Y	grandi	piccole	grande - piccolo	"[lemma=""grande"" & pos=""ADJ""][word=""e""][lemma=""piccolo"" & pos=""ADJ""]"	393647	I dati raccolti dal dipartimento Aree urbane nel merito di indicatori rappresentativi del benessere socioeconomico consentono di sottolineare le migliori performance attualmente conseguite, da ogni punto di vista, dal sistema delle città medie italiane, nei confronti, rispettivamente, delle città	grandi e piccole	.
yes	X e Y	grandi	piccole	grande - piccolo	"[lemma=""grande"" & pos=""ADJ""][word=""e""][lemma=""piccolo"" & pos=""ADJ""]"	7051228	Altri esempi colpiscono, senza distinzioni,	grandi e piccole	linee aeree: una (non meglio specificata) compagnia ha subito in questi giorni un calo del 26% dei voli rispetto allo scorso anno.
yes	X e Y	piccoli	grandi	grande - piccolo	"[lemma=""piccolo"" & pos=""ADJ""][word=""e""][lemma=""grande"" & pos=""ADJ""]"	6995655	Una storia che i	piccoli e grandi	lettori vorranno leggere e rileggere in una preziosa edizione regalo, arricchita dalle illustrazioni a colori dei giovani vincitori del Torneo per le illustrazioni dell'Ickabog.
yes	X e Y	grandi	piccoli	grande - piccolo	"[lemma=""grande"" & pos=""ADJ""][word=""e""][lemma=""piccolo"" & pos=""ADJ""]"	6356801	L'idea è quella di creare un rapporto diretto con il pubblico e di fare del teatro un momento di aggregazione e di crescita per	grandi e piccoli	, oltre che mostrare agli operatori del settore una vetrina delle produzioni di Fontanateatro.
yes	X e Y	grandi	piccoli	grande - piccolo	"[lemma=""grande"" & pos=""ADJ""][word=""e""][lemma=""piccolo"" & pos=""ADJ""]"	226425	Cucine per	grandi e piccoli	spazi, firmate da famosi designer, che presentano soluzioni assolutamente innovative oltre a un'estetica di altissimo livello.
yes	X e Y	grandi	piccole	grande - piccolo	"[lemma=""grande"" & pos=""ADJ""][word=""e""][lemma=""piccolo"" & pos=""ADJ""]"	236446	Per saperne di più Le varietà di piante bulbose,	grandi e piccole	, sono numerosissime.
yes	X e Y	grande	piccola	grande - piccolo	"[lemma=""grande"" & pos=""ADJ""][word=""e""][lemma=""piccolo"" & pos=""ADJ""]"	601017	D'altra parte, dagli anni Trenta del Novecento le grandi macchine per i movimenti di terra hanno completato lo «scasso del cappellaccio», trasformando l'antico paesaggio pittoresco, pieno di scoscese forre non coltivabili e di piccoli rilievi; mentre i topografi dell'età antica, come quelli dei secoli medievali e moderni, impazziscono per recuperare la realtà dell'antico suburbio, cancellata dalla	grande e piccola	viabilità moderna.
yes	X e Y	grandi	piccole	grande - piccolo	"[lemma=""grande"" & pos=""ADJ""][word=""e""][lemma=""piccolo"" & pos=""ADJ""]"	2706963	Come mostrano tanti esempi vincenti, di aziende	grandi e piccole	di Gloria Riva 29 settembre 2016 [L'Italia delle imprese riparte dall'Internet delle cose] Il robot da casa R1, realizzato dall'Istituto Italiano di tecnologia L'idea è stata del milanese Marco Salvioli, 28 anni.
yes	X e Y	piccole	grandi	grande - piccolo	"[lemma=""piccolo"" & pos=""ADJ""][word=""e""][lemma=""grande"" & pos=""ADJ""]"	773098	Sotto l'impulso favorevole della congiuntura economica della ricostruzione, grazie al contributo di catene migratorie professionali che in certe realtà, come in alcune aree del Piemonte, della Lombardia e del Nord - Est, avevano molti attributi di qualità, e in virtù delle reti sociali stabilite in Francia,	piccole e grandi	imprese edili costituite dagli italiani trovarono incremento proprio nella contingenza postbellica (Corti, 1990; Aa.
yes	X e Y	grandi	piccole	grande - piccolo	"[lemma=""grande"" & pos=""ADJ""][word=""e""][lemma=""piccolo"" & pos=""ADJ""]"	655966	Ho girato squadre	grandi e piccole	"(Genoa, Milan, Torino, Varese, Catanzaro, Ternana, Roma, Verona, Cesena, Bologna), e quasi tutte mi hanno pagato con soldi neri, che si chiamavano "" fuoribusta ""."
yes	X e Y	grandi	piccoli	grande - piccolo	"[lemma=""grande"" & pos=""ADJ""][word=""e""][lemma=""piccolo"" & pos=""ADJ""]"	4481451	Era infatti volontà di Dio che il bene fosse premiato e il male punito, e che a tale scopo la legge dovesse essere amministrata in modo uguale verso	grandi e piccoli	, ricchi e poveri, nativi e forestieri.
yes	X e Y	grandi	piccole	grande - piccolo	"[lemma=""grande"" & pos=""ADJ""][word=""e""][lemma=""piccolo"" & pos=""ADJ""]"	4123369	Questo gruppo diede vita a un movimento che andò sviluppandosi in	grandi e piccole	"organizzazioni che si riunirono nel "" United Kingdom Advocacy Network ""."
yes	X e Y	grandi	piccole	grande - piccolo	"[lemma=""grande"" & pos=""ADJ""][word=""e""][lemma=""piccolo"" & pos=""ADJ""]"	4333338	I casi di serendipità non si contano e se si legge con attenzione la storia delle scoperte,	grandi e piccole	, ci si rende conto che si tratta di un meccanismo universale, insostituibile e molto produttivo che tocca tutti i ricercatori.
yes	X e Y	grandi	piccoli	grande - piccolo	"[lemma=""grande"" & pos=""ADJ""][word=""e""][lemma=""piccolo"" & pos=""ADJ""]"	649798	Credevamo che Tangentopoli fosse una eccezione, ora sappiamo che è la norma, che	grandi e piccoli	crack come Parmalat stanno per emergere.
yes	X e Y	grandi	piccole	grande - piccolo	"[lemma=""grande"" & pos=""ADJ""][word=""e""][lemma=""piccolo"" & pos=""ADJ""]"	5503914	I dati Univideo (una cinquantina di case cinematografiche	grandi e piccole	associate a tutela dell'home video) dicono che nel 1996 il mercato del film preregistrato ha fatturato quasi 400 miliardi, contro i 379,4 del 1995, con un margine di crescita del 5,4 %.
yes	X e Y	piccoli	grandi	grande - piccolo	"[lemma=""piccolo"" & pos=""ADJ""][word=""e""][lemma=""grande"" & pos=""ADJ""]"	6235290	Basta guardare la carta geografica: è grande, ci sono paesi nascosti, vasti,	piccoli e grandi	"""."
yes	X e Y	piccoli	grandi	grande - piccolo	"[lemma=""piccolo"" & pos=""ADJ""][word=""e""][lemma=""grande"" & pos=""ADJ""]"	5218983	La coppia invecchia e appassisce, tanto da accettare	piccoli e grandi	"fughe del partner, che hanno l'aspetto del "" demone meridiano "", del rapporto extraconiugale più che dell'esperienza pre - matrimoniale."
yes	X e Y	grandi	piccole	grande - piccolo	"[lemma=""grande"" & pos=""ADJ""][word=""e""][lemma=""piccolo"" & pos=""ADJ""]"	528736	Si organizzavano corse in ogni città,	grandi e piccole	, proprio come se si trattasse di sagre paesane.
yes	X e Y	grandi	piccoli	grande - piccolo	"[lemma=""grande"" & pos=""ADJ""][word=""e""][lemma=""piccolo"" & pos=""ADJ""]"	5007100	Un universo di	grandi e piccoli	navigatori che in breve tempo potrà cambiare la faccia della politica americana.
yes	X e Y	piccoli	grandi	grande - piccolo	"[lemma=""piccolo"" & pos=""ADJ""][word=""e""][lemma=""grande"" & pos=""ADJ""]"	3178672	Sono libri	piccoli e grandi	, con le copertine colorate, disegnate, oppure copertine di un solo colore, a volte chiaro a volte scuro.
yes	X e Y	piccole	grandi	grande - piccolo	"[lemma=""piccolo"" & pos=""ADJ""][word=""e""][lemma=""grande"" & pos=""ADJ""]"	43942	Ve ne sono di	piccole e grandi	e alcune si trovano anche in pieno centro, come all'angolo del corso di Porta Romana con via Lamarmora.
yes	X e Y	grandi	piccoli	grande - piccolo	"[lemma=""grande"" & pos=""ADJ""][word=""e""][lemma=""piccolo"" & pos=""ADJ""]"	5499876	Ma c'è chi nega l'evidenza Matteotti, processo al Duce Dietro l'assassinio una storia di petrolio e di tangenti in cui erano implicati gerarchi	grandi e piccoli	e lo stesso capo del fascismo, che coprì i killer e li finanziò.
yes	X e Y	piccoli	grandi	grande - piccolo	"[lemma=""piccolo"" & pos=""ADJ""][word=""e""][lemma=""grande"" & pos=""ADJ""]"	2845476	C'erano miriadi di pesci,	piccoli e grandi	, cavallucci marini, stelle di mare, stranissimi fiori e piante acquatiche che si muovevano molto lentamente e ritmicamente, e, in mezzo a questo scenario surreale, c'era il Re del Mare con la sua coda di pesce, la sua lunga barba ed il tridente in mano.
yes	X e Y	grandi	piccole	grande - piccolo	"[lemma=""grande"" & pos=""ADJ""][word=""e""][lemma=""piccolo"" & pos=""ADJ""]"	397533	Oggi, poi, il turista è interessato a tutti i richiami gastronomici e culturali che s'incontrano in prossimità di un albergo; perciò raccoglie e stampa - dalla rete - informazioni e foto su teatri, cinema, ristoranti, bistrot, musei e gallerie	grandi e piccole	.
yes	X e Y	piccole	grandi	grande - piccolo	"[lemma=""piccolo"" & pos=""ADJ""][word=""e""][lemma=""grande"" & pos=""ADJ""]"	7055757	Il mondo oltre la tecnologia, oltre i grandi supermercati che permettono di comprare tutto in poco tempo, abbassando - nella percezione di molti - la possibilità di contatti, è fatto delle	piccole e grandi	botteghe di quartiere che sono state riscoperte durante il lockdown.
yes	X e Y	grandi	piccoli	grande - piccolo	"[lemma=""grande"" & pos=""ADJ""][word=""e""][lemma=""piccolo"" & pos=""ADJ""]"	4242898	Che dire del traffico delle vergini, del mercato pornografico, delle associazioni filantropiche che mascherano	grandi e piccoli	bordelli?
yes	X e Y	grandi	piccole	grande - piccolo	"[lemma=""grande"" & pos=""ADJ""][word=""e""][lemma=""piccolo"" & pos=""ADJ""]"	295157	it Man mano che l'integrazione economica si realizza concretamente, aumentano le aziende,	grandi e piccole	, gli artigiani e i professionisti che decidono di operare in questo mercato senza frontiere di 370 milioni di persone.
yes	X e Y	grandi	piccoli	grande - piccolo	"[lemma=""grande"" & pos=""ADJ""][word=""e""][lemma=""piccolo"" & pos=""ADJ""]"	3976257	""" Una studentessa non molto ricca che una certa sera dell'estate scorsa ha portato una bottiglia di Clairette tradition nella stanza di una coppia assai esperta in fatto di"	grandi e piccoli	vini.
yes	X e Y	grandi	piccoli	grande - piccolo	"[lemma=""grande"" & pos=""ADJ""][word=""e""][lemma=""piccolo"" & pos=""ADJ""]"	421658	Andare oltre con una marcia in più: libido attivata verso la visione, per ravvivare le percezioni addormentate dall'abitudine, è un gioco che abbiamo frequentato dall'epoca degli abecedari, poi via via praticato sulle pagine stampate dei libri e dei giornali, attraverso l'arte e quel vasto parco di testi e ipertesti proiettati e irradiati da	grandi e piccoli	schermi.
yes	X e Y	grandi	piccole	grande - piccolo	"[lemma=""grande"" & pos=""ADJ""][word=""e""][lemma=""piccolo"" & pos=""ADJ""]"	6109032	Le nostre città,	grandi e piccole	", sono sconvolte dalla sorda mediocrità e volgarità degli interventi diffusamente compiuti negli ultimi quarant'anni senza alcuna capacità di dialogare con l'esistente, violando principi insediativi consolidati da secoli, scale di intervento, oppure utilizzando "" uno stile consonante "", mimetico, o al contrario facendosi abusivi paladini di una esibita modernità di linguaggio."
yes	X e Y	piccole	grandi	grande - piccolo	"[lemma=""piccolo"" & pos=""ADJ""][word=""e""][lemma=""grande"" & pos=""ADJ""]"	3029478	Si tratterebbe dunque di avventurarsi nelle	piccole e grandi	gole di quel promontorio.
yes	X e Y	piccoli	grandi	grande - piccolo	"[lemma=""piccolo"" & pos=""ADJ""][word=""e""][lemma=""grande"" & pos=""ADJ""]"	5032920	L'ultima creazione, elaborata dal suo laboratorio che oggi fa lavorare 35 orafi, sta andando a ruba nel Sol Levante:	piccoli e grandi	cuori in oro intrecciato bianco, giallo e rosso.
yes	X e Y	grandi	piccoli	grande - piccolo	"[lemma=""grande"" & pos=""ADJ""][word=""e""][lemma=""piccolo"" & pos=""ADJ""]"	5535430	Scavando tra i problemi	grandi e piccoli	"della sua nuova squadra, il successore di Sacchi conviene con chi gli fa osservare una scarsa propulsione sulle fasce ("" Vero, Di Livio e Carboni si preoccupavano soprattutto di difendere "") ed una certa crisi di fantasia: "" Abbiamo avvertito la mancanza di qualcuno che saltasse l'avversario per poi offrirsi all'azione corale, però le caratteristiche del gruppo sono queste, anche se Albertini ha diretto alla perfezione il traffico in mezzo al campo ""."
yes	X e Y	grandi	piccoli	grande - piccolo	"[lemma=""grande"" & pos=""ADJ""][word=""e""][lemma=""piccolo"" & pos=""ADJ""]"	4519904	Vi è stata dunque una complessa sequenza finalizzata (su questo termine, vedi sopra) di eventi	grandi e piccoli	, i quali magari comprendono anche fatti apparentemente irrilevanti come il mio essermi agitato sulla sedia negli ultimi venti minuti.
yes	X e Y	piccolo	grande	grande - piccolo	"[lemma=""piccolo"" & pos=""ADJ""][word=""e""][lemma=""grande"" & pos=""ADJ""]"	5454692	29 04 1997 E C - Domani la dichiarazione in tv Omosessuali Usa in festa per le due attrici gay Ma Hollywood già trema NEW YORK - Grande mobilitazione degli omosessuali d'America attorno ad Ann Heche, attrice cinematografica in ascesa, e a Ellen DeGeneres, già diva della tv: la prima coppia di lesbiche dichiarate tra le stelle del	piccolo e grande	schermo.
yes	X e Y	piccoli	grandi	grande - piccolo	"[lemma=""piccolo"" & pos=""ADJ""][word=""e""][lemma=""grande"" & pos=""ADJ""]"	6925396	Forse c'entra anche la scelta di molti nostri imprenditori,	piccoli e grandi	, di affidare la gestione dell'azienda al figlio, qualunque siano le sue capacità, anziché ad un manager esterno scelto in base alle sue competenze.
yes	X e Y	piccole	grandi	grande - piccolo	"[lemma=""piccolo"" & pos=""ADJ""][word=""e""][lemma=""grande"" & pos=""ADJ""]"	757129	Per questo c'è bisogno anche di intervento pubblico, di pressione sull'industria, di campagne di opinione, di alleanze con il movimento dei consumatori, di	piccole e grandi	azioni dentro gli ambiti della convivenza civile.
yes	X e Y	grandi	piccoli	grande - piccolo	"[lemma=""grande"" & pos=""ADJ""][word=""e""][lemma=""piccolo"" & pos=""ADJ""]"	2196404	C'erano navi ovunque, che scendevano il fiume o si dirigevano verso il mare, affollavano moli e approdi, caricando e scaricando merci, navi da guerra, baleniere e galee da trasporto, caracchi e velieri, scafi a ruota	grandi e piccoli	, navi lunghe, navi cigno, navi di Lys, Tyrosh e Pentos, vascelli carichi di spezie di Qarth, grandi come palazzi, navi di Toloso e Yunkai e delle Isole del Basilisco.
yes	X e Y	piccola	grande	grande - piccolo	"[lemma=""piccolo"" & pos=""ADJ""][word=""e""][lemma=""grande"" & pos=""ADJ""]"	4521327	Tale costatazione deve essere approfondita e si deve, in particolare, cogliere un altro elemento generalmente trascurato; la tendenziale contrapposizione fra	piccola e grande	comunità non ha infatti soltanto un significato che potremmo definire socio - politico, e cioè un significato di separazione - fuga dalla società.
yes	X e Y	piccole	grandi	grande - piccolo	"[lemma=""piccolo"" & pos=""ADJ""][word=""e""][lemma=""grande"" & pos=""ADJ""]"	6476492	Si passa poi alla costruzione della vulva: lavorando sulle pieghe cutanee laterali, si modellano le	piccole e grandi	labbra, dal moncone del corpo cavernoso centrale o parte del glande si ricava la neoclitoride erettile e sensibile che nella maggior parte dei casi rende possibile l'orgasmo.
yes	X e Y	piccoli	grandi	grande - piccolo	"[lemma=""piccolo"" & pos=""ADJ""][word=""e""][lemma=""grande"" & pos=""ADJ""]"	4161420	Eppure, questo diavolo negato torna poi, accolto e magari privilegiato sugli schermi	piccoli e grandi	, sui palcoscenici, nelle librerie, nei salotti e nelle periferie dell'occidente come agente di vendita di libri e di dischi, come ispiratore di moda e di design, come leader di gruppi giovanili e perfino come divinità di Chiese alternative.
yes	X e Y	grandi	piccoli	grande - piccolo	"[lemma=""grande"" & pos=""ADJ""][word=""e""][lemma=""piccolo"" & pos=""ADJ""]"	3763973	Altrimenti sarebbe la fine del regno di Maat e l'avvento del disordine, e il disordine è fonte di infelicità per tutti,	grandi e piccoli	.
yes	X e Y	grandi	piccoli	grande - piccolo	"[lemma=""grande"" & pos=""ADJ""][word=""e""][lemma=""piccolo"" & pos=""ADJ""]"	328857	D'accordo, la legge sulle 4 ore quotidiane di connessione a tariffa fissa non era una panacea, e aveva fatto venire i sudori freddi, oltre che a Telecom, anche a molti provider	grandi e piccoli	"che avevano incautamente venduto agli utenti abbonamenti "" 24 ore "" confidando in realtà sull'implicita limitazione imposta all'utilizzo di Internet dalla tariffa telefonica urbana a tempo."
yes	X e Y	grandi	piccole	grande - piccolo	"[lemma=""grande"" & pos=""ADJ""][word=""e""][lemma=""piccolo"" & pos=""ADJ""]"	70320	"In questa sezione propongo alcune cifre che hanno rilevanza nel "" condensare """	grandi e piccole	regole e attenzioni, grandi e piccoli fatti e accadimenti, connessi al marketing su Internet.
yes	X e Y	grandi	piccoli	grande - piccolo	"[lemma=""grande"" & pos=""ADJ""][word=""e""][lemma=""piccolo"" & pos=""ADJ""]"	2465175	Già normalmente faticavo a sistemarle: scrivevo per qualche rivista, facevo traduzioni, partecipavo a dibattiti in	grandi e piccoli	centri, ammucchiavo appunti per un nuovo libro, e far quadrare le bambine con tutto quell'affannarmi era sempre difficilissimo.
yes	X e Y	piccole	grandi	grande - piccolo	"[lemma=""piccolo"" & pos=""ADJ""][word=""e""][lemma=""grande"" & pos=""ADJ""]"	5015849	""" Autunno "" di Nina Di Majo e "" Questo è il giardino "" di Giovanni Maderna sono i più tipici risultati di questo corso, e dimostrano anche quanto poco interessanti siano spesso le opere prime nate all'ombre di"	piccole e grandi	paternità culturali.
yes	X e Y	piccoli	grandi	grande - piccolo	"[lemma=""piccolo"" & pos=""ADJ""][word=""e""][lemma=""grande"" & pos=""ADJ""]"	62246	Nelle precedenti edizioni sono stati organizzati, su base volontaria, centinaia di eventi,	piccoli e grandi	, ai quali hanno partecipato da poche decine di persone a migliaia.
yes	X e Y	grande	piccolo	grande - piccolo	"[lemma=""grande"" & pos=""ADJ""][word=""e""][lemma=""piccolo"" & pos=""ADJ""]"	4114248	CLOWNS (I) (1970) Ci fu un infelice tentativo di far uscire il film a colori nelle sale dopo la trasmissione del 25 dicembre '70 sulla TV ancora in bianco e nero: I clowns fu la vittima più insigne di un rapporto sbagliato fra	grande e piccolo	schermo sulla strada della ricerca di una possibile convivenza.
yes	X e Y	grandi	piccole	grande - piccolo	"[lemma=""grande"" & pos=""ADJ""][word=""e""][lemma=""piccolo"" & pos=""ADJ""]"	6127851	In città	grandi e piccole	, nelle piazze già indicate su Repubblica o rintracciabili attraverso il numero verde 800745000, davanti ai camper del Corpo nazionale dei vigili del fuoco, si può acquistare il giocattolo dell'Unicef.
yes	X e Y	grandi	piccole	grande - piccolo	"[lemma=""grande"" & pos=""ADJ""][word=""e""][lemma=""piccolo"" & pos=""ADJ""]"	4325995	È questa la versione che ha fatto le basi della fortuna del  brutto anatroccolo >, venduta in tutto il mondo, tuttora in servizio con molte compagnie	grandi e piccole	.
yes	X e Y	grandi	piccoli	grande - piccolo	"[lemma=""grande"" & pos=""ADJ""][word=""e""][lemma=""piccolo"" & pos=""ADJ""]"	4947435	Intanto però: l'irretimento della vittima, la dipendenza crescente, richieste economiche pressanti, le delusioni continue e i primi dubbi, patrimoni	grandi e piccoli	dilapidati.
yes	X e Y	piccoli	grandi	grande - piccolo	"[lemma=""piccolo"" & pos=""ADJ""][word=""e""][lemma=""grande"" & pos=""ADJ""]"	2877548	Sotto la pensilina gli adulti sono	piccoli e grandi	.
yes	X e Y	grandi	piccoli	grande - piccolo	"[lemma=""grande"" & pos=""ADJ""][word=""e""][lemma=""piccolo"" & pos=""ADJ""]"	113349	Con l'aiuto delle ricostruzioni di esemplari	grandi e piccoli	il visitatore si troverà a percorrere il salone a fianco di animali che sembrano avanzare in una silenziosa processione.
yes	X e Y	piccoli	grandi	grande - piccolo	"[lemma=""piccolo"" & pos=""ADJ""][word=""e""][lemma=""grande"" & pos=""ADJ""]"	2424701	shopping La pausa più dolce Dalla colazione alla merenda, ecco le nuove proposte da mangiare, da bere e da... preparare, per ingolosire	piccoli e grandi	!
yes	X e Y	piccole	grandi	grande - piccolo	"[lemma=""piccolo"" & pos=""ADJ""][word=""e""][lemma=""grande"" & pos=""ADJ""]"	6018242	I controlli L'attività dei caschi bianchi prosegue a pieno ritmo ed a cadere nella rete dei controlli per	piccole e grandi	irregolarità di carattere amministrativo sono molti esercenti di locali pubblici.
yes	X e Y	grandi	piccole	grande - piccolo	"[lemma=""grande"" & pos=""ADJ""][word=""e""][lemma=""piccolo"" & pos=""ADJ""]"	495273	Sebbene a questo exploit non sia corrisposto un analogo successo di vendita, è apparso comunque chiaro come le case editrici	grandi e piccole	abbiano deciso di rendere reale quello che, per tutta una generazione, era stato un sogno, nato sulla scorta delle esperienze tondelliane e di poche pionieristiche case editrici... Un sogno continuato - anzi, coltivato - sulle pagine delle riviste di cui si è fin qui discorso.
yes	X e Y	grandi	piccoli	grande - piccolo	"[lemma=""grande"" & pos=""ADJ""][word=""e""][lemma=""piccolo"" & pos=""ADJ""]"	2198869	» Daenerys era nauseata da Zhak e Merreq, da tutti i meerensi,	grandi e piccoli	.
yes	X e Y	grandi	piccoli	grande - piccolo	"[lemma=""grande"" & pos=""ADJ""][word=""e""][lemma=""piccolo"" & pos=""ADJ""]"	4947369	"Trasgressioni ai doveri del "" regime primario ""; inferni"	grandi e piccoli	, abdicazioni totali ai propri compiti, sordità oltre il lecito, imposizione di convivenze sgradite, aut aut irragionevoli.
yes	X e Y	piccoli	grandi	grande - piccolo	"[lemma=""piccolo"" & pos=""ADJ""][word=""e""][lemma=""grande"" & pos=""ADJ""]"	4011865	Così tutti i terremoti,	piccoli e grandi	, entrano in una classifica da uno a nove, e ogni unità di magnitudine rappresenta un aumento della forza di dieci volte.
yes	X e Y	piccola	grande	grande - piccolo	"[lemma=""piccolo"" & pos=""ADJ""][word=""e""][lemma=""grande"" & pos=""ADJ""]"	5233087	La matrice accomunante di tanti fatti - reato, apparentemente senza una evidente motivazione, per i quali la collettività esprime sorpresa e sbalordimento, è lo svantaggio relazionale, sofferto dai ragazzi nei contesti di appartenenza - familiare e scolastico -, per cui resta loro di esprimersi nel terzo contesto relazionale, quello gruppale, nel quale la comunicazione viene acriticamente accettata, e ogni	piccola e grande	""" impresa "" che il gruppo possa concretizzare riceve l'adesione incondizionata di tutti i componenti."
yes	X e Y	grandi	piccoli	grande - piccolo	"[lemma=""grande"" & pos=""ADJ""][word=""e""][lemma=""piccolo"" & pos=""ADJ""]"	4444529	Anche nel resto d'Italia, nei Comuni	grandi e piccoli	e nella Repubblica di Venezia, non mancano accenni a donne che esercitano, e qui le condizioni di libertà durano più a lungo che al Sud perché si mantengono regole consuetudinarie che giocano a favore.
yes	X e Y	grandi	piccole	grande - piccolo	"[lemma=""grande"" & pos=""ADJ""][word=""e""][lemma=""piccolo"" & pos=""ADJ""]"	7116217	Di esperienze di questo tipo,	grandi e piccole	, è ricco il territorio italiano.
yes	X e Y	grandi	piccole	grande - piccolo	"[lemma=""grande"" & pos=""ADJ""][word=""e""][lemma=""piccolo"" & pos=""ADJ""]"	6826803	275 (Riordino in materia di concessione di acque pubbliche), stabilisce che le utenze di acqua pubblica hanno per oggetto	grandi e piccole	derivazioni e precisa, per quanto qui rileva, che sono grandi derivazioni quelle che per produzione di forza motrice eccedono la potenza nominale media annua di kilowatt 3000.
yes	X e Y	piccole	grandi	grande - piccolo	"[lemma=""piccolo"" & pos=""ADJ""][word=""e""][lemma=""grande"" & pos=""ADJ""]"	6921269	Aziende biotech e farmaceutiche,	piccole e grandi	, all'epoca erano impegnate nel raggiungere questo stesso obiettivo e alla fine la Eli Lilly e la Genentech firmarono un accordo per lo sviluppo della prima insulina ricombinante, che nel 1982 veniva approvata dall'ente americano per il controllo sui farmaci, la Food and Drug Administration (FDA), e diventava il primo prodotto biotecnologico a entrare nel mercato.
yes	X e Y	piccoli	grandi	grande - piccolo	"[lemma=""piccolo"" & pos=""ADJ""][word=""e""][lemma=""grande"" & pos=""ADJ""]"	2734370	Per esempio, minacciando i	piccoli e grandi	business che parrocchie e monasteri intraprendono con l'aiuto spesso interessato di politici locali e federali.
yes	X e Y	piccoli	grandi	grande - piccolo	"[lemma=""piccolo"" & pos=""ADJ""][word=""e""][lemma=""grande"" & pos=""ADJ""]"	5801445	Fuori dal suo feudo toscano l'avvocato Paolo Galgani, sommerso da	piccoli e grandi	problemi (l'ultimo dei quali la rottura con Panatta), ormai può contare soltanto su pochi alleati, tutti o quasi arroccati in un Consiglio federale che era nato per gestire l'auspicato cambiamento del nostro tennis ma che di fatto ha poi avallato l'eterno immobilismo del presidente in carica.
yes	X e Y	grande	piccola	grande - piccolo	"[lemma=""grande"" & pos=""ADJ""][word=""e""][lemma=""piccolo"" & pos=""ADJ""]"	673481	Ad altri l'iniziativa potrà sembrare discutibile: molte autorevoli analisi hanno attirato l'attenzione proprio sulle debolezze della cultura d'impresa (	grande e piccola	) nel nostro Paese.
yes	X e Y	piccoli	grandi	grande - piccolo	"[lemma=""piccolo"" & pos=""ADJ""][word=""e""][lemma=""grande"" & pos=""ADJ""]"	2235564	Quasi cristalli e tassellature All'accettazione del risultato contribuirono gli studi che Penrose aveva intrapreso fin dagli anni settanta sulla tassellatiura del iano, mostrando che era possibile farla, per esempio, con un mosaico aperiodico costituito da rombi	piccoli e grandi	.
yes	X e Y	piccoli	grandi	grande - piccolo	"[lemma=""piccolo"" & pos=""ADJ""][word=""e""][lemma=""grande"" & pos=""ADJ""]"	6058213	Bambini: gli & # 147;scorpioncini&#148; cominciano l'anno con una serie di	piccoli e grandi	capricci che saranno ricordati nella memoria di famiglia, specialmente se sono piccolissimi e ancora non sanno esprimersi se non con i capricci.
yes	X e Y	piccoli	grandi	grande - piccolo	"[lemma=""piccolo"" & pos=""ADJ""][word=""e""][lemma=""grande"" & pos=""ADJ""]"	6116491	E il racconto semina qua e là	piccoli e grandi	indizi.
yes	X e Y	grandi	piccole	grande - piccolo	"[lemma=""grande"" & pos=""ADJ""][word=""e""][lemma=""piccolo"" & pos=""ADJ""]"	3405650	Dopodiché guardai con calma gli oggetti ritrovati nei vari scavi archeologici, scheletri con il teschio su cui erano restati i segni delle operazioni chirurgiche subite, svariate mummie	grandi e piccole	, e poi uscii all'aperto.
yes	X e Y	piccoli	grandi	grande - piccolo	"[lemma=""piccolo"" & pos=""ADJ""][word=""e""][lemma=""grande"" & pos=""ADJ""]"	4175597	Quanta paura, incertezza, miseria stavano rimpiattate sotto queste parole, che coprivano e tamponavano buchi	piccoli e grandi	, dai quali un fiume d'acqua poteva raggiungermi e farmi affogare.
yes	X e Y	piccole	grandi	grande - piccolo	"[lemma=""piccolo"" & pos=""ADJ""][word=""e""][lemma=""grande"" & pos=""ADJ""]"	4180111	La figurina, questa sconosciuta Una piccola, grande cosa che assomma tante importanti implicazioni: l'evoluzione delle tecniche di stampa e della grafica, i diversi aspetti della psicologia e della cultura popolare, la storia della pubblicità, le vicende di	piccole e grandi	imprese commerciali e industriali, anche senza inoltrarsi nel suo valore artistico, sicuramente rilevante in parecchi casi.
yes	X e Y	piccole	grandi	grande - piccolo	"[lemma=""piccolo"" & pos=""ADJ""][word=""e""][lemma=""grande"" & pos=""ADJ""]"	7051187	Una volta arrivati si annotano le discriminazioni subite, le	piccole e grandi	umiliazioni.
yes	X ma Y	piccolo	grandissimo	grande - piccolo	"[lemma=""piccolo"" & pos=""ADJ""][word=""ma""][lemma=""grande"" & pos=""ADJ""]"	5264704	Farò anch'io l'impossibile perché non scompaia questo	piccolo ma grandissimo	, teatro milanese e europeo.
yes	X ma Y	piccolo	grande	grande - piccolo	"[lemma=""piccolo"" & pos=""ADJ""][word=""ma""][lemma=""grande"" & pos=""ADJ""]"	3059579	Immaginiamoci lo stupore del	piccolo ma grande	uomo, la sua delusione, il suo chinare il capo, il suo chiudersi in bagno a piangere, e non voler più vedere nessuno, neanche l'ambasciatore di Prussia accorso in Francia apposta per poterlo incontrare, il suo assoluto mutismo per giorni e giorni.
yes	X ma Y	piccolo	grande	grande - piccolo	"[lemma=""piccolo"" & pos=""ADJ""][word=""ma""][lemma=""grande"" & pos=""ADJ""]"	540985	Immaginiamoci lo stupore del	piccolo ma grande	uomo, la sua delusione, il suo chinare il capo, il suo chiudersi in bagno a piangere e non voler più vedere nessuno, neanche l'ambasciatore di Prussia accorso in Francia apposta per poterlo incontrare, il suo assoluto mutismo per giorni e giorni.
yes	X o Y	piccoli	grandi	grande - piccolo	"[lemma=""piccolo"" & pos=""ADJ""][word=""o""][lemma=""grande"" & pos=""ADJ""]"	4256853	A volte le dissonanze possono essere fruttuose, altrimenti rischiamo di trovarci rinchiusi in	piccoli o grandi	club che poi sono anche le categorie di alcune Storie della letteratura che ci perseguitano.
yes	X o Y	grandi	piccoli	grande - piccolo	"[lemma=""grande"" & pos=""ADJ""][word=""o""][lemma=""piccolo"" & pos=""ADJ""]"	4236138	"Un altro elemento di difficoltà è costituito dal fatto che si individua nella maggior parte dei fenomeni artistici in questione la tendenza a dar vita a un caleidoscopio di varianti stilistiche che molto spesso non sopravvivono alla civiltà che le ha create: in tal senso Skubiszewski ricorre alla metafora del reticolo fluviale composto da corsi d'acqua di diversa natura: "" Rapidi o lenti,"	grandi o piccoli	", fiumi e ruscelli ora scorrevano parallelamente, ora si riunivano, per poi separarsi più avanti ""."
yes	X o Y	piccole	grandi	grande - piccolo	"[lemma=""piccolo"" & pos=""ADJ""][word=""o""][lemma=""grande"" & pos=""ADJ""]"	277316	Il Network Computer sarebbe allora il posto di lavoro ideale per tutte le organizzazioni,	piccole o grandi	, dotate di una propria rete locale: niente più pacchetti software da installare o aggiornare, fine dei problemi di incompatibilità hardware... se poi la nuova macchina costasse anche meno di un normale personal, avremmo finalmente trovato un'alternativa credibile al personal computer.
yes	X o Y	grandi	piccoli	grande - piccolo	"[lemma=""grande"" & pos=""ADJ""][word=""o""][lemma=""piccolo"" & pos=""ADJ""]"	4449304	Tutta la sostanza grigia che si trova sotto la corteccia (i nuclei,	grandi o piccoli	, e la corteccia cerebellare) è denominata subcorticale.
yes	X o Y	piccoli	grandi	grande - piccolo	"[lemma=""piccolo"" & pos=""ADJ""][word=""o""][lemma=""grande"" & pos=""ADJ""]"	6916694	Lungo questo percorso accidentato, pezzi	piccoli o grandi	di universo restano costantemente isolati in situazioni relativamente stabili per periodi anche molto lunghi.
yes	X o Y	grandissime	piccole	grande - piccolo	"[lemma=""grande"" & pos=""ADJ""][word=""o""][lemma=""piccolo"" & pos=""ADJ""]"	2757410	Le foto, colorate o in bianco e nero,	grandissime o piccole	, sembrano film fatti di un solo fotogramma nel quale - come in un racconto di Raymond Carver o in un quadro di Edward Hopper - il quotidiano è fulminante: è uno scatto, è una fascinazione o una perdita secca.
yes	X o Y	grandi	piccoli	grande - piccolo	"[lemma=""grande"" & pos=""ADJ""][word=""o""][lemma=""piccolo"" & pos=""ADJ""]"	660559	Anzi, cè da augurarsi che la strada indicata dallamministratore di Banca Intesa sia presto seguita e imitata dai gestori di tutti gli altri istituti del paese,	grandi o piccoli	che siano.
yes	X o Y	piccola	grande	grande - piccolo	"[lemma=""piccolo"" & pos=""ADJ""][word=""o""][lemma=""grande"" & pos=""ADJ""]"	5490241	Insomma, a un secolo dalla nascita, l'automobile,	piccola o grande	che sia, è ancora capace di farci sognare... e di farci spendere dei bei soldini.
yes	X o Y	grande	piccolo	grande - piccolo	"[lemma=""grande"" & pos=""ADJ""][word=""o""][lemma=""piccolo"" & pos=""ADJ""]"	4306829	Il rischio può essere stimato	grande o piccolo	secondo i punti di vista.
yes	X o Y	grandi	piccole	grande - piccolo	"[lemma=""grande"" & pos=""ADJ""][word=""o""][lemma=""piccolo"" & pos=""ADJ""]"	4862275	Ove, comunque, si accetti di muoversi secondo siffatta direttrice, bisognerebbe, preventivamente, porre una gerarchia di valori, ovviamente ponendo nella dovuta posizione l'interesse alla difesa dell'ambiente rispetto non solo all'interesse particolare dei singoli, ma anche rispetto a quello economico di collettività	grandi o piccole	(interesse allo sviluppo, diremmo).
yes	X o Y	piccola	grande	grande - piccolo	"[lemma=""piccolo"" & pos=""ADJ""][word=""o""][lemma=""grande"" & pos=""ADJ""]"	2341057	Si tenta di dare vita a un'impresa,	piccola o grande	che sia.
yes	X o Y	piccolo	grande	grande - piccolo	"[lemma=""piccolo"" & pos=""ADJ""][word=""o""][lemma=""grande"" & pos=""ADJ""]"	314476	Se, invece, l'utenza è raccolta in un gruppo ben definito,	piccolo o grande	che sia, non ci sono dubbi.
yes	X o Y	piccola	grandissima	grande - piccolo	"[lemma=""piccolo"" & pos=""ADJ""][word=""o""][lemma=""grande"" & pos=""ADJ""]"	3164880	"Oppure si poteva vedere una nuova nicchia con una nuova "" Madonna "", piccola"	piccola o grandissima	perché a misura di un grosso miracolo.
yes	X o Y	piccolo	grande	grande - piccolo	"[lemma=""piccolo"" & pos=""ADJ""][word=""o""][lemma=""grande"" & pos=""ADJ""]"	418393	"Il primo, che mi piace chiamare "" il santo centopiedi dalla memoria veloce "", per le due file parallele di piedini metallici che ricordano quelle dei centopiedi biologici, è il ben noto microcircuito integrato di Ram, la memoria centrale di qualunque calcolatore,"	piccolo o grande	.
yes	X o Y	grandi	piccoli	grande - piccolo	"[lemma=""grande"" & pos=""ADJ""][word=""o""][lemma=""piccolo"" & pos=""ADJ""]"	6346033	Secondo un altro psicologo, il dottor Howard Markman, autore di una recente indagine realizzata all'Università di Denver, a mandare a rotoli un matrimonio è soprattutto l'incapacità dei coniugi nel gestire i conflitti,	grandi o piccoli	che siano.
yes	X o Y	piccole	grandi	grande - piccolo	"[lemma=""piccolo"" & pos=""ADJ""][word=""o""][lemma=""grande"" & pos=""ADJ""]"	1889499	ROMA - Ventitre banche pagano caro le loro	piccole o grandi	angherie: l'Antitrust le multa per 9 milioni 680 mila euro.
yes	X o Y	grande	piccola	grande - piccolo	"[lemma=""grande"" & pos=""ADJ""][word=""o""][lemma=""piccolo"" & pos=""ADJ""]"	5743769	Tra i prossimi traguardi anticipati dall'assessore regionale Goglio, i tre inediti centri di servizi (a Torino, Asti e Biella), cui d'ora in poi avrà diritto di rivolgersi per consulenze e sostegno ogni associazione,	grande o piccola	, dell'intero Piemonte.
yes	X o Y	piccolo	grande	grande - piccolo	"[lemma=""piccolo"" & pos=""ADJ""][word=""o""][lemma=""grande"" & pos=""ADJ""]"	5824386	Beppe sta benissimo a Roma, si sente la bandiera della Lazio, ha solo un cruccio,	piccolo o grande	decidete voi.
yes	X o Y	piccola	grande	grande - piccolo	"[lemma=""piccolo"" & pos=""ADJ""][word=""o""][lemma=""grande"" & pos=""ADJ""]"	6244044	E comunque,	piccola o grande	"coalizione che sia, devono esserci idee e facce nuove ""."
yes	X o Y	piccola	grande	grande - piccolo	"[lemma=""piccolo"" & pos=""ADJ""][word=""o""][lemma=""grande"" & pos=""ADJ""]"	7128576	Siamo in una città - chissà se	piccola o grande	- dove corre un fiume.
yes	X o Y	piccole	grandi	grande - piccolo	"[lemma=""piccolo"" & pos=""ADJ""][word=""o""][lemma=""grande"" & pos=""ADJ""]"	4986532	"La gran parte degli intervistati, il 62 per cento, si limita a dichiararsi "" abbastanza felice "": è una parte corposa che, tutto sommato, non può lamentarsi, è capace di accontentarsi, non si scoraggia di fronte alle cose che non vanno e non si esalta per le"	piccole o grandi	"fortune che pure capitano ""."
yes	X o Y	grandi	piccole	grande - piccolo	"[lemma=""grande"" & pos=""ADJ""][word=""o""][lemma=""piccolo"" & pos=""ADJ""]"	2694365	«Spero che le decisioni facciano passare questo concetto: tutte le imprese,	grandi o piccole	, multinazionali o non, devono pagare la loro giusta quota di tasse», è stato il messaggio della responsabile delle condanne, la commissaria alla Concorrenza, Margrethe Vestager.
yes	X o Y	grande	piccolo	grande - piccolo	"[lemma=""grande"" & pos=""ADJ""][word=""o""][lemma=""piccolo"" & pos=""ADJ""]"	2208105	"Ã¢ "" "" Ed è possibile che un uomo dotato di un cervello normale, che ha vissuto più di cinquant'anni, con un lavoro di tutto rispetto e una barca a vela, non sia capace di giudicare se il suo pisello sia"	grande o piccolo	rispetto alla misura media?
yes	X o Y	piccoli	grandi	grande - piccolo	"[lemma=""piccolo"" & pos=""ADJ""][word=""o""][lemma=""grande"" & pos=""ADJ""]"	2708363	Un'infiltrazione «essenziale ai fini dell'assegnazione dei lucrosi appalti pubblici indetti dal comune di Roma» L'atto secondo di Mafia Capitale è soprattutto la narrazione di un città in cui la corruzione è il concime che fa crescere	piccoli o grandi	fortune personali.
yes	X o Y	piccoli	grandi	grande - piccolo	"[lemma=""piccolo"" & pos=""ADJ""][word=""o""][lemma=""grande"" & pos=""ADJ""]"	5685029	"Poi tornerà in carcere, dove lo attendono le 150 riviste cui ha deciso di abbonarsi, le moffole e i calzettoni "" made in Austria "" per stare al calduccio nel rigido inverno parigino e gli altri"	piccoli o grandi	"lussi da prigioniero cinque stelle che non si lascia sfuggire, accomiatandosi dai riflettori, l'ennesima battuta: "" Ci vediamo qui fra tre giorni, alle 10."
yes	X o Y	piccole	grandi	grande - piccolo	"[lemma=""piccolo"" & pos=""ADJ""][word=""o""][lemma=""grande"" & pos=""ADJ""]"	6387701	La realtà è ben diversa e prevede un iter di lavoro assai complesso, valido per tutte le aziende,	piccole o grandi	che siano.
yes	X o Y	grande	piccolo	grande - piccolo	"[lemma=""grande"" & pos=""ADJ""][word=""o""][lemma=""piccolo"" & pos=""ADJ""]"	656761	Come sarebbe bello se ognuno si sforzasse,	grande o piccolo	", si adoperasse per portare giustizia, per aiutare il prossimo dando tutto se stesso ""."
yes	X o Y	grande	piccolo	grande - piccolo	"[lemma=""grande"" & pos=""ADJ""][word=""o""][lemma=""piccolo"" & pos=""ADJ""]"	6441921	Chi, invece, dispone di un bar, una gelateria o una pasticceria potrà crearvi un corner,	grande o piccolo	che sia.
yes	X o Y	piccola	grande	grande - piccolo	"[lemma=""piccolo"" & pos=""ADJ""][word=""o""][lemma=""grande"" & pos=""ADJ""]"	146468	Se trovate una qualunque incrinatura, non importa se	piccola o grande	, dovrete effettuare una accurata ispezione per determinare se una qualche pista del circuito passa attraverso queste incrinature.
yes	X o Y	piccola	grande	grande - piccolo	"[lemma=""piccolo"" & pos=""ADJ""][word=""o""][lemma=""grande"" & pos=""ADJ""]"	5164173	Avendo sempre da dire, su ogni questione di	piccola o grande	importanza, l'esatto opposto di quanto sostiene la maggioranza dei presenti o il pensiero dominante.
yes	X o Y	piccoli	grandi	grande - piccolo	"[lemma=""piccolo"" & pos=""ADJ""][word=""o""][lemma=""grande"" & pos=""ADJ""]"	4244261	Forse in parte perché sono stati degli intellettuali,	piccoli o grandi	che siano - piuttosto piccoli, a dire il vero -, ad averle inventate.
yes	X o Y	piccole	grandi	grande - piccolo	"[lemma=""piccolo"" & pos=""ADJ""][word=""o""][lemma=""grande"" & pos=""ADJ""]"	4154329	Normali vuol dire genitori che non crollano di fronte alle avversità ma che sanno apprezzare le	piccole o grandi	soddisfazioni che riserva la vita.
yes	X o Y	grande	piccolo	grande - piccolo	"[lemma=""grande"" & pos=""ADJ""][word=""o""][lemma=""piccolo"" & pos=""ADJ""]"	696111	Quanto agli attori, son stato fortunato per ogni ruolo,	grande o piccolo	.
yes	X o Y	piccole	grandi	grande - piccolo	"[lemma=""piccolo"" & pos=""ADJ""][word=""o""][lemma=""grande"" & pos=""ADJ""]"	54116	L'unico interesse dell'intellettuale resta quello di essere lasciato tranquillo per le sue	piccole o grandi	"ma sempre sterili operazioni mentali ""."
yes	X o Y	piccolo	grande	grande - piccolo	"[lemma=""piccolo"" & pos=""ADJ""][word=""o""][lemma=""grande"" & pos=""ADJ""]"	6427926	Il gioiello,	piccolo o grande	"che sia, rappresenta però un investimento per la famiglia perché è l'unico bene di lusso che può realmente sfidare il tempo, passando di generazione in generazione ""."
yes	X o Y	piccolo	grande	grande - piccolo	"[lemma=""piccolo"" & pos=""ADJ""][word=""o""][lemma=""grande"" & pos=""ADJ""]"	2945216	Una telefonata con codici speciali dal centro bastava a mettere a tacere qualunque burocrate,	piccolo o grande	, che avesse tentato di mettere il naso nei suoi affari, nei suoi spostamenti e nella sua vita.
yes	X o Y	piccola	grande	grande - piccolo	"[lemma=""piccolo"" & pos=""ADJ""][word=""o""][lemma=""grande"" & pos=""ADJ""]"	4428329	Se il brevetto fosse stato confermato, argomentò Howard, «allora la vita costruita,	piccola o grande	che fosse, non sarebbe stata considerata vita, ma solo un comune reagente chimico».
yes	X o Y	piccole	grandi	grande - piccolo	"[lemma=""piccolo"" & pos=""ADJ""][word=""o""][lemma=""grande"" & pos=""ADJ""]"	6932378	Pubblicano foto in cui giocano a golf, sciano, si tuffano, sono al fianco di	piccole o grandi	celebrità.
yes	X o Y	grandi	piccole	grande - piccolo	"[lemma=""grande"" & pos=""ADJ""][word=""o""][lemma=""piccolo"" & pos=""ADJ""]"	558042	La erosione superficiale dà origine a una serie di fenomeni per i quali il terreno si presenta fortemente accidentato con depressioni di forme diverse, solcature più o meno profonde,	grandi o piccole	cavità circolari od ellittiche cui, secondo la forma e l'ampiezza, si dà il nome di doline, foibe, inghiottitoi, pozzi, ecc. Alle depressioni superficiali corrisponde nel sottosuolo tutto un complicato sisterna di canali, cunicoli, abissi talvolta molto profondi, grotte e laghetti sotterranei attraverso i quali scorre l'acqua sottratta alla superficie.
yes	X o Y	piccolo	grande	grande - piccolo	"[lemma=""piccolo"" & pos=""ADJ""][word=""o""][lemma=""grande"" & pos=""ADJ""]"	643652	Incontrarlo era sempre un piacere e un	piccolo o grande	momento di serenità.
yes	X o Y	piccolo	grande	grande - piccolo	"[lemma=""piccolo"" & pos=""ADJ""][word=""o""][lemma=""grande"" & pos=""ADJ""]"	5211070	La materia femminista, fin dove si lascia captare, è un desiderio di esistenza simbolica: un desiderio di esserci e di contare nel senso di fare della propria vita un avvenimento (	piccolo o grande	, non è questo il punto), un'aspirazione a significarsi e a parlare nella fedeltà a sé e alla propria esperienza.
yes	X o Y	grandi	piccoli	grande - piccolo	"[lemma=""grande"" & pos=""ADJ""][word=""o""][lemma=""piccolo"" & pos=""ADJ""]"	6278114	Una legge eguale alle innumerevoli altre, che toccano	grandi o piccoli	, e talora minimi, problemi della vita comune.
yes	X o Y	piccoli	grandi	grande - piccolo	"[lemma=""piccolo"" & pos=""ADJ""][word=""o""][lemma=""grande"" & pos=""ADJ""]"	6129389	Gli stessi redattori del Times di Los Angeles sanno, e ammettono, che l'80 % degli introiti di un giornale vengono (negli Usa) dalla pubblicità, e soltanto il 20 % dai lettori acquirenti, e quindi nessun grande organo di stampa oggi potrebbe sopravvivere senza inserzionisti	piccoli o grandi	.
yes	X o Y	piccolo	grande	grande - piccolo	"[lemma=""piccolo"" & pos=""ADJ""][word=""o""][lemma=""grande"" & pos=""ADJ""]"	2382727	In fondo le cose si possono mettere a fuoco anche in un luogo solo, in un bit antropologico,	piccolo o grande	non importa, al sud, al centro, al nord di un paese, c'è tutto ovunque, basta saperlo cercare, quindi dovevo scegliere un luogo solo e farlo diventare simbolico.
yes	X o Y	piccolo	grande	grande - piccolo	"[lemma=""piccolo"" & pos=""ADJ""][word=""o""][lemma=""grande"" & pos=""ADJ""]"	7098511	Quello stare assieme è la promessa dei social network di oggi: allora, però, in versione analogica, quasi una app in vinile presa da milioni di persone per sentirsi meno sole, grazie all'aiuto,	piccolo o grande	, di amici, vecchi e nuovi, veri o finti.
yes	X o Y	grandi	piccole	grande - piccolo	"[lemma=""grande"" & pos=""ADJ""][word=""o""][lemma=""piccolo"" & pos=""ADJ""]"	4601548	Le case hanno facciate e interni, stanze, corridoi, scale, piani, porte e finestre; possono essere	grandi o piccole	, fastose o misere, luminose o tetre, aprirsi all'esterno o chiudersi a esso.
yes	X o Y	grandi	piccole	grande - piccolo	"[lemma=""grande"" & pos=""ADJ""][word=""o""][lemma=""piccolo"" & pos=""ADJ""]"	1836160	Mi è molto piaciuto che abbia espresso una posizione netta sugli aiuti tenendo conto degli interessi di tutte le imprese,	grandi o piccole	che fossero.
yes	X o Y	piccole	grandi	grande - piccolo	"[lemma=""piccolo"" & pos=""ADJ""][word=""o""][lemma=""grande"" & pos=""ADJ""]"	752002	La Fondazione Specchio dei Tempi e per il Tg5 sabato sono stati anche premiati: una targa che segna un altro impegno adempiuto, nel rispetto del mandato di chi ha versato agli sportelli della sottoscrizione	piccole o grandi	somme, e che segna anche la pubblica promessa degli alpini di essere sempre pronti ad aiutare chi soffre.
yes	X o Y	piccola	grande	grande - piccolo	"[lemma=""piccolo"" & pos=""ADJ""][word=""o""][lemma=""grande"" & pos=""ADJ""]"	1989315	Nel suo minimizzare, occultare, sminuire ogni	piccola o grande	verità.
yes	X o Y	piccolo	grande	grande - piccolo	"[lemma=""piccolo"" & pos=""ADJ""][word=""o""][lemma=""grande"" & pos=""ADJ""]"	6644164	Non so proprio da dove dovrei cominciare, se con qualcosa di	piccolo o grande	, ma so che, dopo aver cominciato, dovrò fare qualcosa di enorme.
yes	X o Y	piccola	grande	grande - piccolo	"[lemma=""piccolo"" & pos=""ADJ""][word=""o""][lemma=""grande"" & pos=""ADJ""]"	2543970	Dice che gli addii non esistono: che ogni morte,	piccola o grande	, è sempre un arrivederci.
yes	X o Y	piccola	grande	grande - piccolo	"[lemma=""piccolo"" & pos=""ADJ""][word=""o""][lemma=""grande"" & pos=""ADJ""]"	6997321	Che sia del Nord o del Sud,	piccola o grande	, ridente o desolata, nei noir la città prende vita, trasformandosi da cornice a oggetto del racconto, diventando essa stessa indagine e mistero.
yes	X o Y	grande	piccolo	grande - piccolo	"[lemma=""grande"" & pos=""ADJ""][word=""o""][lemma=""piccolo"" & pos=""ADJ""]"	3632773	Il gesto di Amalia è fuori del comune, ma più ne parli e meno si è in grado di giudicare se sia stato	grande o piccolo	, saggio o folle, eroico o vile; Amalia tiene i moventi chiusi nel petto, nessuno glieli potrà strappare.
yes	X o Y	grande	piccola	grande - piccolo	"[lemma=""grande"" & pos=""ADJ""][word=""o""][lemma=""piccolo"" & pos=""ADJ""]"	5257662	"Ma anche per fare questo bisogna pagare il "" tetto "", la protezione come per qualsiasi attività,"	grande o piccola	che sia, che uno voglia intraprendere in Russia oggi.
yes	X o Y	piccole	grandi	grande - piccolo	"[lemma=""piccolo"" & pos=""ADJ""][word=""o""][lemma=""grande"" & pos=""ADJ""]"	6923338	Ciò che noi chiamiamo umanità non è forse il deposito di queste	piccole o grandi	tracce che i padri e le madri lasciano ai figli e alle figlie i quali, a loro volta, lasceranno a chi verrà dopo di loro?
yes	X o Y	grandi	piccole	grande - piccolo	"[lemma=""grande"" & pos=""ADJ""][word=""o""][lemma=""piccolo"" & pos=""ADJ""]"	4367839	C'è da sperare che i turisti europei, che in numero crescente si recano a visitarli, si convincano che il migliore sfruttamento delle ultime aree naturali,	grandi o piccole	che siano, è conservarle come sono.
yes	X o Y	piccole	grandi	grande - piccolo	"[lemma=""piccolo"" & pos=""ADJ""][word=""o""][lemma=""grande"" & pos=""ADJ""]"	3032055	Sono proprio cotta, mia star, e non tollero la volgare idea che tu stia tubando all'estero con qualcuna delle	piccole o grandi	baldracche che, da quando ti conosco, mi pare popolino il mondo.
yes	X o Y	grandi	piccole	grande - piccolo	"[lemma=""grande"" & pos=""ADJ""][word=""o""][lemma=""piccolo"" & pos=""ADJ""]"	3447551	La Regina conosceva un solo modo per sciogliere tutte le difficoltà,	grandi o piccole	, e senza neppure guardare intorno, gridò: - Tagliategli la testa!
yes	X o Y	piccole	grandi	grande - piccolo	"[lemma=""piccolo"" & pos=""ADJ""][word=""o""][lemma=""grande"" & pos=""ADJ""]"	4188111	Questo mi fa pensare che in quasi tutte le malattie depressive ci può essere una censura forzata dell'ansia o dell'angoscia che scatenano	piccole o grandi	depressioni.
yes	X o Y	piccolo	grande	grande - piccolo	"[lemma=""piccolo"" & pos=""ADJ""][word=""o""][lemma=""grande"" & pos=""ADJ""]"	6595099	Il condizionamento (negativo e positivo) che viene dalla cultura e dalle strutture prodotte dalla sedimentazione delle scelte compiute da chi ci ha preceduto non può essere ignorato, ma questo non azzera lo spazio della libertà e quindi della responsabilità personale:	piccolo o grande	, c'è sempre un margine di scelta tra comportamenti ispirati alla logica della vita o a quella della distruzione.
yes	X o Y	piccoli	grandi	grande - piccolo	"[lemma=""piccolo"" & pos=""ADJ""][word=""o""][lemma=""grande"" & pos=""ADJ""]"	5713627	"A loro non importa "" TORTOLÌ (Nuoro) DAL NOSTRO INVIATO Ma ora ne parla con una lucidità straordinaria, attenta a non violare il "" segreto istruttorio "", insomma, a non tradire i"	piccoli o grandi	segreti che custodiscono quelli che fanno le indagini e che dovrebbero facilitare il trionfo della giustizia che in questo caso significa manette ai banditi.
yes	X o Y	piccole	grandi	grande - piccolo	"[lemma=""piccolo"" & pos=""ADJ""][word=""o""][lemma=""grande"" & pos=""ADJ""]"	163120	Non si riferisce primariamente al dovere di sopportare con pazienza le	piccole o grandi	tribolazioni quotidiane; né, ancor meno, intende essere un'esaltazione del dolore come mezzo per piacere a Dio.
yes	X o Y	piccole	grandi	grande - piccolo	"[lemma=""piccolo"" & pos=""ADJ""][word=""o""][lemma=""grande"" & pos=""ADJ""]"	4232097	Forse manca una riflessione a uso dei genitori che hanno bambini più sfortunati degli altri, o qualche pagina sulle	piccole o grandi	malattie che una famiglia può dover fronteggiare.
yes	X o Y	grande	piccola	grande - piccolo	"[lemma=""grande"" & pos=""ADJ""][word=""o""][lemma=""piccolo"" & pos=""ADJ""]"	221995	Una cucina ben organizzata, che sia	grande o piccola	, permette di risparmiare tempo ed energie FORNO A MICROONDE Nel Duemila, si diceva, ci nutriremo tutti con cibo in pillole, come gli astronauti.
yes	X o Y	piccolo	grande	grande - piccolo	"[lemma=""piccolo"" & pos=""ADJ""][word=""o""][lemma=""grande"" & pos=""ADJ""]"	339298	Se poi sarà messa sopra o sotto, resa in italico o in grassetto, con un carattere	piccolo o grande	e se conterrà o meno una qualche numerazione, tutto ciò non cambia l'essenza dell'elemento in questione.
yes	X o Y	piccole	grandi	grande - piccolo	"[lemma=""piccolo"" & pos=""ADJ""][word=""o""][lemma=""grande"" & pos=""ADJ""]"	5680901	Non appena approdata alle Camere la legge ha subito una serie di aggressioni e il governo, dopo avere pagato Rifondazione, si accinge a pagare una dopo l'altra, con	piccole o grandi	correzioni di rotta, tutte le corporazioni che possono fare la voce grossa e sbattere un pugno sul tavolo.
yes	X o Y	piccole	grandi	grande - piccolo	"[lemma=""piccolo"" & pos=""ADJ""][word=""o""][lemma=""grande"" & pos=""ADJ""]"	5952951	I relatori illustrano tecniche hi - tech e il ricorso alle formidabili banche - dati mormoni, dilungandosi sulle astuzie	piccole o grandi	da non scordare per vincere i numerosi ostacoli.
yes	X o Y	grandi	piccole	grande - piccolo	"[lemma=""grande"" & pos=""ADJ""][word=""o""][lemma=""piccolo"" & pos=""ADJ""]"	5066650	Le Città,	grandi o piccole	, rappresentano il luogo dei diritti e dei doveri della cittadinanza.
yes	X o Y	grande	piccola	grande - piccolo	"[lemma=""grande"" & pos=""ADJ""][word=""o""][lemma=""piccolo"" & pos=""ADJ""]"	6898470	Si può parlare di corruzione accentrata (le grandi decisioni prese spesso a Roma) o decentrata (la	grande o piccola	corruzione sparsa in tutt'Italia).
yes	X o Y	grande	piccola	grande - piccolo	"[lemma=""grande"" & pos=""ADJ""][word=""o""][lemma=""piccolo"" & pos=""ADJ""]"	5047307	Compito della magistratura è invece quello di chiarire, senza l'uso intimidatorio degli omissis e delle mezze rivelazioni, se una quota	grande o piccola	del pubblico denaro sia stato dilapidato in modo illegale, se qualcuno si è arricchito e, se sì, come, dove, quando, quanto, con la complicità di chi.
yes	X o Y	piccole	grandi	grande - piccolo	"[lemma=""piccolo"" & pos=""ADJ""][word=""o""][lemma=""grande"" & pos=""ADJ""]"	1555954	Accanto al nome di ognuno erano elencate le	piccole o grandi	nefandezze del galantuomo in questione.
yes	X o Y	piccoli	grandi	grande - piccolo	"[lemma=""piccolo"" & pos=""ADJ""][word=""o""][lemma=""grande"" & pos=""ADJ""]"	800268	Decise che fino al giorno in cui avrebbe cambiato idea sul termine giusto da usare, avrebbe chiamato sfumature i mutamenti,	piccoli o grandi	non le importava, e non le importava nemmeno se degli esseri umani e delle cose.
yes	X o Y	grandi	piccole	grande - piccolo	"[lemma=""grande"" & pos=""ADJ""][word=""o""][lemma=""piccolo"" & pos=""ADJ""]"	4146338	Città e borghi si chiudevano nelle proprie mura,	grandi o piccole	, di fronte a quei pellegrini che meglio assomigliavano a una nuova calata dei barbari.
yes	X o Y	piccole	grandi	grande - piccolo	"[lemma=""piccolo"" & pos=""ADJ""][word=""o""][lemma=""grande"" & pos=""ADJ""]"	5991227	Dopo il ribaltone del dicembre 1994 non sarebbe stata la prima volta di Bossi a Villa San Martino, ma ogni incontro tra i due continua a provocare	piccole o grandi	scosse.
yes	X o Y	piccola	grande	grande - piccolo	"[lemma=""piccolo"" & pos=""ADJ""][word=""o""][lemma=""grande"" & pos=""ADJ""]"	4244406	In realtà, non si vuole, né si ha bisogno della loro apparente utilità	piccola o grande	che sia - forse questa risulta persino molesta -, ma si richiede la decorativa nullità della loro fama e delle loro firme.
yes	X o Y	piccole	grandi	grande - piccolo	"[lemma=""piccolo"" & pos=""ADJ""][word=""o""][lemma=""grande"" & pos=""ADJ""]"	5407495	La manna pioverà dal cielo nelle prossime due settimane, grazie all'afflusso record di turisti e alle quasi 200 manifestazioni in programma, mentre nuove ricchezze,	piccole o grandi	, continueranno a crearsi in Borsa, dove iniezioni di capitali giunti dal Nord hanno dato inizio a una vertiginosa ascesa dei titoli.
yes	X o Y	piccola	grande	grande - piccolo	"[lemma=""piccolo"" & pos=""ADJ""][word=""o""][lemma=""grande"" & pos=""ADJ""]"	2829068	Pareva che il suo compito all'interno della piccola comunità di circa seicento anime, tutte con qualche macchia	piccola o grande	che prima o poi finiva nel mirino di Fiorenzo, fosse quello di mettere in piazza ogni azione disonesta, ogni comportamento equivoco, ogni debolezza: giudice autoproclamatosi di un tribunale in cui l'accusato finiva inevitabilmente condannato.
yes	X o Y	piccolo	grande	grande - piccolo	"[lemma=""piccolo"" & pos=""ADJ""][word=""o""][lemma=""grande"" & pos=""ADJ""]"	1555118	E quanto spazio sarebbe rimasto a ognuno di loro per il proprio	piccolo o grande	conflitto interiore.
yes	X o Y	piccolo	grande	grande - piccolo	"[lemma=""piccolo"" & pos=""ADJ""][word=""o""][lemma=""grande"" & pos=""ADJ""]"	2757231	Ma da un punto di vista formale non si capisce perché la certezza del diritto, con l'impossibilità di vedersi applicare norme con effetto retroattivo diventi una sorta di privilegio graziosamente accordato dal governo a una categoria di grandi investitori e non sia invece un dato di fatto acquisito per qualsiasi operatore economico,	piccolo o grande	che sia.
yes	X o Y	grande	piccolo	grande - piccolo	"[lemma=""grande"" & pos=""ADJ""][word=""o""][lemma=""piccolo"" & pos=""ADJ""]"	6181135	Se ognuno si sente obbligato a occuparsi di tutto, più nessuno accetta di occuparsi del suo spicchio,	grande o piccolo	che sia, di rappresentanza politica.
yes	X o Y	grandi	piccole	grande - piccolo	"[lemma=""grande"" & pos=""ADJ""][word=""o""][lemma=""piccolo"" & pos=""ADJ""]"	103111	Il solidarismo sociale non va confuso con le rendite parassitarie	grandi o piccole	che siano.
yes	X o Y	grandi	piccoli	grande - piccolo	"[lemma=""grande"" & pos=""ADJ""][word=""o""][lemma=""piccolo"" & pos=""ADJ""]"	593757	Divora tutti gli animali che riesce ad uccidere,	grandi o piccoli	.
yes	X o Y	piccoli	grandi	grande - piccolo	"[lemma=""piccolo"" & pos=""ADJ""][word=""o""][lemma=""grande"" & pos=""ADJ""]"	524794	Pretendere che la polizia carichi con durezza al minimo cenno di vandalismo da parte di gruppi di autonomi,	piccoli o grandi	che siano?
yes	X o Y	grande	piccolo	grande - piccolo	"[lemma=""grande"" & pos=""ADJ""][word=""o""][lemma=""piccolo"" & pos=""ADJ""]"	1096424	In cui la politica farà il possibile per tenersi stretto ogni monopolio residuo,	grande o piccolo	che sia.
yes	X o Y	piccoli	grandi	grande - piccolo	"[lemma=""piccolo"" & pos=""ADJ""][word=""o""][lemma=""grande"" & pos=""ADJ""]"	2691644	Matteo Renzi non dialoga con i poteri,	piccoli o grandi	che siano.
yes	X o Y	grandi	piccoli	grande - piccolo	"[lemma=""grande"" & pos=""ADJ""][word=""o""][lemma=""piccolo"" & pos=""ADJ""]"	2833080	Ciascuno di noi ha i suoi scheletri,	grandi o piccoli	, nell'armadio.
yes	X o Y	piccoli	grandi	grande - piccolo	"[lemma=""piccolo"" & pos=""ADJ""][word=""o""][lemma=""grande"" & pos=""ADJ""]"	4171125	Ora	piccoli o grandi	spostamenti di questa fatta, che qui si vedono così bene, si possono osservare in moltissime altre porzioni dei vari spartiacque.
yes	X o Y	piccoli	grandi	grande - piccolo	"[lemma=""piccolo"" & pos=""ADJ""][word=""o""][lemma=""grande"" & pos=""ADJ""]"	1024440	Le reazioni degli untori del CO2,	piccoli o grandi	, sono le stesse.
yes	X o Y	grande	piccola	grande - piccolo	"[lemma=""grande"" & pos=""ADJ""][word=""o""][lemma=""piccolo"" & pos=""ADJ""]"	1972041	Ma quale tifoseria,	grande o piccola	in questo misero Paese, si comporterebbe allo stesso modo dopo aver visto la sua squadra dominata sul campo?
yes	X o Y	piccolo	grande	grande - piccolo	"[lemma=""piccolo"" & pos=""ADJ""][word=""o""][lemma=""grande"" & pos=""ADJ""]"	43692	) venga penalizzato un circolo	piccolo o grande	se contravviene alle direttive di voto del suo Comitato regionale.
yes	X o Y	piccoli	grandi	grande - piccolo	"[lemma=""piccolo"" & pos=""ADJ""][word=""o""][lemma=""grande"" & pos=""ADJ""]"	6383112	Imprevisti	piccoli o grandi	prima o poi vanno messi in conto.
yes	X o Y	piccoli	grandi	grande - piccolo	"[lemma=""piccolo"" & pos=""ADJ""][word=""o""][lemma=""grande"" & pos=""ADJ""]"	1794262	E finché il ciclo storico di quella identità non sarà concluso, con l'uscita dalla scena politica di tutti i suoi	piccoli o grandi	protagonisti, quel legame è destinato a non sciogliersi mai compiutamente.
yes	X o Y	piccole	grandi	grande - piccolo	"[lemma=""piccolo"" & pos=""ADJ""][word=""o""][lemma=""grande"" & pos=""ADJ""]"	4134427	Quel lago, m'insegnano, è uno dei maggiori centri di raccolta di questi fanatici della velocità semovente: lo sapevate che il record di velocità, tra tutte le imbarcazioni a vela,	piccole o grandi	, è detenuto saldamente da una tavola a vela o wind - surf?
yes	X o Y	grandi	piccole	grande - piccolo	"[lemma=""grande"" & pos=""ADJ""][word=""o""][lemma=""piccolo"" & pos=""ADJ""]"	6127068	Ma, forse inconsapevolmente, la Yaris è stata travolta dalla voglia di monovolume,	grandi o piccole	che siano, che ha contagiato molta gente.
yes	X o Y	grandi	piccole	grande - piccolo	"[lemma=""grande"" & pos=""ADJ""][word=""o""][lemma=""piccolo"" & pos=""ADJ""]"	2756540	L'idea è quella che le imprese	grandi o piccole	punteranno sul nuovo contratto «stabile ma anche no», prosciugando il bacino degli atipici.
yes	X o Y	piccolo	grande	grande - piccolo	"[lemma=""piccolo"" & pos=""ADJ""][word=""o""][lemma=""grande"" & pos=""ADJ""]"	6503929	Infatti, se rapportiamo il prelievo annuale al valore reale degli immobili, scopriamo che anche oggi, tutto sommato - partendo dal presupposto che la casa al mare o in montagna non è un bene indispensabile, bensì un	piccolo o grande	lusso -, si mantiene su livelli sopportabili, situandosi tra lo 0,5 e l'1, 5 per cento del valore di mercato dell'alloggio.
yes	X o Y	piccolo	grande	grande - piccolo	"[lemma=""piccolo"" & pos=""ADJ""][word=""o""][lemma=""grande"" & pos=""ADJ""]"	4159394	Ormai sapevo che nessuno spauracchio,	piccolo o grande	che fosse stato, mi avrebbe più fermato.
yes	X o Y	piccolo	grande	grande - piccolo	"[lemma=""piccolo"" & pos=""ADJ""][word=""o""][lemma=""grande"" & pos=""ADJ""]"	4580495	Del fuoco potremmo dire per prima cosa che dappertutto è uguale: sia	piccolo o grande	, si appicchi qui o là, duri molto o poco, per la nostra immaginazione ha sempre qualcosa di simile, indipendentemente dalle sue cause.
yes	X o Y	grande	piccolo	grande - piccolo	"[lemma=""grande"" & pos=""ADJ""][word=""o""][lemma=""piccolo"" & pos=""ADJ""]"	170849	Vorrei fare un appello a chiunque catturi un luccio,	grande o piccolo	ridategli la libertà perchè secondo me si prova una soddisfazzione unica dopo una sfida con questo pesce straordinario rivederlo dinuovo libero e per mostrare agli amici la vostra cattura basterà qualche foto e il vostro racconto.
yes	X o Y	grandi	piccoli	grande - piccolo	"[lemma=""grande"" & pos=""ADJ""][word=""o""][lemma=""piccolo"" & pos=""ADJ""]"	2429251	I fiori,	grandi o piccoli	, semplici o doppi, sono di mille colori e sfumature.
yes	a X e Y	piccole	grandi	grande - piccolo	"[word=""a""][lemma=""piccolo"" & pos=""ADJ""][word=""e""][lemma=""grande"" & pos=""ADJ""]"	5512984	In un contesto di allarmanti simbologie (il fiume micidiale è il mondo in cui viviamo) assistiamo	a piccole e grandi	catastrofi: e mentre nell'appartamento dei protagonisti non si riesce a fermare l'acqua che piove dal tetto, fra padre e figlio si creano le premesse per un'agnizione umiliante nella morbosa oscurità di una sauna.
yes	a X e Y	grandi	piccoli	grande - piccolo	"[word=""a""][lemma=""grande"" & pos=""ADJ""][word=""e""][lemma=""piccolo"" & pos=""ADJ""]"	5103769	A Moncalieri (a pochi chilometri da Torino), presso il centro H20 - Conoscere e giocare con l'acqua, alcuni strumenti scientifici illustrano	a grandi e piccoli	l'importanza dell'acqua e i suoi usi (tel. 0114645033, bisogna prenotare).
yes	a X e Y	piccole	grandi	grande - piccolo	"[word=""a""][lemma=""piccolo"" & pos=""ADJ""][word=""e""][lemma=""grande"" & pos=""ADJ""]"	6464754	Questo perché il decadimento intellettivo che può portare gli anziani fino alla demenza è legato all'irrigidimento delle pareti dei vasi del cervello, alla formazione di trombi, o	a piccole e grandi	emorragie.
yes	a X e Y	piccoli	grandi	grande - piccolo	"[word=""a""][lemma=""piccolo"" & pos=""ADJ""][word=""e""][lemma=""grande"" & pos=""ADJ""]"	1955629	Si svolgerà dal 26 marzo al 2 aprile: una settimana ad alta concentrazione di scoperte dedicata	a piccoli e grandi	: oltre trenta eventi distribuiti in tredici sedi diverse nel perimetro del municipio: da Technotown al Cnr, dal museo dei bambini a quello di chimica Primo Levi, dalla scuola Falcone e Borsellino, fino al teatro delle palline.
yes	a X e Y	piccoli	grandi	grande - piccolo	"[word=""a""][lemma=""piccolo"" & pos=""ADJ""][word=""e""][lemma=""grande"" & pos=""ADJ""]"	6118429	Del nuovo programma che debutta domani su RaiUno, Segreti e bugie, (come il titolo del bellissimo film di Mike Leigh), e che nessuno, per scaramanzia, osa chiamare varietà, si sa solo che è basato su sorprese legate	a piccoli e grandi	segreti.
yes	a X e Y	piccoli	grandi	grande - piccolo	"[word=""a""][lemma=""piccolo"" & pos=""ADJ""][word=""e""][lemma=""grande"" & pos=""ADJ""]"	6365355	Ci si addentrerà in mondi stupefacenti, dove dominano mineralogia, zoologia ed ecologia, tra vetrine di reperti fossili e scheletri di dinosauri (a proposito ecco l'occasione per mostrare	a piccoli e grandi	i veri protagonisti di Jurassic Park o del Mondo perduto).
yes	a X e Y	piccoli	grandi	grande - piccolo	"[word=""a""][lemma=""piccolo"" & pos=""ADJ""][word=""e""][lemma=""grande"" & pos=""ADJ""]"	29822	Le materie trattate, i quiz scelti e i sei gradi di difficoltà con cui essi sono posti, fanno del gioco MasterQuiz un simpatico divertimento che insegna	a piccoli e grandi	moltissime nozioni nelle materie più importanti di cultura generale.
yes	a X e Y	piccole	grandi	grande - piccolo	"[word=""a""][lemma=""piccolo"" & pos=""ADJ""][word=""e""][lemma=""grande"" & pos=""ADJ""]"	2752826	Il modello francese, per esempio, il «contrat de génération», da anni applicato	a piccole e grandi	imprese, non stabilisce alcuno scambio tra giovani e anziani, ma è un contratto dedicato ai giovani, che fa parte degli «emploi d'avenir», una passerella per far entrare in azienda i giovani a condizioni agevolate e per migliorarne le competenze.
yes	a X e Y	piccole	grandi	grande - piccolo	"[word=""a""][lemma=""piccolo"" & pos=""ADJ""][word=""e""][lemma=""grande"" & pos=""ADJ""]"	6352328	La nostra visione è di costruire insieme alle telecom e ai grandi provider un'ossatura solida per la messaggistica e il lavoro di gruppo, in modo da offrire servizi Intranet e Extranet	a piccole e grandi	imprese, attraverso la telecom locale.
yes	a X e Y	piccoli	grandi	grande - piccolo	"[word=""a""][lemma=""piccolo"" & pos=""ADJ""][word=""e""][lemma=""grande"" & pos=""ADJ""]"	492885	Il mercoledì si tiene il mercato e gli adulti si mescolano ai bambini che si divertono sulle poche giostre che hanno ancora il sapore di quelle usate un tempo nelle fiere paesane, adatte	a piccoli e grandi	.
yes	a X e Y	grandi	piccoli	grande - piccolo	"[word=""a""][lemma=""grande"" & pos=""ADJ""][word=""e""][lemma=""piccolo"" & pos=""ADJ""]"	683161	L'esecuzione delle musiche è affidata alla Royal Philamonic Orchestra, per uno spettacolo molto adatto, quindi,	a grandi e piccoli	.
yes	da X a Y	piccole	grandi	grande - piccolo	"[word=""da""][lemma=""piccolo"" & pos=""ADJ""][word=""a""][lemma=""grande"" & pos=""ADJ""]"	4107946	Passo	da piccole a grandi	braccia e sono semiaddormentata.
yes	sia X sia Y	piccole	grandi	grande - piccolo	"[word=""sia""][lemma=""piccolo"" & pos=""ADJ""][word=""sia""][lemma=""grande"" & pos=""ADJ""]"	6643275	Sapevo che c'erano due pesi e due misure, che esistevano club privati che erano sbucati in città	sia piccole sia grandi	, dove gli uomini single con le carte in regola potevano andare a scaricare stress e sperma su professioniste dell'intrattenimento.
yes	tra X e Y	piccole	grandi	grande - piccolo	"[word=""tra""][lemma=""piccolo"" & pos=""ADJ""][word=""e""][lemma=""grande"" & pos=""ADJ""]"	4705083	Tale rete deve integrare la formazione dei formatori, degli insegnanti e dei gestori di sistemi didattici; - la creazione di un sito e - Learning su Internet per stimolare lo scambio di esperienze tra le istituzioni didattiche, tra le istituzioni incaricate della formazione,	tra piccole e grandi	imprese, e inoltre trasversalmente ai vari luoghi d'apprendimento.
yes	tra X e Y	grandi	piccole	grande - piccolo	"[word=""tra""][lemma=""grande"" & pos=""ADJ""][word=""e""][lemma=""piccolo"" & pos=""ADJ""]"	6134819	Lo scontro	tra grandi e piccole	società sarà piuttosto violento, almeno a giudicare dal fermento della vigilia.
yes	tra X e Y	grandi	piccoli	grande - piccolo	"[word=""tra""][lemma=""grande"" & pos=""ADJ""][word=""e""][lemma=""piccolo"" & pos=""ADJ""]"	4173755	Sebbene il primato dei terremoti, come vi ho già detto, sia del Giappone, dove	tra grandi e piccoli	in media se ne hanno annualmente oltre trecento, quasi uno al giorno.
yes	tra X e Y	grande	piccola	grande - piccolo	"[word=""tra""][lemma=""grande"" & pos=""ADJ""][word=""e""][lemma=""piccolo"" & pos=""ADJ""]"	4253348	Ne deriverà tra l'altro che i contrasti non saranno solo tra comparti,	tra grande e piccola	industria (e tra industria e agricoltura), ma anche tra sistemi economici locali che si confrontano sui mercati regionali e nazionale.
yes	tra X e Y	grandi	piccoli	grande - piccolo	"[word=""tra""][lemma=""grande"" & pos=""ADJ""][word=""e""][lemma=""piccolo"" & pos=""ADJ""]"	5915784	Il pregio è nel recupero di una dimensione sindacale che nell'organizzazione si era appannata da tempo: l'adunata odierna ricuce uno strappo, quello	tra grandi e piccoli	imprenditori, e al tempo stesso risolve, rendendola definitiva, la sana diaspora tra l'Impresa e la Politica, avviata nel'91 ad uno dei rituali convegni di Cernobbio.
yes	tra X e Y	piccoli	grandi	grande - piccolo	"[word=""tra""][lemma=""piccolo"" & pos=""ADJ""][word=""e""][lemma=""grande"" & pos=""ADJ""]"	7076308	Infine, anche provando a differenziare	tra piccoli e grandi	imprese il risultato del focus realizzato dall'Inps nel suo Rapporto Annuale non varia.
yes	tra X e Y	piccole	grandi	grande - piccolo	"[word=""tra""][lemma=""piccolo"" & pos=""ADJ""][word=""e""][lemma=""grande"" & pos=""ADJ""]"	4703145	considerando che l'attuazione di programmi europei di sostegno alle iniziative locali da parte di piccole ONG [3], che nella maggior parte dei casi, non dispongono di grande liquidità, si scontra con la difficoltà di ottenere la garanzia bancaria richiesta dalla Commissione, la cui utilità non è peraltro molto chiara; considerando che questa situazione causa una discriminazione	tra piccole e grandi	ONG, che contrasta con gli auspici di sviluppo della società civile, M.
yes	tra X e Y	piccole	grandi	grande - piccolo	"[word=""tra""][lemma=""piccolo"" & pos=""ADJ""][word=""e""][lemma=""grande"" & pos=""ADJ""]"	5943732	Secondo Andrea Pininfarina, presidente dell'Amma (l'associazione delle imprese metalmeccaniche torinesi), la convivenza	tra piccole e grandi	industrie rende più completo il tessuto produttivo del Nord - Ovest rispetto al Nord - Est, un modello che può garantire tenuta e sviluppo industriale.
yes	tra X e Y	grandi	piccole	grande - piccolo	"[word=""tra""][lemma=""grande"" & pos=""ADJ""][word=""e""][lemma=""piccolo"" & pos=""ADJ""]"	5838896	L'orario va ridotto in modo progressivo, distinguendo	tra grandi e piccole	imprese, tra settori in difficoltà e altri più solidi.
yes	tra X e Y	grandi	piccole	grande - piccolo	"[word=""tra""][lemma=""grande"" & pos=""ADJ""][word=""e""][lemma=""piccolo"" & pos=""ADJ""]"	5602011	A dispetto di una tradizione culinaria molto poco'mediterraneà, infatti, l'America si è scoperta recentemente come un paese di industriali pastai: oltre 50 imprese	tra grandi e piccole	sono coinvolte in un'business' da oltre 7mila miliardi di lire, con 208 stabilimenti industriali che producono pasta a tempo pieno, oltre 51 milioni di chili esportati e un quarto posto assoluto nella classifica mondiale dei consumi di pasta.
yes	tra X e Y	piccoli	grandi	grande - piccolo	"[word=""tra""][lemma=""piccolo"" & pos=""ADJ""][word=""e""][lemma=""grande"" & pos=""ADJ""]"	4843494	E, alla prova dei fatti, sembra che ogni altra artificiosa combinazione strumentale non riesca a garantire una convivenza duratura, vanificando, peraltro, le prospettive di una vera e solida unione	tra piccoli e grandi	Operatori dell'autotrasporto.
yes	tra X e Y	grandi	piccole	grande - piccolo	"[word=""tra""][lemma=""grande"" & pos=""ADJ""][word=""e""][lemma=""piccolo"" & pos=""ADJ""]"	5943719	Lo sviluppo futuro dell'Italia si può basare su un'azione comune	tra grandi e piccole	industrie.
yes	tra X e Y	grandi	piccoli	grande - piccolo	"[word=""tra""][lemma=""grande"" & pos=""ADJ""][word=""e""][lemma=""piccolo"" & pos=""ADJ""]"	5626343	E così, a parte gli obiettivi conflitti di interessi nazionali, la naturale ma esacerbata contrapposizione	tra grandi e piccoli	Paesi che temono di ritrovarsi ridotti a comparse nelle nuove istituzioni comunitarie, si crea il paradosso per cui l'avvento della moneta unica invece di coagulare il consenso tende a invelenire l'atmosfera.
yes	tra X e Y	grandi	piccoli	grande - piccolo	"[word=""tra""][lemma=""grande"" & pos=""ADJ""][word=""e""][lemma=""piccolo"" & pos=""ADJ""]"	2386511	La bellezza della fattoria brasiliana I produttori di caffè si dividono	tra grandi e piccoli	, a seconda della regione geografica.
yes	tra X e Y	grandi	piccoli	grande - piccolo	"[word=""tra""][lemma=""grande"" & pos=""ADJ""][word=""e""][lemma=""piccolo"" & pos=""ADJ""]"	4311930	L'altro due per cento è costituito dai duecentomila ghiacciai -	tra grandi e piccoli	- sparsi sulle maggiori catene montuose: l'Himalaya, innanzi tutto, le Ande, le Montagne Rocciose, le Alpi.
yes	tra X e Y	grandi	piccole	grande - piccolo	"[word=""tra""][lemma=""grande"" & pos=""ADJ""][word=""e""][lemma=""piccolo"" & pos=""ADJ""]"	6218204	Piccola morale:	tra grandi e piccole	ci rimettono sempre le piccole e la sudditanza psicologica è dura a morire.
yes	tra X e Y	grandi	piccole	grande - piccolo	"[word=""tra""][lemma=""grande"" & pos=""ADJ""][word=""e""][lemma=""piccolo"" & pos=""ADJ""]"	714656	Allargando così il solco	tra grandi e piccole	e aumentando i rischi di un tracollo.
yes	tra X e Y	piccole	grandi	grande - piccolo	"[word=""tra""][lemma=""piccolo"" & pos=""ADJ""][word=""e""][lemma=""grande"" & pos=""ADJ""]"	958074	Basti pensare a fusioni di due piccole unità produttive autonome, alla creazione di nuove piccole aziende; il diffondersi di alleanze strategiche	tra piccole e grandi	aziende costituisce poi un altro fenomeno che rende i confini ancora meno delimitati.
yes	tra X e Y	grandi	piccoli	grande - piccolo	"[word=""tra""][lemma=""grande"" & pos=""ADJ""][word=""e""][lemma=""piccolo"" & pos=""ADJ""]"	6205947	Sicuramente quello sulla rappresentatività sindacale visto che D'Antona, su delega di Bassolino, lo rappresentava nel Comitato per la legislazione istituito al ministero dove si stava discutendo la legge sul rapporto	tra grandi e piccoli	sindacati.
yes	tra X e Y	grandi	piccole	grande - piccolo	"[word=""tra""][lemma=""grande"" & pos=""ADJ""][word=""e""][lemma=""piccolo"" & pos=""ADJ""]"	5643751	Così, pian piano, anche in Italia i parchi sono aumentati di numero (19 i meccanici e 60 quelli acquatici) pur distinguendosi	tra grandi e piccole	strutture.
yes	tra X e Y	grande	piccola	grande - piccolo	"[word=""tra""][lemma=""grande"" & pos=""ADJ""][word=""e""][lemma=""piccolo"" & pos=""ADJ""]"	6295097	Per Silvio Fortuna, amministratore delegato di Arc Linea, Del Vecchio sarebbe stato l'uomo giusto per rinsaldare il patto di unità d'azione	tra grande e piccola	industria veneta.
yes	tra X e Y	grandi	piccoli	grande - piccolo	"[word=""tra""][lemma=""grande"" & pos=""ADJ""][word=""e""][lemma=""piccolo"" & pos=""ADJ""]"	4369155	Sono censiti oltre 60 ghiacciai	tra grandi e piccoli	.
yes	tra X e Y	grandi	piccole	grande - piccolo	"[word=""tra""][lemma=""grande"" & pos=""ADJ""][word=""e""][lemma=""piccolo"" & pos=""ADJ""]"	4172946	Ne hanno,	tra grandi e piccole	, quasi una ogni giorno.
yes	tra X e Y	piccoli	grandi	grande - piccolo	"[word=""tra""][lemma=""piccolo"" & pos=""ADJ""][word=""e""][lemma=""grande"" & pos=""ADJ""]"	213396	"ha superato il suo vecchio ruolo di "" sindacato dei padroni privati "" per diventare la struttura che, articolando le direttrici di politica economica delle multinazionali, è capace di unificare sotto di sé le divisioni"	tra piccoli e grandi	padroni, tra industria pubblica e privata, nella programmazione dell'economia sul terreno nazionale in tutti i suoi settori.
yes	tra X e Y	grandi	piccole	grande - piccolo	"[word=""tra""][lemma=""grande"" & pos=""ADJ""][word=""e""][lemma=""piccolo"" & pos=""ADJ""]"	4172654	Pensate che ci sarebbe da visitare una dozzina di gallerie	tra grandi e piccole	, ponti - canali per oltrepassare vallate, sifoni, impianti di sollevamento per servire i Comuni più alti e un totale di quasi tremila chilometri di condutture.
yes	tra X e Y	grandi	piccoli	grande - piccolo	"[word=""tra""][lemma=""grande"" & pos=""ADJ""][word=""e""][lemma=""piccolo"" & pos=""ADJ""]"	5043854	Gli ottimisti sottolineano che il ministro Vincenzo Visco ha, sì, deciso di reintrodurre la tassa sulle plusvalenze, ma distinguendo	tra grandi e piccoli	azionisti (i primi pagano il 27 per cento, i secondi il 12,5), consentendo di compensare guadagni e perdite e, soprattutto, colpendo anche gli utili sulla compravendita di Bot e Cct.
yes	tra X e Y	piccole	grandi	grande - piccolo	"[word=""tra""][lemma=""piccolo"" & pos=""ADJ""][word=""e""][lemma=""grande"" & pos=""ADJ""]"	6295327	Inoltre, si è stabilito che negli ultimi milioni di anni vi sono state ben 26	tra piccole e grandi	glaciazioni che hanno interessato i ghiacci polari.
yes	tra X e Y	piccola	grande	grande - piccolo	"[word=""tra""][lemma=""piccolo"" & pos=""ADJ""][word=""e""][lemma=""grande"" & pos=""ADJ""]"	958073	La causa principale dello sfocamento dei rapporti tradizionali è dovuta ad una organizzazione produttiva delle imprese sempre più a rete, con l'obiettivo della massima flessibilità che fa diminuire il confine	tra piccola e grande	impresa.
yes	tra X e Y	grandi	piccoli	grande - piccolo	"[word=""tra""][lemma=""grande"" & pos=""ADJ""][word=""e""][lemma=""piccolo"" & pos=""ADJ""]"	6879176	Non si vuole criticare l'importanza dei congressi, ma semplicemente come questi siano diventati un affare per il quale vanno direzionate grandi risorse anche di natura pubblica e la partecipazione o meno non è legata direttamente con la qualità della ricerca, ma spesso con le risorse che si possono disporre e quindi impiegare; risorse peraltro che vanno a gravare sui fondi di ricerca e che creano comunque una disparità	tra grandi e piccoli	gruppi.
yes	tra X e Y	grandi	piccoli	grande - piccolo	"[word=""tra""][lemma=""grande"" & pos=""ADJ""][word=""e""][lemma=""piccolo"" & pos=""ADJ""]"	6243318	Galliani, comunque, ieri ha trovato modo di rallegrarsi, snocciolando le cifre del Milan, a un passo dal 2000: cento	tra grandi e piccoli	sponsor, che - tra i 40 milioni di Mattel e i 25 miliardi dell'Adidas - garantiscono un introito annuo di 55 miliardi, circa il 20 % del fatturato globale.
yes	X e Y	leggere	pesanti	leggero - pesante	"[lemma=""leggero"" & pos=""ADJ""][word=""e""][lemma=""pesante"" & pos=""ADJ""]"	6370715	"--- Nome di battesimo "" 540 Protection "" La chiamano auto, in realtà è un forziere BMW Gli attacchi contro le auto sono prevalentemente commessi con strumenti contundenti, sassi, pietre nonché armi da fuoco portatili,"	leggere e pesanti	.
yes	X e Y	pesanti	leggere	leggero - pesante	"[lemma=""pesante"" & pos=""ADJ""][word=""e""][lemma=""leggero"" & pos=""ADJ""]"	6848727	Quindi non possono essere fonte di diritto penale i regolamenti, ad eccezione di quelli che specificano meglio i contenuti di una legge (ad esempio il regolamento che elenca le droghe	pesanti e leggere	).
yes	X e Y	leggere	pesanti	leggero - pesante	"[lemma=""leggero"" & pos=""ADJ""][word=""e""][lemma=""pesante"" & pos=""ADJ""]"	6025638	Obiettivo: contrastare il consumo e lo spaccio di sostanze stupefacenti, specie negli ambienti solitamente ritrovo di giovani, luoghi ove maggiormente viene segnalata la diffusione di droghe	leggere e pesanti	.
yes	X e Y	leggere	pesanti	leggero - pesante	"[lemma=""leggero"" & pos=""ADJ""][word=""e""][lemma=""pesante"" & pos=""ADJ""]"	4474871	A capo di una banda di 50 uomini - per alcuni erano addirittura 100 - aveva accumulato nelle Grotte Celoni un vero e proprio arsenale; accanto alle armi	leggere e pesanti	, anche munizioni in quantitativi industriali, centralini telefonici, pezzi di ricambio per auto e camion.
yes	X e Y	leggere	pesanti	leggero - pesante	"[lemma=""leggero"" & pos=""ADJ""][word=""e""][lemma=""pesante"" & pos=""ADJ""]"	5262772	Durante la guerra fredda fu l'Urss, oggi sono le droghe	leggere e pesanti	.
yes	X e Y	pesante	leggero	leggero - pesante	"[lemma=""pesante"" & pos=""ADJ""][word=""e""][lemma=""leggero"" & pos=""ADJ""]"	5257129	Come i tradizionali camicioni indiani (kurta), saranno di due tipi:	pesante e leggero	, per tutte le stagioni.
yes	X e Y	pesante	leggera	leggero - pesante	"[lemma=""pesante"" & pos=""ADJ""][word=""e""][lemma=""leggero"" & pos=""ADJ""]"	3290974	Infine, quasi a contenerli, venivano altri settemila mercenari greci, di fanteria	pesante e leggera	.
yes	X e Y	pesanti	leggeri	leggero - pesante	"[lemma=""pesante"" & pos=""ADJ""][word=""e""][lemma=""leggero"" & pos=""ADJ""]"	6716381	Amanda s'era fatta un nome come custode, manutentrice, tappabuchi, pseudo infermiera, era buona per tutti i servizi,	pesanti e leggeri	.
yes	X e Y	leggere	pesanti	leggero - pesante	"[lemma=""leggero"" & pos=""ADJ""][word=""e""][lemma=""pesante"" & pos=""ADJ""]"	3055829	Un insieme di reticolati, ostacoli anticarro, campi minati, nidi di armi	leggere e pesanti	, sotterranei in cemento armato e acciaio... Non servirono a nulla.
yes	X e Y	leggera	pesante	leggero - pesante	"[lemma=""leggero"" & pos=""ADJ""][word=""e""][lemma=""pesante"" & pos=""ADJ""]"	5583830	Quelle per l'industria mineraria, la meccanica	leggera e pesante	, l'agroalimentare (food processing), il comparto tessile - abbigliamento.
yes	X e Y	leggero	pesante	leggero - pesante	"[lemma=""leggero"" & pos=""ADJ""][word=""e""][lemma=""pesante"" & pos=""ADJ""]"	3470412	Ma per uno nato, come Harlan, in un'epoca materiale, le distinzioni fra il legno, il metallo, la plastica, i silicati, il cemento, il cuoio (e le relative suddivisioni in	leggero e pesante	) erano fondamentali.
yes	X e Y	leggeri	pesanti	leggero - pesante	"[lemma=""leggero"" & pos=""ADJ""][word=""e""][lemma=""pesante"" & pos=""ADJ""]"	5304713	Alle macchine, alle moto da quest'anno è stato deciso di affiancare anche una mostra di veicoli	leggeri e pesanti	.
yes	X e Y	pesanti	leggeri	leggero - pesante	"[lemma=""pesante"" & pos=""ADJ""][word=""e""][lemma=""leggero"" & pos=""ADJ""]"	2322762	Grazie allo studio delle carte geografiche austriache e italiane, alle foto aeree e d'epoca scattate dall'esercito Regio, alle relazioni del servizio informazioni italiano e a tante scarpinate, gli autori sono riusciti ad individuare i resti di ciò che rimane di questo reticolo tra impianti campali,	pesanti e leggeri	alla cui realizzazione lavorarono anche molti prigionieri russi, serbi, italiani, rumeni, montenegrini.
yes	X e Y	leggere	pesanti	leggero - pesante	"[lemma=""leggero"" & pos=""ADJ""][word=""e""][lemma=""pesante"" & pos=""ADJ""]"	6257298	Verificando le rivelazioni di Serghej Illarionov, il vice - console russo fuggito nel'91 da Genova per finire tra le braccia della Cia, servizi segreti e militari italiani scoprirono che gli 007 sovietici avevano trafugato dall'Est tonnellate di armi	leggere e pesanti	.
yes	X e Y	pesante	leggera	leggero - pesante	"[lemma=""pesante"" & pos=""ADJ""][word=""e""][lemma=""leggero"" & pos=""ADJ""]"	3314888	Cercavano la Potemkin che incrociava più agile, scaricando sull'isola l'artiglieria	pesante e leggera	.
yes	X e Y	pesante	leggera	leggero - pesante	"[lemma=""pesante"" & pos=""ADJ""][word=""e""][lemma=""leggero"" & pos=""ADJ""]"	4200055	La Legge 162 che vieta l'uso di ogni droga senza distinzione di	pesante e leggera	, ha valore per la prevenzione.
yes	X e Y	leggere	pesanti	leggero - pesante	"[lemma=""leggero"" & pos=""ADJ""][word=""e""][lemma=""pesante"" & pos=""ADJ""]"	2713494	Dopo l'abolizione della Fini - Giovanardi, che ha ripristinato la distinzione tra droghe	leggere e pesanti	, un altro possibile colpo al sistema messo in piedi in Italia per gestire il tema degli stupefacenti.
yes	X e Y	leggeri	pesanti	leggero - pesante	"[lemma=""leggero"" & pos=""ADJ""][word=""e""][lemma=""pesante"" & pos=""ADJ""]"	5737164	Il traffico di veicoli	leggeri e pesanti	, su tutto il sistema autostradale attorno a Torino, è in aumento, rispetto all'anno scorso.
yes	X e Y	leggera	pesante	leggero - pesante	"[lemma=""leggero"" & pos=""ADJ""][word=""e""][lemma=""pesante"" & pos=""ADJ""]"	5256643	Nelle prime tre settimane, i colpi di artiglieria	leggera e pesante	sparati dai due eserciti rivali sono stati numerosi e sempre più frequenti.
yes	X e Y	leggera	pesante	leggero - pesante	"[lemma=""leggero"" & pos=""ADJ""][word=""e""][lemma=""pesante"" & pos=""ADJ""]"	2609304	Vennero dotate di ponti per ospitare migliaia di uomini equipaggiati, provviste, cordame e velature, macchine di artiglieria	leggera e pesante	: balliste, onagri, catapulte.
yes	X e Y	leggere	pesanti	leggero - pesante	"[lemma=""leggero"" & pos=""ADJ""][word=""e""][lemma=""pesante"" & pos=""ADJ""]"	652155	Consumano meno dei curdi, al volante sono più pericolosi dei rumeni, si abbronzano meno dei polacchi, alimentano a dismisura lo spaccio di droghe	leggere e pesanti	(dai sonniferi agli antidolorifici), sono improduttivi e vivono alle spalle della nostra operosa società.
yes	X o Y	pesanti	leggeri	leggero - pesante	"[lemma=""pesante"" & pos=""ADJ""][word=""o""][lemma=""leggero"" & pos=""ADJ""]"	4898271	- specificando se si tratta di produttore di agnelli	pesanti o leggeri	.
yes	X o Y	leggere	pesanti	leggero - pesante	"[lemma=""leggero"" & pos=""ADJ""][word=""o""][lemma=""pesante"" & pos=""ADJ""]"	6146856	Ma se a queste sensazioni, benefiche, rilassanti, ossessive, euforizzanti, si somma quello delle sostanze stupefacenti,	leggere o pesanti	, gli esiti si moltiplicano, e possono diventare dirompenti.
yes	X o Y	leggera	pesante	leggero - pesante	"[lemma=""leggero"" & pos=""ADJ""][word=""o""][lemma=""pesante"" & pos=""ADJ""]"	4037315	Tu prendi dunque la valigetta -	leggera o pesante	, non è poi cosa che importi molto, e vai da lui.
yes	X o Y	pesante	leggero	leggero - pesante	"[lemma=""pesante"" & pos=""ADJ""][word=""o""][lemma=""leggero"" & pos=""ADJ""]"	3047828	Mi addentrai nei recessi, dov'erano accolte le sensazioni che aiutano a riconoscere le esperienze esterne: il ricordo della luce e dei colori, le forme dei corpi, le variazioni dei suoni, gli odori, i sapori della bocca, il senso per tutto ciò che il corpo sente come duro o molle, caldo o freddo, liscio o ruvido,	pesante o leggero	, dentro o fuori.
yes	X o Y	pesante	leggero	leggero - pesante	"[lemma=""pesante"" & pos=""ADJ""][word=""o""][lemma=""leggero"" & pos=""ADJ""]"	3385018	Poi il passero gli chiese: «Vorresti avere un baule	pesante o leggero	?
yes	X o Y	leggeri	pesanti	leggero - pesante	"[lemma=""leggero"" & pos=""ADJ""][word=""o""][lemma=""pesante"" & pos=""ADJ""]"	199594	Non so se questo sia vero ancora oggi, ma penso di no... Comunque la guida ci ha raccontato un po' di cose sulle tradizioni e sulla vita di queste popolazioni, che non me le hanno rese molto simpatiche: la tradizione vuole che le donne si occupino di tutti i lavori,	leggeri o pesanti	, dalla pastorizia, alla raccolta di cibo vegetale, alla cura degli accampamenti e dei bambini.
yes	X o Y	leggeri	pesanti	leggero - pesante	"[lemma=""leggero"" & pos=""ADJ""][word=""o""][lemma=""pesante"" & pos=""ADJ""]"	2428408	Â Chiusura del pozzetto, da eseguire a giorno con una griglia, con il tradizionale tombino, ecc, a seconda delle sollecitazione che deve sopportare (pedonabile, carrabile con mezzi	leggeri o pesanti	, gommati o meno, ecc).
yes	tra X e Y	leggere	pesanti	leggero - pesante	"[word=""tra""][lemma=""leggero"" & pos=""ADJ""][word=""e""][lemma=""pesante"" & pos=""ADJ""]"	5981904	A nostro avviso la legalizzazione non è centrale perché con le nuove droghe sfuma la distinzione	tra leggere e pesanti	.
yes	X e Y	lenti	veloci	lento - veloce	"[lemma=""lento"" & pos=""ADJ""][word=""e""][lemma=""veloce"" & pos=""ADJ""]"	6762582	I giorni passarono quasi tutti uguali,	lenti e veloci	insieme; e un po' spaventosi proprio per questo, se ti soffermavi a rifletterci su.
yes	X e Y	lenti	veloci	lento - veloce	"[lemma=""lento"" & pos=""ADJ""][word=""e""][lemma=""veloce"" & pos=""ADJ""]"	4288620	Si è ritenuto opportuno, per verificare l'attendibilità delle soluzioni sperimentate anche in vista dell'alta velocità, utilizzare quattro differenti tipi di modelli, via via più complessi: - modello semplificato di tipo periodico, con due sole categorie di treni,	lenti e veloci	, in moto su una linea infinita con stazioni equidistanti.
yes	X e Y	veloci	lente	lento - veloce	"[lemma=""veloce"" & pos=""ADJ""][word=""e""][lemma=""lento"" & pos=""ADJ""]"	687526	6, ma la combinazione continua di curve	veloci e lente	, tutte da imboccare a grande velocità per poter realizzare un buon tempo, costituisce una sfida per noi piloti.
yes	X e Y	lente	veloci	lento - veloce	"[lemma=""lento"" & pos=""ADJ""][word=""e""][lemma=""veloce"" & pos=""ADJ""]"	4489457	Un cestista che sbaglia qualche passaggio non viene bollato «mani di pasta frolla»: un buon allenatore gli tira palle alte e basse,	lente e veloci	, da vicino e da lontano, da fermo e di corsa, finché non impara a prenderle anche dormendo.
yes	X e Y	lento	veloce	lento - veloce	"[lemma=""lento"" & pos=""ADJ""][word=""e""][lemma=""veloce"" & pos=""ADJ""]"	6906264	L'elemento discriminante sulla velocità limite tra condizioni di contatto	lento e veloce	si basa sulla probabilità che l'impatto avvenga senza variazione significativa del comportamento dell'operatore umano negli istanti immediatamente precedenti e durante l'urto.
yes	X e Y	lento	veloce	lento - veloce	"[lemma=""lento"" & pos=""ADJ""][word=""e""][lemma=""veloce"" & pos=""ADJ""]"	4406848	Quarto movimento:	lento e veloce	; forma di variazioni; 13,48 minuti Quinto movimento: molto veloce; scherzo; 5,35 minuti Sesto movimento: molto lento; semplice esposizione di un solo tema; 1,58 minuti.
yes	X e Y	veloci	lenti	lento - veloce	"[lemma=""veloce"" & pos=""ADJ""][word=""e""][lemma=""lento"" & pos=""ADJ""]"	4360016	Ma la filosofia classica ci insegna che, se esiste una qualità, deve esistere anche il suo contrario: esistono animali grandi e animali piccoli,	veloci e lenti	, timidi e aggressivi.
yes	X e Y	lenti	veloci	lento - veloce	"[lemma=""lento"" & pos=""ADJ""][word=""e""][lemma=""veloce"" & pos=""ADJ""]"	7026870	Tuttavia il concetto è diventato popo ­ lare solo nel 2011 con la pubblicazione di Pensieri	lenti e veloci	, del premio Nobel Da ­ niel Kahneman, che riconduce i nostri processi mentali al sistema 1 oppure al si ­ stema 2.
yes	X o Y	lento	veloce	lento - veloce	"[lemma=""lento"" & pos=""ADJ""][word=""o""][lemma=""veloce"" & pos=""ADJ""]"	3019791	Ma già a pomeriggio era difficile distinguere le facce della gente, le donne si sarebbero abituate a riconoscere i nuovi vicini da un odore, da un respiro	lento o veloce	, da un passo trascinato o indeciso, da un colpo di tosse.
yes	X o Y	lenta	veloce	lento - veloce	"[lemma=""lento"" & pos=""ADJ""][word=""o""][lemma=""veloce"" & pos=""ADJ""]"	4579749	Sapere soltanto che la massa è aperta o chiusa,	lenta o veloce	, invisibile o visibile, significa conoscere ben poco delle sue sensazioni e del suo contenuto.
yes	X o Y	veloci	lente	lento - veloce	"[lemma=""veloce"" & pos=""ADJ""][word=""o""][lemma=""lento"" & pos=""ADJ""]"	4204290	PROFESSORE Le indicazioni agogiche, signorina, le didascalie che suggeriscono come suonare le note, se forte o piano,	veloci o lente	.
yes	X o Y	lenti	veloci	lento - veloce	"[lemma=""lento"" & pos=""ADJ""][word=""o""][lemma=""veloce"" & pos=""ADJ""]"	4319161	Così - spiega Vineis - le persone possono dividersi in	lenti o veloci	acetilatori: più lenta è l'attività dell'enzima e più il cancerogeno avrà il tempo di scatenare i suoi perfidi effetti sull'organismo, anche se le dosi non sono altissime.
yes	X o Y	lento	veloce	lento - veloce	"[lemma=""lento"" & pos=""ADJ""][word=""o""][lemma=""veloce"" & pos=""ADJ""]"	4227259	Questa magnifica cosra sta per finire, rallento, perchè non finisca coì presto... ma,	lento o veloce	il tempo passa e arriviamo alla macchina: sono un po' in trance, un po' perchè sono stanca e un po' perchè mi sembra di aver sognato un mondo fantastico e di essermi d'improvviso risvegliata nel mondo di oggi.
yes	tra X e Y	veloce	lento	lento - veloce	"[word=""tra""][lemma=""veloce"" & pos=""ADJ""][word=""e""][lemma=""lento"" & pos=""ADJ""]"	1729346	Esso consiste in un gioco ininterrotto di alternanze tra periodico e aperiodico, tra continuo e discontinuo, tra più aperto e meno aperto, tra prominenza e sfondo, tra acuto e grave, tra ascendente e discendente, tra intenso e debole,	tra veloce e lento	.
yes	X , non Y	maggiore	minore	maggiore - minore	"[lemma=""maggiore"" & pos=""ADJ""][word="",""][word=""non""][lemma=""minore"" & pos=""ADJ""]"	2241385	La motivazione per entrare in un'unione monetaria (ridurre l'incertezza del cambio) si presenta proprio quando i Paesi che la adottano avrebbero in realtà bisogno di	maggiore, non minore	, flessibilità.
yes	X , non Y	maggiore	minore	maggiore - minore	"[lemma=""maggiore"" & pos=""ADJ""][word="",""][word=""non""][lemma=""minore"" & pos=""ADJ""]"	7082824	""" Sosteniamo gli sforzi verso una"	maggiore, non minore	, accettazione, e crediamo fortemente che gli studenti transgender debbano essere trattati in modo egualitario.
yes	X e Y	maggiore	minore	maggiore - minore	"[lemma=""maggiore"" & pos=""ADJ""][word=""e""][lemma=""minore"" & pos=""ADJ""]"	6580404	Ma anche come la diversa gestione influisca sulla biodiversità, determinando una	maggiore e minore	resilienza dell'ambiente in caso di necessità», ha spiegato Andrea Squartini, del Dipartimento di agronomia, alimenti, animali, risorse naturali e ambiente Dafnae.
yes	X e Y	maggiori	minori	maggiore - minore	"[lemma=""maggiore"" & pos=""ADJ""][word=""e""][lemma=""minore"" & pos=""ADJ""]"	5000383	Inoltre, a ben vedere, la distinzione tra casi	maggiori e minori	è assai labile.
yes	X e Y	maggiori	minori	maggiore - minore	"[lemma=""maggiore"" & pos=""ADJ""][word=""e""][lemma=""minore"" & pos=""ADJ""]"	4399609	I limiti dell'espressività nella musica romantica erano stati superati estendendo il cromatismo, vale a dire usando intervalli al di fuori della scala diatonica: questo fu fatto per aumentare la flessibilità delle armonie, e cosuò un distacco crescente dalla tonalità d'impianto di un brano: la successiva evoluzione non poteva essere altro che l'abbandono del sistema tonale, basato sul sistema convenzionale di accordi	maggiori e minori	, e l'adozione di un sistema innovativo.
yes	X e Y	maggiore	minore	maggiore - minore	"[lemma=""maggiore"" & pos=""ADJ""][word=""e""][lemma=""minore"" & pos=""ADJ""]"	4399510	Nel processo di semplificazione attraversato, inizia la codificazione moderna del concetto di tonalità: gli otto modi precedenti, nel 1700, vennero del tutto sostituiti dai due modi (	maggiore e minore	) conosciuti nella musica occidentale.
yes	X e Y	maggiore	minore	maggiore - minore	"[lemma=""maggiore"" & pos=""ADJ""][word=""e""][lemma=""minore"" & pos=""ADJ""]"	4497028	"Chi si impegni a delineare il secolo, lo fa con la solitudine dell'esploratore, abbandonando molti criteri tipici della storiografia: per esempio, la falsa dialettica di """	maggiore e minore	"""; l'idea che la letteratura si stratifichi non per individualità incomprensibili, ma per parametri (definiti poi fondanti!"
yes	X e Y	maggiore	minore	maggiore - minore	"[lemma=""maggiore"" & pos=""ADJ""][word=""e""][lemma=""minore"" & pos=""ADJ""]"	587254	si calcola con la relazione V' = 1 3 h (A + A' + AA'), dove A e A'sono, rispettivamente, le aree delle basi	maggiore e minore	e h è l'altezza del solido, cioè la distanza fra queste basi.
yes	X e Y	maggiore	minore	maggiore - minore	"[lemma=""maggiore"" & pos=""ADJ""][word=""e""][lemma=""minore"" & pos=""ADJ""]"	4890876	La giurisprudenza oscilla tra posizioni di	maggiore e minore	rigore.
yes	X e Y	maggiore	minore	maggiore - minore	"[lemma=""maggiore"" & pos=""ADJ""][word=""e""][lemma=""minore"" & pos=""ADJ""]"	6824994	come di fatto non possono non ragionare, allora premessa	maggiore e minore	, giustificazione in diritto e in fatto vanno invertite: come si fara?
yes	X e Y	maggiori	minori	maggiore - minore	"[lemma=""maggiore"" & pos=""ADJ""][word=""e""][lemma=""minore"" & pos=""ADJ""]"	6576581	Per chi è restato in Italia la vacanza preferita è stata ancora in montagna (30% rispetto al 36% del 2015), seguita da una città diversa da quella di residenza (27% rispetto al 24%), dalle città d'arte	maggiori e minori	(27% rispetto al 23%), dal mare (7% come nel 2015).
yes	X e Y	maggiori	minori	maggiore - minore	"[lemma=""maggiore"" & pos=""ADJ""][word=""e""][lemma=""minore"" & pos=""ADJ""]"	4665628	Esso è costituito principalmente dai collegamenti con le isole	maggiori e minori	.
yes	X e Y	maggiore	minore	maggiore - minore	"[lemma=""maggiore"" & pos=""ADJ""][word=""e""][lemma=""minore"" & pos=""ADJ""]"	1713354	Nelle aree A, B e C è stata rilevata la posizione e sono stati misurati il diametro	maggiore e minore	di tutte le ceppaie delle piante utilizzate in passato; è stato poi calcolato il diametro medio di ogni ceppaia.
yes	X e Y	maggiore	minor	maggiore - minore	"[lemma=""maggiore"" & pos=""ADJ""][word=""e""][lemma=""minore"" & pos=""ADJ""]"	4859079	In realtà, risulta ormai pacifico che la procedura di determinazione della soglia di anomalia delle offerte presentate si apra con l'eliminazione, ai soli fini del calcolo aritmetico, di tutte quelle offerte, di	maggiore e minor	ribasso, individuate con riferimento al 10 %, arrotondato all'unità superiore, del numero di tutte le offerte ammesse.
yes	X e Y	minori	maggiori	maggiore - minore	"[lemma=""minore"" & pos=""ADJ""][word=""e""][lemma=""maggiore"" & pos=""ADJ""]"	4711519	L'intervallo di valori () si basa sui dati	minori e maggiori	per ogni paese ottenuti con metodi diversi.
yes	X e Y	maggiori	minori	maggiore - minore	"[lemma=""maggiore"" & pos=""ADJ""][word=""e""][lemma=""minore"" & pos=""ADJ""]"	4162442	Il politeismo pagano si limitava a prendere atto della varietà delle forze vigenti nel mondo e finiva per assumere ovunque, in Occidente come in Oriente, l'aspetto di una sontuosa rassegna, una parata di dei	maggiori e minori	- così come una cosmologia di conquiste muliebri è in definitiva il racconto del libertino.
yes	X e Y	minore	maggiore	maggiore - minore	"[lemma=""minore"" & pos=""ADJ""][word=""e""][lemma=""maggiore"" & pos=""ADJ""]"	260120	L'inizio e la fine di un elemento vengono marcati da delimitatori, che consistono di un codice racchiuso tra parentesi angolari (che poi non sono altro che i soliti segni di	minore e maggiore	).
yes	X e Y	maggiori	minori	maggiore - minore	"[lemma=""maggiore"" & pos=""ADJ""][word=""e""][lemma=""minore"" & pos=""ADJ""]"	5700560	Rende invece un incondizionato onore delle armi a Cavour (la cui precoce scomparsa lascia un segno nero su queste divertite memorie), a Ricasoli, a Rattazzi... Ma quello che più attrae, oltre la non rara perspicuità di giudizio, è la sua galleria di personaggi	maggiori e minori	, rappresentati nell'aspetto fisico, nei vezzi e tic, nel timbro dell'eloquenza, che riescono spesso a comporsi in ritratto morale.
yes	X e Y	maggiori	minori	maggiore - minore	"[lemma=""maggiore"" & pos=""ADJ""][word=""e""][lemma=""minore"" & pos=""ADJ""]"	380833	L'insieme di tali protocolli	maggiori e minori	già ora fornisce degli standard attraverso i quali possiamo fare comunicazione, ma è un insieme che nei prossimi anni diverrà sempre più complesso, perché l'infinita varietà delle comunicazioni possibili o desiderabili farà nascere molti altri protocolli.
yes	X e Y	maggiore	minore	maggiore - minore	"[lemma=""maggiore"" & pos=""ADJ""][word=""e""][lemma=""minore"" & pos=""ADJ""]"	2777013	Tecnici e politici non riescono a decidere se, per le abitazioni del centro, convenga abbattere e ricostruire salvando gli elementi architettonici di pregio, oppure restaurare l'esistente, con una spesa	maggiore e minore	garanzia di anti - sismicità.
yes	X e Y	maggiori	minori	maggiore - minore	"[lemma=""maggiore"" & pos=""ADJ""][word=""e""][lemma=""minore"" & pos=""ADJ""]"	2402882	"Sullo stesso libretto Giulio Caccini compone la sua "" Euridice Â e nella prefazione scrive: Â Reggesi, adunque, l'armonia delle parti che recitano nella presente Euridice sopra un basso continuato, quale io ho segnato le quarte, seste e settime, terze"	maggiori e minori	, rimettendo nel rimanente lo adattare le parti di mezzo a'lor luoghi nel giudizio e nell'arte di chi suona Â.
yes	X e Y	maggiore	minore	maggiore - minore	"[lemma=""maggiore"" & pos=""ADJ""][word=""e""][lemma=""minore"" & pos=""ADJ""]"	4859334	10, la quale ha colmato l'evidenziata lacuna, attraverso l'espressa previsione che, nel caso in cui il previsto 25 % delle offerte di	maggiore e minore	"ribasso coincida con un numero decimale (non intero), deve essere operato l'arrotondamento al numero "" intero immediatamente superiore ""."
yes	X e Y	maggiori	minori	maggiore - minore	"[lemma=""maggiore"" & pos=""ADJ""][word=""e""][lemma=""minore"" & pos=""ADJ""]"	492367	"Non lontano, l'isola Forada, dalla strana forma di enorme testuggine attraversata da una grotta scavata dal mare a cui deve il nome, è un piccolo gioiello naturale anche se un po' "" rumoroso "", avvolta com'è dagli stridii di decine di gabbiani reali e corsi, di cormorani col ciuffo e di berte"	maggiori e minori	che si affollano sugli scogli: l'isola è un buon posto per riposare e nidificare.
yes	X e Y	maggiori	minori	maggiore - minore	"[lemma=""maggiore"" & pos=""ADJ""][word=""e""][lemma=""minore"" & pos=""ADJ""]"	2213823	Era una raccolta di preludi e fughe composti utilizzando in modo uniforme tutte le tonalità	maggiori e minori	.
yes	X e Y	maggiori	minori	maggiore - minore	"[lemma=""maggiore"" & pos=""ADJ""][word=""e""][lemma=""minore"" & pos=""ADJ""]"	4354339	In effetti, oltre che nel Veneto, notevoli punte d'interesse popolare si sono registrate in Lombardia (Varese, Milano, Tredate, Brescia - Lumezzane e vari altri centri	maggiori e minori	), a Torino (seimila persone al Lingotto per i 5 telescopi portati dal Gruppo Herschel), Firenze, Roma, Napoli, Campocatino (Frosinone), Palermo, Catania, Caltanissetta e molti altri Comuni siciliani, ad opera di 15 dei maggiori gruppi di astronomi non professionisti.
yes	X e Y	minori	maggiori	maggiore - minore	"[lemma=""minore"" & pos=""ADJ""][word=""e""][lemma=""maggiore"" & pos=""ADJ""]"	674990	Adesso la mostra, nella quale fioccano i capolavori	minori e maggiori	.
yes	X e Y	maggiori	minori	maggiore - minore	"[lemma=""maggiore"" & pos=""ADJ""][word=""e""][lemma=""minore"" & pos=""ADJ""]"	7124333	Per ciascun continente, la mappa che segue mostra le temperature	maggiori e minori	mai registrate nella storia.
yes	X e Y	maggiori	minori	maggiore - minore	"[lemma=""maggiore"" & pos=""ADJ""][word=""e""][lemma=""minore"" & pos=""ADJ""]"	4274737	Le fonti archivistiche e a stampa,	maggiori e minori	, attinte con paziente, acuta attenzione, hanno nutrito una ricerca seria dettagliata e scrupolosa sulla scuola e sulla società, che partecipa alle realizzazioni della scuola storica del positivismo, in contrapposizione alle grandi sintesi semplificate, e pur suggestive, dei neo - idealisti.
yes	X e Y	maggiori	minori	maggiore - minore	"[lemma=""maggiore"" & pos=""ADJ""][word=""e""][lemma=""minore"" & pos=""ADJ""]"	389018	Anche con i suoi canali tematici in chiaro (e un suo bouquet in chiaro il servizio pubblico dovrà sempre averlo) la Rai può contribuire alla visibilità dei circuiti culturali italiani (dai teatri agli enti lirici ai festival),	maggiori e minori	.
yes	X e Y	maggiore	minore	maggiore - minore	"[lemma=""maggiore"" & pos=""ADJ""][word=""e""][lemma=""minore"" & pos=""ADJ""]"	5666135	Prima delle richieste di chiarimenti sul tempo parziale si collocano quelle sulle società di comodo, la cui disciplina è sottoposta a un radicale cambiamento; poi, quelle che prevedono agevolazioni ai lavoratori autonomi che intraprendono nuove iniziative produttive dal 1l gennaio di quest'anno nelle aree depresse; e, ancora, quelle che riguardano la nuova regolamentazione dell'attività edilizia	maggiore e minore	.
yes	X e Y	maggiori	minori	maggiore - minore	"[lemma=""maggiore"" & pos=""ADJ""][word=""e""][lemma=""minore"" & pos=""ADJ""]"	1104901	Una volta esaurite le liturgie, il dialogo, l'ascolto delle forze politiche	maggiori e minori	, occorrerà procedere a una sintesi.
yes	X e Y	minori	maggiori	maggiore - minore	"[lemma=""minore"" & pos=""ADJ""][word=""e""][lemma=""maggiore"" & pos=""ADJ""]"	4744045	Che si disciplinino i procedimenti ispettivi e di verifica Le attività ispettive e di verifica di attività private nei settori fiscale, igienicosanitario, della sicurezza del lavoro, ambientale, edilizio, della circolazione, di produzione industriale, ecc., quando necessarie, sono sostanzialmente libere: non ne sono definiti i tempi, non ne sono precisati i criteri, riguardano indifferentemente violazioni	minori e maggiori	, ecc.. Si prestano, quindi, ad essere usate come minaccia, inducendo alla commissione di reati.
yes	X e Y	maggiori	minori	maggiore - minore	"[lemma=""maggiore"" & pos=""ADJ""][word=""e""][lemma=""minore"" & pos=""ADJ""]"	2349889	Un ricco carnet di appuntamenti, dunque, tutti a ingresso libero: il via alle 21 in Piazzetta delle Erbe, con le fiabe di paura e i racconti del terrore narrati dai tenebrosi storyteller del Ghost Tour di Autunnonero; al termine, Davide Ragona sarà a disposizione del pubblico per una lettura personale di tarocchi e uno speciale Tarot - telling che unisce l'arte della divinazione degli arcani	maggiori e minori	al mondo della narrazione popolare.
yes	X e Y	maggiori	minori	maggiore - minore	"[lemma=""maggiore"" & pos=""ADJ""][word=""e""][lemma=""minore"" & pos=""ADJ""]"	488649	"Lungo le "" coste alte "" del Golfo di Orosei (Cala Gonone e Santa Navarrese) e di Alghero (Capo Caccia), nell'arcipelago della Maddalena e intorno all'isola di Tavolara è possibile effettuare escursioni in barca che consentono l'osservazione di numerosi cormorani dal ciuffo, di centinaia di berte"	maggiori e minori	, del più raro gabbiano corso e talvolta del rarissimo uccello delle tempeste.
yes	X e Y	maggiore	minore	maggiore - minore	"[lemma=""maggiore"" & pos=""ADJ""][word=""e""][lemma=""minore"" & pos=""ADJ""]"	2981177	Stetti acquattato a lungo, seguendo i riflessi delle lanterne nella chiesa, l'alternarsi periodico delle luci, i momenti di	maggiore e minore	intensità.
yes	X e Y	maggiori	minori	maggiore - minore	"[lemma=""maggiore"" & pos=""ADJ""][word=""e""][lemma=""minore"" & pos=""ADJ""]"	5962833	In altre parole, le consuete categorie mentali europee non riescono a penetrare i meccanismi insieme antichi e moderni del capitalismo confuciano, che, da Singapore al continente cinese, ormai assimila in un'omogenea concezione di sviluppo le tigri	maggiori e minori	del cosiddetto Pacific Rim: concezione in cui legge di mercato e principio d'autorità si coniugano, in cui negazione della libertà politica e concessione della libertà privata si compendiano, in cui la componente democratica e pluripartitica di tipo occidentale è insomma irrilevante o inesistente.
yes	X e Y	maggiore	minore	maggiore - minore	"[lemma=""maggiore"" & pos=""ADJ""][word=""e""][lemma=""minore"" & pos=""ADJ""]"	951360	Le scelte su come ordinare ciascun fondo archivistico al proprio interno dipendono dalla	maggiore e minore	riconoscibilità della funzione originariamente svolta dalle carte, senza dimenticare le necessità di rapido accesso alle medesime, indispensabili in un archivio di concentrazione costruito in funzione delle attività di governo.
yes	X e Y	minore	maggiore	maggiore - minore	"[lemma=""minore"" & pos=""ADJ""][word=""e""][lemma=""maggiore"" & pos=""ADJ""]"	7022591	L'opera di cancellazione dell'ebraismo tedesco da parte dei nazisti fu al tempo stesso	minore e maggiore	di quanto si possa immaginare.
yes	X e Y	maggiori	minori	maggiore - minore	"[lemma=""maggiore"" & pos=""ADJ""][word=""e""][lemma=""minore"" & pos=""ADJ""]"	6576575	La vacanza preferita è stata in una città diversa da quella di residenza (31% rispetto al 27%), seguita dalle città d'arte	maggiori e minori	(21% rispetto al 22%), dalla montagna (27% rispetto al 31%) e dal mare (11% rispetto al 12%).
yes	X e Y	maggiori	minori	maggiore - minore	"[lemma=""maggiore"" & pos=""ADJ""][word=""e""][lemma=""minore"" & pos=""ADJ""]"	1365017	"I dialoghi dei protagonisti e delle figure popolari La lettura del copione di Giacinta non segnala veri e propri tic linguistici, come "" un intercalare, un particolar modo di sillabare le parole ecc. "", ma rende piuttosto evidente l'uso di frasi identiche, ripetute dai personaggi"	maggiori e minori	; ad esempio ricorre il verbo?
yes	X e Y	minore	maggiore	maggiore - minore	"[lemma=""minore"" & pos=""ADJ""][word=""e""][lemma=""maggiore"" & pos=""ADJ""]"	2417243	Inoltre i seguenti rapporti: 1 2 3 5 8 13 21 34 55, 89 144... i cui valori decimali approssimati sono: 1; 2; 1,5; 1, 666; 1,6; 1,625; 1,615; 1,619; 1,617; 1,6181; 1,6180... corrispondono agli intervalli musicali: unisono = 1; ottava = 2; quinta = 1,5; sesta maggiore = 1,666; sesta minore = 1,6 in cui gli ultimi sono complementari degli intervalli di terza	minore e maggiore	.
yes	X e Y	maggiore	minore	maggiore - minore	"[lemma=""maggiore"" & pos=""ADJ""][word=""e""][lemma=""minore"" & pos=""ADJ""]"	6695807	Nora amava quei martedì sera in cui insegnava a Leo la differenza tra gli accordi di settima	maggiore e minore	e intanto pensava che fosse un ragazzo fantastico, così desideroso di imparare.
yes	X e Y	maggiori	minori	maggiore - minore	"[lemma=""maggiore"" & pos=""ADJ""][word=""e""][lemma=""minore"" & pos=""ADJ""]"	4998879	Vi si incontrano falchi, poiane, barbagianni, gheppi, berte	maggiori e minori	, martin pescatori, rondoni, passeri solitari e... l'elenco è lunghissimo.
yes	X o Y	maggiore	minore	maggiore - minore	"[lemma=""maggiore"" & pos=""ADJ""][word=""o""][lemma=""minore"" & pos=""ADJ""]"	6524241	IL MIGLIOR GESTORE Detto questo, a complicare ancor più la scelta di chi volesse investire in fondi, poi, ci si mette anche la	maggiore o minore	bravura dei diversi gestori, testimoniata dalle differenti performance sulla stessa scadenza.
yes	X o Y	maggiori	minori	maggiore - minore	"[lemma=""maggiore"" & pos=""ADJ""][word=""o""][lemma=""minore"" & pos=""ADJ""]"	243000	È chiaro che passando dai circa 98 ottani della Super ai 95 della Verde, si potranno incontrare	maggiori o minori	problemi a seconda che l'auto abbia o meno bisogno della differenza di ottani fornita dal piombo.
yes	X o Y	minore	maggiore	maggiore - minore	"[lemma=""minore"" & pos=""ADJ""][word=""o""][lemma=""maggiore"" & pos=""ADJ""]"	4347570	La stessa attività di suonare il piano, di colpire una palla o una preda può essere effettuata con	minore o maggiore	passione, precisione o velocità se chi la esegue è in una condizione normale o, ad esempio, sotto stress.
yes	X o Y	maggiore	minore	maggiore - minore	"[lemma=""maggiore"" & pos=""ADJ""][word=""o""][lemma=""minore"" & pos=""ADJ""]"	5510605	E dunque l'accesso al centro è minuziosamente regolato dall'etichetta di corte mentre la	maggiore o minore	distanza dalla Sua persona definisce l'ordine della nobiltà ammessa a frequentarlo.
yes	X o Y	maggiori	minori	maggiore - minore	"[lemma=""maggiore"" & pos=""ADJ""][word=""o""][lemma=""minore"" & pos=""ADJ""]"	395107	Ne sono emerse analisi e indicazioni di cui, nella prevedibile diversità dei punti di vista e delle	maggiori o minori	"sensibilità nei confronti dei "" costi "" da pagare, ci ha molto colpito un pressoché unanime sentimento: la assoluta necessità di cambiare radicalmente regole, culture, strutture, comportamenti individuali e collettivi, che questa rivoluzione industriale (quarta o quinta?"
yes	X o Y	maggiore	minore	maggiore - minore	"[lemma=""maggiore"" & pos=""ADJ""][word=""o""][lemma=""minore"" & pos=""ADJ""]"	5214383	Ma, al di là della	maggiore o minore	estensione, questa famiglia contadina esisteva e aveva in comune la miseria alimentare.
yes	X o Y	maggiore	minore	maggiore - minore	"[lemma=""maggiore"" & pos=""ADJ""][word=""o""][lemma=""minore"" & pos=""ADJ""]"	592848	Ciascun braccio è percorso longitudinalmente sulla faccia ventrale da un solco, in cui si trovano speciali pedicelli ambulacrali, collegati con un apposito apparato acquifero, i quali, inturgidendosi in	maggiore o minore	misura, si allungano o si accorciano, servendo egregiamente alla locomozione dell'animale.
yes	X o Y	maggiore	minore	maggiore - minore	"[lemma=""maggiore"" & pos=""ADJ""][word=""o""][lemma=""minore"" & pos=""ADJ""]"	362716	Quest'ultimo fattore riguarda la	maggiore o minore	possibilità di non farsi interrompere dai colleghi, o da altri, mentre si lavora.
yes	X o Y	maggiore	minore	maggiore - minore	"[lemma=""maggiore"" & pos=""ADJ""][word=""o""][lemma=""minore"" & pos=""ADJ""]"	207281	Naturalmente il numero dei trattamenti sarà	maggiore o minore	in base alla frequenza delle piogge.
yes	X o Y	maggiore	minore	maggiore - minore	"[lemma=""maggiore"" & pos=""ADJ""][word=""o""][lemma=""minore"" & pos=""ADJ""]"	1737069	Alcuni studi rilevano una effettiva differenziazione di aree attivate in funzione del	maggiore o minore	coinvolgimento e personalizzazione del problema.
yes	X o Y	maggiore	minore	maggiore - minore	"[lemma=""maggiore"" & pos=""ADJ""][word=""o""][lemma=""minore"" & pos=""ADJ""]"	7065810	Il motivo è che i circuiti biologici sono sempre intrecciati gli uni agli altri e quindi, come sappiamo anche dalla medicina convenzionale, ogni intervento può avere effetti collaterali di	maggiore o minore	impatto.
yes	X o Y	minore	maggiore	maggiore - minore	"[lemma=""minore"" & pos=""ADJ""][word=""o""][lemma=""maggiore"" & pos=""ADJ""]"	356895	Per esempio, si può chiedere se esiste o meno un attributo la cui descrizione contiene una certa stringa di caratteri o il cui valore è uguale,	minore o maggiore	a una determinata quantità.
yes	X o Y	maggiore	minore	maggiore - minore	"[lemma=""maggiore"" & pos=""ADJ""][word=""o""][lemma=""minore"" & pos=""ADJ""]"	1718390	la prassi valutativa manifestata dal corpo docente, che si traduce in	maggiore o minore	""" generosità "" dinanzi a prestazioni dello stesso livello."
yes	X o Y	maggiore	minore	maggiore - minore	"[lemma=""maggiore"" & pos=""ADJ""][word=""o""][lemma=""minore"" & pos=""ADJ""]"	1353917	Dall'esterno si potrebbe essere tentati di descrivere il musicista che improvvisa (e lo strumentista jazz è l'improvvisatore per definizione) come qualcuno che procede a caso: data una melodia di partenza, tutto quello che il musicista dovrà fare è continuare a suonare allontanandosi in misura	maggiore o minore	dalla melodia e rimanendo all'interno delle possibilità offerte dalla scala armonica di riferimento.
yes	X o Y	maggiore	minore	maggiore - minore	"[lemma=""maggiore"" & pos=""ADJ""][word=""o""][lemma=""minore"" & pos=""ADJ""]"	2610222	Inoltre, i ricercatori hanno esaminato l Â espressione genica nelle biopsie cutanee dei pazienti per capire se ci fossero geni la cui espressione fosse correlata ad una	maggiore o minore	propensione a sviluppare le acne: il team ha trovato un gene che è risultato più comunemente espresso nelle donne senza acne rispetto alle donne che avevano avuto lÂacne:Â ZNF420, che regola la morte cellulare programmata.
yes	X o Y	maggiore	minore	maggiore - minore	"[lemma=""maggiore"" & pos=""ADJ""][word=""o""][lemma=""minore"" & pos=""ADJ""]"	6017716	Ed è proprio sul rapporto rischio - beneficio che si basa la valutazione della	maggiore o minore	sicurezza dell'uso di una determinata sostanza farmaceutica.
yes	X o Y	maggiori	minori	maggiore - minore	"[lemma=""maggiore"" & pos=""ADJ""][word=""o""][lemma=""minore"" & pos=""ADJ""]"	6892750	Le mutazioni casuali fanno sì che ogni individuo sia portatore di differenze uniche e che abbia	maggiori o minori	possibilità di sopravvivere e di riprodursi.
yes	X o Y	maggiore	minore	maggiore - minore	"[lemma=""maggiore"" & pos=""ADJ""][word=""o""][lemma=""minore"" & pos=""ADJ""]"	4433028	Il testo di Petronio è ricco di riferimenti espliciti a questa concezione della morte, che riflette una filosofia della vita che si rintraccia non solo nel film omonimo, al quale tuttavia Fellini si è collegato con vibrante partecipazione, ma in tutte le opere, con	maggiore o minore	insistenza.
yes	X o Y	maggiore	minore	maggiore - minore	"[lemma=""maggiore"" & pos=""ADJ""][word=""o""][lemma=""minore"" & pos=""ADJ""]"	4958486	D'altra parte, la insopprimibile soggettività dell'impianto fa sì che professionalità diverse o diverse scuole di pensiero possano elaborare schemi di riferimento tra loro difformi sottolineando con	maggiore o minore	enfasi questo o quel fattore.
yes	X o Y	maggiore	minore	maggiore - minore	"[lemma=""maggiore"" & pos=""ADJ""][word=""o""][lemma=""minore"" & pos=""ADJ""]"	99468	4 La durata della cottura della polenta dipende dalla	maggiore o minore	finezza della farina.
yes	X o Y	maggiore	minore	maggiore - minore	"[lemma=""maggiore"" & pos=""ADJ""][word=""o""][lemma=""minore"" & pos=""ADJ""]"	6874895	«La questione del calo della fertilità coinvolge precise responsabilità politiche - afferma Solera - in termini di politiche di mercato del lavoro, di welfare, ma anche di	maggiore o minore	"accettazione del modello di famiglia "" giusto "" in cui fare figli."
yes	X o Y	maggiore	minore	maggiore - minore	"[lemma=""maggiore"" & pos=""ADJ""][word=""o""][lemma=""minore"" & pos=""ADJ""]"	37855	c) Ventosità Lo stesso che al punto b) d) Esposizione solare Lo stesso che ai punti b) e c) e) Struttura del suolo La densità granulare dei suoli determina	maggiore o minore	drenaggio degli stessi.
yes	X o Y	maggiore	minore	maggiore - minore	"[lemma=""maggiore"" & pos=""ADJ""][word=""o""][lemma=""minore"" & pos=""ADJ""]"	964536	Un sistema cioè che rappresenti, pur se a livelli di	maggiore o minore	""" ispessimento "", un cluster produttivo settorialmente delimitato (secondo logiche che non attengono al solo mercato di sbocco dei prodotti) e con una forte presenza di soggetti autonomi interagenti (attraverso modelli, impliciti od espliciti, di cooperazione - competizione); b) occorre la presenza di un sistema sociale e istituzionale di riferimento che sia in grado di rappresentare la base di supporto culturale e di servizio al processo di necessaria interazione, non solo produttiva, fra soggetti."
yes	X o Y	maggiore	minor	maggiore - minore	"[lemma=""maggiore"" & pos=""ADJ""][word=""o""][lemma=""minore"" & pos=""ADJ""]"	91844	Il diaframma è la pupilla, che si trova al centro dell'iride, che da il caratteristico colore ai nostri occhi e, restringendosi ed allargandosi, permette alla luce di penetrare all'interno in	maggiore o minor	quantità.
yes	X o Y	maggiore	minore	maggiore - minore	"[lemma=""maggiore"" & pos=""ADJ""][word=""o""][lemma=""minore"" & pos=""ADJ""]"	4415461	I vari istinti originari giuocano, lottano, si integrano tra loro, assumendo un ruolo	maggiore o minore	in ogni nostra attività o esperienza.
yes	X o Y	maggiore	minore	maggiore - minore	"[lemma=""maggiore"" & pos=""ADJ""][word=""o""][lemma=""minore"" & pos=""ADJ""]"	4452531	In casi isolati, inoltre, tale successione a strati è turbata dalle conseguenze di catastrofi locali di	maggiore o minore	entità.
yes	X o Y	minore	maggiore	maggiore - minore	"[lemma=""minore"" & pos=""ADJ""][word=""o""][lemma=""maggiore"" & pos=""ADJ""]"	4957556	La	minore o maggiore	presenza di alunni in situazione di handicap, in un ciclo di istruzione piuttosto che in un altro, rispetta per lo più la ripartizione della popolazione scolastica complessiva tra i diversi ordini di scuola.
yes	X o Y	maggiori	minori	maggiore - minore	"[lemma=""maggiore"" & pos=""ADJ""][word=""o""][lemma=""minore"" & pos=""ADJ""]"	6519965	Il 740 integrativo, che dovrà contenere nelle annotazioni un sintetico riepilogo delle rettifiche apportate rispetto al precedente mod. 730, potrà sia evidenziare redditi omessi, che	maggiori o minori	oneri deducibili o detraibili; potrà perciò chiudersi tanto con un ulteriore debito d'imposta, come con un maggior o minor credito.
yes	X o Y	maggiore	minore	maggiore - minore	"[lemma=""maggiore"" & pos=""ADJ""][word=""o""][lemma=""minore"" & pos=""ADJ""]"	535640	Ciò non sembra sostenibile in virtù d'un continuo richiamo che il Paradiso presenta e proclama di passioni umane sempre correlate al differente fervore affettivo in rapporto alla	maggiore o minore	intensità della visione di Dio che è nei personaggi, a partire da Piccarda per concludersi con san Bernardo, anzi con lo stesso Dante redento dalla triplice vista dei misteri divini.
yes	X o Y	maggiore	minore	maggiore - minore	"[lemma=""maggiore"" & pos=""ADJ""][word=""o""][lemma=""minore"" & pos=""ADJ""]"	4500907	E'possibile che la nostra reazione di fronte ai cibi appetitosi, l'appetito	maggiore o minore	e la velocità con la quale ci sentiamo sazi siano elementi a loro volta regolati da fattori genetici.
yes	X o Y	maggiore	minore	maggiore - minore	"[lemma=""maggiore"" & pos=""ADJ""][word=""o""][lemma=""minore"" & pos=""ADJ""]"	2662123	Gli indicatori possono essere in numero	maggiore o minore	a seconda degli aspetti della prestazione data che si vogliono misurare.
yes	X o Y	maggiore	minore	maggiore - minore	"[lemma=""maggiore"" & pos=""ADJ""][word=""o""][lemma=""minore"" & pos=""ADJ""]"	1333341	In tutte le entità sostanziali si può riconoscere quindi un grado	maggiore o minore	di qualche qualità [6].
yes	X o Y	maggiore	minore	maggiore - minore	"[lemma=""maggiore"" & pos=""ADJ""][word=""o""][lemma=""minore"" & pos=""ADJ""]"	1363890	"Ma Giovagnoli non manca d'ingegno, pertanto gli consiglia: "" badi alla lingua ed allo stile che devono vestire le sue idee, e si persuada che dalla minore o maggiore bellezza d'essi risulterà la"	maggiore o minore	"efficacia de'suoi pensieri ""."
yes	X o Y	maggiore	minore	maggiore - minore	"[lemma=""maggiore"" & pos=""ADJ""][word=""o""][lemma=""minore"" & pos=""ADJ""]"	192276	, dalle onde hertziane e sono caratterizzate da una	maggiore o minore	lunghezza d'onda.
yes	X o Y	maggiore	minore	maggiore - minore	"[lemma=""maggiore"" & pos=""ADJ""][word=""o""][lemma=""minore"" & pos=""ADJ""]"	1341910	Se molti uomini hanno influito, in misura	maggiore o minore	, sulla storia dell'umanità, nessuno però lo ha eguagliato.
yes	X o Y	minore	maggiore	maggiore - minore	"[lemma=""minore"" & pos=""ADJ""][word=""o""][lemma=""maggiore"" & pos=""ADJ""]"	358283	Il	minore o maggiore	sviluppo del lavoro a distanza e del lavoro a casa non dipende solo dalle caratteristiche del sistema economico - produttivo preesistente.
yes	X o Y	minori	maggiori	maggiore - minore	"[lemma=""minore"" & pos=""ADJ""][word=""o""][lemma=""maggiore"" & pos=""ADJ""]"	6167230	Se il terrorismo è morto e poi è risorto, le responsabilità di chi avrebbe dovuto tenere le orecchie tese sono	minori o maggiori	?
yes	X o Y	maggiori	minori	maggiore - minore	"[lemma=""maggiore"" & pos=""ADJ""][word=""o""][lemma=""minore"" & pos=""ADJ""]"	6540728	Spesso è ciò che manca anche alla buona e alta letteratura: la costruzione solida, il capitolo ben costruito, il gusto dei personaggi,	maggiori o minori	.
yes	X o Y	maggiori	minori	maggiore - minore	"[lemma=""maggiore"" & pos=""ADJ""][word=""o""][lemma=""minore"" & pos=""ADJ""]"	4786456	E nessuna limitazione è prevista dalla clausola in esame: la variazione non implicante una riduzione globale delle provvigioni, in prima approssimazione ammissibile (potendo l'agente rappresentarsi le	maggiori o minori	difficoltà di collocamento dei prodotti da promuovere, e costituendo il livello globale delle provvigioni, se determinabile, un sufficiente limite esterno), è infatti solo una delle possibilità contemplate.
yes	X o Y	maggiore	minore	maggiore - minore	"[lemma=""maggiore"" & pos=""ADJ""][word=""o""][lemma=""minore"" & pos=""ADJ""]"	4841674	", 18 febbraio 1988, Morabito), nella giurisprudenza di questa Corte è stato precisato che il vigente artt. 192, comma 3 stabilisce una limitazione della libertà di convincimento del giudice vietando l'attribuzione del valore di prova alla sola chiamata, quando non sia accompagnata da "" altri elementi di prova che ne confermano l'attendibilità "", dato che essa proviene da soggetti coinvolti, in grado"	maggiore o minore	, nel fatto per cui si procede, onde è ragionevole il dubbio sull'assoluto disinteresse dei chiamanti (Cass.
yes	X o Y	maggiore	minore	maggiore - minore	"[lemma=""maggiore"" & pos=""ADJ""][word=""o""][lemma=""minore"" & pos=""ADJ""]"	89399	Preciso inoltre, che rispondo nella mia qualità di persona, dipendente dell'Università, iscritto alla UIL, esporrò quindi il mio punto di vista che coincide con quello della mia organizzazione, ma non è esclusivo di questa, infatti molte nostre posizioni sono condivise anche da altre organizzazioni, se pur con alcune variazioni di	maggiore o minore	entità.
yes	X o Y	maggiore	minore	maggiore - minore	"[lemma=""maggiore"" & pos=""ADJ""][word=""o""][lemma=""minore"" & pos=""ADJ""]"	5831911	Noi siamo in condizioni di partire in qualsiasi momento - ha detto Tommasi di Vignano - con una estensione del servizio	maggiore o minore	a seconda del numero di mesi che passano.
yes	X o Y	maggiore	minore	maggiore - minore	"[lemma=""maggiore"" & pos=""ADJ""][word=""o""][lemma=""minore"" & pos=""ADJ""]"	5134287	Ma Marcella, come peraltro parecchie altre donne, trattiene i gemiti e i sospiri che, con	maggiore o minore	intensità ma inevitabilmente, l'orgasmo provoca: per imbarazzo, forse per timore di apparire un pó troppo sfacciata.
yes	X o Y	maggiore	minore	maggiore - minore	"[lemma=""maggiore"" & pos=""ADJ""][word=""o""][lemma=""minore"" & pos=""ADJ""]"	2401719	Le terzine Le terzine appartengono alla categoria dei gruppi irregolari che sono costituiti da gruppi di sole note o di note e pause, che, nel loro insieme, hanno un valore	maggiore o minore	di quello dello spazio occupato nella misura.
yes	X o Y	maggiore	minore	maggiore - minore	"[lemma=""maggiore"" & pos=""ADJ""][word=""o""][lemma=""minore"" & pos=""ADJ""]"	4998429	Si tiene conto della	maggiore o minore	urgenza del caso clinico?
yes	X o Y	minore	maggiore	maggiore - minore	"[lemma=""minore"" & pos=""ADJ""][word=""o""][lemma=""maggiore"" & pos=""ADJ""]"	470036	Cosmetici e prodotti di bellezza Anche in questo caso elenchiamo le sostanze più comunemente ingerite accidentalmente dai bambini molto piccoli, specificando, quando possibile, la	minore o maggiore	tossicità.
yes	X o Y	maggiore	minore	maggiore - minore	"[lemma=""maggiore"" & pos=""ADJ""][word=""o""][lemma=""minore"" & pos=""ADJ""]"	4447417	Inoltre la comunità cristiana si distingue da quella ebraica in quanto non abbraccia, come questa, tutti gli ambiti della vita ma, a seconda dell'epoca storica, accorda a quello politico una	maggiore o minore	autonomia.
yes	X o Y	maggiore	minore	maggiore - minore	"[lemma=""maggiore"" & pos=""ADJ""][word=""o""][lemma=""minore"" & pos=""ADJ""]"	5318048	C'è una coscienza nazionale, la cui presa si concretizza con	maggiore o minore	"forza: nell'elite o nel popolo intero "" (e qui riaffiora, per necessaria lucidità, il tema del diverso grado di appartenenza che scaturisce dalla diversa collocazione di classe)."
yes	X o Y	maggiore	minore	maggiore - minore	"[lemma=""maggiore"" & pos=""ADJ""][word=""o""][lemma=""minore"" & pos=""ADJ""]"	962312	Il fatto che i ragazzi biologici ottengano dei voti significativamente superiori rispetto ai coetanei adottati può essere dovuto a molteplici condizioni, per esempio ad una	maggiore o minore	disposizione personale allo studio, oppure ad una diversa difficoltà delle scuole intraprese.
yes	X o Y	maggiore	minore	maggiore - minore	"[lemma=""maggiore"" & pos=""ADJ""][word=""o""][lemma=""minore"" & pos=""ADJ""]"	5233382	La personalità, i modelli familiari, gli stereotipi imposti dai massa media, un'istituzione scolastica spesso disattenta alle relazioni fra ragazzi, dinamiche di gruppo che trascendono il singolo individuo, sono tutti fattori concomitanti che, in	maggiore o minore	misura, contribuiscono al determinarsi del fenomeno.
yes	X o Y	minore	maggiore	maggiore - minore	"[lemma=""minore"" & pos=""ADJ""][word=""o""][lemma=""maggiore"" & pos=""ADJ""]"	5623452	L'elemento caratteristico che spinge un'azienda a produrre in condizioni di efficienza è costituito dalla competizione con altre aziende simili, che propongono prodotti sullo stesso mercato e ottengono gradimento	minore o maggiore	dal pubblico.
yes	X o Y	maggiore	minore	maggiore - minore	"[lemma=""maggiore"" & pos=""ADJ""][word=""o""][lemma=""minore"" & pos=""ADJ""]"	604440	E la fatica è	maggiore o minore	che nel passato?
yes	X o Y	maggiore	minore	maggiore - minore	"[lemma=""maggiore"" & pos=""ADJ""][word=""o""][lemma=""minore"" & pos=""ADJ""]"	5600898	Una scelta politica precisa che consente di distinguere i primi dai secondi solo in ragione della natura della sanzione, giustificata dalla	maggiore o minore	risonanza antisociale > di una determinata condotta.
yes	X o Y	maggiore	minore	maggiore - minore	"[lemma=""maggiore"" & pos=""ADJ""][word=""o""][lemma=""minore"" & pos=""ADJ""]"	4303405	Una	maggiore o minore	percentuale d'acqua incide infatti notevolmente sulle condizioni statiche della Torre e - dice uno di questi esperti -  C'è un punto di viscosità del terreno oltre il quale si aggrava il pericolo di slittamento.
yes	X o Y	maggiore	minore	maggiore - minore	"[lemma=""maggiore"" & pos=""ADJ""][word=""o""][lemma=""minore"" & pos=""ADJ""]"	1341831	Egli rintraccia con	maggiore o minore	certezza eventi e documenti del passato mettendoli a disposizione dei suoi contemporanei.
yes	X o Y	minore	maggiore	maggiore - minore	"[lemma=""minore"" & pos=""ADJ""][word=""o""][lemma=""maggiore"" & pos=""ADJ""]"	6822078	La scelta fra	minore o maggiore	redistribuzione della ricchezza è affidata alla politica, che la esercita scegliendo diversi criteri di giustizia distributiva, ispirati a diversi ideali di eguaglianza.
yes	X o Y	maggiore	minore	maggiore - minore	"[lemma=""maggiore"" & pos=""ADJ""][word=""o""][lemma=""minore"" & pos=""ADJ""]"	508993	Ciò dipende dal fatto che i diversi sistemi linguistici rispecchiano una certa visione della realtà, tipica del popolo di cui esprimono la tradizione culturale: è la	maggiore o minore	elaborazione del pensiero, la differente capacità di cogliere con l'intelletto le molteplici sfumature dell'essere, che dà origine ad una
yes	X o Y	minore	maggiore	maggiore - minore	"[lemma=""minore"" & pos=""ADJ""][word=""o""][lemma=""maggiore"" & pos=""ADJ""]"	2627459	Seguono il primo orientamento, che può essere ritenuto figurativo, Marini e Greco; se ne allontanano con	minore o maggiore	evidenza Moore e Pomodoro.
yes	X o Y	maggiore	minore	maggiore - minore	"[lemma=""maggiore"" & pos=""ADJ""][word=""o""][lemma=""minore"" & pos=""ADJ""]"	1732338	Tali diversità divengono perciò importanti nel mostrare quali elementi concorrono nel costituire le componenti (o facettes) di un certo significato del lavoro, e anche nel rilevare la	maggiore o minore	centralità che tali componenti assumono nell'insieme della struttura.
yes	X o Y	maggiore	minor	maggiore - minore	"[lemma=""maggiore"" & pos=""ADJ""][word=""o""][lemma=""minore"" & pos=""ADJ""]"	1747722	Un esempio stupefacente di questa ellenizzazione del Cristianesimo primitivo, nella quale la componente semitica continuò ad avere un	maggiore o minor	peso, fu l'impiego e la trasformazione del Logos giovanneo e del suo significato.
yes	X o Y	maggiore	minore	maggiore - minore	"[lemma=""maggiore"" & pos=""ADJ""][word=""o""][lemma=""minore"" & pos=""ADJ""]"	176475	"La formazione dovrà conseguire una mentalità ed una personalità capaci di non lasciarsi trascinare dalle concezioni contrarie all'unità e stabilità del matrimonio, e perciò poter reagire contro le strutture del cosiddetto peccato sociale che "" si ripercuote, con"	maggiore o minore	veemenza, con
yes	X o Y	maggiore	minore	maggiore - minore	"[lemma=""maggiore"" & pos=""ADJ""][word=""o""][lemma=""minore"" & pos=""ADJ""]"	5255525	La domanda interna si trova, in buona parte, a dipendere soltanto dalla	maggiore o minore	pressione fiscale.
yes	X o Y	maggiore	minore	maggiore - minore	"[lemma=""maggiore"" & pos=""ADJ""][word=""o""][lemma=""minore"" & pos=""ADJ""]"	6919155	I meccanismi mediante i quali la p53 riesce a valutare l'estensione del danno e quindi la	maggiore o minore	probabilità di una riparazione efficace sono tuttavia ancora poco conosciuti.
yes	X o Y	maggiore	minore	maggiore - minore	"[lemma=""maggiore"" & pos=""ADJ""][word=""o""][lemma=""minore"" & pos=""ADJ""]"	454847	La rivista può avere	maggiore o minore	"importanza qualora contenga inserti coerenti con il prodotto, ad esempio una rubrica "" Salute e Bellezza ""."
yes	X o Y	maggiore	minore	maggiore - minore	"[lemma=""maggiore"" & pos=""ADJ""][word=""o""][lemma=""minore"" & pos=""ADJ""]"	4786436	"E, in relazione ai contratti "" UNI "", alla coerente interpretazione adottata dal Tribunale, con corretto richiamo anche al comportamento successivo delle parti, il ricorrente si limita ad opporre una diversa, anch'essa coerente, interpretazione; ma la valutazione della"	maggiore o minore	plausibilità di interpretazioni alternative egualmente coerenti del testo contrattuale esula dai limiti del giudizio di legittimità.
yes	X o Y	maggiori	minori	maggiore - minore	"[lemma=""maggiore"" & pos=""ADJ""][word=""o""][lemma=""minore"" & pos=""ADJ""]"	2267879	A scale inferiori sappiamo che esistono raggruppamenti	maggiori o minori	di galassie; dai gruppi con poche decine di membri agli ammassi con migliaia di galassie, ai superammassi.
yes	X o Y	maggior	minor	maggiore - minore	"[lemma=""maggiore"" & pos=""ADJ""][word=""o""][lemma=""minore"" & pos=""ADJ""]"	621909	Di solito vengono usate in associazione con olii specifici per il disturbo da curare; la capacità delle diverse pietre di rilasciare calore determina il	maggior o minor	assorbimento della sostanza.
yes	X o Y	maggiore	minore	maggiore - minore	"[lemma=""maggiore"" & pos=""ADJ""][word=""o""][lemma=""minore"" & pos=""ADJ""]"	5654592	I termini di prescrizione sono fissati dal legislatore e variano a seconda della	maggiore o minore	gravità dei reati, desumibile dall'entità della pena.
yes	X o Y	maggiori	minori	maggiore - minore	"[lemma=""maggiore"" & pos=""ADJ""][word=""o""][lemma=""minore"" & pos=""ADJ""]"	2301501	239, i	maggiori o minori	valori che derivano dall'attuazione di specifiche previsioni contrattuali degli strumenti finanziari di cui al medesimo comma 22 non concorrono alla formazione del reddito imponibile degli emittenti ai fini dell'imposta sul reddito delle societa'e del valore della produzione netta.
yes	X o Y	maggior	minor	maggiore - minore	"[lemma=""maggiore"" & pos=""ADJ""][word=""o""][lemma=""minore"" & pos=""ADJ""]"	425194	Non si discute più della	maggior o minor	convenienza di costruire impianti nucleari ma, visti gli alti costi operativi, sull'opportunità di mantenere funzionanti quelli esistenti.
yes	X o Y	maggiore	minore	maggiore - minore	"[lemma=""maggiore"" & pos=""ADJ""][word=""o""][lemma=""minore"" & pos=""ADJ""]"	299797	Inoltre, in misura	maggiore o minore	a seconda del singolo pacchetto, i client aiutano a organizzare i messaggi in entrata e uscita, a gestire più caselle postali e altro ancora.
yes	X o Y	maggiore	minore	maggiore - minore	"[lemma=""maggiore"" & pos=""ADJ""][word=""o""][lemma=""minore"" & pos=""ADJ""]"	4488087	Successivamente il grado di coscienza dipende dalla	maggiore o minore	consapevolezza che l'adulto ha di sé in relazione alla famiglia che si crea, al mondo e ai cicli della natura.
yes	X o Y	maggiore	minor	maggiore - minore	"[lemma=""maggiore"" & pos=""ADJ""][word=""o""][lemma=""minore"" & pos=""ADJ""]"	4947180	Sicché l'apprezzamento in ordine all'offesa - alla	maggiore o minor	gravità della condotta illecita, in vista della concessione di misure anche ulteriori al risarcimento (sequestro, rettifiche, inibitorie, pubblicazione sui giornali, pene private, astreintes) - viene pur esso a orientarsi ricognitivamente, grazie ai materiali che il passaggio aquiliano porta in luce, rispetto a quella stessa vicenda oppure ad altre, come vaglio prevalente circa l'effettiva restrizione di orizzonti mondani o colloquiali che la vittima dell'aggressione si trova, via via, ad accusare.
yes	X o Y	maggiore	minore	maggiore - minore	"[lemma=""maggiore"" & pos=""ADJ""][word=""o""][lemma=""minore"" & pos=""ADJ""]"	1163197	E con una rabbiosa rivolta contro tutti coloro che, in	maggiore o minore	misura, sono stati individuati come i responsabili di questo fallimento.
yes	X o Y	maggiore	minore	maggiore - minore	"[lemma=""maggiore"" & pos=""ADJ""][word=""o""][lemma=""minore"" & pos=""ADJ""]"	954605	Nella prima parte del Discorso si sostiene la tesi che ragione e buon senso per natura sono comuni a tutti gli uomini, indistintamente; ma allora il fatto che opinioni, idee e pensieri siano diversi non sarebbe dovuto a	maggiore o minore	ragionevolezza, ma piuttosto al fatto che sono i pensieri indirizzati su itinerari diversi e, poi, anche al fatto che non si considerano sempre le medesime cose.
yes	X o Y	maggiore	minore	maggiore - minore	"[lemma=""maggiore"" & pos=""ADJ""][word=""o""][lemma=""minore"" & pos=""ADJ""]"	4135095	È stato un continuo processo di morte - rinascita che si è rinnovato giorno dopo giorno, con	maggiore o minore	intensità in rapporto alla
yes	X o Y	maggiore	minore	maggiore - minore	"[lemma=""maggiore"" & pos=""ADJ""][word=""o""][lemma=""minore"" & pos=""ADJ""]"	6271224	Prendiamo un fenomeno clamoroso come l'immigrazione: qui la differenza tra le due parti emerge nella	maggiore o minore	accettazione del diverso.
yes	X o Y	maggior	minor	maggiore - minore	"[lemma=""maggiore"" & pos=""ADJ""][word=""o""][lemma=""minore"" & pos=""ADJ""]"	4577647	Da una parte, gli scrittori inventano una figura di narratore interno, verso cui assumono un'inclinazione di	maggior o minor	sintonia; dall'altra, proiettano la propria soggettività in un io fittizio che affabula ricordi e memorie, visioni e impressioni di viaggio.
yes	X o Y	maggiore	minore	maggiore - minore	"[lemma=""maggiore"" & pos=""ADJ""][word=""o""][lemma=""minore"" & pos=""ADJ""]"	6518039	Pur facendo parte della stessa tipologia, infatti, possono distinguersi sensibilmente, soprattutto per il	maggiore o minore	grado di rischio.
yes	X o Y	maggiori	minori	maggiore - minore	"[lemma=""maggiore"" & pos=""ADJ""][word=""o""][lemma=""minore"" & pos=""ADJ""]"	498828	Forse proprio in questi momenti si colse chiaramente ciò che era sfuggito durante la crisi d'ottobre: che ormai non aveva più senso continuare a discutere sulle	maggiori o minori	possibilità offerte dalla via istituzionale per continuare ad avanzare.
yes	X o Y	minore	maggiore	maggiore - minore	"[lemma=""minore"" & pos=""ADJ""][word=""o""][lemma=""maggiore"" & pos=""ADJ""]"	4596671	Le divergenze Il confronto tra le potenzialità o vocazioni di un territorio e la reale utilizzazione del suolo permette una sorta di bilancio da cui emerge il	minore o maggiore	grado di discordanza.
yes	X o Y	maggior	minor	maggiore - minore	"[lemma=""maggiore"" & pos=""ADJ""][word=""o""][lemma=""minore"" & pos=""ADJ""]"	6525327	ASPETTI TECNICI Ogni polizza si caratterizza per alcuni aspetti tecnici che ne possono garantire il	maggior o minor	successo.
yes	X o Y	maggiore	minore	maggiore - minore	"[lemma=""maggiore"" & pos=""ADJ""][word=""o""][lemma=""minore"" & pos=""ADJ""]"	270603	Al di là della	maggiore o minore	importanza intrinseca, questo dato è interessante perché stabilisce dei nessi con le più comuni attività quotidiane, abbandonando almeno per poco quella sorta di auto - referenzialità che talvolta contraddistingue l'accesso a Internet.
yes	X o Y	maggiore	minore	maggiore - minore	"[lemma=""maggiore"" & pos=""ADJ""][word=""o""][lemma=""minore"" & pos=""ADJ""]"	4216224	La situazione era tale che, io penso, noi tutti eravamo purtroppo partecipi, in	maggiore o minore	misura, di questa atroce farsa.
yes	X o Y	minore	maggiore	maggiore - minore	"[lemma=""minore"" & pos=""ADJ""][word=""o""][lemma=""maggiore"" & pos=""ADJ""]"	4468144	In realtà, il deficit non era uguale per tutti gli elettroni: essi presentavano un ampio spettro di energie, la massima delle quali (raggiunta da pochissimi elettroni) era quasi sufficiente a spiegare la perdita di massa, mentre tutte le altre erano troppo scarse, in	minore o maggiore	misura.
yes	X o Y	maggiore	minore	maggiore - minore	"[lemma=""maggiore"" & pos=""ADJ""][word=""o""][lemma=""minore"" & pos=""ADJ""]"	3016221	"Più esattamente scommettiamo sulla probabilità che un dato evento si realizzi, "" fissata "" dagli "" allibratori "", se li vuoi chiamare così, sia esatta o meno; che l'evento cioè si verifichi o meno, considerando le tue chances di riuscire ad ottenere ciò che vuoi e la"	maggiore o minore	capacità delle varie squadre di influenzarti.
yes	X o Y	maggiore	minore	maggiore - minore	"[lemma=""maggiore"" & pos=""ADJ""][word=""o""][lemma=""minore"" & pos=""ADJ""]"	5613199	Però ai fini della ripartizione dei contributi condominiali il	maggiore o minore	numero dei componenti il nucleo abitativo ovvero il
yes	X o Y	maggiore	minore	maggiore - minore	"[lemma=""maggiore"" & pos=""ADJ""][word=""o""][lemma=""minore"" & pos=""ADJ""]"	4294552	La scelta della soluzione da adottare è certamente condizionata dalla	maggiore o minore	forza delle istituzioni di mercato a livello locale, ma può anche rappresentare un elemento rilevante di rafforzamento del mercato stesso e delle sue concrete istituzioni.
yes	X o Y	maggiore	minore	maggiore - minore	"[lemma=""maggiore"" & pos=""ADJ""][word=""o""][lemma=""minore"" & pos=""ADJ""]"	1365218	La frequenza con la quale vengono presi i campioni dell'onda analogica (frequenza di campionamento) e la quantità di livelli che vengono utilizzati per discretizzare le ampiezze determinano la	maggiore o minore	qualità audio e, per contro, un
yes	X o Y	maggiore	minore	maggiore - minore	"[lemma=""maggiore"" & pos=""ADJ""][word=""o""][lemma=""minore"" & pos=""ADJ""]"	4376316	Il succedersi di questi stadi è in funzione della	maggiore o minore	malignità del tumore (che in parte è costituita dalla velocità con cui le cellule tumorali si moltiplicano).
yes	X o Y	maggiore	minore	maggiore - minore	"[lemma=""maggiore"" & pos=""ADJ""][word=""o""][lemma=""minore"" & pos=""ADJ""]"	219160	Insomma, al di là dell'orologio biologico che quotidianamente, con	maggiore o minore	precisione, scandisce lo scorrere delle ore e dei minuti; al di là della dimensione geometrica e matematica del tempo oggettivo, ognuno di noi ha un proprio vissuto soggettivo del tempo che può non corrispondere affatto alla realtà esterna.
yes	X o Y	maggiore	minore	maggiore - minore	"[lemma=""maggiore"" & pos=""ADJ""][word=""o""][lemma=""minore"" & pos=""ADJ""]"	2612846	Quello che conta, però, sono le connessioni, le linee di contiguità e familiarità: ogni elemento ha una caratteristica prevalente ma contiene anche tutti gli altri, in misura	maggiore o minore	.
yes	X o Y	maggiore	minore	maggiore - minore	"[lemma=""maggiore"" & pos=""ADJ""][word=""o""][lemma=""minore"" & pos=""ADJ""]"	4598154	A seconda del carattere che si vuol dare all'insieme, in un piano compositivo generale, la viabilità può assumere	maggiore o minore	importanza.
yes	X o Y	maggiore	minore	maggiore - minore	"[lemma=""maggiore"" & pos=""ADJ""][word=""o""][lemma=""minore"" & pos=""ADJ""]"	1365304	L'impatto con la tecnologia digitale non è tanto legata alla	maggiore o minore	capacità d'uso di questa o quella tecnologia quanto piuttosto alla disponibilità a cambiare impostazione e metodologie.
yes	X o Y	maggiore	minore	maggiore - minore	"[lemma=""maggiore"" & pos=""ADJ""][word=""o""][lemma=""minore"" & pos=""ADJ""]"	4894377	"E non v'è dubbio che non potranno non innescarsi una serie di contenziosi poco "" virtuali "", soprattutto commisurati, nel numero, alla"	maggiore o minore	rapidità nell'adeguamento delle norme nazionali ai principi comunitari.
yes	X o Y	maggiore	minore	maggiore - minore	"[lemma=""maggiore"" & pos=""ADJ""][word=""o""][lemma=""minore"" & pos=""ADJ""]"	4500973	La	maggiore o minore	propensione per il dolce è probabilmente determinata in gran parte da fattori ereditari, cosa che però non esclude l'influenza di fattori culturali.
yes	X o Y	minore	maggiore	maggiore - minore	"[lemma=""minore"" & pos=""ADJ""][word=""o""][lemma=""maggiore"" & pos=""ADJ""]"	5561401	A seconda dei Paesi è infatti	minore o maggiore	l'attenzione alle garanzie e la regolamentazione del sistema.
yes	X o Y	maggiore	minore	maggiore - minore	"[lemma=""maggiore"" & pos=""ADJ""][word=""o""][lemma=""minore"" & pos=""ADJ""]"	2253782	"Questa determinazione sociale dell'atteggiamento teorico ha inciso così profondamente che, anche quando sono venuti a cessare i presupposti esterni della teoria, la suddivisione è rimasta quale pregiudizio diÃ´ "" Â «cile da eliminare, come appare ancora dalle diatribe rinascimentali sulla"	maggiore o minore	nobiltà del lavoro dello scultore.
yes	X o Y	maggiore	minore	maggiore - minore	"[lemma=""maggiore"" & pos=""ADJ""][word=""o""][lemma=""minore"" & pos=""ADJ""]"	37852	Appare quindi ovvio che la	maggiore o minore	presenza d'acqua sia quella che prioritariamente influenza l'indice di rischio da IB.
yes	X o Y	maggiore	minore	maggiore - minore	"[lemma=""maggiore"" & pos=""ADJ""][word=""o""][lemma=""minore"" & pos=""ADJ""]"	6197848	Saranno gli studenti, il mondo della cultura e quello del lavoro a giudicare la	maggiore o minore	adeguatezza delle singole offerte.
yes	tanto X quanto Y	maggiore	minore	maggiore - minore	"[word=""tanto""][lemma=""maggiore"" & pos=""ADJ""][word=""quanto""][lemma=""minore"" & pos=""ADJ""]"	4696229	(L'esigenza di un maggior numero di decimali è	tanto maggiore quanto minore	è l'ammontaredell' importo da convertire poiché la regola generale dell'arrotondamento al centesimo di euro potrebbe provocarerisultati inaccettabili su importi molto modesti).
yes	tanto X quanto Y	minore	maggiore	maggiore - minore	"[word=""tanto""][lemma=""minore"" & pos=""ADJ""][word=""quanto""][lemma=""maggiore"" & pos=""ADJ""]"	5268333	"Irragionevole "" sarebbe la pretesa di un ritorno quotidiano, mentre ragionevole è una minore periodicità,"	tanto minore quanto maggiore	"è la distanza ""."
yes	tanto X quanto Y	maggiore	minore	maggiore - minore	"[word=""tanto""][lemma=""maggiore"" & pos=""ADJ""][word=""quanto""][lemma=""minore"" & pos=""ADJ""]"	4611509	Si può quindi affermare che la riduzione al livello termico dell'energia di un neutrone che attraversa un mezzo avviene lungo un percorso	tanto maggiore quanto minore	è il contenuto di atomi di idrogeno per unità di volume del mezzo stesso.
yes	tanto X quanto Y	minore	maggiore	maggiore - minore	"[word=""tanto""][lemma=""minore"" & pos=""ADJ""][word=""quanto""][lemma=""maggiore"" & pos=""ADJ""]"	4612645	L'entità della fluttuazione statistica è	tanto minore quanto maggiore	è l'intensità di flusso e la costante di tempo del contatore; quest'ultimo è solitamente progettato in modo che la sua costante di tempo possa essere regolata secondo l'intensità di flusso prevista (livello medio di radioattività della formazione).
yes	tanto X quanto Y	minore	maggiore	maggiore - minore	"[word=""tanto""][lemma=""minore"" & pos=""ADJ""][word=""quanto""][lemma=""maggiore"" & pos=""ADJ""]"	4332524	Questa indesiderata rotazione risulta	tanto minore quanto maggiore	è il momento d'inerzia.
yes	tanto X quanto Y	maggiore	minore	maggiore - minore	"[word=""tanto""][lemma=""maggiore"" & pos=""ADJ""][word=""quanto""][lemma=""minore"" & pos=""ADJ""]"	4292284	"Parallelamente alla "" pompa biologica "", agisce la "" pompa di solubilità "", il fatto cioè che parte della anidride carbonica dell'atmosfera si solubilizza nelle acque oceaniche in modo"	tanto maggiore quanto minore	è la temperatura di queste.
yes	tanto X quanto Y	minore	maggiore	maggiore - minore	"[word=""tanto""][lemma=""minore"" & pos=""ADJ""][word=""quanto""][lemma=""maggiore"" & pos=""ADJ""]"	202988	Visto che il corpo è un elemento che limita la ragione e la spiritualità, un essere è tanto più perfetto quanto più si trova lontano dal Sole, visto che la densità della materia è	tanto minore quanto maggiore	è la distanza dal Sole.
yes	tra X e Y	maggiori	minori	maggiore - minore	"[word=""tra""][lemma=""maggiore"" & pos=""ADJ""][word=""e""][lemma=""minore"" & pos=""ADJ""]"	5223951	E, vedete, il bene, il bonum della mia vita è intrecciato a quell'altro privilegio: quello di avere tanto scritto; a questa vocazione, questa attitudine di scrittore; e di vedere adesso, nella mia ultima rampa, allineati qui nello scaffale a sinistra, quella trentina di libri	tra maggiori e minori	che ho scodellato dai miei vent'anni in avanti.
yes	X , non Y	vivo	morto	morto - vivo	"[lemma=""vivo"" & pos=""ADJ""][word="",""][word=""non""][lemma=""morto"" & pos=""ADJ""]"	5582367	L'efficienza dei servizi nei piccoli Comuni deve andare a favore di un territorio	vivo, non morto	o moribondo, secondo le direttive dell'Unione europea.
yes	X e Y	morti	vivi	morto - vivo	"[lemma=""morto"" & pos=""ADJ""][word=""e""][lemma=""vivo"" & pos=""ADJ""]"	2421096	Scritto nel 1984, Assassina è «un giallo sotterraneo della coscienza, dove ancora una volta	morti e vivi	convivono» come fu sintetizzato dallo stesso Franco Quadri che lo considerava uno dei testi più struggenti di Scaldati.
yes	X e Y	vivi	morti	morto - vivo	"[lemma=""vivo"" & pos=""ADJ""][word=""e""][lemma=""morto"" & pos=""ADJ""]"	4316505	Non spiegava, ad esempio, un particolare comportamento ossservato su individui tenuti in cattività: se il cibo loro fornito era costituito da lombrichi	vivi e morti	, gli ornitorinchi si dirigevano prima di tutto verso quelli vivi e, successivamente, iniziavano una ricerca casuale di quelli morti.
yes	X e Y	vivi	morti	morto - vivo	"[lemma=""vivo"" & pos=""ADJ""][word=""e""][lemma=""morto"" & pos=""ADJ""]"	5993969	20 01 1997 Da mezzanotte all'alba: un viaggio dentro il ventre della città tra labirinti abbandonati, ossari, antri misteriosi PARIGI Nel metrò dei fantasmi PARIGI DAL NOSTRO CORRISPONDENTE Signore della Notte, per uscire dalla rimessa e sferragliare con ebbrezza solitaria fino all'alba lungo i 301 chilometri che il sottosuolo parigino gli concede, il Metrò Fantasma attende che l'ultimo convoglio abbandoni il campo restituendogli vergini tunnel, stazioni, binari	vivi e morti	, anse, corridoi, biglietterie, scale mobili... Lo riconoscerete facilmente.
yes	X e Y	vivi	morti	morto - vivo	"[lemma=""vivo"" & pos=""ADJ""][word=""e""][lemma=""morto"" & pos=""ADJ""]"	6736550	Mathias le aveva raccontato che anche suo padre guardava con ribrezzo la sua passione per i corpi	vivi e morti	e che un giorno gli aveva detto che era uno psicopatico.
yes	X e Y	vivi	morti	morto - vivo	"[lemma=""vivo"" & pos=""ADJ""][word=""e""][lemma=""morto"" & pos=""ADJ""]"	2628991	Ino - CNR: Una macchina per generare lo zoo di SchrÃ¶dinger Dimostrato a Firenze, nei laboratori dellIno - Cnr, lanalogo ottico di una macchina di SchrÃ¶dinger che non si limita a produrre sovrapposizioni di gatti	vivi e morti	, ma è in grado di trasformare qualsiasi sistema fisico al suo ingresso in una sovrapposizione di stati tra loro incompatibili.
yes	X e Y	vivi	morti	morto - vivo	"[lemma=""vivo"" & pos=""ADJ""][word=""e""][lemma=""morto"" & pos=""ADJ""]"	640222	Che Dio abbia misericordia dei bambini	vivi e morti	e delle loro famiglie a Beslan e che ci aiuti tutti a sopportare questo sfregio e questa ferita che non si rimarginerà mai.
yes	X e Y	vivo	morto	morto - vivo	"[lemma=""vivo"" & pos=""ADJ""][word=""e""][lemma=""morto"" & pos=""ADJ""]"	462186	C'è una taglia sulla mia testa: un milione se mi prendono vivo, mezzo se mi prendono morto, uno e mezzo se mi prendono	vivo e morto	.
yes	X e Y	vivi	morti	morto - vivo	"[lemma=""vivo"" & pos=""ADJ""][word=""e""][lemma=""morto"" & pos=""ADJ""]"	6601018	Tra queste ricorrono sostanze che rientrano nel novero della tradizione artistica come marmo, piombo, oro, vetro di Murano, terracotta, legno, argento, fili di cotone; e altre che le sono estranee: oltre alla farina, gin, sciroppo di menta, scorze d'arancia, beignets e tuorlo d'uovo, cacao in polvere, zollette di zucchero, marmellata di fragole, panna montata, sciroppo di amarena, coleotteri, vermi, ragni, insetti	vivi e morti	, fossili, spesso combinati.
yes	X e Y	vivo	morto	morto - vivo	"[lemma=""vivo"" & pos=""ADJ""][word=""e""][lemma=""morto"" & pos=""ADJ""]"	6692645	Il gatto nella scatola è contemporaneamente	vivo e morto	.
yes	X e Y	vivi	morti	morto - vivo	"[lemma=""vivo"" & pos=""ADJ""][word=""e""][lemma=""morto"" & pos=""ADJ""]"	3328987	Ma a tutto c'è un limite: se si facesse la tessera si sentirebbe di tradire in primo luogo se stesso, e poi le sue origini, i parenti	vivi e morti	, il paese d'origine, con tutte le cose belle che ama tanto: la campagna, gli animali, i fiumi dove una volta andava a pescare.
yes	X e Y	morti	vivi	morto - vivo	"[lemma=""morto"" & pos=""ADJ""][word=""e""][lemma=""vivo"" & pos=""ADJ""]"	6512562	Così a parte qualche grande saggio solare e fondamentale su Jose Marti e Garcia Lorca a Cuba o sulla stessa entità dell'America Latina, il libro è una lunga requisitoria, zeppa di nomi e circostanze più familiari all'autore che al pubblico, sulla vita degli intellettuali	morti e vivi	, esuli e non esuli, di coloro che hanno cavalcato la Rivoluzione e di quelli che la Rivoluzione ha ucciso o spinto al suicidio.
yes	X e Y	viva	morta	morto - vivo	"[lemma=""vivo"" & pos=""ADJ""][word=""e""][lemma=""morto"" & pos=""ADJ""]"	1109840	La vera tragedia è che attraverso il meccanismo dei rifiuti non hanno soltanto avvelenato le terre, appestato di cancro migliaia di persone, divelto la bellezza di interi territori, stuprato piantagioni, colture, divorato montagne, non hanno spremuto danaro da ogni cosa	viva e morta	, non hanno soltanto fatto questo al presente.
yes	X ma Y	vivo	morto	morto - vivo	"[lemma=""vivo"" & pos=""ADJ""][word=""ma""][lemma=""morto"" & pos=""ADJ""]"	4409659	Il mito del parto verginale, ad esempio, propone alla donna - madre l'idea di una nuova verginità: quella spirituale; il mito del Gesú risorto, l'idea di una rinascita spirituale concessa a chiunque sia oppresso da una colpa e si senta non piú	vivo ma morto	(spiritualmente) ecc. Tra scienza e fede il conflitto c'è, pertanto, se i miti dell'una e dell'altra vengono assunti come verità assolute.
yes	X o Y	vivo	morto	morto - vivo	"[lemma=""vivo"" & pos=""ADJ""][word=""o""][lemma=""morto"" & pos=""ADJ""]"	3480932	""" "" Appunto, quindi si renderà conto che la nostra meta dev'essere quella, perché una volta là cercherà Rotor,"	vivo o morto	.
yes	X o Y	vivo	morto	morto - vivo	"[lemma=""vivo"" & pos=""ADJ""][word=""o""][lemma=""morto"" & pos=""ADJ""]"	6181365	"Aggiunge: "" Dobbiamo acciuffarlo,"	vivo o morto	.
yes	X o Y	morto	vivo	morto - vivo	"[lemma=""morto"" & pos=""ADJ""][word=""o""][lemma=""vivo"" & pos=""ADJ""]"	4359415	Non comprate un cavalluccio marino,	morto o vivo	che sia.
yes	X o Y	vivi	morti	morto - vivo	"[lemma=""vivo"" & pos=""ADJ""][word=""o""][lemma=""morto"" & pos=""ADJ""]"	6217061	Di quei figli nati e spariti non si sa nulla, neppure se sono	vivi o morti	", se sono stati venduti a coppie sterili ("" questo ce lo auguriamo, almeno loro potranno avere un futuro "", dice il magistrato inquirente) o per essere espiantati e soppressi come ipotizza una pista seguita dai carabinieri e avvalorata dal gip che scrive di un possibile traffico di bambini messo in piedi dalla coppia assieme ad altre persone."
yes	X o Y	vivi	morti	morto - vivo	"[lemma=""vivo"" & pos=""ADJ""][word=""o""][lemma=""morto"" & pos=""ADJ""]"	881976	I geni erano incazzatissimi con noi perché eravamo andati a vivere insieme senza essere sposati e non ci davano neanche un giro di telefono per sapere se eravamo	vivi o morti	.
yes	X o Y	vivo	morto	morto - vivo	"[lemma=""vivo"" & pos=""ADJ""][word=""o""][lemma=""morto"" & pos=""ADJ""]"	4826493	"cit. anche nel caso di transito o trasbordo nel territorio italiano, chiarisce che per "" esemplare "" va inteso qualsiasi animale"	vivo o morto	"e qualsiasi parte di esso, mentre per "" oggetto ad uso personale o domestico "" va considerato il prodotto derivato ottenuto da esemplari o da parti di essi (cfr. Cass."
yes	X o Y	vivo	morto	morto - vivo	"[lemma=""vivo"" & pos=""ADJ""][word=""o""][lemma=""morto"" & pos=""ADJ""]"	6900959	Non è l'Altro che, scegliendolo ancora prima della nostra venuta al mondo, ha tracciato la prima linea del nostro destino: nome di re, di santo, di navigatore, di albero, di città, di parente	vivo o morto	?
yes	X o Y	vivo	morto	morto - vivo	"[lemma=""vivo"" & pos=""ADJ""][word=""o""][lemma=""morto"" & pos=""ADJ""]"	5843546	La caccia a chi,	vivo o morto	, avesse un arto in meno si è protratta per un'intera settimana.
yes	X o Y	viva	morta	morto - vivo	"[lemma=""vivo"" & pos=""ADJ""][word=""o""][lemma=""morto"" & pos=""ADJ""]"	3127345	Scomparve e nessuno si chiese se fosse	viva o morta	.
yes	X o Y	viva	morta	morto - vivo	"[lemma=""vivo"" & pos=""ADJ""][word=""o""][lemma=""morto"" & pos=""ADJ""]"	2466055	Conosceva tutto per pura, semplicissima paura di ogni cosa	viva o morta	.
yes	X o Y	viva	morta	morto - vivo	"[lemma=""vivo"" & pos=""ADJ""][word=""o""][lemma=""morto"" & pos=""ADJ""]"	2571559	Â Perché tua sorella,	viva o morta	, aveva l'abitudine di sbarazzarsi dei giornalisti che non le andavano a genio.
yes	X o Y	vivo	morto	morto - vivo	"[lemma=""vivo"" & pos=""ADJ""][word=""o""][lemma=""morto"" & pos=""ADJ""]"	2956759	- - - Eh sì, chi ha vissuto in paese,	vivo o morto	ci ritorna.
yes	X o Y	vivo	morto	morto - vivo	"[lemma=""vivo"" & pos=""ADJ""][word=""o""][lemma=""morto"" & pos=""ADJ""]"	3845021	Non si sa neppure se sia	vivo o morto	.
yes	X o Y	vivo	morto	morto - vivo	"[lemma=""vivo"" & pos=""ADJ""][word=""o""][lemma=""morto"" & pos=""ADJ""]"	2026639	Nessuno,	vivo o morto	, ha mai servito in quel modo.
yes	X o Y	morta	viva	morto - vivo	"[lemma=""morto"" & pos=""ADJ""][word=""o""][lemma=""vivo"" & pos=""ADJ""]"	4204961	Aveva deciso in cuor suo di non rivolgere mai piú una mezza parola a nessuno, anima	morta o viva	che fosse.
yes	X o Y	vivo	morto	morto - vivo	"[lemma=""vivo"" & pos=""ADJ""][word=""o""][lemma=""morto"" & pos=""ADJ""]"	2591826	E questo, tanto più che di essere tedesco io,	vivo o morto	, non me lo sognavo nemmeno.
yes	X o Y	vivi	morti	morto - vivo	"[lemma=""vivo"" & pos=""ADJ""][word=""o""][lemma=""morto"" & pos=""ADJ""]"	4046910	Anche se lei non si faceva alcun riguardo nei nostri confronti, o se non gliene importava niente del fatto che fossimo	vivi o morti	, la natura ce ne regalava a iosa.
yes	X o Y	vivo	morto	morto - vivo	"[lemma=""vivo"" & pos=""ADJ""][word=""o""][lemma=""morto"" & pos=""ADJ""]"	3291229	- Alla prossima battaglia, ai pericoli che dovrai affrontare, all'angoscia con cui aspetterò dalla torre di scorgere un messaggero che mi annunci se sei	vivo o morto	.
yes	X o Y	vivi	morti	morto - vivo	"[lemma=""vivo"" & pos=""ADJ""][word=""o""][lemma=""morto"" & pos=""ADJ""]"	3287630	Quando raccontarono la sconfitta e riferirono il numero dei caduti e dei prigionieri, la città risuonò di lamenti e molti furono presi dall'angoscia, non sapendo se i loro cari fossero	vivi o morti	.
yes	X o Y	vivo	morto	morto - vivo	"[lemma=""vivo"" & pos=""ADJ""][word=""o""][lemma=""morto"" & pos=""ADJ""]"	4584514	La presenza fisica del nemico,	vivo o morto	, è indispensabile.
yes	X o Y	vivo	morto	morto - vivo	"[lemma=""vivo"" & pos=""ADJ""][word=""o""][lemma=""morto"" & pos=""ADJ""]"	3880123	Tua madre aspettò, senza mai sapere se ero	vivo o morto	, o che notizie le avrebbe portato la posta.
yes	X o Y	vivo	morto	morto - vivo	"[lemma=""vivo"" & pos=""ADJ""][word=""o""][lemma=""morto"" & pos=""ADJ""]"	1534857	Sulla statale, loro non possono vederlo, c'è un cristo volato giù dal motorino e non si sa se è	vivo o morto	.
yes	X o Y	vivo	morto	morto - vivo	"[lemma=""vivo"" & pos=""ADJ""][word=""o""][lemma=""morto"" & pos=""ADJ""]"	3743887	» Karl riteneva che a quel punto dovesse esserci un altro essere umano a bordo dell'automobile,	vivo o morto	, ma per il momento non osò chiedere nulla.
yes	X o Y	vivo	morto	morto - vivo	"[lemma=""vivo"" & pos=""ADJ""][word=""o""][lemma=""morto"" & pos=""ADJ""]"	2147512	E non si sa se sia	vivo o morto	?
yes	X o Y	vivo	morto	morto - vivo	"[lemma=""vivo"" & pos=""ADJ""][word=""o""][lemma=""morto"" & pos=""ADJ""]"	6720732	Avrei voluto rispondere che non ci sarebbe stato nessun Sebastiano, ma non sarebbe stato vero: un Sebastiano,	vivo o morto	, c'era e ci sarebbe stato sempre, nascosto chissà dove, la sua verità inattaccabile e insieme difettosa, come le mie certezze che si sfaldavano.
yes	X o Y	vivo	morto	morto - vivo	"[lemma=""vivo"" & pos=""ADJ""][word=""o""][lemma=""morto"" & pos=""ADJ""]"	1534883	E quello riverso a terra, che non si sa se è	vivo o morto	, è troppo grosso per essere mio figlio.
yes	X o Y	vivi	morti	morto - vivo	"[lemma=""vivo"" & pos=""ADJ""][word=""o""][lemma=""morto"" & pos=""ADJ""]"	4561009	L'immunizzazione attiva, si pensa, è ottenuta introducendo organismi	vivi o morti	, o le loro tossine.
yes	X o Y	viva	morta	morto - vivo	"[lemma=""vivo"" & pos=""ADJ""][word=""o""][lemma=""morto"" & pos=""ADJ""]"	2185934	Non c'era modo di associare la sagoma che brandiva il coltello a una qualsiasi persona,	viva o morta	.
yes	X o Y	vivo	morto	morto - vivo	"[lemma=""vivo"" & pos=""ADJ""][word=""o""][lemma=""morto"" & pos=""ADJ""]"	1649261	» «Quindi non sai nemmeno se è	vivo o morto	.
yes	X o Y	vivo	morto	morto - vivo	"[lemma=""vivo"" & pos=""ADJ""][word=""o""][lemma=""morto"" & pos=""ADJ""]"	2622086	Viene emesso il bando papale, che autorizza chiunque a catturarlo e riportarlo a Roma	vivo o morto	, in quest Â ultimo caso bastava consegnare la sua testa per ottenere la ricompensa.
yes	X o Y	vivo	morto	morto - vivo	"[lemma=""vivo"" & pos=""ADJ""][word=""o""][lemma=""morto"" & pos=""ADJ""]"	4191520	L'intervista si svolge in un luogo segreto perché Manser è stato condannato a morte dallo Stato del Sarawak e su di lui pende una taglia di 100 mila dollari,	vivo o morto	.
yes	X o Y	vivo	morto	morto - vivo	"[lemma=""vivo"" & pos=""ADJ""][word=""o""][lemma=""morto"" & pos=""ADJ""]"	1507857	Che se loro erano in Afghanistan, in quella piccola valle, e non sapevano se ero	vivo o morto	, così come io non sapevo se loro erano vivi o morti, be', per lui andare a cercarli era un dovere.
yes	X o Y	vivo	morto	morto - vivo	"[lemma=""vivo"" & pos=""ADJ""][word=""o""][lemma=""morto"" & pos=""ADJ""]"	6746514	Non c'era modo di capire se fosse	vivo o morto	.
yes	X o Y	viva	morta	morto - vivo	"[lemma=""vivo"" & pos=""ADJ""][word=""o""][lemma=""morto"" & pos=""ADJ""]"	3535957	Viene usata una base vivente,	viva o morta	, di qualunque specie, che è qui rappresentata da questo omino.
yes	X o Y	viva	morta	morto - vivo	"[lemma=""vivo"" & pos=""ADJ""][word=""o""][lemma=""morto"" & pos=""ADJ""]"	4357278	Oggi circa la metà delle operazioni di soccorso a cui prendono parte cani da valanga danno esito positivo: cioè gli animali trovano la vittima	viva o morta	.
yes	X o Y	vivo	morto	morto - vivo	"[lemma=""vivo"" & pos=""ADJ""][word=""o""][lemma=""morto"" & pos=""ADJ""]"	5262868	Nel Paese dei grandi affari e dei computer che scandiscono le tempeste dell'economia sovvenzionata da Wall Sreet in cambio del pignoramento dei giacimenti di petrolio, un indiano	vivo o morto	ha ormai la stessa importanza per politici e ladinos.
yes	X o Y	morti	vivi	morto - vivo	"[lemma=""morto"" & pos=""ADJ""][word=""o""][lemma=""vivo"" & pos=""ADJ""]"	4174745	Quando dico che i petroli sono un prodotto della vita si intende che sono un prodotto degli organismi	morti o vivi	poco importa.
yes	X o Y	vivo	morto	morto - vivo	"[lemma=""vivo"" & pos=""ADJ""][word=""o""][lemma=""morto"" & pos=""ADJ""]"	708722	""" Noi non ci lasciamo mai nessuno dei nostri indietro,"	vivo o morto	""" è il motto delle forze armate Usa."
yes	X o Y	vivo	morto	morto - vivo	"[lemma=""vivo"" & pos=""ADJ""][word=""o""][lemma=""morto"" & pos=""ADJ""]"	3835880	Il re ne ordinò un secondo esemplare,	vivo o morto	.
yes	X o Y	vivo	morto	morto - vivo	"[lemma=""vivo"" & pos=""ADJ""][word=""o""][lemma=""morto"" & pos=""ADJ""]"	4096538	' ' Decidemmo che l'animale,	vivo o morto	che fosse, doveva essere rubato e celato, allo scopo, sotto il cappotto di Federico che, essendo - al mio opposto - molto magro, avrebbe potuto trasportarlo più facilmente, senza dare nell'occhio.
yes	X o Y	vivo	morto	morto - vivo	"[lemma=""vivo"" & pos=""ADJ""][word=""o""][lemma=""morto"" & pos=""ADJ""]"	2741997	Resta il fatto che Hamas è riuscita nell'impresa che si proponeva e ora l'esercito studia i dettagli del rapimento per scongiurarne altri: le prove raccolte portano a dire che l'attacco kamikaze contro una pattuglia di Givati sia stato realizzato da un cellula - gemella di quella che ha messo a segno il sequestro, negli attimi immediatamente seguenti l'esplosione, riuscendo a portare via il soldato -	vivo o morto	- grazie ad un tunnel.[m.mo.]
yes	X o Y	morto	vivo	morto - vivo	"[lemma=""morto"" & pos=""ADJ""][word=""o""][lemma=""vivo"" & pos=""ADJ""]"	4359376	Per sua sfortuna in Cina è un ingrediente fondamentale di farmaci che curano dall'asma all'arteriosclerosi, passando per l'impotenza e la frigidità sessuale; altrove è ricercato	morto o vivo	come curiosità.
yes	X o Y	vivo	morto	morto - vivo	"[lemma=""vivo"" & pos=""ADJ""][word=""o""][lemma=""morto"" & pos=""ADJ""]"	1534828	Non si sa se è	vivo o morto	, il corpo disteso a un centinaio di metri sull'asfalto.
yes	X o Y	morto	vivo	morto - vivo	"[lemma=""morto"" & pos=""ADJ""][word=""o""][lemma=""vivo"" & pos=""ADJ""]"	3144187	L'idea di quell'uomo,	morto o vivo	che sia, mi fa star male: e in questo periodo mi sento troppo bene per permettermi di stare male, non so se mi spiego.
yes	X o Y	vivo	morto	morto - vivo	"[lemma=""vivo"" & pos=""ADJ""][word=""o""][lemma=""morto"" & pos=""ADJ""]"	688506	Sui manifesti del West c'era scritto: ricercato,	vivo o morto	.
yes	X o Y	vivi	morti	morto - vivo	"[lemma=""vivo"" & pos=""ADJ""][word=""o""][lemma=""morto"" & pos=""ADJ""]"	3621503	Capì anche qual'era la vera domanda che continuava a ossessionarlo, a ossessionare tutti e tre, ma che nessuno aveva il coraggio di formulare: siamo	vivi o morti	?
yes	X o Y	vivo	morto	morto - vivo	"[lemma=""vivo"" & pos=""ADJ""][word=""o""][lemma=""morto"" & pos=""ADJ""]"	3741796	Impossibile dare indicazioni sul corpo: maschio, femmina, nero, bianco, giovane, anziano,	vivo o morto	prima che fosse consumato dal fuoco.
yes	X o Y	morti	vivi	morto - vivo	"[lemma=""morto"" & pos=""ADJ""][word=""o""][lemma=""vivo"" & pos=""ADJ""]"	2762157	E qui vediamo artisti sospesi nel vuoto con il gancio alla gola che non sai se siano	morti o vivi	, nel secondo caso però sono di sicuro perplessi, come tutti i personaggi di MuÃ±oz (quando non hanno i lineamenti orientali o quando mancano di lineamenti).
yes	X o Y	vivo	morto	morto - vivo	"[lemma=""vivo"" & pos=""ADJ""][word=""o""][lemma=""morto"" & pos=""ADJ""]"	2212282	"Ã¢ "" "" Senza esagerare, in questi dieci giorni non sapevo neanch'io se ero"	vivo o morto	", Ã¢ "" "" disse Tengo."
yes	X o Y	vivo	morto	morto - vivo	"[lemma=""vivo"" & pos=""ADJ""][word=""o""][lemma=""morto"" & pos=""ADJ""]"	5256275	"Il 2 gennaio 1995 le autorità del Sindh avevano portato la taglia a tre milioni di rupie, con una notificazione ufficiale che voleva "" Imran"	vivo o morto	"""."
yes	X o Y	vivo	morto	morto - vivo	"[lemma=""vivo"" & pos=""ADJ""][word=""o""][lemma=""morto"" & pos=""ADJ""]"	3939700	Appena tre anni prima, quando aveva fatto ritorno dalle aride guerre del Sud gravato dalla maggior quantità di gloria che nessun americano	vivo o morto	si fosse mai meritato, era stato oggetto di un'accoglienza spontanea che fece epoca.
yes	X o Y	morto	vivo	morto - vivo	"[lemma=""morto"" & pos=""ADJ""][word=""o""][lemma=""vivo"" & pos=""ADJ""]"	2004023	Quindi quando ci arriva l'avviso che abbiamo raggiunto la parte più alta dell'atmosfera, il veicolo è già	morto o vivo	sulla superficie da almeno sette minuti.
yes	X o Y	vivo	morto	morto - vivo	"[lemma=""vivo"" & pos=""ADJ""][word=""o""][lemma=""morto"" & pos=""ADJ""]"	6692681	E in quel momento in mezzo a due binari avviene che talvolta, ma soltanto talvolta, ci trasformiamo in un gatto di Schrödinger che può essere non soltanto	vivo o morto	, ma anche tutte le possibilità quantistiche che esistono secondo la funzione d'onda universale, inclusa questa stessa possibilità in cui noi due ce ne stiamo qui a chiacchierare in una cucina in comune a Longyearbyen all'una di notte...».
yes	X o Y	vivi	morti	morto - vivo	"[lemma=""vivo"" & pos=""ADJ""][word=""o""][lemma=""morto"" & pos=""ADJ""]"	1897234	Mezzo secolo dopo il breve viaggio solitario del pallone di alluminio e titanio da 80 chili chiamato Sputnik il 4 ottobre del 1957, 18 mila frammenti di satelliti	vivi o morti	, spenti e funzionanti, ruotano attorno a noi, inesorabilmente risucchiati dalla Terra madre.
yes	X o Y	vivo	morto	morto - vivo	"[lemma=""vivo"" & pos=""ADJ""][word=""o""][lemma=""morto"" & pos=""ADJ""]"	6633111	«Non so se è	vivo o morto	, Eleanor», riprese.
yes	X o Y	vivo	morto	morto - vivo	"[lemma=""vivo"" & pos=""ADJ""][word=""o""][lemma=""morto"" & pos=""ADJ""]"	868499	Ora, tanto per non farvi fare delle inutili illusioni, vi dico subito che non ho idea di che fine abbia fatto Giacomo Rua da quel punto in poi, non so neanche se in questo momento sia	vivo o morto	.
yes	sia X che Y	vivo	morto	morto - vivo	"[word=""sia""][lemma=""vivo"" & pos=""ADJ""][word=""che""][lemma=""morto"" & pos=""ADJ""]"	6692646	Si potrebbe aprire la scatola e constatare che è vivo oppure morto, dipende, ma in un certo senso, anche dopo che la scatola è stata aperta, il gatto è ancora	sia vivo che morto	.
yes	X e Y	vecchi	nuovi	nuovo - vecchio	"[lemma=""vecchio"" & pos=""ADJ""][word=""e""][lemma=""nuovo"" & pos=""ADJ""]"	2067354	E si chiedevano: «Perché un uomo così, un maestro sperto, voluto bene da tutti i suoi scolari	vecchi e nuovi	, un uomo che i mascoli rispettavano e le femmine occhijavano, prima che si sposasse la Torinèsia e anche dopo, perché si è ridotto uguale a un servaggio?
yes	X e Y	vecchio	nuovo	nuovo - vecchio	"[lemma=""vecchio"" & pos=""ADJ""][word=""e""][lemma=""nuovo"" & pos=""ADJ""]"	6368262	"In libreria si può "" mixare """	vecchio e nuovo	.
yes	X e Y	vecchi	nuovi	nuovo - vecchio	"[lemma=""vecchio"" & pos=""ADJ""][word=""e""][lemma=""nuovo"" & pos=""ADJ""]"	6486833	Questo speciale di libri e idee per Natale è stato illustrato da Alfredo Chiaramonte, al quale abbiamo chiesto di disegnarci	vecchi e nuovi	strumenti di scrittura, dalla matita al computer, ai quali, chi ama il libro, non può che essere affezionato e provare un sentimento di nostalgia permanente.
yes	X e Y	vecchie	nuove	nuovo - vecchio	"[lemma=""vecchio"" & pos=""ADJ""][word=""e""][lemma=""nuovo"" & pos=""ADJ""]"	6006010	Ma intanto in paese non si placano	vecchie e nuove	polemiche per i disastri e i morti del nubifragio.
yes	X e Y	vecchi	nuovi	nuovo - vecchio	"[lemma=""vecchio"" & pos=""ADJ""][word=""e""][lemma=""nuovo"" & pos=""ADJ""]"	1888545	Un mostro a due teste, metà pubblico e metà privato, che divora risorse a danno di tutti gli altri media,	vecchi e nuovi	.
yes	X e Y	nuovi	vecchi	nuovo - vecchio	"[lemma=""nuovo"" & pos=""ADJ""][word=""e""][lemma=""vecchio"" & pos=""ADJ""]"	6147335	In un momento in cui lo Stato ebraico sembra disperdersi in mille tribù o rivoli differenti, destra e sinistra,	nuovi e vecchi	immigrati, religiosi e secolaristi, ultranazionalisti e pacifisti?
yes	X e Y	vecchia	nuova	nuovo - vecchio	"[lemma=""vecchio"" & pos=""ADJ""][word=""e""][lemma=""nuovo"" & pos=""ADJ""]"	556765	Espose tale teoria nei suoi libri: Vita e abitudine (1877), Evoluzione	vecchia e nuova	(1879), Memoria inconscia (1880).
yes	X e Y	nuovi	vecchi	nuovo - vecchio	"[lemma=""nuovo"" & pos=""ADJ""][word=""e""][lemma=""vecchio"" & pos=""ADJ""]"	6517546	E nondimeno è una battaglia di retroguardia, anche se, paradossalmente, verrà il momento in cui mentre i ceti nobiliari mostrano d'essere messi ormai ai margini, emerge sulla scena ideologica il concetto di aristocrazia, sostanziato di	nuovi e vecchi	contenuti ai fini di un attacco allo Stato liberale e alla democrazia, in assonanza con le pulsioni prevalenti in seno alle famiglie blasonate italiane.
yes	X e Y	vecchio	nuovo	nuovo - vecchio	"[lemma=""vecchio"" & pos=""ADJ""][word=""e""][lemma=""nuovo"" & pos=""ADJ""]"	4235646	"Ora, se il "" Giappone moderno "" è una contraddizione in termini, "" il fatto che, in singoli casi, la contrapposizione fra"	vecchio e nuovo	"abbia trovato un accordo felice e abbia raggiunto un compromesso esteticamente e moralmente accettabile anche per l'Europa, non fa che confermare questa regola ""."
yes	X e Y	vecchie	nuove	nuovo - vecchio	"[lemma=""vecchio"" & pos=""ADJ""][word=""e""][lemma=""nuovo"" & pos=""ADJ""]"	472440	Un personaggio sfaccettato, un miscuglio di comunità,	vecchie e nuove	, che fanno di Londra una metropoli affascinante e vibrante di tante energie diverse.
yes	X e Y	nuovo	vecchio	nuovo - vecchio	"[lemma=""nuovo"" & pos=""ADJ""][word=""e""][lemma=""vecchio"" & pos=""ADJ""]"	3908546	Trovò in lui un	nuovo e vecchio	amico: nei giorni che seguirono, Max fu per lui più un figlio che un genero.
yes	X e Y	vecchie	nuove	nuovo - vecchio	"[lemma=""vecchio"" & pos=""ADJ""][word=""e""][lemma=""nuovo"" & pos=""ADJ""]"	6773009	Seguitò a parlarmene anche mentre ci addentravamo tra loculi e tombe monumentali,	vecchie e nuove	, per vialetti e scale in discesa sempre, come se stessimo nei quartieri alti dei morti e per trovare la tomba di Enzo dovessimo invece scendere sempre più in basso.
yes	X e Y	vecchie	nuove	nuovo - vecchio	"[lemma=""vecchio"" & pos=""ADJ""][word=""e""][lemma=""nuovo"" & pos=""ADJ""]"	45624	Alcuni geochimici controllano e analizzano le sorgenti	vecchie e nuove	della zona.
yes	X e Y	vecchio	nuovo	nuovo - vecchio	"[lemma=""vecchio"" & pos=""ADJ""][word=""e""][lemma=""nuovo"" & pos=""ADJ""]"	6538385	Questo doppio tratto dello Stato, la faccia scintillante e quella più subdola, meno apparente, dà origine a un intreccio di	vecchio e nuovo	che travalica il Sessantotto, segna le psicologie, arriva fino ai nostri giorni.
yes	X e Y	vecchi	nuovi	nuovo - vecchio	"[lemma=""vecchio"" & pos=""ADJ""][word=""e""][lemma=""nuovo"" & pos=""ADJ""]"	4402675	Grossman [1995: 191] troviamo infatti la difesa dell'indipendenza di tutti i media (	vecchi e nuovi	); il divieto di imporre restrizioni di alcun tipo a chiunque possa pubblicare o trasmettere informazioni; l'accesso universale ad ogni network ed alla sfera pubblica di discussione.
yes	X e Y	vecchi	nuovi	nuovo - vecchio	"[lemma=""vecchio"" & pos=""ADJ""][word=""e""][lemma=""nuovo"" & pos=""ADJ""]"	6652583	Aveva ritrovato amici	vecchi e nuovi	, parenti, colleghi di lavoro.
yes	X e Y	vecchi	nuovi	nuovo - vecchio	"[lemma=""vecchio"" & pos=""ADJ""][word=""e""][lemma=""nuovo"" & pos=""ADJ""]"	6352650	Eppure, a giudicare dal sonnacchioso mondo delle aziende di telefonia messe in piedi dai privati, i signori soci	vecchi e nuovi	del monopolista potrebbero dormire sonni tranquilli.
yes	X e Y	vecchia	nuova	nuovo - vecchio	"[lemma=""vecchio"" & pos=""ADJ""][word=""e""][lemma=""nuovo"" & pos=""ADJ""]"	2715660	Nella capitale italiana dell'editoria	vecchia e nuova	, la chiacchiera del momento è la trattativa tra Rcs Libri e Mondadori per dar vita a un grande polo del libro che potrebbe sfiorare o raggiungere il 40 per cento del mercato italiano.
yes	X e Y	vecchia	nuova	nuovo - vecchio	"[lemma=""vecchio"" & pos=""ADJ""][word=""e""][lemma=""nuovo"" & pos=""ADJ""]"	1069674	pdamico@corriere.it * * * INTERNET Dal'98, 12 mila anziani hanno frequentato i corsi di informatica di Aim * * * TEMPO LIBERO Molti gli anziani di Milano che fanno vigilanza davanti a scuole e musei * * * VECCHIA E NUOVA SAGGEZZA * * * Può essere un errore mischiare vini diversi, ma	vecchia e nuova	saggezza si mischiano in maniera perfetta * * * Bertolt Brecht, Il cerchio di gesso del Caucaso
yes	X e Y	nuovi	vecchi	nuovo - vecchio	"[lemma=""nuovo"" & pos=""ADJ""][word=""e""][lemma=""vecchio"" & pos=""ADJ""]"	269771	Contemporaneamente a questa crisi di HTML si stanno proponendo	nuovi e vecchi	linguaggi che ambiscono a risolvere il problema.
yes	X e Y	vecchie	nuove	nuovo - vecchio	"[lemma=""vecchio"" & pos=""ADJ""][word=""e""][lemma=""nuovo"" & pos=""ADJ""]"	158973	Gli amori di Cannes: è una contessa la fiamma del Principe Fioriscono gli amori sulla Croisette di Cannes: e tra le tante coppie,	vecchie e nuove	, del jet set, è stato notato il Principe Emanuele Filiberto di Savoia, che si non stacca dalla sua nuova amica del cuore, una contessa.
yes	X e Y	vecchi	nuovi	nuovo - vecchio	"[lemma=""vecchio"" & pos=""ADJ""][word=""e""][lemma=""nuovo"" & pos=""ADJ""]"	6178536	3) Per i tifosi - abbonati -	vecchi e nuovi	"- di Inter, Milan e Juventus (ossia quasi il settanta per cento degli abbonati totali, finora) i "" pacchetti "" venduti da Telepiù saranno quelli delle partite, andata e ritorno - con le altre squadre di cui Telepiù detiene i diritti."
yes	X e Y	vecchi	nuovi	nuovo - vecchio	"[lemma=""vecchio"" & pos=""ADJ""][word=""e""][lemma=""nuovo"" & pos=""ADJ""]"	4316876	Recentemente, a tirare le somme per guardare al domani, non è stata soltanto l'Europa dei Dodici, ma tutta quella compresa nell'area regionale europea della Fao, che conta 38 Paesi e comprende	vecchi e nuovi	Stati, dai Balcani al Baltico, tutti in cerca di una soluzione ai loro problemi agro - alimentari, e non solo, nel libero mercato.
yes	X e Y	vecchia	nuova	nuovo - vecchio	"[lemma=""vecchio"" & pos=""ADJ""][word=""e""][lemma=""nuovo"" & pos=""ADJ""]"	6568318	(25E in due) Il terzo giorno abbiamo visto il palazzo danzante, costruzione moderna sulle sponde del fiume, e poi ci siamo diretti al quartiere Ebraico, per visitare le Sinagoghe la	vecchia e nuova	, la Sinagoga Spagnola e il cimitero.
yes	X e Y	vecchia	nuova	nuovo - vecchio	"[lemma=""vecchio"" & pos=""ADJ""][word=""e""][lemma=""nuovo"" & pos=""ADJ""]"	6565381	L'uomo, però, si macchierà di una colpa quando abbandonerà	vecchia e nuova	"famiglia a causa dell'infatuazione per la soprano Jenny Lind, l' ' "" usignolo svedese ""."
yes	X e Y	vecchie	nuove	nuovo - vecchio	"[lemma=""vecchio"" & pos=""ADJ""][word=""e""][lemma=""nuovo"" & pos=""ADJ""]"	1973591	hip hop: «Un lavoro con	vecchie e nuove	leve della scena italiana, filtrato dalle mie mani di 38enne alla ricerca di qualcosa di diverso dal solito.
yes	X e Y	vecchi	nuovi	nuovo - vecchio	"[lemma=""vecchio"" & pos=""ADJ""][word=""e""][lemma=""nuovo"" & pos=""ADJ""]"	5250015	Ed è sfidata quotidianamente, nella pratica delle democrazie esistenti, dalla continua tentazione di soluzioni illiberali, demagogicamente efficaci, per i problemi pubblici,	vecchi e nuovi	.
yes	X e Y	vecchia	nuova	nuovo - vecchio	"[lemma=""vecchio"" & pos=""ADJ""][word=""e""][lemma=""nuovo"" & pos=""ADJ""]"	1814401	www.filmgratis.tv Per ogni pellicola,	vecchia e nuova	, viene pubblicata la trama e i vari link in cui vederla.
yes	X e Y	vecchi	nuovi	nuovo - vecchio	"[lemma=""vecchio"" & pos=""ADJ""][word=""e""][lemma=""nuovo"" & pos=""ADJ""]"	5921558	Vittime, volti	vecchi e nuovi	della destra polista: Fini, Formigoni, Prosperini, Fumagalli Carulli, che non compaiono come parti lese al processo.
yes	X e Y	vecchi	nuovi	nuovo - vecchio	"[lemma=""vecchio"" & pos=""ADJ""][word=""e""][lemma=""nuovo"" & pos=""ADJ""]"	1060050	L'esposizione è frutto di una ricerca della Sapienza, voluta dall'assessorato capitolino alla Cultura e coordinata da Maria Immacolata Macioti, che prosegue il lavoro di Ferrarotti, pubblicato nel centenario di Roma Capitale: «I nostri ricercatori sono tornati nelle stesse zone a parlare con la gente, per rilevare cosa è cambiato per i residenti	vecchi e nuovi	» spiega la Macioti.
yes	X e Y	vecchie	nuove	nuovo - vecchio	"[lemma=""vecchio"" & pos=""ADJ""][word=""e""][lemma=""nuovo"" & pos=""ADJ""]"	5948044	Annuario degli avvenimenti politici italiani ed esteri, ricco di statistiche di ogni genere, ma pure manuale di informazioni istituzionali	vecchie e nuove	(dal testo della Costituzione al nuovo governo e Parlamento italiano e europeo, con nomi e indirizzi), Il libro dei fatti contiene persino un mini - Bignami della recente storia italiana (dal 1848 al 1995) e un elenco di tutti i referendum nella storia della Repubblica.
yes	X e Y	vecchie	nuove	nuovo - vecchio	"[lemma=""vecchio"" & pos=""ADJ""][word=""e""][lemma=""nuovo"" & pos=""ADJ""]"	5990768	Cominciava la stagione trionfante del reaganismo e le	vecchie e nuove	leve del partito venivano a leccarsi le ferite nell'elegante casa degli Harriman a Georgetown.
yes	X e Y	vecchi	nuovi	nuovo - vecchio	"[lemma=""vecchio"" & pos=""ADJ""][word=""e""][lemma=""nuovo"" & pos=""ADJ""]"	2782147	I soci	vecchi e nuovi	non sembrano quindi intenzionati a tirare troppo la corda.
yes	X e Y	vecchie	nuove	nuovo - vecchio	"[lemma=""vecchio"" & pos=""ADJ""][word=""e""][lemma=""nuovo"" & pos=""ADJ""]"	384098	Le tecnologie	vecchie e nuove	non vanno demonizzate, ma capite, analizzate, decodificate e comprese, per cercare soluzione efficaci.
yes	X e Y	vecchio	nuovo	nuovo - vecchio	"[lemma=""vecchio"" & pos=""ADJ""][word=""e""][lemma=""nuovo"" & pos=""ADJ""]"	754502	Al muro, i double - click di Davide Tosco a sottolinere il dualismo fra	vecchio e nuovo	.
yes	X e Y	vecchi	nuovi	nuovo - vecchio	"[lemma=""vecchio"" & pos=""ADJ""][word=""e""][lemma=""nuovo"" & pos=""ADJ""]"	1921636	E'una cosa straordinaria poter incontrare	vecchi e nuovi	amici,
yes	X e Y	vecchie	nuove	nuovo - vecchio	"[lemma=""vecchio"" & pos=""ADJ""][word=""e""][lemma=""nuovo"" & pos=""ADJ""]"	5591578	È comunque necessario che in tutti questi atti, fatti e negozi, ci sia almeno una delle operazioni tassativamente indicate nel nuovo articolo 37-bis del Dpr 600 73. Come si vede dalla tabella che elenca tutte le operazioni potenzialmente antielusive (	vecchie e nuove	), le attività prese in esame sono molto numerose: di fatto, pressoché tutte quelle che sono normalmente poste in essere in un ambito societario o di gruppo.
yes	X e Y	vecchi	nuovi	nuovo - vecchio	"[lemma=""vecchio"" & pos=""ADJ""][word=""e""][lemma=""nuovo"" & pos=""ADJ""]"	421824	Le comunità - come determinazione di appartenenza attraverso la differenza - ci sono sempre state: sono i	vecchi e nuovi	sistemi di controllo dei poteri centralizzati e mediatizzati ad accorgersene ora più di prima.
yes	X e Y	vecchi	nuovi	nuovo - vecchio	"[lemma=""vecchio"" & pos=""ADJ""][word=""e""][lemma=""nuovo"" & pos=""ADJ""]"	5531959	""" Non meno inquietante - prosegue la nota - è la ristrutturazione selvaggia che gli editori tentano nel settore dei periodici: basti pensare alle vicende irrisolte dei cassintegrati della Rcs, e alle crisi di gruppi editoriali"	vecchi e nuovi	"come l'Editoriale Italiana, dove si chiede che un terzo del corpo redazionale sia messo in cassa integrazione ""."
yes	X e Y	vecchi	nuovi	nuovo - vecchio	"[lemma=""vecchio"" & pos=""ADJ""][word=""e""][lemma=""nuovo"" & pos=""ADJ""]"	5506882	Ma proprio perché io ascolto tutto e ho una profonda conoscenza di tutti i repertori	vecchi e nuovi	, a me non può succedere, neanche per caso.
yes	X e Y	vecchi	nuovi	nuovo - vecchio	"[lemma=""vecchio"" & pos=""ADJ""][word=""e""][lemma=""nuovo"" & pos=""ADJ""]"	5611866	I nuovi incentivi - che costeranno allo Stato circa 4mila miliardi l'anno - dovrebbero essere concessi, per gli occupati	vecchi e nuovi	, alle imprese di tutti i settori produttivi, eccetto quelli che già usufruiscono di particolari fiscalizzazioni: automobilistico, siderurgico, agricoltura, pesca e fibre sintetiche.
yes	X e Y	nuovi	vecchi	nuovo - vecchio	"[lemma=""nuovo"" & pos=""ADJ""][word=""e""][lemma=""vecchio"" & pos=""ADJ""]"	2720535	Il generico sentimento antisistema che dilaga un po' ovunque è diventato il brodo di coltura di	nuovi e vecchi	movimenti di opposizione, da Podemos a Syriza al Labour, e di vecchi e nuovi leader allevati magari alla London School of Economics.
yes	X e Y	vecchia	nuova	nuovo - vecchio	"[lemma=""vecchio"" & pos=""ADJ""][word=""e""][lemma=""nuovo"" & pos=""ADJ""]"	274950	Le informazioni da pubblicare sul Web sono solo quelle necessarie per prendere contatto con l'azienda con altri mezzi (telefono o fax) Pubblicità Alcune aziende desiderano legare più strettamente la propria immagine a quella della Rete, usando il Web come punto di colloquio con la clientela	vecchia e nuova	, a cui vengono presentati i nuovi prodotti e le notizie aziendali.
yes	X e Y	vecchio	nuovo	nuovo - vecchio	"[lemma=""vecchio"" & pos=""ADJ""][word=""e""][lemma=""nuovo"" & pos=""ADJ""]"	2644464	Del resto non si può che leggere e agire dentro la storia dei linguaggi e attraverso il tempo che li fa	vecchio e nuovo	ordine conoscitivo e pratico; un ordine espositivo e prospettico che non può non essere diverso dall Â osservazione e dalla raccolta empirica delle cose.
yes	X e Y	nuovi	vecchi	nuovo - vecchio	"[lemma=""nuovo"" & pos=""ADJ""][word=""e""][lemma=""vecchio"" & pos=""ADJ""]"	5423254	""" La maggior parte degli action movie,"	nuovi e vecchi	", fanno schifo - punta il dito Patrick, il nuovo ragazzo di Sandra Bullock in "" Speed 2 "" - hanno tutti la stessa identica formula che deve funzionare nell'intero pianeta."
yes	X e Y	vecchio	nuovo	nuovo - vecchio	"[lemma=""vecchio"" & pos=""ADJ""][word=""e""][lemma=""nuovo"" & pos=""ADJ""]"	4365412	La Terra si può dunque effettivamente rappresentare mediante due (serie di) cerchi, che si devono immaginare come aventi la circonferenza dell'equatore in comune: anzi, questo si fa spesso nelle rappresentazioni cartografiche della Terra, anche se in genere i due cerchi si riferiscono non agli emisferi Nord e Sud ma al	vecchio e nuovo	mondo.
yes	X e Y	vecchie	nuove	nuovo - vecchio	"[lemma=""vecchio"" & pos=""ADJ""][word=""e""][lemma=""nuovo"" & pos=""ADJ""]"	7070723	Non possiamo e non dobbiamo essere timidi e reticenti di fronte a una stagione difficile ma che richiama in campo grandi valori e le ragioni stesse di un 'appartenenza. Non rassegnarsi al mondo così com'è, all'egoismo cinico di chi contrappone ultimi e penultimi, alle ineguaglianze e alla precarietà, affrontare le	vecchie e nuove	povertà, sostenere chi vive condizioni di marginalità e vulnerabilità.
yes	X e Y	vecchi	nuovi	nuovo - vecchio	"[lemma=""vecchio"" & pos=""ADJ""][word=""e""][lemma=""nuovo"" & pos=""ADJ""]"	3025816	Desiderio che arrivasse da me in piena notte, sbronzo e vulnerabile come Mister Hyde, a impedirmi di pensare per qualche minuto a manager, contratti,	vecchi e nuovi	dischi; a sentirlo spingere, pulsare, scaricare dentro di me.
yes	X e Y	vecchie	nuove	nuovo - vecchio	"[lemma=""vecchio"" & pos=""ADJ""][word=""e""][lemma=""nuovo"" & pos=""ADJ""]"	1988880	All'individuazione del misterioso personaggio i magistrati del pool nisseno diretto da Sergio Lari sono arrivati incastrando una enorme mole di dati, montando e rimontando un gigantesco puzzle composto di foto, video, rapporti di polizia,	vecchie e nuove	testimonianze.
yes	X e Y	nuove	vecchie	nuovo - vecchio	"[lemma=""nuovo"" & pos=""ADJ""][word=""e""][lemma=""vecchio"" & pos=""ADJ""]"	4762043	"Le lavorazioni di cui alle categorie generali nonché alle categorie specializzate per le quali nell'allegata tabella "" corrispondenze"	nuove e vecchie	"categorie "" è prescritta la qualificazione obbligatoria, qualora siano indicate nei bandi di gara come parti dell'intervento da realizzare, non possono essere eseguite dalle imprese aggiudicatarie se prive delle relative adeguate qualificazioni."
yes	X e Y	vecchi	nuovi	nuovo - vecchio	"[lemma=""vecchio"" & pos=""ADJ""][word=""e""][lemma=""nuovo"" & pos=""ADJ""]"	4226505	D'altra parte lo stesso Flamigni, poco prima delle esternazioni presidenziali contro la commissione stragi, aveva consegnato al SUO presidente, il galantuomo repubblicano Libero Gualtieri (una delle vittime preferite degli insulti di Cossiga), un promemoria in cui venivano puntigliosamente elencati i misteri	vecchi e nuovi	del caso Moro: quelli irrisolti da tempo, e quelli introdotti dalle indagini sulla scoperta di Gladio.
yes	X e Y	vecchi	nuovi	nuovo - vecchio	"[lemma=""vecchio"" & pos=""ADJ""][word=""e""][lemma=""nuovo"" & pos=""ADJ""]"	4180172	Migliaia e migliaia di cartoncini che pubblicizzavano i prodotti dell'American Tobacco Company Ltd. invasero la Gran Bretagna; le compagnie inglesi risposero con un controinvio di altre migliaia e migliaia di cartoncini che pubblicizzavano la loro coalizione, avvenuta nel 1901, nell'Imperial Tobacco Company Ltd. Come sempre succede tra colossi capitalistici,	vecchi e nuovi	che siano, si trattò più che altro di una guerra di facciata.
yes	X e Y	nuovi	vecchi	nuovo - vecchio	"[lemma=""nuovo"" & pos=""ADJ""][word=""e""][lemma=""vecchio"" & pos=""ADJ""]"	3394661	Essi andavano a vedere	nuovi e vecchi	film, ma soprattutto quelli di Stan Laurel e Oliver Hardy.
yes	X e Y	vecchio	nuovo	nuovo - vecchio	"[lemma=""vecchio"" & pos=""ADJ""][word=""e""][lemma=""nuovo"" & pos=""ADJ""]"	6595310	Abrams, nel tirare le fila e affiancato in sede di sceneggiatura da Chris Terrio, neofita dell'universo creato da George Lucas, ribadisce le sue doti quasi da alchimista nell'equilibrare elementi e contrasti, facendo convivere	vecchio e nuovo	con sagacia e sapienza: la persona giusta, senza dubbio, per rimanere più in scia al lascito del creatore primigenio e ammortizzare la cupezza poco rassicurante del film precedente, che al netto delle ire degli affezionati aveva però un'innegabile e attualissima vitalità.
yes	X e Y	vecchie	nuove	nuovo - vecchio	"[lemma=""vecchio"" & pos=""ADJ""][word=""e""][lemma=""nuovo"" & pos=""ADJ""]"	4959040	Ancora, occorrerà ristrutturare adeguatamente la Banca dati con l'attenzione rivolta al pieno utilizzo a fini di prevenzione del meccanismo conoscitivo proposto dal progetto ESAW e collegare adeguatamente statistiche	vecchie e nuove	per non perdere del tutto la continuità temporale che esse esprimono.
yes	X e Y	vecchi	nuovi	nuovo - vecchio	"[lemma=""vecchio"" & pos=""ADJ""][word=""e""][lemma=""nuovo"" & pos=""ADJ""]"	4532672	La cultura laica, soprattutto, aveva elaborato un atteggiamento nuovo nei confronti del corpo umano, aveva incrociato più volte in tale percorso atteggiamenti antichi della mentalità popolare, facendoli suoi, opponendoli spesso al disprezzo dei monaci,	vecchi e nuovi	, per l'uomo fisico, caduco, imperfetto, destinato alla morte.
yes	X e Y	nuove	vecchie	nuovo - vecchio	"[lemma=""nuovo"" & pos=""ADJ""][word=""e""][lemma=""vecchio"" & pos=""ADJ""]"	2946991	L'infermeria fu rifornita di medicine	nuove e vecchie	, i laboratori ebbero nuovi attrezzi, i magazzini si arricchirono di coperte, tessuti, paramenti e vasellame e perfino di marmellata, miele, farina e riso.
yes	X e Y	vecchi	nuovi	nuovo - vecchio	"[lemma=""vecchio"" & pos=""ADJ""][word=""e""][lemma=""nuovo"" & pos=""ADJ""]"	2710894	Eppure è stato proprio l'Ente controllato dal suo ministero a schierare fra gli oratori non solo la figlia del direttore, Irina Osipova, studentessa moscovita leader dell'associazione italo - russa Rim, che sta collaborando al lancio di Sovranità, nuova costola di Casa Pound, ma anche	vecchi e nuovi	nomi della galassia nera, come Luca Bertoni e Andrea Bonazza.
yes	X e Y	vecchi	nuovi	nuovo - vecchio	"[lemma=""vecchio"" & pos=""ADJ""][word=""e""][lemma=""nuovo"" & pos=""ADJ""]"	6339279	"L'idea di una gelateria artigianale in franchising nasce dall'esigenza di fare incontrare due domande convergenti: la crescente richiesta di gelato "" da passeggio "" di qualità, da parte dei consumatori; la necessità di un sistema facile ed economico per offrire ai clienti"	vecchi e nuovi	"un prodotto di alta qualita ""."
yes	X e Y	vecchi	nuovi	nuovo - vecchio	"[lemma=""vecchio"" & pos=""ADJ""][word=""e""][lemma=""nuovo"" & pos=""ADJ""]"	5808644	Ricchissimo il cast, formato da attori	vecchi e nuovi	.
yes	X e Y	vecchi	nuovi	nuovo - vecchio	"[lemma=""vecchio"" & pos=""ADJ""][word=""e""][lemma=""nuovo"" & pos=""ADJ""]"	6260891	Infine, l'illusione di portare a battesimo nelle stanze della politica una classe industriale europea, e con essa un blocco sociale più moderno e riformista, trascura l'eterno cinismo di capitalisti	vecchi e nuovi	.
yes	X e Y	vecchie	nuove	nuovo - vecchio	"[lemma=""vecchio"" & pos=""ADJ""][word=""e""][lemma=""nuovo"" & pos=""ADJ""]"	4401696	Dunque attualmente il processo di globalizzazione non induce l'omologazione né il semplice melting pot (la mescolanza indifferenziata basata sul modello americano), ma un confluire di schemi diversi e di tradizioni	vecchie e nuove	in un salad bowl (un'insalatiera etnica) ove parti differenti confliggono fra loro, mantenendo caratteristiche proprie.
yes	X e Y	vecchi	nuovi	nuovo - vecchio	"[lemma=""vecchio"" & pos=""ADJ""][word=""e""][lemma=""nuovo"" & pos=""ADJ""]"	5065633	Nulla aiuta a rispondere a questa domanda più dell'analisi dei percorsi & # 150;	vecchi e nuovi	& # 150; dell'uomo che, negli ultimi decenni, meglio ha rappresentato le virtú ed i vizi, la coerenza e le contraddizioni, del movimento dei consumatori americani: Ralph Nader.
yes	X e Y	vecchie	nuove	nuovo - vecchio	"[lemma=""vecchio"" & pos=""ADJ""][word=""e""][lemma=""nuovo"" & pos=""ADJ""]"	2776389	"All'Harira Bistrot il No Wall Festival prosegue con il quartetto Zanga Zanga, dall'arabo "" vicoli vicoli "", perché la loro musica si ispira alle melodie"	vecchie e nuove	che circolano nelle viuzze di Bucarest, nelle taverne di Smirne, nel cuore più antico e intriso di cultura tzigana dell'Europa balcanica e nelle frizzanti atmosfere manouche di Django Reinhardt (vicolo Gesù e Maria 17, ore 22, ingresso libero, info 329 9452363).
yes	X e Y	vecchi	nuovi	nuovo - vecchio	"[lemma=""vecchio"" & pos=""ADJ""][word=""e""][lemma=""nuovo"" & pos=""ADJ""]"	545562	Una pletora di artisti	vecchi e nuovi	(Elton John, Queen) balzavano sul carro del glitter rock travisandone o ignorandone lo spirito originario, nella speranza che ci fosse gloria residua anche per loro.
yes	X e Y	nuovi	vecchi	nuovo - vecchio	"[lemma=""nuovo"" & pos=""ADJ""][word=""e""][lemma=""vecchio"" & pos=""ADJ""]"	389078	"L'accentuata sensibilità a sintomi un tempo trascurati rappresenta un mutamento culturale almeno in parte indotto dalle spinte commerciali di quello che viene chiamato il "" mercato della salute "", spesso con il concorso di"	nuovi e vecchi	mezzi di comunicazione.
yes	X e Y	vecchi	nuovi	nuovo - vecchio	"[lemma=""vecchio"" & pos=""ADJ""][word=""e""][lemma=""nuovo"" & pos=""ADJ""]"	3694255	Cominciò a tornare in sé solo quando, seduta a un tavolo nella Sala degli Specchi, brindò con Kristian e con gli amici	vecchi e nuovi	, Ebert e un paio di altri attori invitati da Kristian.
yes	X e Y	nuova	vecchissima	nuovo - vecchio	"[lemma=""nuovo"" & pos=""ADJ""][word=""e""][lemma=""vecchio"" & pos=""ADJ""]"	2543215	Così eccomi in questa casa,	nuova e vecchissima	.
yes	X e Y	vecchie	nuove	nuovo - vecchio	"[lemma=""vecchio"" & pos=""ADJ""][word=""e""][lemma=""nuovo"" & pos=""ADJ""]"	4999431	- Che dire delle nostalgie di contrapposizione e di crociata che in forme	vecchie e nuove	serpeggiano nella società e nella stessa Chiesa?
yes	X e Y	vecchio	nuovo	nuovo - vecchio	"[lemma=""vecchio"" & pos=""ADJ""][word=""e""][lemma=""nuovo"" & pos=""ADJ""]"	6421499	Caso per caso	vecchio e nuovo	a confronto PER SAPER SCEGLIERE Come valutare in quali circostanze la mini - invasiva può essere più vantaggiosa della chirurgia tradizionale?
yes	X e Y	vecchi	nuovi	nuovo - vecchio	"[lemma=""vecchio"" & pos=""ADJ""][word=""e""][lemma=""nuovo"" & pos=""ADJ""]"	3669844	Eravamo,	vecchi e nuovi	, riuniti in una stessa grande aula.
yes	X e Y	vecchi	nuovi	nuovo - vecchio	"[lemma=""vecchio"" & pos=""ADJ""][word=""e""][lemma=""nuovo"" & pos=""ADJ""]"	6024806	""" Un avvicendamento naturale "", che Festa con molta diplomazia si affretta a definire come tale, ma che invece sottintende il reale problema per i vertici del partito di far conciliare"	vecchi e nuovi	militanti, alla luce delle pesanti bocciature subite dai primi, professionisti della politica, fatta eccezione per la riconferma di Edmondo Cirielli e, al contrario, dalla personale affermazione di alcuni volti nuovi.
yes	X e Y	vecchie	nuove	nuovo - vecchio	"[lemma=""vecchio"" & pos=""ADJ""][word=""e""][lemma=""nuovo"" & pos=""ADJ""]"	6037680	Il prossimo 9 luglio i cancelli dell'area archeologica resteranno chiusi: è quanto hanno annunciato Uil e Unsa che tornano dopo tre anni di trgua a portare in campo rivendicazioni	vecchie e nuove	.
yes	X e Y	vecchie	nuove	nuovo - vecchio	"[lemma=""vecchio"" & pos=""ADJ""][word=""e""][lemma=""nuovo"" & pos=""ADJ""]"	1868973	E la frequentazione di Brera - in occasione delle loro saltuarie presenze a Milano - di tutte le star	vecchie e nuove	del teatro e del cinema italiano: Vittorio De Sica, Vittorio Gassman, Caprioli, Valeri, Bonucci, Lea e Lia Padovani, Foà, Vivi Gioi, Elli Parvo.
yes	X e Y	vecchie	nuove	nuovo - vecchio	"[lemma=""vecchio"" & pos=""ADJ""][word=""e""][lemma=""nuovo"" & pos=""ADJ""]"	782442	"Tale bisogno farà diminuire il fascino di una vita indipendente ma solitaria, porterà a un rifiuto crescente del narcisismo e spingerà le persone a stringersi le une alle altre, a "" fare famiglia "", a cercare forme"	vecchie e nuove	di convivenza e di solidarietà comunitaria.
yes	X e Y	vecchi	nuovi	nuovo - vecchio	"[lemma=""vecchio"" & pos=""ADJ""][word=""e""][lemma=""nuovo"" & pos=""ADJ""]"	3026222	Sotto, in quelle che un tempo erano le stalle, ci sono due sale attrezzate con un'amplificazione logorata dall'andirivieni di gruppi	vecchi e nuovi	che, suddivisi in turni, si dividono quel piccolo spazio a un prezzo decisamente politico, se si pensa alla penuria di sala prove in città.
yes	X e Y	vecchi	nuovi	nuovo - vecchio	"[lemma=""vecchio"" & pos=""ADJ""][word=""e""][lemma=""nuovo"" & pos=""ADJ""]"	1417334	Da quasi 40 anni i Deep Purple girano il mondo con il loro rock duro che ha fatto storia, e stasera fanno tappa al Palasport di Parma per proporre brani	vecchi e nuovi	, con la novità di «Rapture of deep», ultima incisione.
yes	X e Y	vecchi	nuovi	nuovo - vecchio	"[lemma=""vecchio"" & pos=""ADJ""][word=""e""][lemma=""nuovo"" & pos=""ADJ""]"	6504430	Il lavoro offre un'ampia sintesi della letteratura sotto il profilo storico, giudirico e psico - sociologico, analizza le logiche persecutorie, dal punto di vista degli esecutori e delle vittime, combinando il rigore dello studioso con l'impegno di chi vuole mettere in guardia dai revisionismi	vecchi e nuovi	, che issano le bandiere del nazionalismo e lavorano all'ignobile causa della depenalizzazione dei crimini contro l'umanità.
yes	X e Y	vecchio	nuovo	nuovo - vecchio	"[lemma=""vecchio"" & pos=""ADJ""][word=""e""][lemma=""nuovo"" & pos=""ADJ""]"	7123572	Le sorprese migliori arrivano però dai cattivi, che contemplano	vecchio e nuovo	e parlano in modo meno stereotipato rispetto allo spararagnatele.
yes	X e Y	vecchi	nuovi	nuovo - vecchio	"[lemma=""vecchio"" & pos=""ADJ""][word=""e""][lemma=""nuovo"" & pos=""ADJ""]"	1993995	Scandali	vecchi e nuovi	coperti e avallati da un Governo, il Governo Crocetta, che mostra con sempre maggiore chiarezza il volto del clientelismo da vecchia Sicilia tardo democristiana.
yes	X e Y	vecchi	nuovi	nuovo - vecchio	"[lemma=""vecchio"" & pos=""ADJ""][word=""e""][lemma=""nuovo"" & pos=""ADJ""]"	388605	Assisteremo probabilmente nei prossimi anni a una grande ridistribuzione del potere fra soggetti	vecchi e nuovi	, a una fase in cui ogni regione storica cercherà di sottrarre competenze al vecchio Stato unitario di cui fa parte e ogni Stato si batterà per conservare il massimo di sovranità economica e militare.
yes	X e Y	vecchia	nuova	nuovo - vecchio	"[lemma=""vecchio"" & pos=""ADJ""][word=""e""][lemma=""nuovo"" & pos=""ADJ""]"	1058705	Per il governo, un contratto di due anni, sia pure con possibilità di licenziamento, vorrebbe invece rappresentare un incentivo per le imprese ad assumere e offrire una prospettiva a milioni di giovani disoccupati: il 23% in media, con punte del 40 50% nelle periferie di	vecchia e nuova	immigrazione.
yes	X e Y	vecchie	nuove	nuovo - vecchio	"[lemma=""vecchio"" & pos=""ADJ""][word=""e""][lemma=""nuovo"" & pos=""ADJ""]"	2779317	Oggi, nonostante i precari, le crisi, le povertà	vecchie e nuove	, a Milano è tornata la voglia di respirare.
yes	X e Y	vecchie	nuove	nuovo - vecchio	"[lemma=""vecchio"" & pos=""ADJ""][word=""e""][lemma=""nuovo"" & pos=""ADJ""]"	2741607	Il Boss ovviamente fa suoi questi pezzi e in generale, fra	vecchie e nuove	basi, pare in piena sperimentazione: utilizza i musicisti incamerati nella E - Street e altri presi dalle Seeger Sessions, come a voler sondare sonorità future che lo sintonizzino con le generazioni che avanzano, per le quali il rock non è materia di vita o di morte come per lui: c'è nuovo pubblico da conquistare, insomma.
yes	X e Y	nuovo	vecchio	nuovo - vecchio	"[lemma=""nuovo"" & pos=""ADJ""][word=""e""][lemma=""vecchio"" & pos=""ADJ""]"	1380020	Ma chi ha assistito all5assemblea annuale della Confagricoltura, venerdì 7 luglio, si è reso conto che Paolo De Castro e Gianni Alemanno,	nuovo e vecchio	ministro delle Politiche agricole, sono «ministri gemelli».
yes	X e Y	vecchio	nuovo	nuovo - vecchio	"[lemma=""vecchio"" & pos=""ADJ""][word=""e""][lemma=""nuovo"" & pos=""ADJ""]"	7008165	Ragion per cui ci si vede a pranzo, tra centristi di	vecchio e nuovo	conio, ma anche con new entry come Stefano Parisi.
yes	X e Y	vecchie	nuove	nuovo - vecchio	"[lemma=""vecchio"" & pos=""ADJ""][word=""e""][lemma=""nuovo"" & pos=""ADJ""]"	5528036	01 02 1997 Peronaci Fabrizio - Avviata dal Comune un'indagine statistica sul fenomeno della nuova emarginazione Pavia, ricchezza e povertà Tanti anziani alla fame e senzatetto nella capitale dei depositi in banca Un quarto degli abitanti supera i 63 anni Quasi in mille sopravvivono con la pensione sociale L'allarme di don Tassone della Casa del Giovane PAVIA - La capitale dei depositi in banca, ma anche il luogo dove resistono e fioriscono	vecchie e nuove	povertà.
yes	X e Y	vecchie	nuove	nuovo - vecchio	"[lemma=""vecchio"" & pos=""ADJ""][word=""e""][lemma=""nuovo"" & pos=""ADJ""]"	1084315	3) L'esame parallelo delle norme	vecchie e nuove	che ruotano intorno alla figura dell'approvazione in materia di affidamento dei contratti pubblici, induce ad accedere verso la permanenza, in capo alle amministrazioni appaltanti, del potere di disapprovazione previsto dall'art.113 del regolamento di contabilità, istituto solido e resistente ai mutamenti, che supera la prova di compatibilità con la disciplina fissata dall'art. 12 commi 2-3 del codice (21).
yes	X e Y	vecchi	nuovi	nuovo - vecchio	"[lemma=""vecchio"" & pos=""ADJ""][word=""e""][lemma=""nuovo"" & pos=""ADJ""]"	1069423	Il Giro guarda infatti già avanti, per esorcizzare	vecchi e nuovi	fantasmi e per affermare più chiaramente il concetto chiave: la Corsa viene prima di tutto e non finisce mai.
yes	X e Y	vecchie	nuove	nuovo - vecchio	"[lemma=""vecchio"" & pos=""ADJ""][word=""e""][lemma=""nuovo"" & pos=""ADJ""]"	856425	Le autoradio	vecchie e nuove	, le canzoni da stonare mentre ti fermi in un autogrill sperando che vendano le sigarette visto che da un po' di tempo avevano perso questa abitudine.
yes	X e Y	nuovo	vecchio	nuovo - vecchio	"[lemma=""nuovo"" & pos=""ADJ""][word=""e""][lemma=""vecchio"" & pos=""ADJ""]"	5783246	Il dato del Ministero di Giustizia è aggiornato al 2 agosto scorso e fa riferimento all'arretrato (	nuovo e vecchio	rito) pendente in 121 tribunali su 164.
yes	X e Y	vecchi	nuovi	nuovo - vecchio	"[lemma=""vecchio"" & pos=""ADJ""][word=""e""][lemma=""nuovo"" & pos=""ADJ""]"	4412216	Ma lo scambio delle notizie e delle idee, che ha sempre determinato il mutare dei costumi e delle istituzioni, ha storicamente acquistato efficacia infinitamente maggiore allorché le persone hanno avuto a disposizione i mezzi materiali e l'energia occorrenti, oltre che per comunicare, per muoversi e appagare i propri bisogni,	vecchi e nuovi	.
yes	X e Y	vecchi	nuovi	nuovo - vecchio	"[lemma=""vecchio"" & pos=""ADJ""][word=""e""][lemma=""nuovo"" & pos=""ADJ""]"	131611	Per impararlo, si fa lezione nelle tipiche botteghe dei centri storici, tutt'altro che moderne o accoglienti negli arredi, ma preziose per le indicazioni che possono dare all'esordiente: strumenti	vecchi e nuovi	, scarpe di tutti i tipi e, soprattutto, l'arte osservata dalle mani di chi da anni maneggia le scarpe.
yes	X e Y	nuovi	vecchi	nuovo - vecchio	"[lemma=""nuovo"" & pos=""ADJ""][word=""e""][lemma=""vecchio"" & pos=""ADJ""]"	5177816	Salite a bordo: si parte per il Mediterraneo Barcellonae le Balearisono due mete sicure per trascorrere vacanze elettrizzanti insieme a	nuovi e vecchi	amici.
yes	X e Y	vecchie	nuove	nuovo - vecchio	"[lemma=""vecchio"" & pos=""ADJ""][word=""e""][lemma=""nuovo"" & pos=""ADJ""]"	2620956	Perché il sistema consolare in pratica consiste in questo: i gruppi principali che caratterizzano la città, che siano eminenze economiche, militari, politiche,	vecchie e nuove	, stabilizzate e recenti, che si riconoscono nella città e della città vogliono non soltanto la sopravvivenza ma l Â affermazione perché da quest Â ultima dipendono loro stessi, designano un certo numero di loro rappresentanti a parlare nel comune consiglio, a prendere decisioni condivise (comuni) e a comunicarle all Â intero popolo riunito.
yes	X e Y	vecchie	nuove	nuovo - vecchio	"[lemma=""vecchio"" & pos=""ADJ""][word=""e""][lemma=""nuovo"" & pos=""ADJ""]"	6939863	Una decisione imposta dallo sconcerto della pubblica opinione davanti a	vecchie e nuove	inchieste giudiziarie che avevano visto il coinvolgimento di burocrati ad alto e altissimo livello, dal direttore generale del servizio farmaceutico nazionale Duilio Poggiolini (al quale erano stati da poco confiscati oltre 31 milioni di euro) fino ad Angelo Balducci, il «dominus» dei lavori pubblici fino al momento dell'arresto, delle condanne e delle confische di beni (27 tra ville, appartamenti di pregio e terreni più quote societarie e altro ancora in Lussemburgo) per oltre 9 milioni.
yes	X e Y	vecchia	nuova	nuovo - vecchio	"[lemma=""vecchio"" & pos=""ADJ""][word=""e""][lemma=""nuovo"" & pos=""ADJ""]"	7081486	Il risultato è il prosperare della destra,	vecchia e nuova	che lavora sugli individui più che sui cittadini, sugli stati d'animo piuttosto che sulla loro traduzione politica.
yes	X e Y	vecchie	nuove	nuovo - vecchio	"[lemma=""vecchio"" & pos=""ADJ""][word=""e""][lemma=""nuovo"" & pos=""ADJ""]"	313040	Il primo è denominato Version, che al momento può prendere solo il valore 1.0, quindi: MIME - Version: 1.0 [CRLF] Questo campo ha due scopi: il primo è quello di confermare l'avvenuta codifica del messaggio secondo lo standard MIME, ovvero che i vari campi Content -* sono realmente campi MIME e non semplici coincidenze; il secondo, permettere in futuro di gestire contemporaneamente	vecchie e nuove	versioni dello standard.
yes	X e Y	vecchi	nuovi	nuovo - vecchio	"[lemma=""vecchio"" & pos=""ADJ""][word=""e""][lemma=""nuovo"" & pos=""ADJ""]"	5826606	11 07 1997 Test con la Classe A: voglia di stupire clienti	vecchi e nuovi	Piccola così, chi l'amerà?
yes	X e Y	vecchi	nuovi	nuovo - vecchio	"[lemma=""vecchio"" & pos=""ADJ""][word=""e""][lemma=""nuovo"" & pos=""ADJ""]"	2862033	Poi per lui erano arrivati i primi soldi e i primi consensi, e soprattutto Lidia, affascinante quarantacinquenne moglie di un cardiochirurgo e direttrice del Palazzo degli Specchi, dove si facevano e disfacevano talenti	vecchi e nuovi	.
yes	X ma Y	vecchi	nuovi	nuovo - vecchio	"[lemma=""vecchio"" & pos=""ADJ""][word=""ma""][lemma=""nuovo"" & pos=""ADJ""]"	6314007	Le Ferrari 1998 avranno, per esempio, dei colori di carrozzeria	vecchi ma nuovi	.
yes	X o Y	vecchia	nuova	nuovo - vecchio	"[lemma=""vecchio"" & pos=""ADJ""][word=""o""][lemma=""nuovo"" & pos=""ADJ""]"	1089349	Intanto si conferma una regola generale della ricchezza	vecchia o nuova	che sia: i figli dei ricchi si cercano, si trovano, si perdonano le differenze culturali e politiche.
yes	X o Y	vecchi	nuovi	nuovo - vecchio	"[lemma=""vecchio"" & pos=""ADJ""][word=""o""][lemma=""nuovo"" & pos=""ADJ""]"	4314289	Noi invece preferiamo reclutarli tra le clientele dei partiti,	vecchi o nuovi	è lo stesso.
yes	X o Y	nuova	vecchia	nuovo - vecchio	"[lemma=""nuovo"" & pos=""ADJ""][word=""o""][lemma=""vecchio"" & pos=""ADJ""]"	6091850	A Hong Kong dicono che il veto alla visita del Papa significa che nella Cina comunista si ha intenzione di intensificare la persecuzione contro ogni	nuova o vecchia	religione e che quindi l'autonomia della ex colonia ha i giorni contati.
yes	X o Y	vecchia	nuova	nuovo - vecchio	"[lemma=""vecchio"" & pos=""ADJ""][word=""o""][lemma=""nuovo"" & pos=""ADJ""]"	3181390	Una volta, a quest'ora, c'era sempre qualcuno che passava sotto le finestre fischiando spensierato la melodia di qualche	vecchia o nuova	canzone.
yes	X o Y	nuove	vecchie	nuovo - vecchio	"[lemma=""nuovo"" & pos=""ADJ""][word=""o""][lemma=""vecchio"" & pos=""ADJ""]"	2707463	Mentre oggi ha raddoppiato la dose teorizzando che non importa se le opere siano	nuove o vecchie	, fatte in situ o immaginate tanto tempo fa, quel che importa è il contesto, il frangente, l'immediato, le rovine pronte a sollevarsi in un vortice per diventare futuro (Angelus Novus) o il Capitale di Marx che vissuto nella sua forza epica e narrativa ispira uno dei futuri intravisti da Enwezor.
yes	X o Y	vecchia	nuova	nuovo - vecchio	"[lemma=""vecchio"" & pos=""ADJ""][word=""o""][lemma=""nuovo"" & pos=""ADJ""]"	285407	La prima è che ogni tecnologia,	vecchia o nuova	, va capita (e spiegata) prima di applicarla; e poi usata secondo esigenze precise, non diffusa indiscriminatamente, come sta accadendo - non solo nel caso dei cookie.
yes	X o Y	vecchia	nuova	nuovo - vecchio	"[lemma=""vecchio"" & pos=""ADJ""][word=""o""][lemma=""nuovo"" & pos=""ADJ""]"	5237146	Ne faremo cenno più avanti, anche se il movimento sempre più di Bossi ha ormai poco o nulla a che fare con la politica,	vecchia o nuova	che sia.
yes	X o Y	vecchio	nuovo	nuovo - vecchio	"[lemma=""vecchio"" & pos=""ADJ""][word=""o""][lemma=""nuovo"" & pos=""ADJ""]"	1381864	Chi vive qui ha, o acquisisce rapidamente, una percezione rigorosa ed esigente del «decoro», un concetto quasi etnico che comprende un po' tutto, dall'intolleranza verso i cani che sporcano a quella verso i rumori troppo forti, dall'entusiasmo per ciò che dà lustro alla città alla sacralità del lavoro,	vecchio o nuovo	che sia.
yes	X o Y	vecchia	nuova	nuovo - vecchio	"[lemma=""vecchio"" & pos=""ADJ""][word=""o""][lemma=""nuovo"" & pos=""ADJ""]"	2395833	Tv	vecchia o nuova	, arricchita o alla moviola, digital - popolare In occasione del convegno organizzato dal Corecom Lazio lo scorso 6 luglio, voluto dal bravo Francesco Soro e intitolato Vecchia Tv vs.
yes	X o Y	vecchio	nuovo	nuovo - vecchio	"[lemma=""vecchio"" & pos=""ADJ""][word=""o""][lemma=""nuovo"" & pos=""ADJ""]"	6443061	Il banco effettua ritiri e riparazioni a domicilio non solo della macchina per cucire, ma anche del mobiletto,	vecchio o nuovo	che sia.
yes	X o Y	vecchia	nuova	nuovo - vecchio	"[lemma=""vecchio"" & pos=""ADJ""][word=""o""][lemma=""nuovo"" & pos=""ADJ""]"	5531231	"Conoscere le "" regole "" è importante; ma solo quando le regole diventano "" costume "", la Costituzione ("	vecchia o nuova	", non importa) si trasforma da semplice testo scritto in una "" tavola di valori "", capace di coinvolgere la responsabilità di ciascuno e l'impegno di tutti."
yes	X o Y	vecchia	nuova	nuovo - vecchio	"[lemma=""vecchio"" & pos=""ADJ""][word=""o""][lemma=""nuovo"" & pos=""ADJ""]"	154429	Minore sarà la sua intesa con il partner, di	vecchia o nuova	data, e maggiore sarà la sua dipendenza dal giudizio che il compagno ha di lei.
yes	X o Y	vecchia	nuova	nuovo - vecchio	"[lemma=""vecchio"" & pos=""ADJ""][word=""o""][lemma=""nuovo"" & pos=""ADJ""]"	4122238	Nel processo che li riguarda, emergono dallo sfondo, dove la psichiatria -	vecchia o nuova	- li ha sempre destinati e si fanno attori consapevoli.
yes	X o Y	nuove	vecchie	nuovo - vecchio	"[lemma=""nuovo"" & pos=""ADJ""][word=""o""][lemma=""vecchio"" & pos=""ADJ""]"	402124	"E questo interrogativo rimanda alla discussione in corso sui "" saperi fondamentali "" della scuola che coinvolge non solo le "" discipline "","	nuove o vecchie	, ma i paradigmi sempre più mobili e differenziati in base ai quali configurare le pratiche collettive e individuali della conoscenza.
yes	X o Y	vecchio	nuovo	nuovo - vecchio	"[lemma=""vecchio"" & pos=""ADJ""][word=""o""][lemma=""nuovo"" & pos=""ADJ""]"	6428711	Eppure, sarebbe molto importante sapere se l'apparecchio con cui in ospedale ci fanno la Tac o la radiografia è	vecchio o nuovo	, e se viene revisionato.
yes	X o Y	nuovo	vecchio	nuovo - vecchio	"[lemma=""nuovo"" & pos=""ADJ""][word=""o""][lemma=""vecchio"" & pos=""ADJ""]"	6809525	Primo: quando c'è di mezzo un cadavere, che sia	nuovo o vecchio	, l'unico momento in cui puoi dire di aver finito è quando hai trovato l'assassino e l'hai sbattuto dentro, sempre che nel frattempo non succeda altro, perché in quel caso la parola fine te la puoi congelare per chissà quanto.
yes	X o Y	vecchio	nuovo	nuovo - vecchio	"[lemma=""vecchio"" & pos=""ADJ""][word=""o""][lemma=""nuovo"" & pos=""ADJ""]"	389299	Non c'è mezzo di distribuzione,	vecchio o nuovo	(cavo, satellite, rete tematica, pay per view, on demand, Internet veloce) che non debba misurarsi con questa legge.
yes	X o Y	vecchia	nuova	nuovo - vecchio	"[lemma=""vecchio"" & pos=""ADJ""][word=""o""][lemma=""nuovo"" & pos=""ADJ""]"	4123168	Pur riferendomi ad un contesto specifico limitato - i lungodegenti di un ex - ospedale psichiatrico - ritengo che le riflessioni siano generalizzabili al più vasto mondo della cronicità psichiatrica -	vecchia o nuova	che sia.
yes	X o Y	nuovo	vecchio	nuovo - vecchio	"[lemma=""nuovo"" & pos=""ADJ""][word=""o""][lemma=""vecchio"" & pos=""ADJ""]"	4411394	Non è infatti il contenuto in sé e per sé,	nuovo o vecchio	, progressista o conservatore che sia, a fare di un artista un artista.
yes	X o Y	nuove	vecchie	nuovo - vecchio	"[lemma=""nuovo"" & pos=""ADJ""][word=""o""][lemma=""vecchio"" & pos=""ADJ""]"	956761	"es. come conseguenza di un'alterata funzionalità della barriera emato - encefalica, si verificherebbe una intensa attività neuronale le cui conseguenze sarebbero: difficoltà di riconoscere le informazioni in entrata come """	nuove o vecchie	""", da cui una sovrastimolazione del cervello, che a sua volta si rifletterebbe, a lungo andare, in perdita dell'attenzione, della capacità di concentrazione, in depressione mentale, ansia e stress, ad andamento cronico."
yes	X o Y	vecchi	nuovi	nuovo - vecchio	"[lemma=""vecchio"" & pos=""ADJ""][word=""o""][lemma=""nuovo"" & pos=""ADJ""]"	32458	Infatti Internet è nato molto prima che il World - Wide Web e quindi esistono servizi	vecchi o nuovi	alternativi al Web, per fare molte cose che non navigare.
yes	X o Y	vecchi	nuovi	nuovo - vecchio	"[lemma=""vecchio"" & pos=""ADJ""][word=""o""][lemma=""nuovo"" & pos=""ADJ""]"	5066475	Ma rilevare delle differenze nella riflessione politica (che sul tema del partito vi sono state tra Ferrero e i bertinottiani, ad esempio al congresso) e il sedimentarsi intorno ad esse di un'area di simpatia politica non significa per forza annunciare uno scontro di potere tra gruppi	vecchi o nuovi	, quanto magari un confronto di idee.
yes	X o Y	vecchi	nuovi	nuovo - vecchio	"[lemma=""vecchio"" & pos=""ADJ""][word=""o""][lemma=""nuovo"" & pos=""ADJ""]"	1361520	Nel primo caso, legittimati a chiedere la riapertura sono, oltre al debitore, anche i creditori	vecchi o nuovi	; nel secondo caso, è legittimato il solo debitore.
yes	X o Y	nuova	vecchia	nuovo - vecchio	"[lemma=""nuovo"" & pos=""ADJ""][word=""o""][lemma=""vecchio"" & pos=""ADJ""]"	6301383	O QUASI Cena, auguri e fantasia Ma è	nuova o vecchia	la Vecchia Viscontea?
yes	X o Y	vecchia	nuova	nuovo - vecchio	"[lemma=""vecchio"" & pos=""ADJ""][word=""o""][lemma=""nuovo"" & pos=""ADJ""]"	6356360	Il lifting su carta Se siamo legati a una fotografia,	vecchia o nuova	, che ha subito dei danni, non tutto è perduto.
yes	a X e Y	nuovi	vecchi	nuovo - vecchio	"[word=""a""][lemma=""nuovo"" & pos=""ADJ""][word=""e""][lemma=""vecchio"" & pos=""ADJ""]"	2719905	E se il segretario regionale, Giacomo Leonelli si spinge a dire che la ricandidatura della governatrice Catiuscia Marini, bersaniana, in scadenza nel 2015, «non è scontata perché adesso nulla è scontato», il presidente della Provincia di Perugia Marco Vinicio Guasticchi, membro della direzione nazionale del partito si accredita come più renziano di tutti: «Bisogna cambiare veramente verso» scrive su Facebook, «vorrei però ricordare	a nuovi e vecchi	renziani che il sottoscritto quattro anni fa ha invitato Renzi a Perugia.
yes	a X e Y	nuovi	vecchi	nuovo - vecchio	"[word=""a""][lemma=""nuovo"" & pos=""ADJ""][word=""e""][lemma=""vecchio"" & pos=""ADJ""]"	410734	E'questa una posizione che si può discutere, ma rilancia la domanda del che fare in alternativa all'affidarsi	a nuovi e vecchi	protettori dell'anima.
yes	sia X che Y	vecchi	nuovi	nuovo - vecchio	"[word=""sia""][lemma=""vecchio"" & pos=""ADJ""][word=""che""][lemma=""nuovo"" & pos=""ADJ""]"	2628222	Cattivi metodi portano a risultati inattendibili, anche se spesso sono i risultati che più suscitano clamore e interesse fra il pubblico dei non addetti e fra gli esponenti dei media,	sia vecchi che nuovi	.
yes	sia X sia Y	nuove	vecchie	nuovo - vecchio	"[word=""sia""][lemma=""nuovo"" & pos=""ADJ""][word=""sia""][lemma=""vecchio"" & pos=""ADJ""]"	5594795	In calo, poco sensibile ma generalizzato, sono tutte le Passat	sia nuove sia vecchie	tranne nelle versioni Tdi della serie precedente.
yes	tra X e Y	vecchio	nuovo	nuovo - vecchio	"[word=""tra""][lemma=""vecchio"" & pos=""ADJ""][word=""e""][lemma=""nuovo"" & pos=""ADJ""]"	959655	Se non altro questo'schieramento opinionistico', avviene sulla base di un confronto oggettivo	tra vecchio e nuovo	terrorismo, che, inevitabilmente rende spontaneo chiedersi se il nuovo debba essere analizzato con gli stessi mezzi o metodi oppure no.
yes	tra X e Y	vecchio	nuovo	nuovo - vecchio	"[word=""tra""][lemma=""vecchio"" & pos=""ADJ""][word=""e""][lemma=""nuovo"" & pos=""ADJ""]"	7017706	Viene da Monteverde, senza distinzione	tra vecchio e nuovo	, tra mistica popolare e pretesa intellettuale, il gruppo del Partito Democratico che comanda o si presume comandi al ministero dell'Economia e delle Finanze, in maniera intimistica chiamato Mef.
yes	tra X e Y	vecchia	nuova	nuovo - vecchio	"[word=""tra""][lemma=""vecchio"" & pos=""ADJ""][word=""e""][lemma=""nuovo"" & pos=""ADJ""]"	2395857	) Un mix di contenuti, modalità e fonti che appunto non ha fatto troppa differenza	tra vecchia e nuova	tv.
yes	tra X e Y	vecchia	nuova	nuovo - vecchio	"[word=""tra""][lemma=""vecchio"" & pos=""ADJ""][word=""e""][lemma=""nuovo"" & pos=""ADJ""]"	2355360	Quasi 2 mesi senza trovare la via del gol, che invece il Bologna ha sempre imboccato nelle ultime 18 gare interne	tra vecchia e nuova	stagione.
yes	tra X e Y	vecchie	nuove	nuovo - vecchio	"[word=""tra""][lemma=""vecchio"" & pos=""ADJ""][word=""e""][lemma=""nuovo"" & pos=""ADJ""]"	431401	Anche i rapporti di forza	tra vecchie e nuove	civiltà sono sottoposti a tensioni e a possibili rovesciamenti.
yes	tra X e Y	vecchi	nuovi	nuovo - vecchio	"[word=""tra""][lemma=""vecchio"" & pos=""ADJ""][word=""e""][lemma=""nuovo"" & pos=""ADJ""]"	6965748	È caos sulle case in edilizia agevolata È una guerra senza esclusione di colpi quella	tra vecchi e nuovi	proprietari degli alloggi di edilizia agevolata.
yes	tra X e Y	vecchio	nuovo	nuovo - vecchio	"[word=""tra""][lemma=""vecchio"" & pos=""ADJ""][word=""e""][lemma=""nuovo"" & pos=""ADJ""]"	6203985	E il presidente Ciampi non ha tradito le aspettative né su un fronte né sull'altro, ricercando in entrambi i casi un punto di equilibrio, una mediazione tra ragione e sentimento,	tra vecchio e nuovo	", tra continuità e discontinuità, il "" leit - motiv "" che ha ispirato dall'inizio alla fine il suo esordio istituzionale nel - l'aula di Montecitorio."
yes	tra X e Y	vecchio	nuovo	nuovo - vecchio	"[word=""tra""][lemma=""vecchio"" & pos=""ADJ""][word=""e""][lemma=""nuovo"" & pos=""ADJ""]"	6200933	Così dai racconti degli abitanti di Santa Severa viene fuori anche un paragone	tra vecchio e nuovo	presidente della Repubblica.
yes	tra X e Y	vecchio	nuovo	nuovo - vecchio	"[word=""tra""][lemma=""vecchio"" & pos=""ADJ""][word=""e""][lemma=""nuovo"" & pos=""ADJ""]"	6036134	È tra l'altro prevista la realizzazione del collegamento	tra vecchio e nuovo	corpo di fabbrica attraverso l'apertura di due vani che consentiranno l'accesso alla guardiola per la portineria ed all'archivio per la Ragioneria.
yes	tra X e Y	nuovo	vecchio	nuovo - vecchio	"[word=""tra""][lemma=""nuovo"" & pos=""ADJ""][word=""e""][lemma=""vecchio"" & pos=""ADJ""]"	6506379	L'avvento di Dylan Dog in casa Bonelli non produsse una discriminazione	tra nuovo e vecchio	.
yes	tra X e Y	vecchio	nuovo	nuovo - vecchio	"[word=""tra""][lemma=""vecchio"" & pos=""ADJ""][word=""e""][lemma=""nuovo"" & pos=""ADJ""]"	237766	"La demolizione dei vecchi tavolati lascia, a pavimento, uno spazio "" vuoto "" che viene rivestito da una fascia decorativa di differente essenza, scelta a vostro piacimento: si crea così un piacevole motivo a L che delimita la zona letto e serve da raccordo"	tra vecchio e nuovo	parquet (vedi pianta e prospettiva).
yes	tra X e Y	vecchio	nuovo	nuovo - vecchio	"[word=""tra""][lemma=""vecchio"" & pos=""ADJ""][word=""e""][lemma=""nuovo"" & pos=""ADJ""]"	5285898	Ciò riequilibra la diseguaglianza stilistica che talora	tra vecchio e nuovo	si riscontra: giacché la vera diseguaglianza più di valore che stilistica è vizio onde in radice è affetto il Macbeth sin dal 1847.
yes	tra X e Y	vecchie	nuove	nuovo - vecchio	"[word=""tra""][lemma=""vecchio"" & pos=""ADJ""][word=""e""][lemma=""nuovo"" & pos=""ADJ""]"	3239019	Oscillavo	tra vecchie e nuove	sensazioni: tra la familiarità di quello che conoscevo da sempre e l'attrazione per quello che avevo appena sfiorato.
yes	tra X e Y	vecchia	nuova	nuovo - vecchio	"[word=""tra""][lemma=""vecchio"" & pos=""ADJ""][word=""e""][lemma=""nuovo"" & pos=""ADJ""]"	576527	Così l'École buissonniere (1949), sul conflitti	tra vecchia e nuova	pedagogia nella scuola; Sans laisser d'adresse (... e mi lasciò senza indirizzo, 1951), sul problema delle giovani madri; Le cas du docteur Laurent (Il caso del dottor Laurent, 1957), sul parto indolore.
yes	tra X e Y	vecchio	nuovo	nuovo - vecchio	"[word=""tra""][lemma=""vecchio"" & pos=""ADJ""][word=""e""][lemma=""nuovo"" & pos=""ADJ""]"	4559688	La sintesi	tra vecchio e nuovo	è molto soddisfacente.
yes	tra X e Y	vecchio	nuovo	nuovo - vecchio	"[word=""tra""][lemma=""vecchio"" & pos=""ADJ""][word=""e""][lemma=""nuovo"" & pos=""ADJ""]"	1398749	Infine, una stazione del vecchio sistema continuerà a funzionare per almeno un anno, perché assicuri la memoria storica e la connessione	tra vecchio e nuovo	piano.
yes	tra X e Y	vecchio	nuovo	nuovo - vecchio	"[word=""tra""][lemma=""vecchio"" & pos=""ADJ""][word=""e""][lemma=""nuovo"" & pos=""ADJ""]"	5571999	13-11-97 L'impossibilità di considerare il tributo come un costo produce possibili discriminazioni In fumo il principio di capacità contributiva L'aliquota effettiva di tassazione sul reddito civilistico risulta minore al crescere dell'utile Raffaele Rizzardi Le discussioni di questi giorni, sull'introduzione della nuova imposta regionale e sulla rimodulazione delle aliquote Irpef, sono incentrate in prevalenza sul'pronostico comparativò	tra vecchio e nuovo	carico fiscale.
yes	tra X e Y	nuovi	vecchi	nuovo - vecchio	"[word=""tra""][lemma=""nuovo"" & pos=""ADJ""][word=""e""][lemma=""vecchio"" & pos=""ADJ""]"	4343546	E poi è l'insegnamento medico, prima e dopo la laurea, che deve avvantaggiarsi di questo straordinario strumento di conoscenza rendendo capillare	tra nuovi e vecchi	medici il progresso della medicina molecolare.
yes	tra X e Y	vecchie	nuove	nuovo - vecchio	"[word=""tra""][lemma=""vecchio"" & pos=""ADJ""][word=""e""][lemma=""nuovo"" & pos=""ADJ""]"	2809253	O, ancora, la frattura che segna un sistema manifatturiero, dislocato sul territorio e smembrato	tra vecchie e nuove	vocazioni industriali.
yes	tra X e Y	nuovo	vecchio	nuovo - vecchio	"[word=""tra""][lemma=""nuovo"" & pos=""ADJ""][word=""e""][lemma=""vecchio"" & pos=""ADJ""]"	334784	Carpe diem Ovvero il momento esatto del passaggio	tra nuovo e vecchio	millennio.
yes	tra X e Y	vecchio	nuovo	nuovo - vecchio	"[word=""tra""][lemma=""vecchio"" & pos=""ADJ""][word=""e""][lemma=""nuovo"" & pos=""ADJ""]"	1731009	Anziché un percorso più o meno lineare verso l'abbandono dei retaggi precedenti e l'assunzione degli abiti mentali propri della società ricevente, salgono alla ribalta itinerari più complessi, in cui l'incontro e la mescolanza	tra vecchio e nuovo	, ricevuto dalla tradizione e acquisito nel nuovo ambiente, producono nuove sintesi e identificazioni composite e mobili: le identità «col trattino» esibite dai giovani di origine immigrata (cino - italiano, marocchino - italiano, ecc.
yes	tra X e Y	vecchio	nuovo	nuovo - vecchio	"[word=""tra""][lemma=""vecchio"" & pos=""ADJ""][word=""e""][lemma=""nuovo"" & pos=""ADJ""]"	644790	"L'assunzione in deroga di un "" pins "" sottrae al già scarso fondo complessivo un budget intero, mentre quella di un idoneo "" interno "" (che è di fatto una progressione di carriera) sottrae solo la differenza"	tra vecchio e nuovo	stipendio, quasi nulla in molti casi.
yes	tra X e Y	nuova	vecchia	nuovo - vecchio	"[word=""tra""][lemma=""nuovo"" & pos=""ADJ""][word=""e""][lemma=""vecchio"" & pos=""ADJ""]"	699256	Altro che opzione	tra nuova e vecchia	"(che Schumacher avrà come muletto), "" l'alternativa non esiste, abbiamo deciso di puntare tutto sulla F2002, perché ci dà sufficienti garanzie."
yes	tra X e Y	vecchie	nuove	nuovo - vecchio	"[word=""tra""][lemma=""vecchio"" & pos=""ADJ""][word=""e""][lemma=""nuovo"" & pos=""ADJ""]"	6883163	Questa realtà si caratterizza come uno spazio di creazione di linguaggi (connettività, ipermedialità, interattività), un luogo di negoziazione	tra vecchie e nuove	"soggettività, siano esse imprese, collettivi, individui, forme tecnologiche e post - umane, insomma "" un luogo nel quale è possibile osservare le diverse forme della comunicazione e i livelli d'intreccio "" (Boccia Ariteri, 2004, p."
yes	tra X e Y	nuovi	vecchi	nuovo - vecchio	"[word=""tra""][lemma=""nuovo"" & pos=""ADJ""][word=""e""][lemma=""vecchio"" & pos=""ADJ""]"	5951089	Lo scontro	tra nuovi e vecchi	capimafia ieri sera ha fatto due vittime eccellenti a Paternò, importante centro della provincia ritenuto uno dei vertici del triangolo della morte assieme a Balpasso e Adrano.
yes	tra X e Y	vecchie	nuove	nuovo - vecchio	"[word=""tra""][lemma=""vecchio"" & pos=""ADJ""][word=""e""][lemma=""nuovo"" & pos=""ADJ""]"	6890357	Gli immigrati trovano davanti a sé un ambiente istituzionale, economico e culturale in cui il lavoro autonomo,	tra vecchie e nuove	difficoltà, continua ad avere una radicata cittadinanza, e non è stato finora scalzato da forme di organizzazione economica imperniate su imprese più grandi e strutturate.
yes	tra X e Y	vecchio	nuovo	nuovo - vecchio	"[word=""tra""][lemma=""vecchio"" & pos=""ADJ""][word=""e""][lemma=""nuovo"" & pos=""ADJ""]"	4236565	Sono distinzioni importanti che identificano in termini precisi gli spazi simbolici di tutta la vicenda attraverso la cui contrapposizione si manifesta il contrasto	tra vecchio e nuovo	mondo, tra la razionalità e la chiusura dell'ancien regime e il bisogno di infinito e di libertà dei nuovi tempi.
yes	tra X e Y	nuova	vecchia	nuovo - vecchio	"[word=""tra""][lemma=""nuovo"" & pos=""ADJ""][word=""e""][lemma=""vecchio"" & pos=""ADJ""]"	6565297	Un altro elemento moderno è il conflitto	tra nuova e vecchia	generazione: in particolare, l'ossessione di fare piazza pulita di Kylo Ren che vuole eliminare non solo la ribellione, ma tutto ciò che lo lega al passato, per ricostruire dalle macerie un mondo completamente nuovo su cui governare in modo assoluto.
yes	tra X e Y	vecchia	nuova	nuovo - vecchio	"[word=""tra""][lemma=""vecchio"" & pos=""ADJ""][word=""e""][lemma=""nuovo"" & pos=""ADJ""]"	6232714	Stimola due processi di avvicinamento	tra vecchia e nuova	"destra; e tra la destra e la piazza ""."
yes	tra X e Y	vecchio	nuovo	nuovo - vecchio	"[word=""tra""][lemma=""vecchio"" & pos=""ADJ""][word=""e""][lemma=""nuovo"" & pos=""ADJ""]"	2395365	Questa è la terza puntata, dedicata alle persone, in bilico	tra vecchio e nuovo	anno - la prima è qui e la seconda, fredda e bollente, qui.
yes	tra X e Y	vecchio	nuovo	nuovo - vecchio	"[word=""tra""][lemma=""vecchio"" & pos=""ADJ""][word=""e""][lemma=""nuovo"" & pos=""ADJ""]"	5239653	L'eredità dei rifiutati anni Ottanta è in questi Novanta spaccati	tra vecchio e nuovo	, tra una classe dirigente che con i più raffinati (ma anche spregiudicati) strumenti della politica cerca la sopravvivenza per sé e per i ceti protetti, e una maggioranza elettorale che non riesce ad ottenere il peso politico che le spetterebbe.
yes	tra X e Y	vecchio	nuovo	nuovo - vecchio	"[word=""tra""][lemma=""vecchio"" & pos=""ADJ""][word=""e""][lemma=""nuovo"" & pos=""ADJ""]"	6205953	Potrebbe legarsi con quella sui legami	tra vecchio e nuovo	brigatismo.
yes	tra X e Y	vecchie	nuove	nuovo - vecchio	"[word=""tra""][lemma=""vecchio"" & pos=""ADJ""][word=""e""][lemma=""nuovo"" & pos=""ADJ""]"	6419180	È il 30 settembre lo spartiacque	tra vecchie e nuove	regole 1 - La nuova legge sul cumulo presenta, secondo me, profili evidenti d'incostituzionalità per aver violato il principio della parità fra i cittadini.
yes	tra X e Y	vecchio	nuovo	nuovo - vecchio	"[word=""tra""][lemma=""vecchio"" & pos=""ADJ""][word=""e""][lemma=""nuovo"" & pos=""ADJ""]"	297202	Dossier9807d Internet News Luglio 1998, Dossier Dossier: i nuovi formati: da XML a CSS - 2 CSS - 2: continuità	tra vecchio e nuovo	Enzo Piacentini Dal punto di vista del progettista grafico, una delle caratteristiche più irritanti del Web è la mancanza di controllo.
yes	tra X e Y	nuovi	vecchi	nuovo - vecchio	"[word=""tra""][lemma=""nuovo"" & pos=""ADJ""][word=""e""][lemma=""vecchio"" & pos=""ADJ""]"	1717505	L'Ente regionale ha cercato con questa Legge di offrire delle risposte alle nuove istanze poste dall'aumento della presenza di migranti sul territorio, in particolare per assicurare una maggior coesione sociale	tra nuovi e vecchi	residenti, nel rispetto delle regole, del principio di pari opportunità e di accesso ai servizi e per facilitare la rimozione degli ostacoli che impediscono il pieno inserimento sociale, culturale e politico per i cittadini stranieri.
yes	tra X e Y	vecchia	nuova	nuovo - vecchio	"[word=""tra""][lemma=""vecchio"" & pos=""ADJ""][word=""e""][lemma=""nuovo"" & pos=""ADJ""]"	90300	"Innanzitutto non aver previsto un "" indice topografico "", cioè di raccordo"	tra vecchia e nuova	segnatura, rende quasi impossibile ritrovare una lettera di cui sia nota solo la collocazione numerica: infatti, se l'ordinamento generale del fondo risalente al Galluzzi e al Fossi non è stato modificato, la segnatura delle singole unità è stata cambiata rispetto a quella precedente, e a questa si deve fare attenzione quando si riprendono citazioni antecedenti quest'ultima inventariazione.
yes	tra X e Y	vecchie	nuove	nuovo - vecchio	"[word=""tra""][lemma=""vecchio"" & pos=""ADJ""][word=""e""][lemma=""nuovo"" & pos=""ADJ""]"	1842068	In questi giorni Wiesel celebra anche un'altra pietra miliare: il suo cinquantesimo romanzo, Le cas Sonderberg, acclamato dai critici francesi, dove affronta il lacerante conflitto	tra vecchie e nuove	generazioni nella Germania di oggi.
yes	tra X e Y	vecchia	nuova	nuovo - vecchio	"[word=""tra""][lemma=""vecchio"" & pos=""ADJ""][word=""e""][lemma=""nuovo"" & pos=""ADJ""]"	5666144	Questa commistione di norme,	tra vecchia e nuova	normativa, crea più di una incertezza, come dimostrano i numerosi fax e lettere pervenuti al  Servizio anti - dubbi > del Sole - 24 Ore, da parte di lettori piuttosto disorientati.
yes	tra X e Y	vecchio	nuovo	nuovo - vecchio	"[word=""tra""][lemma=""vecchio"" & pos=""ADJ""][word=""e""][lemma=""nuovo"" & pos=""ADJ""]"	1731680	Comunque,	tra vecchio e nuovo	, è con discreto realismo, non disgiunto da qualche illusione ma animato da speranze e progetti, che i nostri studenti guardano al futuro, e, come vedremo nei prossimi capitoli, al lavoro.
yes	tra X e Y	vecchia	nuova	nuovo - vecchio	"[word=""tra""][lemma=""vecchio"" & pos=""ADJ""][word=""e""][lemma=""nuovo"" & pos=""ADJ""]"	522508	La continuità	tra vecchia e nuova	"emergenza è garantita a livello simbolico dalla figura del generale Dalla Chiesa: l'eroe n.1 della lotta al "" terrorismo "" conclude la sua carriera a Palermo, come martire eccellente della lotta alla mafia (1982)."
yes	tra X e Y	vecchio	nuovo	nuovo - vecchio	"[word=""tra""][lemma=""vecchio"" & pos=""ADJ""][word=""e""][lemma=""nuovo"" & pos=""ADJ""]"	4597299	Vanburgh e Bridgeman, nelle quali si realizza la fusione	tra vecchio e nuovo	stile, tra il rispetto per le tradizioni del passato e l'amore per l'ambiente naturale.
yes	tra X e Y	vecchio	nuovo	nuovo - vecchio	"[word=""tra""][lemma=""vecchio"" & pos=""ADJ""][word=""e""][lemma=""nuovo"" & pos=""ADJ""]"	4412055	Quel mito aveva tenuto il partito socialista ufficiale sospeso	tra vecchio e nuovo	, incapace di scegliere tra le armi della critica e la critica delle armi.
yes	tra X e Y	vecchio	nuovo	nuovo - vecchio	"[word=""tra""][lemma=""vecchio"" & pos=""ADJ""][word=""e""][lemma=""nuovo"" & pos=""ADJ""]"	2755876	Ma di certo di un ben di Dio si tratta: tre nuovi edifici integrati con un gran gusto del dialogo e del contrasto	tra vecchio e nuovo	in un complesso industriale primo Novecento già sede della Società Italiana Spiriti, la distilleria del brandy Cavallino Rosso: sono il Podium, il Cinema e la Torre di nove piani più terrazzo che verrà completata l'anno prossimo.
yes	tra X e Y	vecchio	nuovo	nuovo - vecchio	"[word=""tra""][lemma=""vecchio"" & pos=""ADJ""][word=""e""][lemma=""nuovo"" & pos=""ADJ""]"	2052189	L'attentato di Morelia ha segnato la svolta	tra vecchio e nuovo	corso.
yes	tra X e Y	vecchie	nuove	nuovo - vecchio	"[word=""tra""][lemma=""vecchio"" & pos=""ADJ""][word=""e""][lemma=""nuovo"" & pos=""ADJ""]"	5607533	Per quanto riguarda la sovrapposizione	tra vecchie e nuove	regole, si assiste a un passaggio di consegna tra le norme precedenti (in vigore fino al prossimo 31 luglio) e le nuove.
yes	tra X e Y	vecchie	nuove	nuovo - vecchio	"[word=""tra""][lemma=""vecchio"" & pos=""ADJ""][word=""e""][lemma=""nuovo"" & pos=""ADJ""]"	6408950	Questa volta i dati non consentono una distinzione	tra vecchie e nuove	pillole.
yes	tra X e Y	nuovo	vecchio	nuovo - vecchio	"[word=""tra""][lemma=""nuovo"" & pos=""ADJ""][word=""e""][lemma=""vecchio"" & pos=""ADJ""]"	237759	0005 lavori Brava Casa: SOLUZIONI SU MISURA SOLUZIONI SU MISURA L'incontro	tra nuovo e vecchio	"parquet di Renata Balestra Stiamo ristrutturando la nostra casa d'epoca e volevamo ampliare la camera matrimoniale per inserirvi alcuni mobili antichi cui siamo affezionati: si tratta di un letto "" a barca "", di un cassettone e di un armadio primi'900."
yes	tra X e Y	vecchio	nuovo	nuovo - vecchio	"[word=""tra""][lemma=""vecchio"" & pos=""ADJ""][word=""e""][lemma=""nuovo"" & pos=""ADJ""]"	823898	I racconti che seguono sono un degno manifesto per una collana di editoria elettronica che intende indagare i legami tra la parola e le nuove tecnologie, ponendosi a cavallo	tra vecchio e nuovo	.
yes	tra X e Y	vecchio	nuovo	nuovo - vecchio	"[word=""tra""][lemma=""vecchio"" & pos=""ADJ""][word=""e""][lemma=""nuovo"" & pos=""ADJ""]"	5592696	13-09-97 I versamenti integrativi scacciano la maggiorazione di conguaglio Raffaele Rizzardi Tutte le società di capitali, per le finalità di raccordo	tra vecchio e nuovo	sistema del credito d'imposta, sono chiamate a rideterminare in termini di imposta le varie categorie di riserve disponibili nel bilancio 1997, cioè del periodo di imposta successivo a quello in corso al 31 dicembre 1996. Questo periodo di imposta è individuato dall'articolo 1, comma 1, dello schema approvato dal Consiglio dei ministri e che pubblichiamo, anche se la relazione accenna all'esercizio 1996, onde evitare manovre elusive.
yes	tra X e Y	vecchio	nuovo	nuovo - vecchio	"[word=""tra""][lemma=""vecchio"" & pos=""ADJ""][word=""e""][lemma=""nuovo"" & pos=""ADJ""]"	1730912	Riandando a classici studi sull'integrazione dei migranti, come quello di Thomas e Znaniecki, il ruolo delle istituzioni comunitarie come camera di compensazione	tra vecchio e nuovo	mondo trova una significativa riscoperta.
yes	tra X e Y	vecchia	nuova	nuovo - vecchio	"[word=""tra""][lemma=""vecchio"" & pos=""ADJ""][word=""e""][lemma=""nuovo"" & pos=""ADJ""]"	1365782	Nella situazione determinata dall'annuncio, che opera una rottura radicale	tra vecchia e nuova	esistenza dopo la ripresa della conversione, il cristiano è dinanzi ad un nuovo tipo di consapevolezza di sé e della storia.
yes	tra X e Y	vecchia	nuova	nuovo - vecchio	"[word=""tra""][lemma=""vecchio"" & pos=""ADJ""][word=""e""][lemma=""nuovo"" & pos=""ADJ""]"	2575778	La tensione	tra vecchia e nuova	guardia nei sacri palazzi è sempre più alta.
yes	tra X e Y	nuova	vecchia	nuovo - vecchio	"[word=""tra""][lemma=""nuovo"" & pos=""ADJ""][word=""e""][lemma=""vecchio"" & pos=""ADJ""]"	90303	Questi strumenti, cioè la tavola delle concordanze	tra nuova e vecchia	segnatura e l'indice cronologico, che non vennero nemmeno previsti nel piano di inventariazione esposto dal Panella, avrebbero supplito alla sostanziale mancanza di omogeneità e di continuità dell'ordinamento dell'archivio, che certamente ha origini lontane, ma che purtroppo si riflette nei quattro volumi dell'inventario: infatti, secondo una scelta metodologica discutibile, la successione cronologica non è stata ricostruita né materialmente all'interno delle singole filze, né idealmente nel testo.
yes	tra X e Y	vecchio	nuovo	nuovo - vecchio	"[word=""tra""][lemma=""vecchio"" & pos=""ADJ""][word=""e""][lemma=""nuovo"" & pos=""ADJ""]"	4626310	In questa congiuntura, spiegava Paz, l'idea di un progresso continuo e lineare compenetra anche la prassi letteraria, come alternativa programmatica	tra vecchio e nuovo	, tradizione e rottura, mentre per altro verso può indurre quasi per contraccolpo una intima passione polemica nei confronti dei processi di razionalizzazione produttiva e socio - culturale, con un bersaglio d'obbligo, la borghesia, in cui si identifica la persona prima della rivoluzione industriale.
yes	tra X e Y	vecchia	nuova	nuovo - vecchio	"[word=""tra""][lemma=""vecchio"" & pos=""ADJ""][word=""e""][lemma=""nuovo"" & pos=""ADJ""]"	620903	Si può riuscirci - precisa - a patto che «si faccia una chiara distinzione, formale e sostanziale,	tra vecchia e nuova	gestione, tra ciò che è guasto e ciò che è sano».
yes	tra X e Y	vecchia	nuova	nuovo - vecchio	"[word=""tra""][lemma=""vecchio"" & pos=""ADJ""][word=""e""][lemma=""nuovo"" & pos=""ADJ""]"	4979243	Come a Giuseppe Di Cristina, uomo d'onore di Riesi, in provincia di Caltanissetta, boss a cavallo	tra vecchia e nuova	mafia, un po' contadino un po' imprenditore.
yes	tra X e Y	vecchie	nuove	nuovo - vecchio	"[word=""tra""][lemma=""vecchio"" & pos=""ADJ""][word=""e""][lemma=""nuovo"" & pos=""ADJ""]"	1731269	I rapporti con questo mondo, che con sempre maggior consistenza preme alle porte del nostro, contribuisce ad aumentare difficoltà e a far emergere nuove contraddizioni in comunità politiche che,	tra vecchie e nuove	povertà, già registrano al loro interno vistose aree di marginalità.
yes	tra X e Y	vecchio	nuovo	nuovo - vecchio	"[word=""tra""][lemma=""vecchio"" & pos=""ADJ""][word=""e""][lemma=""nuovo"" & pos=""ADJ""]"	102931	Ed è perciò in questa fase di passaggio	tra vecchio e nuovo	che prende corpo il discorso sulla qualità del sistema democratico di domani e che si gioca la partita decisiva.
yes	tra X e Y	vecchia	nuova	nuovo - vecchio	"[word=""tra""][lemma=""vecchio"" & pos=""ADJ""][word=""e""][lemma=""nuovo"" & pos=""ADJ""]"	5122669	Sono poi frequenti i casi di conflitto di mentalità nel passaggio	tra vecchia e nuova	generazione.
yes	tra X e Y	vecchio	nuovo	nuovo - vecchio	"[word=""tra""][lemma=""vecchio"" & pos=""ADJ""][word=""e""][lemma=""nuovo"" & pos=""ADJ""]"	6019425	Nel caso di Cava nuovi spiragli si aprono per i cittadini, una quota consistente, visto che le domande,	tra vecchio e nuovo	condono, ammontano a ben 6000 istanze.
yes	tra X e Y	vecchio	nuovo	nuovo - vecchio	"[word=""tra""][lemma=""vecchio"" & pos=""ADJ""][word=""e""][lemma=""nuovo"" & pos=""ADJ""]"	6100006	"Gli sta a cuore l'osservare il "" contatto dinamico "", quando c'è o quando viene meno,"	tra vecchio e nuovo	.
yes	tra X e Y	nuovo	vecchio	nuovo - vecchio	"[word=""tra""][lemma=""nuovo"" & pos=""ADJ""][word=""e""][lemma=""vecchio"" & pos=""ADJ""]"	960694	"Un nuovo, ma palese, "" incrocio pericoloso """	tra nuovo e vecchio	brigatismo la fabbrica che si occupa di sistemi di navigazione satellitare, impiegati per lo più per usi bellici, e che è, per tale ragione, legata alla Nato.
yes	tra X e Y	vecchio	nuovo	nuovo - vecchio	"[word=""tra""][lemma=""vecchio"" & pos=""ADJ""][word=""e""][lemma=""nuovo"" & pos=""ADJ""]"	4984195	"CRITICI AL LAVORO Opera: Alexander von Zemlinsky di Gianluigi Mattietti In versione integrale il lavoro che Zemlinsky dedicò alla "" effimera "" Alma Schindler Alexander von Zemlinsky (1871 - 1942) è stato tra i maggiori musicisti nella Vienna a cavallo"	tra vecchio e nuovo	secolo.
yes	tra X e Y	vecchia	nuova	nuovo - vecchio	"[word=""tra""][lemma=""vecchio"" & pos=""ADJ""][word=""e""][lemma=""nuovo"" & pos=""ADJ""]"	939670	Partiamo da ciò che è all'origine della conversione	tra vecchia e nuova	moneta.
yes	tra X e Y	vecchia	nuova	nuovo - vecchio	"[word=""tra""][lemma=""vecchio"" & pos=""ADJ""][word=""e""][lemma=""nuovo"" & pos=""ADJ""]"	6216448	Don Pino mia figlia è stata molestata e lui non vuole sposarla... Incarna in sé, il boss, l'apparente contraddizione	tra vecchia e nuova	"generazione mafiosa, tra chi crede nei riti e chi pensa al danaro, tra l'uomo di pace come si riteneva il vecchio mafioso e i nuovi manager del crimine che caratterizzano e governano la "" Cosa nuova "" calabrese."
yes	tra X e Y	vecchia	nuova	nuovo - vecchio	"[word=""tra""][lemma=""vecchio"" & pos=""ADJ""][word=""e""][lemma=""nuovo"" & pos=""ADJ""]"	6235392	Questa è la vera differenza	tra vecchia e nuova	sinistra.
yes	X , non Y	ottimista	pessimista	ottimista - pessimista	"[lemma=""ottimista"" & pos=""ADJ""][word="",""][word=""non""][lemma=""pessimista"" & pos=""ADJ""]"	5511635	"America, lascia fare a Bill "" DAL NOSTRO CORRISPONDENTE WASHINGTON - "" Sono"	ottimista, non pessimista	sul futuro della Cina.
yes	X e Y	ottimisti	pessimisti	ottimista - pessimista	"[lemma=""ottimista"" & pos=""ADJ""][word=""e""][lemma=""pessimista"" & pos=""ADJ""]"	260052	"Al tempo stesso però solo un terzo degli intervistati ritiene che "" le nuove tecnologie favoriranno una crescita della personalità e della identità culturale dell'individuo "", mentre più della metà (57 %) è di opposto avviso Sul tema del contributo alla fratellanza dei popoli e alla "" riduzione delle diseguaglianze presenti all'interno dell'Europa e fra gli altri paesi industrializzati "","	ottimisti e pessimisti	tornano praticamente ad equivalersi, con alcune rosee eccezioni rappresentate - chissà perché - da Grecia, Irlanda, Portogallo e Italia.
yes	X e Y	pessimisti	ottimisti	ottimista - pessimista	"[lemma=""pessimista"" & pos=""ADJ""][word=""e""][lemma=""ottimista"" & pos=""ADJ""]"	1721000	Introduzione:	pessimisti e ottimisti	La crisi economica ha determinato tra gli economisti due atteggiamenti contrapposti di fronte ai problemi dell'ambiente.
yes	X e Y	ottimiste	pessimiste	ottimista - pessimista	"[lemma=""ottimista"" & pos=""ADJ""][word=""e""][lemma=""pessimista"" & pos=""ADJ""]"	4100888	All'interno di questa categoria bisogna poi fare una sottodivisione, tra insicure	ottimiste e pessimiste	.
yes	X e Y	ottimisti	pessimisti	ottimista - pessimista	"[lemma=""ottimista"" & pos=""ADJ""][word=""e""][lemma=""pessimista"" & pos=""ADJ""]"	2371247	* IL MIRAGGIO DELLA RIPRESINA L'ULTIMO SOGNO DEGLI OTTIMISTI * Da tutte le parti e quindi anche nel mondo dell'auto ci sono	ottimisti e pessimisti	.
yes	X e Y	ottimisti	pessimisti	ottimista - pessimista	"[lemma=""ottimista"" & pos=""ADJ""][word=""e""][lemma=""pessimista"" & pos=""ADJ""]"	6279828	Dopo aver sentito decine di esperti e aver constatato che grosso modo	ottimisti e pessimisti	sono in parità, la sola risposta onesta possibile è quella data da Nelson D.
yes	X o Y	ottimisti	pessimisti	ottimista - pessimista	"[lemma=""ottimista"" & pos=""ADJ""][word=""o""][lemma=""pessimista"" & pos=""ADJ""]"	6893835	Ma se sulla componente attentiva possiamo essere	ottimisti o pessimisti	, c'è una componente che, in una situazione come quella descritta, sicuramente manca, quella dell'interazione, perché non basta che docenti e discenti siano in uno stesso luogo per avere autentica interazione.
yes	X o Y	ottimista	pessimista	ottimista - pessimista	"[lemma=""ottimista"" & pos=""ADJ""][word=""o""][lemma=""pessimista"" & pos=""ADJ""]"	5683969	Restando su questo tema, si sente dunque	ottimista o pessimista	?
yes	X o Y	ottimista	pessimista	ottimista - pessimista	"[lemma=""ottimista"" & pos=""ADJ""][word=""o""][lemma=""pessimista"" & pos=""ADJ""]"	609290	Ma dopo 2 anni, lei è	ottimista o pessimista	?
yes	X o Y	pessimisti	ottimisti	ottimista - pessimista	"[lemma=""pessimista"" & pos=""ADJ""][word=""o""][lemma=""ottimista"" & pos=""ADJ""]"	6167821	"Sul tentativo di aggregazione, Bazoli ha detto che è "" inutile essere"	pessimisti o ottimisti	": vedremo ""."
yes	X o Y	pessimista	ottimista	ottimista - pessimista	"[lemma=""pessimista"" & pos=""ADJ""][word=""o""][lemma=""ottimista"" & pos=""ADJ""]"	4258741	Mi rifiuto di prendere in considerazione termini come	pessimista o ottimista	.
yes	X o Y	ottimisti	pessimisti	ottimista - pessimista	"[lemma=""ottimista"" & pos=""ADJ""][word=""o""][lemma=""pessimista"" & pos=""ADJ""]"	1098773	Qui non si tratta più di essere	ottimisti o pessimisti	, ma di conservare un minimo di ragione, di capire di che morte moriremo.
yes	X o Y	ottimista	pessimista	ottimista - pessimista	"[lemma=""ottimista"" & pos=""ADJ""][word=""o""][lemma=""pessimista"" & pos=""ADJ""]"	5470518	Non so se sia un libro	ottimista o pessimista	": lo lascia impregiudicato la poesia di chiusura, fra le più intense: "" Indomabile sguardo che cerca altri mondi in questo."
yes	X o Y	ottimista	pessimista	ottimista - pessimista	"[lemma=""ottimista"" & pos=""ADJ""][word=""o""][lemma=""pessimista"" & pos=""ADJ""]"	5595410	Si spiega così l'estrema cautela di Bertinotti, il quale a chi gli chiedeva se fosse	ottimista o pessimista	ha risposto:  Sono al 50 per cento >.
yes	tra X e Y	pessimisti	ottimisti	ottimista - pessimista	"[word=""tra""][lemma=""pessimista"" & pos=""ADJ""][word=""e""][lemma=""ottimista"" & pos=""ADJ""]"	5996305	È per il no l'89, 3 per cento degli insegnanti, mentre genitori e studenti si dividono	tra pessimisti e ottimisti	(con una leggera prevalmenza di questi ultimi).
yes	tra X e Y	pessimisti	ottimisti	ottimista - pessimista	"[word=""tra""][lemma=""pessimista"" & pos=""ADJ""][word=""e""][lemma=""ottimista"" & pos=""ADJ""]"	5933568	Finisce così, nell'altalena	tra pessimisti e ottimisti	, il dibattito al seminario di Villa d'Este, inevitabilmente dedicato all'unione europea che per qualcuno sfuma a data da destinarsi e per altri ha da essere pilastro inamovibile.
yes	X e Y	permanenti	temporanee	permanente - temporaneo	"[lemma=""permanente"" & pos=""ADJ""][word=""e""][lemma=""temporaneo"" & pos=""ADJ""]"	2656216	Si possono in particolare configurare quattro diversi modelli economici di centro storico: a) Il centro storico come contenitore di beni culturali, storici e artistici (musei, pinacoteche, mostre	permanenti e temporanee	, ecc...) per attrarre turisti.
yes	X e Y	temporanea	permanente	permanente - temporaneo	"[lemma=""temporaneo"" & pos=""ADJ""][word=""e""][lemma=""permanente"" & pos=""ADJ""]"	2322276	per la gestione delle attività di cattura, ricovero, cura, custodia	temporanea e permanente	dei cani e gatti randagi e P OTH o vaganti con personale proprio e circa trenta soci volontari.
yes	X e Y	temporanea	permanente	permanente - temporaneo	"[lemma=""temporaneo"" & pos=""ADJ""][word=""e""][lemma=""permanente"" & pos=""ADJ""]"	4790675	23.100.000 per invalidità	temporanea e permanente	, nonché danno biologico, e per L.
yes	X e Y	permanente	temporanea	permanente - temporaneo	"[lemma=""permanente"" & pos=""ADJ""][word=""e""][lemma=""temporaneo"" & pos=""ADJ""]"	4800931	scv Sentenza della Cassazione Civile nº 11411 del 17 11 97 Sez. LL Previdenza ed assistenza (assicurazioni sociali) - Assicurazione per gli infortuni sul lavoro e per le malattie professionali - Invalidità	permanente e temporanea	- Periodo di fruizione dell'assegno ordinario di invalidità - Aumento dell'anzianità contributiva dell'assicurato - Esclusione.
yes	X e Y	permanente	temporanea	permanente - temporaneo	"[lemma=""permanente"" & pos=""ADJ""][word=""e""][lemma=""temporaneo"" & pos=""ADJ""]"	4804610	Danni - Valutazione e liquidazione - Invalidità	permanente e temporanea	- Lesioni alla persona - Contrazione o perdita del reddito - Liquidazione del danno - Criteri.
yes	X e Y	permanente	temporanea	permanente - temporaneo	"[lemma=""permanente"" & pos=""ADJ""][word=""e""][lemma=""temporaneo"" & pos=""ADJ""]"	4801284	Lamentavano gli appellanti: a) l'insufficiente determinazione degli importi relativi all'invalidità	permanente e temporanea	; b) la mancata liquidazione dei danni morali nelle misure richieste in primo grado e dei danni morali subiti dai genitori del minore; c) l'omessa rivalutazione del credito per effetto della svalutazione monetaria e la mancata determinazione degli interessi.
yes	X e Y	temporanee	permanenti	permanente - temporaneo	"[lemma=""temporaneo"" & pos=""ADJ""][word=""e""][lemma=""permanente"" & pos=""ADJ""]"	6380333	Biblioteca informatizzata, collegamenti in rete con altre esperienze simili, in Italia e all'estero, acquisizioni di fondi fotografici, prosecuzione di missioni fotografiche, atelier di restauro, esposizioni	temporanee e permanenti	, digitalizzazioni delle immagini, auditorium per convegni, bar e ristorante.
yes	X e Y	permanenti	temporanee	permanente - temporaneo	"[lemma=""permanente"" & pos=""ADJ""][word=""e""][lemma=""temporaneo"" & pos=""ADJ""]"	6884106	Al primo livello c'è il parcheggio, mentre al piano superiore sono collocate le sale per le esposizioni	permanenti e temporanee	, connesse dalle passerelle alla parte superiore della Maison Rouge, al di sotto della quale troviamo la sala conferenze e lo spazio per le attività didattiche.
yes	X e Y	permanente	temporanea	permanente - temporaneo	"[lemma=""permanente"" & pos=""ADJ""][word=""e""][lemma=""temporaneo"" & pos=""ADJ""]"	4802611	scv Sentenza della Cassazione Civile nº 11483 del 18 11 97 Sez. LL Previdenza ed assistenza (assicurazioni sociali) - Assicurazione per gli infortuni sul lavoro e per le malattie professionali - Invalidità	permanente e temporanea	- Permanente - Emendabilità dell'infermità con intervento chirurgico - Permanenza della situazione di incapacità di guadagno pensionabile - Configurabilità.
yes	X e Y	permanenti	temporanei	permanente - temporaneo	"[lemma=""permanente"" & pos=""ADJ""][word=""e""][lemma=""temporaneo"" & pos=""ADJ""]"	7015120	Con le dovute differenze, i valori in comune ci sono: dalla promozione delle donne, al sostegno alle famiglie per aumentare la natalità, ad un'ulteriore riforma del mercato del lavoro che annulli il gap tra lavoratori	permanenti e temporanei	, fino ad una rimodulazione minima delle pensioni che salvaguardi i più deboli.
yes	X e Y	permanenti	temporanee	permanente - temporaneo	"[lemma=""permanente"" & pos=""ADJ""][word=""e""][lemma=""temporaneo"" & pos=""ADJ""]"	6266916	"E'una "" nuova "" galleria quella che sarà presentata domani: grazie all'innalzamento dei soffitti è stato cancellato l'effetto bunker che penalizzava le esposizioni"	permanenti e temporanee	.
yes	X e Y	permanente	temporanea	permanente - temporaneo	"[lemma=""permanente"" & pos=""ADJ""][word=""e""][lemma=""temporaneo"" & pos=""ADJ""]"	5561224	Una linea di riordino serio e prudente può essere ispirato, invece, ai seguenti principi: a) il sistema della previdenza obbligatoria si articola intorno a tre grandi poli: il settore privato (Inps); quello della pubblica amministrazione (Inpdap); il comparto della invalidità, pensionabile e civile,	permanente e temporanea	(Inail).
yes	X e Y	permanente	temporanea	permanente - temporaneo	"[lemma=""permanente"" & pos=""ADJ""][word=""e""][lemma=""temporaneo"" & pos=""ADJ""]"	4782012	scv Sentenza della Cassazione Civile nº 10923 del 06 11 97 Sez. III Danni - Valutazione e liquidazione - Invalidità	permanente e temporanea	- Lesioni subite da una casalinga alla capacità lavorativa - Danno patrimoniale - Risarcibilità autonoma rispetto al danno biologico - Sussistenza - Liquidazione - Criteri.
yes	X e Y	permanenti	temporanee	permanente - temporaneo	"[lemma=""permanente"" & pos=""ADJ""][word=""e""][lemma=""temporaneo"" & pos=""ADJ""]"	5524622	Con l'inaugurazione, tra un anno, della nuova Galleria d'Arte moderna e contemporanea nel complesso ex Peroni di via Reggio Emilia, presso piazza Fiume, anche Roma avrà il suo piccolo Beaubourg: mostre	permanenti e temporanee	, cinque centri di documentazione, una sala cinema, una sala convegni, bar e ristorante, uffici, parcheggio per 300 auto.
yes	X e Y	permanente	temporanea	permanente - temporaneo	"[lemma=""permanente"" & pos=""ADJ""][word=""e""][lemma=""temporaneo"" & pos=""ADJ""]"	4804609	Danni - Valutazione e liquidazione - Invalidità	permanente e temporanea	- Morte del danneggiato a causa delle lesioni riportate ed a breve distanza di tempo - Danno biologico - Inesistenza - Conseguenza.
yes	X o Y	temporanea	permanente	permanente - temporaneo	"[lemma=""temporaneo"" & pos=""ADJ""][word=""o""][lemma=""permanente"" & pos=""ADJ""]"	4710913	Ciascuno Stato membro prevede la possibilità di interdire, in via	temporanea o permanente	, le persone fisiche che siano state condannate per uno dei reati previsti negli articoli 2, 3 o 4, dall'esercizio di attività attinenti alla cura di bambini.
yes	X o Y	temporanea	permanente	permanente - temporaneo	"[lemma=""temporaneo"" & pos=""ADJ""][word=""o""][lemma=""permanente"" & pos=""ADJ""]"	6903241	La disattivazione	temporanea o permanente	e l'obbligo di un nuovo addestramento sono le alternative discusse da una parte della dottrina giuridica.
yes	X o Y	permanente	temporaneo	permanente - temporaneo	"[lemma=""permanente"" & pos=""ADJ""][word=""o""][lemma=""temporaneo"" & pos=""ADJ""]"	4917393	- al carattere	permanente o temporaneo	dell'occupazione.
yes	X o Y	permanente	temporanea	permanente - temporaneo	"[lemma=""permanente"" & pos=""ADJ""][word=""o""][lemma=""temporaneo"" & pos=""ADJ""]"	176124	Lo Stato, per quanto riguarda l'affidamento o l'adozione, deve provvedere una legislazione che faciliti le famiglie capaci di accogliere nelle loro case bambini che hanno bisogno di una assistenza	permanente o temporanea	e che, in pari tempo.
yes	X o Y	temporanea	permanente	permanente - temporaneo	"[lemma=""temporaneo"" & pos=""ADJ""][word=""o""][lemma=""permanente"" & pos=""ADJ""]"	943884	Egli la cede in concessione	temporanea o permanente	a un editore che può produrne delle copie da vendere agli utenti.
yes	X o Y	temporanea	permanente	permanente - temporaneo	"[lemma=""temporaneo"" & pos=""ADJ""][word=""o""][lemma=""permanente"" & pos=""ADJ""]"	5637104	DANNO BIOLOGICO (o danno alla salute) È una voce di danno che è sempre necessariamente presente in tutti i casi di danni alla persona, intendendosi per danno biologico qualsiasi alterazione	temporanea o permanente	dello stato di salute della persona, alterazione che gli impedisce di godere della vita nella stessa misura in cui ne godeva prima dell'evento lesivo.
yes	X o Y	temporaneo	permanente	permanente - temporaneo	"[lemma=""temporaneo"" & pos=""ADJ""][word=""o""][lemma=""permanente"" & pos=""ADJ""]"	1716700	"L'ambito di applicazione della presente decisione non si limita alle sole persone fisiche ma è da estendersi anche alle persone giuridiche, le quali possono dunque essere passibili "" di sanzioni effettive, proporzionali e dissuasive, comprendenti sanzioni di natura penale ed eventualmente altre sanzioni tra cui: a) l'esclusione dal godimento di un vantaggio o aiuto pubblico; b) il divieto"	temporaneo o permanente	"di esercitare un attività commerciale; c) l'assoggettamento o sorveglianza giudiziaria; d) un provvedimento giudiziario di scioglimento ""."
yes	X o Y	temporanea	permanente	permanente - temporaneo	"[lemma=""temporaneo"" & pos=""ADJ""][word=""o""][lemma=""permanente"" & pos=""ADJ""]"	161738	"3032) Risarcimenti: sempre al netto "" Il reddito da prendere in considerazione ai fini del risarcimento del danno per invalidità,"	temporanea o permanente	", di lavoratori dipendenti, è quello percepito in concreto al netto delle ritenute ""."
yes	X o Y	temporaneo	permanente	permanente - temporaneo	"[lemma=""temporaneo"" & pos=""ADJ""][word=""o""][lemma=""permanente"" & pos=""ADJ""]"	769014	Tali riflessi negativi possono menomare i diritti individuali inviolabili, in quanto costituzionalmente protetti, quali quello alla personalità, alla salute, etc... e possono altresì incidere sui diritti patrimoniali, riducendo in modo	temporaneo o permanente	, la capacità di lavoro e di guadagno.
yes	X o Y	permanente	temporanea	permanente - temporaneo	"[lemma=""permanente"" & pos=""ADJ""][word=""o""][lemma=""temporaneo"" & pos=""ADJ""]"	4695552	Articolo 5 Atti soggetti a restrizioni L'autore di una banca di dati gode, per quanto concerne la forma espressiva di tale banca tutelabile mediante il diritto d'autore, del diritto esclusivo di eseguire o autorizzare: a) la riproduzione	permanente o temporanea	, totale o parziale, con qualsiasi mezzo e in qualsivoglia forma; b) la traduzione, l'adattamento, una diversa disposizione e ogni altra modifica; c) qualsiasi forma di distribuzione al pubblico dell'originale o di copie della banca di dati.
yes	X o Y	permanente	temporaneo	permanente - temporaneo	"[lemma=""permanente"" & pos=""ADJ""][word=""o""][lemma=""temporaneo"" & pos=""ADJ""]"	4695564	"Ai fini del presente capitolo: a) per "" estrazione "" si intende il trasferimento"	permanente o temporaneo	"della totalità o di una parte sostanziale del contenuto di una banca di dati su un altro supporto con qualsiasi mezzo o in qualsivoglia forma; b) per "" reimpiego "" si intende qualsiasi forma di messa a disposizione del pubblico della totalità o di una parte sostanziale del contenuto della banca di dati mediante distribuzione di copie, noleggio, trasmissione in linea o in altre forme."
yes	X o Y	permanente	temporaneo	permanente - temporaneo	"[lemma=""permanente"" & pos=""ADJ""][word=""o""][lemma=""temporaneo"" & pos=""ADJ""]"	275516	Il quarto indica se l'indirizzo è	permanente o temporaneo	.
yes	X o Y	temporanea	permanente	permanente - temporaneo	"[lemma=""temporaneo"" & pos=""ADJ""][word=""o""][lemma=""permanente"" & pos=""ADJ""]"	1809690	La decisione, s'intende, risulta quanto mai necessaria e opportuna alla luce delle previsioni correnti sulla perdita	temporanea o permanente	di posti di lavoro.
yes	X o Y	permanente	temporanea	permanente - temporaneo	"[lemma=""permanente"" & pos=""ADJ""][word=""o""][lemma=""temporaneo"" & pos=""ADJ""]"	2667786	Ai fini della presente legge, il servizio abitativo sociale comprende sia alloggi sociali destinati alla locazione	permanente o temporanea	, sia alloggi destinati alla vendita dopo un periodo minimo di locazione di otto anni.
yes	X o Y	permanente	temporanea	permanente - temporaneo	"[lemma=""permanente"" & pos=""ADJ""][word=""o""][lemma=""temporaneo"" & pos=""ADJ""]"	4695486	Articolo 4 Attività riservate Fatte salve le disposizioni degli articoli 5 e 6, i diritti esclusivi del titolare, ai sensidell'articolo 2, comprendono il diritto di effettuare o autorizzare: a) la riproduzione,	permanente o temporanea	, totale o parziale di un programma per elaboratore con qualsivogliamezzo, in qualsivoglia forma.
yes	X o Y	permanente	temporaneo	permanente - temporaneo	"[lemma=""permanente"" & pos=""ADJ""][word=""o""][lemma=""temporaneo"" & pos=""ADJ""]"	5194740	Una commissione deve stabilire, tra l'altro, se il danno è	permanente o temporaneo	.
yes	X o Y	temporanea	permanente	permanente - temporaneo	"[lemma=""temporaneo"" & pos=""ADJ""][word=""o""][lemma=""permanente"" & pos=""ADJ""]"	1716761	La proposta di direttiva prevede poi per le imprese che si dimostrino inosservanti degli obblighi da essa espressi i seguenti provvedimenti: - il divieto di ricevere sovvenzioni pubbliche per un periodo di almeno cinque anni ed eventualmente il rimborso di quelle già concesse nel corso dei 12 mesi precedenti la constatazione del lavoro illegale; - l'esclusione dalla partecipazione di appalti pubblici per un periodo fino a cinque anni; - la chiusura	temporanea o permanente	dello stabilimento in cui ha avuto luogo la violazione.
yes	X o Y	permanenti	temporanee	permanente - temporaneo	"[lemma=""permanente"" & pos=""ADJ""][word=""o""][lemma=""temporaneo"" & pos=""ADJ""]"	5581881	Saranno comunque colpite le occupazioni	permanenti o temporanee	(anche con cavi, condutture e impianti di reti) di strade, aree e spazi sopra e sottosuolo, comprese le aree attrezzate a mercati.
yes	X o Y	temporanea	permanente	permanente - temporaneo	"[lemma=""temporaneo"" & pos=""ADJ""][word=""o""][lemma=""permanente"" & pos=""ADJ""]"	6906195	È chiaramente una semplificazione della complessa natura della trasformazione,	temporanea o permanente	, dei tessuti sottoposti a trauma [Haddadin, 2012].
yes	X o Y	temporanea	permanente	permanente - temporaneo	"[lemma=""temporaneo"" & pos=""ADJ""][word=""o""][lemma=""permanente"" & pos=""ADJ""]"	982025	Ciascuno Stato membro adotta le misure necessarie per garantire che una persona fisica che sia stata condannata per uno dei reati di cui agli articoli 2, 3 o 4 possa, se del caso, essere interdetta in via	temporanea o permanente	dall'esercizio di attività professionali attinenti alla cura dei bambini.
yes	X o Y	temporanea	permanente	permanente - temporaneo	"[lemma=""temporaneo"" & pos=""ADJ""][word=""o""][lemma=""permanente"" & pos=""ADJ""]"	6653439	E, nel frattempo, i medici non riuscivano a capire se la mia paralisi fosse	temporanea o permanente	.
yes	X o Y	temporanei	permanenti	permanente - temporaneo	"[lemma=""temporaneo"" & pos=""ADJ""][word=""o""][lemma=""permanente"" & pos=""ADJ""]"	219370	L'inquinamento atmosferico L'inquinamento atmosferico è definito come l'accumulo nell'aria di sostanze in concentrazioni tali da provocare danni	temporanei o permanenti	a uomini, animali, piante e beni.
yes	X o Y	temporaneo	permanente	permanente - temporaneo	"[lemma=""temporaneo"" & pos=""ADJ""][word=""o""][lemma=""permanente"" & pos=""ADJ""]"	274593	"Nella modalità "" conferencing "" è possibile creare un vero e proprio server,"	temporaneo o permanente	a seconda del tipo di connessione che utilizzate, in grado di gestire fino a cinquanta utenti.
yes	X o Y	temporanea	permanente	permanente - temporaneo	"[lemma=""temporaneo"" & pos=""ADJ""][word=""o""][lemma=""permanente"" & pos=""ADJ""]"	2291283	Ciascuna Parte adottera'i necessari provvedimenti legislativi o di altro genere affinche'le persone giuridiche dichiarate responsabili in applicazione dell'articolo 26, siano passibili di sanzioni efficaci, proporzionate e dissuasive, che includano ammende penali e non ed eventualmente altri provvedimenti quali in particolare: Â provvedimenti di esclusione dal titolo di beneficio di o di aiuto a carattere pubblico; Â provvedimenti di	temporanea o permanente	interdizione dell'esercizio di un'attivita' commerciale; Â collocamento sotto sorveglianza giudiziaria; Â provvedimenti giudiziari di liquidazione.
yes	sia X che Y	temporanee	permanenti	permanente - temporaneo	"[word=""sia""][lemma=""temporaneo"" & pos=""ADJ""][word=""che""][lemma=""permanente"" & pos=""ADJ""]"	474289	Oppure, potete spostarvi al Museo di storia naturale, o a quello delle scienze, con esposizioni	sia temporanee che permanenti	, e interagire con gli oggetti esposti; che abbiate 3 o 93 anni.
yes	sia X che Y	permanente	temporanea	permanente - temporaneo	"[word=""sia""][lemma=""permanente"" & pos=""ADJ""][word=""che""][lemma=""temporaneo"" & pos=""ADJ""]"	4654789	Le province e i comuni possono, con regolamento adottato a norma dell'art. 52 prevedere che l'occupazione,	sia permanente che temporanea	di strade, aree e relativi spazi soprastanti e sottostanti appartenenti al proprio demanio o patrimonio indisponibile, comprese le aree destinate a mercati anche attrezzati, sia assoggettata al pagamento di un canone da parte del titolare della concessione, determinato nel medesimo atto di concessione in base a tariffa.
yes	X e Y	ricche	povere	povero - ricco	"[lemma=""ricco"" & pos=""ADJ""][word=""e""][lemma=""povero"" & pos=""ADJ""]"	4425481	""" Lo iato tra nazioni"	ricche e povere	"deve essere colmato ""."
yes	X e Y	ricchi	poveri	povero - ricco	"[lemma=""ricco"" & pos=""ADJ""][word=""e""][lemma=""povero"" & pos=""ADJ""]"	6923057	Alla fine del passo sopra citato, si accenna a una contrapposizione tra potenti e deboli, oppressori e oppressi,	ricchi e poveri	, sapienti e ignoranti, divites e inanes, cioè tra chi sta sopra e chi sta sotto nella scala sociale.
yes	X e Y	ricchi	poveri	povero - ricco	"[lemma=""ricco"" & pos=""ADJ""][word=""e""][lemma=""povero"" & pos=""ADJ""]"	6117833	Ma continuò a trattare, e a maltrattare,	ricchi e poveri	allo stesso modo.
yes	X e Y	ricchi	poveri	povero - ricco	"[lemma=""ricco"" & pos=""ADJ""][word=""e""][lemma=""povero"" & pos=""ADJ""]"	1103554	E'tribale e radicale anche l'aristocratica donna di Fendi che, come la star Hilary Shwank, ha un debole per il rustico - chic e per gli effetti volutamente ruvidi e grezzi ma di gran lusso, dei pellicciotti selvaggi a tutto volume dove peli	ricchi e poveri	si confondono fino a simulare la maglieria.
yes	X e Y	ricchi	poveri	povero - ricco	"[lemma=""ricco"" & pos=""ADJ""][word=""e""][lemma=""povero"" & pos=""ADJ""]"	5581001	Perché ci siano più posti di lavoro, più equa distribuzione fra	ricchi e poveri	nei singoli Paesi, e fra Paesi
yes	X e Y	ricchi	poveri	povero - ricco	"[lemma=""ricco"" & pos=""ADJ""][word=""e""][lemma=""povero"" & pos=""ADJ""]"	6874442	Una rivoluzione acqua e sapone Convincere	ricchi e poveri	, come pure aristocratici e borghesi, a lavarsi per migliorare la propria igiene e vita sociale ha richiesto molti secoli e qualche colpo di scena Terra Santa, anno 1177.
yes	X e Y	ricchi	poveri	povero - ricco	"[lemma=""ricco"" & pos=""ADJ""][word=""e""][lemma=""povero"" & pos=""ADJ""]"	841052	Ne avevano per tutta Europa di quelle case, edificate accanto a strade e a fiumi, complete di alloggio per loro e di ospizio per i pellegrini, sviluppate attorno a una chiesa, in piccoli borghi nei quali vivevano i dipendenti e gli operai, tutta gente semplice ma di provata fedeltà, tutti parte di quel grande disegno che li affratellava, nobili e plebei,	ricchi e poveri	", colti e incolti, tutti in qualche modo "" iniziati "", anche se ognuno per la parte che gli competeva."
yes	X e Y	ricchi	poveri	povero - ricco	"[lemma=""ricco"" & pos=""ADJ""][word=""e""][lemma=""povero"" & pos=""ADJ""]"	1734907	Il tema della povertà (	ricchi e poveri	) è un tema a cui si può dedicare tutta una vita.
yes	X e Y	ricche	povere	povero - ricco	"[lemma=""ricco"" & pos=""ADJ""][word=""e""][lemma=""povero"" & pos=""ADJ""]"	709256	Responsabili del divario fra aree	ricche e povere	del pianeta.
yes	X e Y	ricchi	poveri	povero - ricco	"[lemma=""ricco"" & pos=""ADJ""][word=""e""][lemma=""povero"" & pos=""ADJ""]"	1867926	Donava tutto, viveva con nulla, indossava un saio liso, scopriva buone «medicine», lo conosceva mezza Milano,	ricchi e poveri	.
yes	X e Y	ricchi	poveri	povero - ricco	"[lemma=""ricco"" & pos=""ADJ""][word=""e""][lemma=""povero"" & pos=""ADJ""]"	6222521	Solo se ce la faremo, potrà esserci una durevole solidarietà in Europa tra paesi	ricchi e poveri	.
yes	X e Y	poveri	ricchi	povero - ricco	"[lemma=""povero"" & pos=""ADJ""][word=""e""][lemma=""ricco"" & pos=""ADJ""]"	48649	4) I brevetti creeranno dei monopoli economici che aumenteranno il divario tra i Paesi	poveri e ricchi	.
yes	X e Y	ricco	povero	povero - ricco	"[lemma=""ricco"" & pos=""ADJ""][word=""e""][lemma=""povero"" & pos=""ADJ""]"	5895139	Mario Pescante viene rieletto stamane, forse all'unanimità, presidente del Coni, ma avrà il duro compito di pilotare questo nostro sport	ricco e povero	verso il 2000.
yes	X e Y	poveri	ricchi	povero - ricco	"[lemma=""povero"" & pos=""ADJ""][word=""e""][lemma=""ricco"" & pos=""ADJ""]"	787178	La serenità con la quale Margherita porta su di sé i segni della malattia, la capacità di consolare ed alleviare le pene altrui la rendono un valido, autentico esempio di vita: a lei si rivolgono nobili e plebei,	poveri e ricchi	, sani ed ammalati ricevendone un conforto spirituale frequentemente recepito al pari di un messaggio profetico, vissuto con l'intensità di un intervento miracoloso e salvifico.
yes	X e Y	povere	ricche	povero - ricco	"[lemma=""povero"" & pos=""ADJ""][word=""e""][lemma=""ricco"" & pos=""ADJ""]"	5875599	Bè visto che dopo tante chiacchiere siamo al dunque, ce la spieghi lei questa rivoluzione... Eccola la rivoluzione: uno Stato veramente federale è titolare della tutela degli interessi italiani all'estero e svolge una grande funzione di riequilibrio tra regioni	povere e ricche	, senza assistenzialismo.
yes	X e Y	ricchissimi	poveri	povero - ricco	"[lemma=""ricco"" & pos=""ADJ""][word=""e""][lemma=""povero"" & pos=""ADJ""]"	659887	Forse perché il nemico vero siamo noi che abbiamo creato e vogliamo difendere il mondo così come è diviso fra	ricchissimi e poveri	.
yes	X e Y	ricca	povera	povero - ricco	"[lemma=""ricco"" & pos=""ADJ""][word=""e""][lemma=""povero"" & pos=""ADJ""]"	4444548	Anche in questo senso si può confermare il collegamento persistente e vitale tra i due livelli della medicina - alta e bassa,	ricca e povera	"- e, al loro interno, tra le varie "" practicae "" siano esse riconducibili alla tradizione bizantina, a quella cenobitica o a quella salernitana, fino all'arte esercitata secondo una tradizione italica conservata da ceppi familiari o da persone singole."
yes	X e Y	povero	ricco	povero - ricco	"[lemma=""povero"" & pos=""ADJ""][word=""e""][lemma=""ricco"" & pos=""ADJ""]"	1712601	Alcuni esempi di utilizzo	povero e ricco	di una stessa tecnologia per la didattica sono riportati di seguito.
yes	X e Y	ricchi	poveri	povero - ricco	"[lemma=""ricco"" & pos=""ADJ""][word=""e""][lemma=""povero"" & pos=""ADJ""]"	5504076	Non c'è niente da fare: quando vanno in televisione,	ricchi e poveri	si assomigliano; vanno per recriminare.
yes	X e Y	poveri	ricchi	povero - ricco	"[lemma=""povero"" & pos=""ADJ""][word=""e""][lemma=""ricco"" & pos=""ADJ""]"	152991	I tre racconti allo specchio hanno come protagonisti personaggi appartenenti a contesti e classi sociali (sì, il regista debuttante è uno di quelli che ragionano ancora in termini di classe) differenti:	poveri e ricchi	, giovani e no, che non s'incontrerebbero mai se non fosse per un banale, e drammatico, incidente stradale.
yes	X e Y	ricchi	poveri	povero - ricco	"[lemma=""ricco"" & pos=""ADJ""][word=""e""][lemma=""povero"" & pos=""ADJ""]"	6604161	"La pandemia che il mondo intero sta attraversando ce lo sta mostrando con evidenza inconfutabile: "" siamo tutti sulla stessa barca "" non significa solo che siamo tutti -"	ricchi e poveri	, bianchi e neri, giovani e anziani - ugualmente esposti al contagio, ma anche che i comportamenti di ciascuno hanno un impatto immediato su tutti gli altri, contribuendo a proteggerli o a metterli in pericolo.
yes	X e Y	ricchi	poveri	povero - ricco	"[lemma=""ricco"" & pos=""ADJ""][word=""e""][lemma=""povero"" & pos=""ADJ""]"	1015967	Tutti i Paesi del mondo,	ricchi e poveri	, senza eccezione alcuna, potrebbero risparmiare miliardi di dollari in investimenti e combustibile semplicemente sostituendo tutte le lampadine incandescenti con lampadine fluorescenti, cosa che Cuba ha fatto in tutti le case.
yes	X e Y	povera	ricca	povero - ricco	"[lemma=""povero"" & pos=""ADJ""][word=""e""][lemma=""ricco"" & pos=""ADJ""]"	1731469	Un programma riuscito sul piano socioeconomico, che ha immesso l'Italia (ancora	povera e ricca	di contraddizioni al suo interno) nel novero delle nazioni più industrializzate del pianeta, e che ha contribuito a elevare notevolmente, pur nella persistenza di zone di degrado e di abbandono, il livello di vita degli italiani.
yes	X e Y	povere	ricche	povero - ricco	"[lemma=""povero"" & pos=""ADJ""][word=""e""][lemma=""ricco"" & pos=""ADJ""]"	5875608	Uno Stato federale è basato sull'idea che il gettito delle imposte è prevalentemente locale e lo Stato trattiene per sè ciò che occorrre al bilancio dell'Unione europea, alle poche funzioni statali, al notevole servizio del debito pubblico e alla perequazione tra regioni	povere e ricche	.
yes	X e Y	ricchi	poveri	povero - ricco	"[lemma=""ricco"" & pos=""ADJ""][word=""e""][lemma=""povero"" & pos=""ADJ""]"	379891	E sono battaglie legali che spesso contrappongono	ricchi e poveri	, paesi in via di sviluppo e paesi sviluppati.
yes	X e Y	ricchi	poveri	povero - ricco	"[lemma=""ricco"" & pos=""ADJ""][word=""e""][lemma=""povero"" & pos=""ADJ""]"	2718806	Che sottraggono risorse ai Paesi	ricchi e poveri	di ogni angolo del Pianeta.
yes	X e Y	ricchi	poveri	povero - ricco	"[lemma=""ricco"" & pos=""ADJ""][word=""e""][lemma=""povero"" & pos=""ADJ""]"	6565608	In sintesi: il capitalismo è l'unico orizzonte rimasto, esistono due classi sociali contrapposte (	ricchi e poveri	", semplicemente; improprio adottare terminologie ideologiche quali "" borghesi "" e "" proletari "")."
yes	X e Y	ricchi	poveri	povero - ricco	"[lemma=""ricco"" & pos=""ADJ""][word=""e""][lemma=""povero"" & pos=""ADJ""]"	6961865	In estate, però, le città si svuotano e allora anche le inflatable church tendono a traslocare dove	ricchi e poveri	vanno in vacanza, cioè al mare e P OTH o in montagna.
yes	X e Y	ricche	povere	povero - ricco	"[lemma=""ricco"" & pos=""ADJ""][word=""e""][lemma=""povero"" & pos=""ADJ""]"	5435811	Federalismo fiscale - Lo Stato prenderà quattro parti delle tasse pagate nelle Regioni: ciò che serve per l'Europa, per le funzioni residue dello Stato, per il debito pubblico e per il riequilibrio nazionale, la cosiddetta perequazione tra Regioni	ricche e povere	.
yes	X e Y	ricchi	poveri	povero - ricco	"[lemma=""ricco"" & pos=""ADJ""][word=""e""][lemma=""povero"" & pos=""ADJ""]"	345404	"Il successo di questi gruppi continua ancora oggi, soprattutto in Paesi come la Germania, le cui radio non fanno che trasmettere programmi musicali dedicati alla nostalgia suggeriamo di provare a digitare """	ricchi e poveri	""" su un qualsiasi motore di ricerca tedesco per rivedere ancora una volta il sorriso scintillante di Angela, Angelo e Franco."
yes	X e Y	ricche	povere	povero - ricco	"[lemma=""ricco"" & pos=""ADJ""][word=""e""][lemma=""povero"" & pos=""ADJ""]"	5913467	Le sue partner sono state indifferentemente bianche e nere,	ricche e povere	, giovani, adulte, quasi bambine.
yes	X e Y	ricchi	poveri	povero - ricco	"[lemma=""ricco"" & pos=""ADJ""][word=""e""][lemma=""povero"" & pos=""ADJ""]"	1095683	Vede i grattacieli con i manager freddi vestiti di grigio all'occidentale, vede le guardie private che lo sbattono fuori, vede le fabbriche trasformate dalla bravura del regista in architetture smaglianti oppure le fabbriche - case dove le donne cucinano e i bambini giocano, vede le alte statue di Mao color terra, vede palazzi e baracche,	ricchi e poveri	, perché tutto il mondo è diviso in abbondanza e penuria.
yes	X e Y	ricchi	poveri	povero - ricco	"[lemma=""ricco"" & pos=""ADJ""][word=""e""][lemma=""povero"" & pos=""ADJ""]"	507140	Nessuno fa eccezione, né il pubblicano, né il soldato, né il contadino, né il cittadino, e tutti insieme,	ricchi e poveri	, sono esortati a dare a chi non ha - difatti la misericordia è la pienezza delle virtù, quindi a tutti è proposta come forma perfetta di virtù - e a non essere avari nel dar via i vestiti e il cibo.
yes	X e Y	ricchi	poveri	povero - ricco	"[lemma=""ricco"" & pos=""ADJ""][word=""e""][lemma=""povero"" & pos=""ADJ""]"	5639250	Dall'altro c'è la constatazione che, sul filo dell'assistenzialismo industriale, si va allargando il divario tra paesi	ricchi e poveri	.
yes	X e Y	ricchi	poveri	povero - ricco	"[lemma=""ricco"" & pos=""ADJ""][word=""e""][lemma=""povero"" & pos=""ADJ""]"	686353	"La tv, un mai tramontato "" esperanto "": giovani e anziani,"	ricchi e poveri	, istruiti e meno istruiti, settentrionali e meridionali trovano nel video il livellatore che annulla tutte le differenze.
yes	X e Y	ricchi	poveri	povero - ricco	"[lemma=""ricco"" & pos=""ADJ""][word=""e""][lemma=""povero"" & pos=""ADJ""]"	3624469	de Galais... Come un tempo, si era cercato di mescolare	ricchi e poveri	, castellani e contadini.
yes	X e Y	ricche	povere	povero - ricco	"[lemma=""ricco"" & pos=""ADJ""][word=""e""][lemma=""povero"" & pos=""ADJ""]"	7048391	Per evitare che le differenze tra nazioni	ricche e povere	si allarghi ulteriormente, von der Leyen e Michel pensano a un Piano Marshall Ue.
yes	X e Y	ricchi	poveri	povero - ricco	"[lemma=""ricco"" & pos=""ADJ""][word=""e""][lemma=""povero"" & pos=""ADJ""]"	1502226	La linea di demarcazione tra Paesi	ricchi e poveri	non è più così netta come ai tempi della Populorum progressio, secondo quanto già aveva segnalato Giovanni Paolo II [55].
yes	X e Y	ricche	povere	povero - ricco	"[lemma=""ricco"" & pos=""ADJ""][word=""e""][lemma=""povero"" & pos=""ADJ""]"	6217083	Una volta interviene per l'economia a fronte del debito estero insopportabile dei paesi sottosviluppati e del gap crescente tra nazioni	ricche e povere	.
yes	X e Y	ricche	povere	povero - ricco	"[lemma=""ricco"" & pos=""ADJ""][word=""e""][lemma=""povero"" & pos=""ADJ""]"	6404532	""" Lo scambio di sangue tra regioni"	ricche e povere	"si è realizzato finora in gran parte su base individuale, con accordi sottoscritti fra i centri trasfusionali "" spiega Girolamo Sirchia, direttore del Centro trasfusionale del Policlinico di Milano."
yes	X e Y	ricchi	poveri	povero - ricco	"[lemma=""ricco"" & pos=""ADJ""][word=""e""][lemma=""povero"" & pos=""ADJ""]"	2730368	Il costo è basso per tutti,	ricchi e poveri	, turisti e lavoratori.
yes	X e Y	ricchi	poveri	povero - ricco	"[lemma=""ricco"" & pos=""ADJ""][word=""e""][lemma=""povero"" & pos=""ADJ""]"	742071	20 07 2001 IL TURISMO RIDUCE IL MONDO A UN MODELLO UNICO SE QUESTA È UNA VACANZA Enrico Camanni NON è solo la produzione a dividere il mondo in paesi	ricchi e poveri	, è anche il suo contrario: il tempo libero.
yes	X e Y	ricco	povero	povero - ricco	"[lemma=""ricco"" & pos=""ADJ""][word=""e""][lemma=""povero"" & pos=""ADJ""]"	4410940	Quell'uomo infatti può essere	ricco e povero	solo se viene riguardato o si percepisce sotto aspetti diversi.
yes	X e Y	ricco	povero	povero - ricco	"[lemma=""ricco"" & pos=""ADJ""][word=""e""][lemma=""povero"" & pos=""ADJ""]"	120755	Nel rito comunitario dell'Islam non c'è discriminazione fra sovrano e suddito,	ricco e povero	, bianco e negro, prima e seconda classe, platea e tribuna, posti riservati e posti pubblici.
yes	X e Y	poveri	ricchi	povero - ricco	"[lemma=""povero"" & pos=""ADJ""][word=""e""][lemma=""ricco"" & pos=""ADJ""]"	5910363	Ma sospettare che tutto ciò sia un imbroglio combinato per permettere ad alcuni dipendenti della Rai di spartirsi i premi con i complici a casa, rende addirittura furibondi:	poveri e ricchi	, colti e sprovveduti, accaniti seguaci dei giochi telefonici della tv e indifferenti spettatori di questa moda che continua a imperversare da anni.
yes	X e Y	ricchi	poveri	povero - ricco	"[lemma=""ricco"" & pos=""ADJ""][word=""e""][lemma=""povero"" & pos=""ADJ""]"	5215729	Il sostenitore italiano dev'essere educato anzitutto alla consapevolezza di una interdipendenza tra Paesi	ricchi e poveri	, tra sviluppo e sottosviluppo, che normalmente non è sufficientemente conosciuta.
yes	X e Y	ricchi	poveri	povero - ricco	"[lemma=""ricco"" & pos=""ADJ""][word=""e""][lemma=""povero"" & pos=""ADJ""]"	5728279	Se si dovesse abbandonare l'aggancio al dollaro tutti,	ricchi e poveri	, si ritroveranno con una diminuzione dei loro averi tra il 30 e il 50 per cento.
yes	X e Y	ricchi	poveri	povero - ricco	"[lemma=""ricco"" & pos=""ADJ""][word=""e""][lemma=""povero"" & pos=""ADJ""]"	1960702	Come la società, anche il cinema è ormai diviso tra ricchi sempre più	ricchi e poveri	sempre più poveri.
yes	X e Y	ricchi	poveri	povero - ricco	"[lemma=""ricco"" & pos=""ADJ""][word=""e""][lemma=""povero"" & pos=""ADJ""]"	4494915	Il fatto che l'imperatore si esibisse personalmente sulle scene, come cantante, come citaredo, come musicista, come attore, come pantomimo, come auriga, voleva significare che l'arte, nelle sue multiformi espressioni, è una cosa nobile in sé, degna di una partecipazione collettiva e non conosce quindi confini di classe, è per tutti ed è di tutti,	ricchi e poveri	, aristocratici e plebei.
yes	X e Y	ricchi	poveri	povero - ricco	"[lemma=""ricco"" & pos=""ADJ""][word=""e""][lemma=""povero"" & pos=""ADJ""]"	1102500	I rappresentanti di ben 1.600 comunità del cibo, in arrivo da Paesi vicini e lontani,	ricchi e poveri	, hanno lanciato un significativo messaggio di pace nei confronti della natura, della terra e del mare.
yes	X e Y	povero	ricco	povero - ricco	"[lemma=""povero"" & pos=""ADJ""][word=""e""][lemma=""ricco"" & pos=""ADJ""]"	4415868	È lo stesso problema dell'autismo	povero e ricco	di Minkowsky (v.
yes	X e Y	ricchi	poveri	povero - ricco	"[lemma=""ricco"" & pos=""ADJ""][word=""e""][lemma=""povero"" & pos=""ADJ""]"	152390	INTIMACY Regia di PATRICE CHEREAU Con KERRY FOX, MARK RYLANCE, TIMOTHY SPALL La Tyler maliarda in una commedia che però non funziona Liv, ragazzona acchiappamaschi di ROBERTO NEPOTI Giovani e passatelli,	ricchi e poveri	, grassi e magri, poliziotti o killer: tutti gli esseri con indosso i pantaloni che vedono Jewel perdono immediatamente la testa per lei.
yes	X e Y	ricche	povere	povero - ricco	"[lemma=""ricco"" & pos=""ADJ""][word=""e""][lemma=""povero"" & pos=""ADJ""]"	668086	Antica meditazione anche questa, essa stende più ampia l'ombra del suo mistero e, finale universale di vite	ricche e povere	, s'intreccia ancor più con l'altro tema di Dio, ricercato invano dalla ragione, invocato dalla (attesa, sperata) fede.
yes	X e Y	ricchi	poveri	povero - ricco	"[lemma=""ricco"" & pos=""ADJ""][word=""e""][lemma=""povero"" & pos=""ADJ""]"	665905	Padroni e servi, nobili e valletti,	ricchi e poveri	, in una cristallizzazione di ruoli nella quale è fin troppo facile leggere, in filigrana, l'ossatura su cui si regge l'universo sociale.
yes	X e Y	ricchi	poveri	povero - ricco	"[lemma=""ricco"" & pos=""ADJ""][word=""e""][lemma=""povero"" & pos=""ADJ""]"	522037	E fu questa volta, negli anni settanta, la guerra più difficile per la lunga inutile stasi, per ragioni psicologiche, per l'ira non repressa (e non reprimibile) dei Palestinesi, per la solidarietà tra Paesi arabi diversi,	ricchi e poveri	, per il ricorso alla limitazione delle forniture ed al rialzo del prezzo del petrolio, fatto quest'ultimo, che, con tutte le sue buone ragioni, ha rappresentato l'inizio di una fase assai più difficile dell'economia dei paesi industrializzati dell'occidente.
yes	X e Y	ricchi	poveri	povero - ricco	"[lemma=""ricco"" & pos=""ADJ""][word=""e""][lemma=""povero"" & pos=""ADJ""]"	429903	Infatti si è constatato che la globalizzazione a briglia sciolta ha aumentato la distanza fra paesi	ricchi e poveri	del pianeta, come l'ha aumentata all'interno degli stessi paesi ricchi, dove il vertice della piramide sociale calamita la più parte del reddito prodotto sottraendolo alla base di quella stessa piramide, sempre più povera ed emarginata.
yes	X e Y	ricchi	poveri	povero - ricco	"[lemma=""ricco"" & pos=""ADJ""][word=""e""][lemma=""povero"" & pos=""ADJ""]"	1734910	Una delle chiavi di volta del mondo di oggi è lì: nel tema «	ricchi e poveri	».
yes	X e Y	ricchi	poveri	povero - ricco	"[lemma=""ricco"" & pos=""ADJ""][word=""e""][lemma=""povero"" & pos=""ADJ""]"	4479538	Nel gennaio del 1893, la regina Liliuokalani fece un ultimo sforzo per salvare la sovranità hawaiana, concedendo il suffragio universale a tutti (e solo) i cittadini hawaiani,	ricchi e poveri	, senza alcuna discriminazione.
yes	X ma Y	povera	ricca	povero - ricco	"[lemma=""povero"" & pos=""ADJ""][word=""ma""][lemma=""ricco"" & pos=""ADJ""]"	1940345	Per la prima volta infatti anche Capranica Prenestina, in provincia di Roma, dopodomani celebrerà questa pietanza	povera ma ricca	di storia e antichi sapori.
yes	X ma Y	povero	ricchissimo	povero - ricco	"[lemma=""povero"" & pos=""ADJ""][word=""ma""][lemma=""ricco"" & pos=""ADJ""]"	2048344	antipasti Carbonara monferrina oggi mi impegno conchiglie alle patate Un piatto	povero ma ricchissimo	di gusto.
yes	X ma Y	povero	ricco	povero - ricco	"[lemma=""povero"" & pos=""ADJ""][word=""ma""][lemma=""ricco"" & pos=""ADJ""]"	2047112	spaghetti con la mollica Questo è il classico condimento	povero ma ricco	!
yes	X o Y	ricche	povere	povero - ricco	"[lemma=""ricco"" & pos=""ADJ""][word=""o""][lemma=""povero"" & pos=""ADJ""]"	629366	com) martedì, 04 gennaio 2005 La propensione a vivere in aree pericolose (2)... il bilancio in vite umane delle calamità naturali varia molto, però, a seconda se sono colpite zone	ricche o povere	.
yes	X o Y	ricco	povero	povero - ricco	"[lemma=""ricco"" & pos=""ADJ""][word=""o""][lemma=""povero"" & pos=""ADJ""]"	3045529	Io avevo un gran bisogno d'un contabile, d un amministratore, di un misuratore dei miei terreni: non sapevo più se ero	ricco o povero	.
yes	X o Y	ricchi	poveri	povero - ricco	"[lemma=""ricco"" & pos=""ADJ""][word=""o""][lemma=""povero"" & pos=""ADJ""]"	646965	Europei o asiatici, americani o africani,	ricchi o poveri	, uomini o donne, credenti o non credenti.
yes	X o Y	ricco	povero	povero - ricco	"[lemma=""ricco"" & pos=""ADJ""][word=""o""][lemma=""povero"" & pos=""ADJ""]"	4245042	Se questo essere umano sia uomo o donna, di quale male stia morendo, se sia	ricco o povero	non è dato saperlo.
yes	X o Y	ricco	povero	povero - ricco	"[lemma=""ricco"" & pos=""ADJ""][word=""o""][lemma=""povero"" & pos=""ADJ""]"	3006817	E l'Uomo, non il mondo, che	ricco o povero	non cambia.
yes	X o Y	ricchi	poveri	povero - ricco	"[lemma=""ricco"" & pos=""ADJ""][word=""o""][lemma=""povero"" & pos=""ADJ""]"	1892562	Ed è qui che si vede l'accentuarsi della polarizzazione sociale:	ricchi o poveri	, con la middle class che scende e non si consente più il capriccio da ricco.
yes	X o Y	povero	ricco	povero - ricco	"[lemma=""povero"" & pos=""ADJ""][word=""o""][lemma=""ricco"" & pos=""ADJ""]"	1048650	Quaranta, cinquanta milioni di euro all'anno e sarebbe la prima Regione del mondo a poter dire alle famiglie e a tutti gli anziani: «Nessuno è più solo con i propri problemi», che sia	povero o ricco	.
yes	X o Y	ricca	povera	povero - ricco	"[lemma=""ricco"" & pos=""ADJ""][word=""o""][lemma=""povero"" & pos=""ADJ""]"	6394546	""" Secondo te la tua famiglia è"	ricca o povera	?
yes	X o Y	ricchi	poveri	povero - ricco	"[lemma=""ricco"" & pos=""ADJ""][word=""o""][lemma=""povero"" & pos=""ADJ""]"	6822081	che vanno a costituire saranno	ricchi o poveri	, occupati o disoccupati, sani o malati... - devono decidere i principi di giustizia che reggeranno la loro convivenza.
yes	X o Y	ricco	povero	povero - ricco	"[lemma=""ricco"" & pos=""ADJ""][word=""o""][lemma=""povero"" & pos=""ADJ""]"	1712573	"Gli aspetti principali che hanno influenzato l'organizzazione della didattica sono due: il fattore tempo, ritenuto non sufficiente per una progettazione dettagliata delle esperienze, e la "" scelta "" di utilizzare le tecnologie in modo"	ricco o povero	, condizionata dalle teorie implicite.
yes	X o Y	ricchi	poveri	povero - ricco	"[lemma=""ricco"" & pos=""ADJ""][word=""o""][lemma=""povero"" & pos=""ADJ""]"	4224996	In questo modo viaggiatori di prima o di seconda classe,	ricchi o poveri	, non importa di quale ceto, su treni diversi e su tratte differenti, si incrociano, si ritrovano e si incontrano... in un luogo comune.
yes	X o Y	ricchi	poveri	povero - ricco	"[lemma=""ricco"" & pos=""ADJ""][word=""o""][lemma=""povero"" & pos=""ADJ""]"	6676008	"Ero in qualche misura consapevole che l'idea in cui erano cresciuti gli indiani della mia generazione - che la gente di campagna fosse "" arretrata "", soprattutto quando si trattava di apparecchiature moderne - non aveva più senso, ammesso che ne avesse mai avuto; e avevo visto coi miei occhi che i giovani indiani,"	ricchi o poveri	, istruiti o meno, con i cellulari e i computer se la cavavano molto meglio di me.
yes	X o Y	ricchi	poveri	povero - ricco	"[lemma=""ricco"" & pos=""ADJ""][word=""o""][lemma=""povero"" & pos=""ADJ""]"	1168381	Io non ci capisco niente, a volte non so nemmeno se siamo	ricchi o poveri	!
yes	X o Y	ricco	povero	povero - ricco	"[lemma=""ricco"" & pos=""ADJ""][word=""o""][lemma=""povero"" & pos=""ADJ""]"	1315710	A un cane non importa se sei	ricco o povero	, istruito o analfabeta, intelligente o stupido.
yes	X o Y	ricchi	poveri	povero - ricco	"[lemma=""ricco"" & pos=""ADJ""][word=""o""][lemma=""povero"" & pos=""ADJ""]"	6366741	Ciò che più conta per loro è quello che noi diciamo e facciamo, non quanto	ricchi o poveri	siamo o quanti oggetti possiamo regalare loro.
yes	X o Y	poveri	ricchi	povero - ricco	"[lemma=""povero"" & pos=""ADJ""][word=""o""][lemma=""ricco"" & pos=""ADJ""]"	6163496	"Disse il padre: "" Mettetevi con chi vi pare, non mi importa che siano"	poveri o ricchi	", gialli o neri, ma diffidate di chi la mattina non compra un giornale ""."
yes	X o Y	ricco	povero	povero - ricco	"[lemma=""ricco"" & pos=""ADJ""][word=""o""][lemma=""povero"" & pos=""ADJ""]"	1701630	A seconda dell'umore e dei soldi in tasca, uno poteva, attraversando semplicemente la strada, optare per la vita borghese o per quella operaia, immaginarsi	ricco o povero	, ordinare tè o un bicchiere di rosso.
yes	X o Y	ricco	povero	povero - ricco	"[lemma=""ricco"" & pos=""ADJ""][word=""o""][lemma=""povero"" & pos=""ADJ""]"	215437	Tutte le persone sono a rischio: nessuno,	ricco o povero	, ovunque si trovi, è immune da questi mali, che sono gravi.
yes	X o Y	ricchi	poveri	povero - ricco	"[lemma=""ricco"" & pos=""ADJ""][word=""o""][lemma=""povero"" & pos=""ADJ""]"	863367	Abbiamo gli stessi gusti, giochiamo agli stessi giochi... non esistono belli o brutti,	ricchi o poveri	.
yes	X o Y	ricchi	poveri	povero - ricco	"[lemma=""ricco"" & pos=""ADJ""][word=""o""][lemma=""povero"" & pos=""ADJ""]"	508368	Sia che fossero schiavi o uomini liberi, sia che fossero Greci o barbari o Sciti, sapienti o ignoranti, uomini o donne, fanciulli o vecchi, nobili oppure gente di umili natali,	ricchi o poveri	, principi o privati cittadini - egli dice - tutti divennero degni dello stesso onore.
yes	X o Y	ricchi	poveri	povero - ricco	"[lemma=""ricco"" & pos=""ADJ""][word=""o""][lemma=""povero"" & pos=""ADJ""]"	1499666	Viene da chiedersi chi fossero questi primi fedeli, se	ricchi o poveri	, liberi o schiavi, in maggioranza donne o uomini.
yes	X o Y	ricco	povero	povero - ricco	"[lemma=""ricco"" & pos=""ADJ""][word=""o""][lemma=""povero"" & pos=""ADJ""]"	5702485	Mario Vargas Llosa ha detto una volta che oggi un Paese può decidere se essere	ricco o povero	.
yes	X o Y	ricchi	poveri	povero - ricco	"[lemma=""ricco"" & pos=""ADJ""][word=""o""][lemma=""povero"" & pos=""ADJ""]"	3049464	mi dissi; gli uomini non li capisco,	ricchi o poveri	che siano.
yes	X o Y	ricca	povera	povero - ricco	"[lemma=""ricco"" & pos=""ADJ""][word=""o""][lemma=""povero"" & pos=""ADJ""]"	1985270	Poi ci pensa il capitalismo a schiavizzarlo, facendogli credere di essere migliore o peggiore di un altro sulla base del reddito, costringendolo più o meno a vivere una vita bella o brutta a seconda dell'appartenenza ad una classe sociale	ricca o povera	.
yes	X o Y	ricco	povero	povero - ricco	"[lemma=""ricco"" & pos=""ADJ""][word=""o""][lemma=""povero"" & pos=""ADJ""]"	3537830	Dopo il processo, alle creature elette veniva fatto fare un solenne giuramento, con il quale esse si impegnavano a proteggere chi fosse nel bisogno di aiuto,	ricco o povero	, umano o no, usando i poteri donati poco prima.
yes	X o Y	povera	ricca	povero - ricco	"[lemma=""povero"" & pos=""ADJ""][word=""o""][lemma=""ricco"" & pos=""ADJ""]"	3661500	Era lontana; era libera; non era più Maria, americana o italiana,	povera o ricca	, con o senza lavatrici o aspirapolvere; ormai era giunta nella terra dove si possiede tutto.
yes	X o Y	ricco	povero	povero - ricco	"[lemma=""ricco"" & pos=""ADJ""][word=""o""][lemma=""povero"" & pos=""ADJ""]"	2797496	Il calcio è uno sport per tutti, non importa da dove arrivi, se sei	ricco o povero	, ci sono milioni di persone che si godono questo spettacolo».
yes	X o Y	ricco	povero	povero - ricco	"[lemma=""ricco"" & pos=""ADJ""][word=""o""][lemma=""povero"" & pos=""ADJ""]"	6536279	Nessun vicino gli va a genio, dentista o non dentista,	ricco o povero	, loquace o taciturno, allegro o ingrugnito, riservato o indiscreto, educato o villanzone, antipatico o simpatico.
yes	X o Y	ricco	povero	povero - ricco	"[lemma=""ricco"" & pos=""ADJ""][word=""o""][lemma=""povero"" & pos=""ADJ""]"	4490837	Dobbiamo vedere in ogni bambino,	ricco o povero	, di qualsiasi razza, nato nel quartiere più ricco o nel più degradato, l'incarnazione del nostro futuro comune.
yes	sia X che Y	ricche	povere	povero - ricco	"[word=""sia""][lemma=""ricco"" & pos=""ADJ""][word=""che""][lemma=""povero"" & pos=""ADJ""]"	4266012	In queste città decentralizzate, gli stretti legami fra l'elite e il resto della popolazione sono rispecchiati dalla presenza in ciascun quartiere residenziale di abitazioni	sia ricche che povere	.
yes	X , non Y	privato	pubblico	privato - pubblico	"[lemma=""privato"" & pos=""ADJ""][word="",""][word=""non""][lemma=""pubblico"" & pos=""ADJ""]"	2745828	Freda La foto era stata scattata in un luogo	privato, non pubblico	, e non è stato possibile avere alcune informazioni necessarie, se quelle persone erano familiari o amiche, se avevano acconsentito alla divulgazione di una foto scattata in un'abitazione e non in una strada o piazza.
yes	X , non Y	privato	pubblico	privato - pubblico	"[lemma=""privato"" & pos=""ADJ""][word="",""][word=""non""][lemma=""pubblico"" & pos=""ADJ""]"	2241686	Un provvedimento delirante perché di fatto impone ulteriori politiche di austerità in un momento nel quale sarebbe in effetti necessario rilanciare la domanda interna, e quando è chiaro che la fragilità dei Paesi periferici deriva dall'accumulazione di debito	privato, non pubblico	(figura 26).
yes	X , non Y	pubblici	privati	privato - pubblico	"[lemma=""pubblico"" & pos=""ADJ""][word="",""][word=""non""][lemma=""privato"" & pos=""ADJ""]"	2617849	Erano edifici	pubblici, non privati	; di giurisdizione altrui, non vostra.
yes	X , non Y	privato	pubblico	privato - pubblico	"[lemma=""privato"" & pos=""ADJ""][word="",""][word=""non""][lemma=""pubblico"" & pos=""ADJ""]"	5391164	Per loro l'omosessualità è un fatto	privato, non pubblico	.
yes	X e Y	privati	pubblici	privato - pubblico	"[lemma=""privato"" & pos=""ADJ""][word=""e""][lemma=""pubblico"" & pos=""ADJ""]"	1792549	Sotto l'aspetto delle categorie economiche, in questo dopoguerra le trasformazioni più rilevanti sono avvenute in agricoltura (l'esodo agrario è stato gigantesco) e nei servizi - ormai l'occupazione nei servizi	privati e pubblici	rappresenta il 60% della popolazione attiva -.
yes	X e Y	pubblici	privati	privato - pubblico	"[lemma=""pubblico"" & pos=""ADJ""][word=""e""][lemma=""privato"" & pos=""ADJ""]"	4889506	"3\98 è stato stabilito che: "" per i dipendenti"	pubblici e privati	"in attività di servizio o in quiescenza, gli interventi legislativi hanno prodotto una sorta di abolizione implicita dell'orientamento che, in caso di ritardo nell'adempimento di emolumenti di natura retributiva, pensionistica ed assistenziale, cumulava interessi e rivalutazione e calcolava i primi sulla somma rivalutata ""."
yes	X e Y	pubblica	privata	privato - pubblico	"[lemma=""pubblico"" & pos=""ADJ""][word=""e""][lemma=""privato"" & pos=""ADJ""]"	4681282	549, e successive modificazioni, individuano preventivamente per ciascuna istituzione sanitaria	pubblica e privata	, ivi compresi i presidi ospedalieri di cui al comma 7, o per gruppi di istituzioni sanitarie, i limiti massimi annuali di spesa sostenibile con il Fondo sanitario e i preventivi annuali delle prestazioni, nonché gli indirizzi e le modalità per la contrattazione di cui all'articolo 1, comma 32, della legge 23 dicembre 1996, n.
yes	X e Y	pubblico	privato	privato - pubblico	"[lemma=""pubblico"" & pos=""ADJ""][word=""e""][lemma=""privato"" & pos=""ADJ""]"	5308328	Da generazioni nessuno capiva perché in Italia ci fossero differenze così grandi fra sistema	pubblico e privato	e fra la gran massa delle pensioni e alcune privilegiate.
yes	X e Y	pubblici	privati	privato - pubblico	"[lemma=""pubblico"" & pos=""ADJ""][word=""e""][lemma=""privato"" & pos=""ADJ""]"	5305982	"Più in dettaglio i "" graziati "" sono quelli che hanno versato almeno un anno di contributi fra i 14 e i 19 anni e i lavoratori"	pubblici e privati	qualificati come operai dai contratti collettivi di lavoro.
yes	X e Y	pubblici	privati	privato - pubblico	"[lemma=""pubblico"" & pos=""ADJ""][word=""e""][lemma=""privato"" & pos=""ADJ""]"	4341177	Quest'anno la Settimana> (25-29 marzo) prevede ben 1030 iniziative distribuite in 292 Comuni: laboratori	pubblici e privati	, Università, biblioteche e musei di ogni tipo si aprono al pubblico offrendo visite guidate gratuite, incontri con i ricercatori, programmi didattici per le scuole e quant'altro.
yes	X e Y	pubbliche	private	privato - pubblico	"[lemma=""pubblico"" & pos=""ADJ""][word=""e""][lemma=""privato"" & pos=""ADJ""]"	680089	"Scrive Ferrero: "" Ho provato a riordinare dati, notizie e osservazioni sparse in un trattatello discorsivo, senza pretese di sistematicità, che può forse riuscire di qualche interesse per il lettore curioso di cose storiche e di qualche utilità per quanti hanno responsabilità"	pubbliche e private	, quali che siano il carattere e le dimensioni dell'impresa o dell'istituzione in cui operano.
yes	X e Y	pubblica	privata	privato - pubblico	"[lemma=""pubblico"" & pos=""ADJ""][word=""e""][lemma=""privato"" & pos=""ADJ""]"	4596778	"Conclusioni Lo studio è completato da una serie di "" schemi operativi "" volti a guidare l'azione"	pubblica e privata	nella pratica realizzazione delle indicazioni in esso contenute.
yes	X e Y	pubblici	privati	privato - pubblico	"[lemma=""pubblico"" & pos=""ADJ""][word=""e""][lemma=""privato"" & pos=""ADJ""]"	1925377	Ora si può comprendere come il capo del governo voglia conservare nel segreto i suoi comportamenti	pubblici e privati	.
yes	X e Y	pubblici	privati	privato - pubblico	"[lemma=""pubblico"" & pos=""ADJ""][word=""e""][lemma=""privato"" & pos=""ADJ""]"	990835	Con il codice di deontologia e di buona condotta di cui all'articolo 118 sono altresì individuati termini armonizzati di conservazione dei dati personali contenuti, in particolare, in banche di dati, registri ed elenchi tenuti da soggetti	pubblici e privati	, riferiti al comportamento debitorio dell'interessato nei casi diversi da quelli disciplinati nel codice di cui all'articolo 117, tenendo conto della specificità dei trattamenti nei diversi ambiti.
yes	X e Y	pubbliche	private	privato - pubblico	"[lemma=""pubblico"" & pos=""ADJ""][word=""e""][lemma=""privato"" & pos=""ADJ""]"	4783862	scv Sentenza della Cassazione Civile nº 10934 del 07 11 97 Sez. Unite Acque	pubbliche e private	- Competenza e giurisdizione - Provvedimenti che influiscono sul regime delle acque pubbliche - Nozione - Portata - Provvedimenti di espropriazione o di occupazione d'urgenza - Giurisdizione del tribunale superiore delle acque pubbliche.
yes	X e Y	privati	pubblici	privato - pubblico	"[lemma=""privato"" & pos=""ADJ""][word=""e""][lemma=""pubblico"" & pos=""ADJ""]"	1840839	Non una rivolta dell'esercito dei lavoratori dipendenti	privati e pubblici	, ben consapevole della fortuna di conservare il lavoro, e sostenuto dal crescente potere d'acquisto perché i prezzi stanno scendendo...».
yes	X e Y	pubbliche	private	privato - pubblico	"[lemma=""pubblico"" & pos=""ADJ""][word=""e""][lemma=""privato"" & pos=""ADJ""]"	2290463	Ciascuna regione promuove, senza nuovi o maggiori oneri a carico della finanza pubblica, un sistema di monitoraggio delle attivita'assistenziali e della loro qualita'finalizzato a verificare la qualita'delle prestazioni delle singole unita'assistenziali delle strutture sanitarie	pubbliche e private	accreditate, in raccordo con il programma nazionale valutazione esiti dell'Agenzia nazionale per i servizi sanitari regionali e con il coinvolgimento dei direttori di dipartimento.
yes	X e Y	pubbliche	private	privato - pubblico	"[lemma=""pubblico"" & pos=""ADJ""][word=""e""][lemma=""privato"" & pos=""ADJ""]"	6446332	L'obiettivo del corso è formare una figura professionale che sia in grado di ottimizzare la gestione della variabile ambientale all'interno delle imprese	pubbliche e private	.
yes	X e Y	pubblica	privata	privato - pubblico	"[lemma=""pubblico"" & pos=""ADJ""][word=""e""][lemma=""privato"" & pos=""ADJ""]"	422057	Bisognerebbe istituire un nuovo servizio pubblico di osservatori informatici, i quali provvedono a raccogliere, elaborare e trasmettere informazioni di	pubblica e privata	utilità: una rete di relazioni, delle quali possono divenire partecipi direttamente i cittadini.
yes	X e Y	pubblici	privati	privato - pubblico	"[lemma=""pubblico"" & pos=""ADJ""][word=""e""][lemma=""privato"" & pos=""ADJ""]"	5226783	Si deve rilevare poi quali altri nidi	pubblici e privati	sono già attivi in zona e se la loro capienza è sufficiente a soddisfare la domanda di posti.
yes	X e Y	pubbliche	private	privato - pubblico	"[lemma=""pubblico"" & pos=""ADJ""][word=""e""][lemma=""privato"" & pos=""ADJ""]"	4290738	Alla realizzazione di questa banca dati hanno fornito contributi varie istituzioni	pubbliche e private	.
yes	X e Y	pubblici	privati	privato - pubblico	"[lemma=""pubblico"" & pos=""ADJ""][word=""e""][lemma=""privato"" & pos=""ADJ""]"	1083609	Proprio questa previsione sembra, da un canto, sposarsi con le indicazioni che provengono da Strasburgo, che auspicano sinergie tra soggetti	pubblici e privati	"capaci di produrre effetti positivi in termini di interesse pubblico mentre, da un altro, sembra "" bocciare Â l'annunciata marginalizzazione dei moduli societari misti, il cui impiego sarebbe confinato negli angusti limiti fissati dalla lett. b), dell'art. 2, del ddl di delega, per effetto del richiamo operato dalla successiva lett. c)."
yes	X e Y	pubblici	privati	privato - pubblico	"[lemma=""pubblico"" & pos=""ADJ""][word=""e""][lemma=""privato"" & pos=""ADJ""]"	4748149	Nei confronti di questo mercato i progetti settoriali dovranno essere modulati in una visione più ampia al cui interno possano collocarsi, senza creare sovrapposizioni, le attività promozionali di altri soggetti	pubblici e privati	ed azioni a sostegno del counter - trade.
yes	X e Y	pubbliche	private	privato - pubblico	"[lemma=""pubblico"" & pos=""ADJ""][word=""e""][lemma=""privato"" & pos=""ADJ""]"	5386742	La formazione potrà essere offerta da strutture	pubbliche e private	, con il concorso delle Regioni, secondo modalità stabilite da una apposita commissione.
yes	X e Y	pubblici	privati	privato - pubblico	"[lemma=""pubblico"" & pos=""ADJ""][word=""e""][lemma=""privato"" & pos=""ADJ""]"	6953363	"Renzi afferma che l'obiettivo di oggi è "" un gigantesco piano di investimenti"	pubblici e privati	""" perché i soldi ci sono."
yes	X e Y	pubblici	privati	privato - pubblico	"[lemma=""pubblico"" & pos=""ADJ""][word=""e""][lemma=""privato"" & pos=""ADJ""]"	975477	(3) La complessità tecnica delle reti e dei sistemi di informazione, la varietà dei prodotti e servizi interconnessi e la moltitudine di soggetti	pubblici e privati	, ognuno dotato di responsabilità, rischiano di turbare il buon funzionamento del mercato interno.
yes	X e Y	pubblica	privata	privato - pubblico	"[lemma=""pubblico"" & pos=""ADJ""][word=""e""][lemma=""privato"" & pos=""ADJ""]"	6232976	Il provvedimento - spiega - voleva solo eliminare gli ostacoli che impediscono alle famiglie lombarde di scegliere tra educazione	pubblica e privata	.
yes	X e Y	pubblici	privati	privato - pubblico	"[lemma=""pubblico"" & pos=""ADJ""][word=""e""][lemma=""privato"" & pos=""ADJ""]"	2678001	2.La Regione promuove la stipula di atti convenzionali con soggetti	pubblici e privati	per l'ingresso agevolato degli accompagnatori delle persone con disabilità nelle manifestazioni culturali in cui è previsto il pagamento di un biglietto d'ingresso.
yes	X e Y	pubblico	privato	privato - pubblico	"[lemma=""pubblico"" & pos=""ADJ""][word=""e""][lemma=""privato"" & pos=""ADJ""]"	6448887	Per questo, insieme al calo del costo del denaro, a un sistema creditizio più favorevole a chi senza aver santi in Paradiso vuole mettersi in proprio, a un maggior coordinamento	pubblico e privato	nei servizi alle imprese, è importante costruire fin dalle scuole un clima culturale favorevole all'impresa.
yes	X e Y	pubbliche	private	privato - pubblico	"[lemma=""pubblico"" & pos=""ADJ""][word=""e""][lemma=""privato"" & pos=""ADJ""]"	5609920	L'ultimo elemento, a mio parere egualmente positivo, è quello della concorrenza, che sarà introdotta con la parità tra scuole	pubbliche e private	.
yes	X e Y	pubbliche	private	privato - pubblico	"[lemma=""pubblico"" & pos=""ADJ""][word=""e""][lemma=""privato"" & pos=""ADJ""]"	2281013	Le regioni cui si applicano limiti alla spesa possono ridefinire il proprio obiettivo di cassa attraverso una corrispondente riduzione dell'obiettivo degli impegni di parte corrente relativi agli interessi passivi e oneri finanziari diversi, alla spesa di personale, ai trasferimenti correnti e continuativi a imprese	pubbliche e private	, a famiglie e a istituzioni sociali private, alla produzione di servizi in economia e all'acquisizione di servizi e forniture calcolati con riferimento alla media dei corrispondenti impegni del triennio 2007-2009.
yes	X e Y	privato	pubblico	privato - pubblico	"[lemma=""privato"" & pos=""ADJ""][word=""e""][lemma=""pubblico"" & pos=""ADJ""]"	2663948	Va poi aggiunto che quello culturale è un bene misto,	privato e pubblico	allo stesso tempo: è privato se sia inteso quale supporto materiale apprezzabile da chi lo possegga, è pubblico in quanto comunque appartiene a un patrimonio collettivo, complessivamente costituito da beni che abbiamo detto essere comuni (nell'accezione tecnica del termine), fonte di un arricchimento - oltre che di un piacere - che trascende l'atto di fruizione singolarmente considerato.
yes	X e Y	pubblici	privati	privato - pubblico	"[lemma=""pubblico"" & pos=""ADJ""][word=""e""][lemma=""privato"" & pos=""ADJ""]"	5604109	Ma se, sotto questo aspetto, i rapporti con Bruxelles possono migliorare in relazione a una maggior'formazione europeà dei quadri	pubblici e privati	piemontesi, i problemi si pongono nei rapporti con Roma.
yes	X e Y	pubblici	privati	privato - pubblico	"[lemma=""pubblico"" & pos=""ADJ""][word=""e""][lemma=""privato"" & pos=""ADJ""]"	979935	Il Direttore regionale nell'esercizio delle competenze previste nel presente articolo e in attuazione delle linee guida indicate nei programmi annuali di cui all'articolo 104, comma 2, può avvalersi, in via consultiva, di un comitato costituito con proprio decreto e composto da esperti del settore della prevenzione e del recupero dalle tossicodipendenze,	pubblici e privati	.
yes	X e Y	pubblici	privati	privato - pubblico	"[lemma=""pubblico"" & pos=""ADJ""][word=""e""][lemma=""privato"" & pos=""ADJ""]"	676071	Tra le manifestazioni: una mostra mercato di editoria sul giardino, una mostra di antiquariato, diverse presentazioni di libri, rassegne fotografiche e di pittura e visite ai principali giardini	pubblici e privati	della città.
yes	X e Y	pubbliche	private	privato - pubblico	"[lemma=""pubblico"" & pos=""ADJ""][word=""e""][lemma=""privato"" & pos=""ADJ""]"	4978339	E un artista doveva immaginarsi un altro paese per ambientarvi il riflesso di storie personali: Lessing pensò naturalmente all'Italia, spazio privilegiato di nefandezze	pubbliche e private	, parendogli una corte dei Gonzaga il luogo adatto a esporre una tela nereggiante di intighi e soprusi.
yes	X e Y	pubblici	privati	privato - pubblico	"[lemma=""pubblico"" & pos=""ADJ""][word=""e""][lemma=""privato"" & pos=""ADJ""]"	7077365	Per stimolare gli investimenti,	pubblici e privati	", ci saranno "" 15 miliardi aggiuntivi nel triennio ""."
yes	X e Y	pubblici	privati	privato - pubblico	"[lemma=""pubblico"" & pos=""ADJ""][word=""e""][lemma=""privato"" & pos=""ADJ""]"	4663198	Trattamento dei dati personali Dare fiducia al cittadino consumatore, ed in generale agli utenti	pubblici e privati	, rappresenta insieme al diritto alla riservatezza un elemento chiave per la sua promozione e la diffusione del Commercio Elettronico.
yes	X e Y	pubblici	privati	privato - pubblico	"[lemma=""pubblico"" & pos=""ADJ""][word=""e""][lemma=""privato"" & pos=""ADJ""]"	1792008	Gli inviti pressanti dell'Eurosistema hanno, infine, indotto anche i gestori	pubblici e privati	di infrastrutture di clearing e di settlement dei pagamenti retail a riunirsi nell'Associazione Europea dei Sistemi di Clearing Automatizzati (European Automated Clearing House Association - EACHA), che sino ad oggi si è dedicata, in particolare, allo sviluppo ed all'elaborazione delle più efficienti modalità finalizzate ad assicurare l'interoperabilità tecnica fra sistemi, sia con riferimento allo scambio di informazione che al regolamento.
yes	X e Y	pubblici	privati	privato - pubblico	"[lemma=""pubblico"" & pos=""ADJ""][word=""e""][lemma=""privato"" & pos=""ADJ""]"	6434888	Ma il voto è anche importante per chi decide di proseguire gli studi, sia l'Università, sia presso Istituti	pubblici e privati	.
yes	X e Y	pubblici	privati	privato - pubblico	"[lemma=""pubblico"" & pos=""ADJ""][word=""e""][lemma=""privato"" & pos=""ADJ""]"	6239165	Alla misura verrebbe affiancata un'altra imposta sul prezzo dei biglietti di ingresso dei musei	pubblici e privati	.
yes	X e Y	pubblici	privati	privato - pubblico	"[lemma=""pubblico"" & pos=""ADJ""][word=""e""][lemma=""privato"" & pos=""ADJ""]"	4846867	L'ISL è un'organizzazione privata indipendente, non profit, la cui principale fonte di finanziamento sono i contratti stipulati con organismi	pubblici e privati	.
yes	X e Y	pubblici	privati	privato - pubblico	"[lemma=""pubblico"" & pos=""ADJ""][word=""e""][lemma=""privato"" & pos=""ADJ""]"	3719137	Per anni aveva letto i suoi articoli, lo aveva seguito mentre rovinava cittadini	pubblici e privati	, morbosamente curiosa di scoprire fino a che punto arrivasse la crudeltà di quell'uomo che poteva sconvolgere delle vite con un tratto di penna.
yes	X e Y	pubblici	privati	privato - pubblico	"[lemma=""pubblico"" & pos=""ADJ""][word=""e""][lemma=""privato"" & pos=""ADJ""]"	6856504	Incrementare e ottimizzare la disponibilità delle risorse interne favorendo i progetti e le collaborazioni di più soggetti associati	pubblici e privati	.
yes	X e Y	pubblici	privati	privato - pubblico	"[lemma=""pubblico"" & pos=""ADJ""][word=""e""][lemma=""privato"" & pos=""ADJ""]"	375891	E'necessario, inoltre, limitare l'uso, in ambiti	pubblici e privati	, di telecamere o di qualsiasi altro strumento di telerilevamento digitale che possano invadere la privacy dei cittadini.
yes	X e Y	pubblici	privati	privato - pubblico	"[lemma=""pubblico"" & pos=""ADJ""][word=""e""][lemma=""privato"" & pos=""ADJ""]"	4280532	Occorre una grande alleanza tra forze politiche, scientifiche, economiche, sindacali e sociali, che sostenga e incentivi un processo di crescita del valore di mercato di un'industria appena nata, che aggreghi ed ottimizzi sforzi	pubblici e privati	, scienza e industria, crescita del mondo politico e economico.
yes	X e Y	pubblici	privati	privato - pubblico	"[lemma=""pubblico"" & pos=""ADJ""][word=""e""][lemma=""privato"" & pos=""ADJ""]"	4650663	I registri di carico e scarico relativi ai rifiuti prodotti dalle attività di manutenzione delle reti e delle utenze diffuse svolte dai soggetti	pubblici e privati	titolari di diritti speciali o esclusivi ai sensi della direttiva 93 38 CE attuata con il decreto legislativo 17 marzo 1995, n.
yes	X e Y	pubblica	privata	privato - pubblico	"[lemma=""pubblico"" & pos=""ADJ""][word=""e""][lemma=""privato"" & pos=""ADJ""]"	6058399	Se poi pensiamo al ruolo di stampa e televisione,	pubblica e privata	... Dunque, persino per uno come me è impossibile fare previsioni su quello che accadrà fra dieci o vent'anni: senza una radicale inversione di rotta - di cui non c'è traccia - non accadrà nulla, a parte il trascurabile fatto che l'Italia da quinto o settimo paese industrializzato del mondo scivolerà al quindicesimo posto.
yes	X e Y	pubblici	privati	privato - pubblico	"[lemma=""pubblico"" & pos=""ADJ""][word=""e""][lemma=""privato"" & pos=""ADJ""]"	6825985	I poteri	pubblici e privati	, per Hart, nonostante debbano essere analizzati nelle modalita?
yes	X e Y	pubblica	privata	privato - pubblico	"[lemma=""pubblico"" & pos=""ADJ""][word=""e""][lemma=""privato"" & pos=""ADJ""]"	989939	Per gli stessi motivi, la descritta non replicabilità di determinate condizioni tecniche offerte da TI agli altri OLO rispetto a quelle praticate dalla medesima società nei mercati dei servizi al dettaglio all'utenza affari,	pubblica e privata	(parr.
yes	X e Y	pubblica	privata	privato - pubblico	"[lemma=""pubblico"" & pos=""ADJ""][word=""e""][lemma=""privato"" & pos=""ADJ""]"	5515125	"La risposta del magistrato è pessimista: "" La cattiva autocoscienza della classe dirigente"	pubblica e privata	, che si assolve continuamente, ha portato al perdonismo generale.
yes	X e Y	pubblici	privati	privato - pubblico	"[lemma=""pubblico"" & pos=""ADJ""][word=""e""][lemma=""privato"" & pos=""ADJ""]"	6859315	La presente disposizione si applica ai datori di lavoro	pubblici e privati	.
yes	X e Y	pubblici	privati	privato - pubblico	"[lemma=""pubblico"" & pos=""ADJ""][word=""e""][lemma=""privato"" & pos=""ADJ""]"	1897098	La pubblica opinione dovrà attendere, anche se quei protagonisti sono personaggi pubblici che chiedono fiducia al Paese per rappresentare chi vota e governare il Paese o amministratori	pubblici e privati	a cui è stata affidata la nostra salute, i nostri risparmi, la nostra vita.
yes	X e Y	pubblici	privati	privato - pubblico	"[lemma=""pubblico"" & pos=""ADJ""][word=""e""][lemma=""privato"" & pos=""ADJ""]"	5629298	15-05-97 La soppressione della ritenuta del 12,5% stabilita dal Dlgs 239 96 impone di rideterminare gli anticipi'97 Â Obbligazioni, acconti da rifare Interessate Spa, Srl e i soci delle società di persone Antonella Antonelli Luca Poggi Le società di capitali e di persone (limitatamente ai propri soci) che hanno conseguito nel 1996 proventi derivanti da titoli obbligazionari,	pubblici e privati	, dovranno ricalcolare gli acconti Irpeg e Irpef dovuti per il 1997 da versare entro il corrente mese.
yes	X e Y	pubblico	privato	privato - pubblico	"[lemma=""pubblico"" & pos=""ADJ""][word=""e""][lemma=""privato"" & pos=""ADJ""]"	2288106	151, come modificato dal comma 3, lettera b), del presente articolo, si applica a decorrere dalla data di entrata in vigore della legge di conversione del presente decreto»; la rubrica e'sostituita dalla seguente: «Trasmissione telematica delle certificazioni di malattia nel settore	pubblico e privato	».
yes	X e Y	pubblico	privato	privato - pubblico	"[lemma=""pubblico"" & pos=""ADJ""][word=""e""][lemma=""privato"" & pos=""ADJ""]"	740383	I figli dunque divengono strategici per rendere meno teso questo rapporto fra	pubblico e privato	: essi trasformeranno a poco a poco il nocciolo duro dell'identità per adattarla alle esigenze della società d'accoglienza.
yes	X e Y	pubblici	privati	privato - pubblico	"[lemma=""pubblico"" & pos=""ADJ""][word=""e""][lemma=""privato"" & pos=""ADJ""]"	4123240	- La chiusura definitiva di tutti gli Ospedali Psichiatrici,	pubblici e privati	mediante un'opera efficace e guidata di deistituzionalizzazione, con la creazione di una rete di piccole comunità residenziali protette.
yes	X e Y	pubblico	privato	privato - pubblico	"[lemma=""pubblico"" & pos=""ADJ""][word=""e""][lemma=""privato"" & pos=""ADJ""]"	431653	Credo invece che il servizio pubblico debba avere la forza di trovare posto nel nuovo universo multimediale rilegittimando le sue funzioni di garante di una coesione sociale, scoprendo nuove missioni al fine di continuare a essere un soggetto attivo in un sistema misto, dove	pubblico e privato	hanno ruoli distinti.
yes	X e Y	pubbliche	private	privato - pubblico	"[lemma=""pubblico"" & pos=""ADJ""][word=""e""][lemma=""privato"" & pos=""ADJ""]"	5938808	Rosy Bindi propone un fondo per la spesa sociale distinto da quello della sanità e l'istituzione di un'Authority regionale per il coordinamento e il controllo delle strutture di recupero	pubbliche e private	.
yes	X e Y	pubblica	privata	privato - pubblico	"[lemma=""pubblico"" & pos=""ADJ""][word=""e""][lemma=""privato"" & pos=""ADJ""]"	5693915	Soprattutto autogestioni per discutere sulla parità fra scuola	pubblica e privata	, sulla futura riforma.
yes	X e Y	private	pubbliche	privato - pubblico	"[lemma=""privato"" & pos=""ADJ""][word=""e""][lemma=""pubblico"" & pos=""ADJ""]"	6366253	Questa rivoluzione è stata presentata, demagogicamente, come un vantaggio per il cittadino che ha la libertà di scegliere tra strutture	private e pubbliche	.
yes	X e Y	pubbliche	private	privato - pubblico	"[lemma=""pubblico"" & pos=""ADJ""][word=""e""][lemma=""privato"" & pos=""ADJ""]"	1515539	» «Un meccanismo diabolico» Zannelli parla di richieste di soldi a società	pubbliche e private	, di rapporti di scambio, di politica corrotta e di pubblica amministrazione inquinata.
yes	X e Y	pubblici	privati	privato - pubblico	"[lemma=""pubblico"" & pos=""ADJ""][word=""e""][lemma=""privato"" & pos=""ADJ""]"	963510	Tale disposizione rappresenta l'attuazione più evidente di un meccanismo di programmazione negoziata e concordata a livello locale con tutti gli attori locali,	pubblici e privati	.
yes	X e Y	pubblici	privati	privato - pubblico	"[lemma=""pubblico"" & pos=""ADJ""][word=""e""][lemma=""privato"" & pos=""ADJ""]"	5568371	Un segno positivo è costituito dalla direttiva numero 487 1997 del ministro Berlinguer (nota perché introduce la preiscrizione al l'università dal 1998). In questa direttiva si prevede espressamente (articolo 4) che ogni scuola secondaria superiore, si impegni, in collegamento con le regioni, gli enti locali e i soggetti	pubblici e privati	interessati, per sostenere l'orientamento degli studenti alla formazione professionale e al lavoro.
yes	X e Y	privati	pubblici	privato - pubblico	"[lemma=""privato"" & pos=""ADJ""][word=""e""][lemma=""pubblico"" & pos=""ADJ""]"	2404553	Esso si applica a tutti i settori di attività,	privati e pubblici	- e dunque anche l'impianto sportivo costituisce un luogo la cui frequentazione può esporre al rischio di infortuni non solo l'atleta, professionista o dilettante, ma anche gli addetti che a vario titolo operano all'interno dello stesso e, più in generale, gli spettatori che assistono alla manifestazione sportiva.
yes	X e Y	pubbliche	private	privato - pubblico	"[lemma=""pubblico"" & pos=""ADJ""][word=""e""][lemma=""privato"" & pos=""ADJ""]"	6138407	Mi chiedo, e vi chiedo, se nella Telecom come in quasi tutte le strutture,	pubbliche e private	, italiane esista un Ufficio complicazioni cose semplici, e per quale motivo in Italia non si riesca a fare le cose semplicemente come le fanno gli altri.
yes	X e Y	pubblico	privato	privato - pubblico	"[lemma=""pubblico"" & pos=""ADJ""][word=""e""][lemma=""privato"" & pos=""ADJ""]"	1049491	«Il sistema mette sullo stesso piano	pubblico e privato	convenzionato.
yes	X e Y	pubbliche	private	privato - pubblico	"[lemma=""pubblico"" & pos=""ADJ""][word=""e""][lemma=""privato"" & pos=""ADJ""]"	1093209	Caldeggiato anche dagli economisti europei del Cepr (Center for economic policy research) che hanno appena pubblicato uno studio sulla previdenza, il sistema funziona così: l'aspirante pensionato viene informato ogni anno su con esattezza su quanto ha versato alle pensioni	pubbliche e private	, quanto hanno reso i diversi fondi, che pensione ha maturato fino a quel momento e anche sull'ammontare della pensione futura.
yes	X e Y	pubbliche	private	privato - pubblico	"[lemma=""pubblico"" & pos=""ADJ""][word=""e""][lemma=""privato"" & pos=""ADJ""]"	2312458	Innanzi tutto, all'inidoneità del modello, accolto con Arcus, sostanzialmente chiuso al contributo anche decisionale di soggetti diversi dagli apparati ministeriali, a conseguire un obiettivo da tempo elevato a finalità delle politiche pubbliche per i beni e le attività culturali, qual è attrarre risorse organizzative e finanziarie,	pubbliche e private	, da destinare al soddisfacimento delle necessità di un settore che stenta a farsi risorsa e motore di sviluppo culturale, sociale ed economico.
yes	X e Y	pubbliche	private	privato - pubblico	"[lemma=""pubblico"" & pos=""ADJ""][word=""e""][lemma=""privato"" & pos=""ADJ""]"	5344361	La nuova istituzione si occuperà anche della Cineteca nazionale cui viene riconosciuto un ruolo di coordinamento dell'attività delle cineteche	pubbliche e private	che godono di contributi pubblici.
yes	X e Y	pubbliche	private	privato - pubblico	"[lemma=""pubblico"" & pos=""ADJ""][word=""e""][lemma=""privato"" & pos=""ADJ""]"	333215	html e dalle istituzioni	pubbliche e private	http: www.
yes	X e Y	pubblici	privati	privato - pubblico	"[lemma=""pubblico"" & pos=""ADJ""][word=""e""][lemma=""privato"" & pos=""ADJ""]"	5703735	Davanti alle richieste dei committenti	pubblici e privati	troppi architetti protagonisti alla Mostra della Triennale sembrano preferire la durezza all'empatia.
yes	X e Y	pubblico	privato	privato - pubblico	"[lemma=""pubblico"" & pos=""ADJ""][word=""e""][lemma=""privato"" & pos=""ADJ""]"	1080293	La Provincia autonoma ritiene di essere autorizzata ad organizzare un corso in tecniche organizzative e manageriali in ambito sanitario, con superamento di un esame finale che dà diritto a partecipare alla selezione del dirigente tecnico - assistenziale e del dirigente infermieristico, e ad ammettere alla selezione coloro che hanno frequentato un corso con superamento di esame finale organizzato da un istituto	pubblico e privato	riconosciuto in Italia o all'estero.
yes	X e Y	pubblici	privati	privato - pubblico	"[lemma=""pubblico"" & pos=""ADJ""][word=""e""][lemma=""privato"" & pos=""ADJ""]"	2656648	"In questo, ambito non si ravvede la necessità di un intervento legislativo, poiché, come anche recentemente notato, "" non è necessario né risolutivo ricorrere a miracolistiche soluzioni affidate a leggi più o meno speciali: cruciale, invece, è la cura della orizzontalità e delle "" cerniere "" tra le politiche di settore sia all'interno del singolo soggetto istituzionale che tra livelli di governo, il che tra l'altro rappresenta anche la migliore premessa per costruttive relazioni tra soggetti"	pubblici e privati	"""."
yes	X e Y	pubblico	privato	privato - pubblico	"[lemma=""pubblico"" & pos=""ADJ""][word=""e""][lemma=""privato"" & pos=""ADJ""]"	1762952	Un principio ben chiaro dovrebbe ispirare il Parlamento nella riforma che sta per varare: in ogni mercato, senza eccezioni,	pubblico e privato	"devono competere a parità di condizioni ""."
yes	X e Y	pubblici	privati	privato - pubblico	"[lemma=""pubblico"" & pos=""ADJ""][word=""e""][lemma=""privato"" & pos=""ADJ""]"	5826381	La Società italiana per i beni culturali - di continuo Veltroni ha ribadito - nasce per reperire fondi sui mercati finanziari interni ed internazionali, coinvolgendo Regioni, enti locali, imprese, altri soggetti	pubblici e privati	, che possono acquistare azioni di nuova emissione per un importo non superiore all'85 per cento del capitale sottoscritto dallo Stato.
yes	X e Y	pubblici	privati	privato - pubblico	"[lemma=""pubblico"" & pos=""ADJ""][word=""e""][lemma=""privato"" & pos=""ADJ""]"	5317339	"Cecchini, anche se non in campagna elettorale (gli assessori rutelliani non sono in alcuna lista: potranno comunque essere riconfermati in caso di rielezione del sindaco), enfatizza gli effetti del bando, che "" dovrebbe creare un indotto di 4.500 posti nell'edilizia in tre anni "", con un effetto volano di 1.125 miliardi di investimenti"	pubblici e privati	.
yes	X e Y	pubblica	privata	privato - pubblico	"[lemma=""pubblico"" & pos=""ADJ""][word=""e""][lemma=""privato"" & pos=""ADJ""]"	5061034	14.11.1997 Arnoldo Mondadori Editore - 1997 Tutti i diritti di proprietà letteraria e artistica riservati Dalla parte del malato Come difendersi dalla malasanità	pubblica e privata	?
yes	X e Y	privati	pubblica	privato - pubblico	"[lemma=""privato"" & pos=""ADJ""][word=""e""][lemma=""pubblico"" & pos=""ADJ""]"	713667	L'intreccio personale tra interessi	privati e pubblica	autorità, che Berlusconi non vuole sciogliere perché è la formula nascosta del suo clamoroso successo elettorale e politico in Italia, diventa dunque in Europa un handicap vistoso e ogni giorno crescente, che oggi trascina l'uomo al centro del conflitto in una bufera europea di sistema, proprio perché si appresta a guidare l'Unione nella turnazione del semestre.
yes	X e Y	pubblici	privati	privato - pubblico	"[lemma=""pubblico"" & pos=""ADJ""][word=""e""][lemma=""privato"" & pos=""ADJ""]"	322570	it Anche i principali network televisivi,	pubblici e privati	, diffondono via Internet i propri bollettini meteo.
yes	X e Y	pubbliche	private	privato - pubblico	"[lemma=""pubblico"" & pos=""ADJ""][word=""e""][lemma=""privato"" & pos=""ADJ""]"	1136622	La Valent forniva pasti a diverse strutture	pubbliche e private	, e provvedeva alla macellazione di carni di qualsiasi specie.
yes	X e Y	privati	pubblici	privato - pubblico	"[lemma=""privato"" & pos=""ADJ""][word=""e""][lemma=""pubblico"" & pos=""ADJ""]"	362055	Si parla del trasferimento di grandi quantità di dati per il controllo del trasporto, per l'ottimizzazione del flusso di automezzi	privati e pubblici	e per servizi di intrattenimento come la Tv interattiva e il video on demand (Vod).
yes	X e Y	pubblico	privato	privato - pubblico	"[lemma=""pubblico"" & pos=""ADJ""][word=""e""][lemma=""privato"" & pos=""ADJ""]"	6869741	Lavoratori disabili gravi, immunodepressi, con esiti da patologie oncologiche o in terapie salvavita: assenza parificata al ricovero ospedaliero (art.26) Per i lavoratori dei settori	pubblico e privato	con disabilità con connotazione di gravità, ai sensi dell'articolo 3, comma 3, della L.104 o in possesso di certificazione, rilasciata dai competenti organi medico - legali, attestante una condizione di rischio derivante da immunodepressione o da esiti da patologie oncologiche o dallo svolgimento di relative terapie salvavita, ai sensi dell'articolo 3, comma 1, della citata L.
yes	X e Y	pubblico	privato	privato - pubblico	"[lemma=""pubblico"" & pos=""ADJ""][word=""e""][lemma=""privato"" & pos=""ADJ""]"	2310057	Da ciò il limite strutturale dell'analisi economica del diritto, anche quale possibile teoria generale postmoderna del diritto	pubblico e privato	.
yes	X e Y	pubblici	privati	privato - pubblico	"[lemma=""pubblico"" & pos=""ADJ""][word=""e""][lemma=""privato"" & pos=""ADJ""]"	4178857	Oggi, come allora, la vita e la carriera di Roma sono quindi costellate di aerei, grandi e piccoli,	pubblici e privati	.
yes	X e Y	pubblica	privata	privato - pubblico	"[lemma=""pubblico"" & pos=""ADJ""][word=""e""][lemma=""privato"" & pos=""ADJ""]"	4298396	), agli studenti dei dottorati di ricerca, ai giovani ricercatori e o borsisti, agli operatori ambientali associati ai servizi territoriali, al personale dell'industria	pubblica e privata	.
yes	X e Y	pubblici	privati	privato - pubblico	"[lemma=""pubblico"" & pos=""ADJ""][word=""e""][lemma=""privato"" & pos=""ADJ""]"	2683636	Se non si trova una soluzione a questo problema, tutti i piani,	pubblici e privati	, falliranno il vero obiettivo.
yes	X e Y	pubblica	privata	privato - pubblico	"[lemma=""pubblico"" & pos=""ADJ""][word=""e""][lemma=""privato"" & pos=""ADJ""]"	5694289	Sarà con ogni probabilità il costituzionalista laico Enzo Cheli il futuro presidente dell'Authority per le telecomunicazioni e la televisione, l'uomo che farà da ago della bilancia nel settore economicamente e politicamente più caldo dei prossimi anni, un campo che spazia dalla telefonia terrestre a quella mobile, alla tv	pubblica e privata	nei suoi sviluppi che le leggi quadro vanno delineando lasciando all'Autorità ampi margini nella loro applicazione.
yes	X e Y	pubblici	privati	privato - pubblico	"[lemma=""pubblico"" & pos=""ADJ""][word=""e""][lemma=""privato"" & pos=""ADJ""]"	4304170	È una manifestazione promossa dal ministero della Ricerca che anche quest'anno, in 150 città offrirà al pubblico, e in particolare alle scuole, più di 700 opportunità per scoprire la cultura scientifica attraverso visite a laboratori	pubblici e privati	, mostre, musei.
yes	X e Y	pubblici	privati	privato - pubblico	"[lemma=""pubblico"" & pos=""ADJ""][word=""e""][lemma=""privato"" & pos=""ADJ""]"	1434185	Opportunità e aspettative sono dunque i tratti dominanti dell'attuale situazione; le prime possono essere colte, e le seconde assecondate soltanto a patto di una condivisa responsabilità che coinvolga tutti i soggetti,	pubblici e privati	, centrali e locali, che contribuiscono all'esistenza e all'evoluzione del settore dello spettacolo dal vivo.
yes	X e Y	pubbliche	private	privato - pubblico	"[lemma=""pubblico"" & pos=""ADJ""][word=""e""][lemma=""privato"" & pos=""ADJ""]"	4772761	I trattamenti pensionistici sono totalmente cumulabili con i redditi derivanti da attività svolte nell'ambito di programmi di reinserimento degli anziani in attività socialmente utili, promosse da enti locali ed altre istituzioni	pubbliche e private	.
yes	X e Y	pubbliche	private	privato - pubblico	"[lemma=""pubblico"" & pos=""ADJ""][word=""e""][lemma=""privato"" & pos=""ADJ""]"	4715004	), struttura operativa composta da 14 responsabili delle funzioni di supporto (Sala Operativa) e da 5 dirigenti che dirigeranno i 5 settori operativi, come previsto dal modello di intervento nazionale al fine di coordinare tutte le strutture	pubbliche e private	coinvolte.
yes	X e Y	pubbliche	private	privato - pubblico	"[lemma=""pubblico"" & pos=""ADJ""][word=""e""][lemma=""privato"" & pos=""ADJ""]"	5957831	Di parere opposto è il presidente del Cgd, Sergio Tavassi: È di grande importanza una qualità omogenea degli standard qualitativi fra scuole	pubbliche e private	; ma non è giusto che la comunità finanzi gli istituti privati che appartengono a una logica diversa e non svolgono un servizio per tutti.
yes	X e Y	pubbliche	private	privato - pubblico	"[lemma=""pubblico"" & pos=""ADJ""][word=""e""][lemma=""privato"" & pos=""ADJ""]"	6844927	28 (Norme in materia di autorizzazione delle strutture sanitarie	pubbliche e private	), in violazione dell'art. 117, terzo comma, della Costituzione, in relazione agli artt. 8, comma 4, e 8-ter del decreto legislativo 30 dicembre 1992, n.
yes	X e Y	pubblici	privati	privato - pubblico	"[lemma=""pubblico"" & pos=""ADJ""][word=""e""][lemma=""privato"" & pos=""ADJ""]"	12162	Tutti i lavoratori (alle stesse condizioni) possono riscattare il corso di laurea, dipendenti (	pubblici e privati	) e autonomi.
yes	X e Y	pubblici	privati	privato - pubblico	"[lemma=""pubblico"" & pos=""ADJ""][word=""e""][lemma=""privato"" & pos=""ADJ""]"	5730972	Ha aggiunto: Mentre si era vicini a una unificazione dei trattamenti tra lavoratori	pubblici e privati	le nuove ipotesi fanno intravedere l'introduzione di nuove divisioni nel lavoro dipendente con una penalizzazione degli impiegati.
yes	X e Y	pubblici	privati	privato - pubblico	"[lemma=""pubblico"" & pos=""ADJ""][word=""e""][lemma=""privato"" & pos=""ADJ""]"	375878	Infatti, nonostante alcune eccezioni (come il professor Stefano Rodotà, uno dei pochi a sollevare a gran voce la questione) né in rete né in altri ambiti si è cercato di stimolare un dibattito su un tema di estremo interesse per singoli cittadini, operatori economici, associazioni culturali, enti	pubblici e privati	che sempre più si scontrano con la mancanza di leggi in materia.
yes	X e Y	pubblico	privato	privato - pubblico	"[lemma=""pubblico"" & pos=""ADJ""][word=""e""][lemma=""privato"" & pos=""ADJ""]"	6857455	i figli dei mutilati e degli invalidi per servizio nel settore	pubblico e privato	; xiii.
yes	X e Y	pubblici	privati	privato - pubblico	"[lemma=""pubblico"" & pos=""ADJ""][word=""e""][lemma=""privato"" & pos=""ADJ""]"	4867415	La legge Merli prevede che gli scarichi	pubblici e privati	possono essere effettuati previa autorizzazione, secondo una ripartizione di competenze tra regioni.
yes	X e Y	pubblici	privati	privato - pubblico	"[lemma=""pubblico"" & pos=""ADJ""][word=""e""][lemma=""privato"" & pos=""ADJ""]"	4896304	Ai sensi di tale norma, sono ammessi alle agevolazioni solo i servizi che risultino forniti da: - imprese o società iscritte al Registro ditte della Camera di commercio; - enti	pubblici e privati	aventi personalità giuridica; - professionisti iscritti ad un Albo professionale legalmente riconosciuto.
yes	X e Y	pubblici	privati	privato - pubblico	"[lemma=""pubblico"" & pos=""ADJ""][word=""e""][lemma=""privato"" & pos=""ADJ""]"	984467	Il prezzo del biglietto include gli oneri derivanti dalla stipula delle convenzioni previste alla lettera c); c) le modalità di emissione, distribuzione e vendita del biglietto d'ingresso e di riscossione del corrispettivo, anche mediante convenzioni con soggetti	pubblici e privati	.
yes	X e Y	privati	pubblici	privato - pubblico	"[lemma=""privato"" & pos=""ADJ""][word=""e""][lemma=""pubblico"" & pos=""ADJ""]"	4763617	OSSERVA: Art. 3, commi 1, 2, e 3 dello schema di convenzione: la previsione relativa all'utilizzazione di dati, notizie ed informazioni presenti nel sistema informativo dell'Amministrazione, ivi compresi quelli forniti all'Amministrazione dall'ISTAT, dalle associazioni di categoria, da enti, istituzioni e organismi	privati e pubblici	, nonché raccolti direttamente, è del tutto generica.
yes	X e Y	pubblici	privati	privato - pubblico	"[lemma=""pubblico"" & pos=""ADJ""][word=""e""][lemma=""privato"" & pos=""ADJ""]"	2667649	I comuni possono incrementare la disponibilità di servizi abitativi transitori con unità abitative conferite da soggetti	pubblici e privati	, compresi gli operatori accreditati, da reperire attraverso procedure ad evidenza pubblica e da disciplinare mediante apposite convenzioni, rinnovabili in forma espressa.
yes	X e Y	pubbliche	private	privato - pubblico	"[lemma=""pubblico"" & pos=""ADJ""][word=""e""][lemma=""privato"" & pos=""ADJ""]"	274744	Il primo è un sistema di firma digitale basato sul noto sistema delle chiavi	pubbliche e private	", che permette di conoscere con certezza l'autore del codice; per evitare che le chiavi pubbliche, necessariamente disponibili sulla Rete, vengano utilizzate fraudolentemente utilizzate, le chiavi possono essere utilizzate solo unitamente a certificati ottenibili dietro pagamento e identificazione certa da "" autorità "" come VeriSign o GTE."
yes	X ma Y	pubblici	privati	privato - pubblico	"[lemma=""pubblico"" & pos=""ADJ""][word=""ma""][lemma=""privato"" & pos=""ADJ""]"	789979	I testi risultanti, altrettanto tipicamente, non sono	pubblici ma privati	, in quanto soggetti alle restrizioni legate al diritto d'autore, che la legislazione italiana, europea e statunitense va progressivamente inasprendo: 1 i cittadini, gli studenti e le stesse biblioteche pubbliche sono dunque costretti ad acquistare, di nuovo a pagamento, qualcosa che di solito deve la sua esistenza esclusivamente a denaro pubblico.
yes	X o Y	pubblica	privata	privato - pubblico	"[lemma=""pubblico"" & pos=""ADJ""][word=""o""][lemma=""privato"" & pos=""ADJ""]"	986499	La Sesta Sezione ha invero avuto occasione di statuire, in modo assolutamente condivisibile, che gli obblighi scaturenti dal disposto dell'art. 17 si imputano in capo ad ogni impresa,	pubblica o privata	, che intenda partecipare a bandi per appalti pubblici, a nulla rilevando quale sia il numero dei lavoratori da essa dipendenti, ovverosia a prescindere dal fatto che la singola impresa concorrente si collochi, o meno, al di sopra della soglia dimensionale che delimita l'ambito soggettivo di applicazione della l.
yes	X o Y	pubblici	privati	privato - pubblico	"[lemma=""pubblico"" & pos=""ADJ""][word=""o""][lemma=""privato"" & pos=""ADJ""]"	2306259	Ai fini dell'ammissione delle imprese di tutti i settori ad agevolazioni oggetto di cofinanziamento europeo finalizzate alla realizzazione di investimenti produttivi, le pubbliche amministrazioni procedenti anche per il tramite di eventuali gestori	pubblici o privati	dell'intervento interessato sono tenute a verificare, in sede di concessione delle agevolazioni, la regolarita'contributiva del beneficiario, acquisendo d'ufficio il documento unico di regolarita'contributiva (DURC).
yes	X o Y	private	pubbliche	privato - pubblico	"[lemma=""privato"" & pos=""ADJ""][word=""o""][lemma=""pubblico"" & pos=""ADJ""]"	4684222	La valutazione dei requisiti di cui ai commi 3 e 5 è effettuata dal predetto gruppo tecnico di valutazione, tenuto anche conto dei criteri utilizzati dalle strutture di controllo,	private o pubbliche	, per stabilire l'entità degli oneri a carico dei produttori.
yes	X o Y	pubblico	privato	privato - pubblico	"[lemma=""pubblico"" & pos=""ADJ""][word=""o""][lemma=""privato"" & pos=""ADJ""]"	2626579	Grazie alla diffusione di strumenti sempre piú protesici, questa varietà di momenti transitori si verifica dappertutto, in qualsiasi luogo,	pubblico o privato	che sia.
yes	X o Y	pubblici	privati	privato - pubblico	"[lemma=""pubblico"" & pos=""ADJ""][word=""o""][lemma=""privato"" & pos=""ADJ""]"	1772086	Coloro che prestano servizio armato presso enti	pubblici o privati	sono obbligati a iscriversi a una sezione di tiro a segno nazionale e devono superare ogni anno un corso di lezioni regolamentari di tiro a segno.
yes	X o Y	private	pubbliche	privato - pubblico	"[lemma=""privato"" & pos=""ADJ""][word=""o""][lemma=""pubblico"" & pos=""ADJ""]"	992210	La presente dichiarazione d'impegno non crea o conferisce alcun diritto o beneficio a persone fisiche o giuridiche,	private o pubbliche	.
yes	X o Y	pubblica	privata	privato - pubblico	"[lemma=""pubblico"" & pos=""ADJ""][word=""o""][lemma=""privato"" & pos=""ADJ""]"	1768273	Quando ci si confronta con i beni culturali, infatti, ci si misura con una tipologia di beni, mobili o immobili, di appartenenza	pubblica o privata	, sottoposti a una disciplina differenziata, generatrice di uno statuto speciale, motivato dalle particolari necessità ad essi proprie.
yes	X o Y	pubblico	privato	privato - pubblico	"[lemma=""pubblico"" & pos=""ADJ""][word=""o""][lemma=""privato"" & pos=""ADJ""]"	6046274	Domani un commerciante ma anche una grande società una banca un ente	pubblico o privato	sceglieranno liberamente a quale istituto affidare la sorveglianza dei propri edifici o la custodia dei propri valori.
yes	X o Y	pubblico	privato	privato - pubblico	"[lemma=""pubblico"" & pos=""ADJ""][word=""o""][lemma=""privato"" & pos=""ADJ""]"	11222	A quale ente	pubblico o privato	rivolgersi per ottenere informazioni sugli standard alberghieri richiesti, le forme di finanziamento, studio di fattibilità?
yes	X o Y	pubbliche	private	privato - pubblico	"[lemma=""pubblico"" & pos=""ADJ""][word=""o""][lemma=""privato"" & pos=""ADJ""]"	1765187	"L'art. 295, infine, detta il principio di "" neutralità della proprietà "", in quanto per il Trattato è ininfluente che i servizi d'interesse economico generale siano forniti da imprese"	pubbliche o private	.
yes	X o Y	pubblico	privato	privato - pubblico	"[lemma=""pubblico"" & pos=""ADJ""][word=""o""][lemma=""privato"" & pos=""ADJ""]"	2387257	"(2013), "" La crisi dell'Eurozona è un problema di debito"	pubblico o privato	?
yes	X o Y	pubblici	privati	privato - pubblico	"[lemma=""pubblico"" & pos=""ADJ""][word=""o""][lemma=""privato"" & pos=""ADJ""]"	4670967	Il presidente e i membri durano in carica quattro anni e non possono essere confermati per più di una volta; per tutta la durata dell'incarico il presidente e i membri non possono esercitare, a pena di decadenza, alcuna attività professionale o di consulenza, né essere amministratori o dipendenti di enti	pubblici o privati	, né ricoprire cariche elettive.
yes	X o Y	pubblico	privato	privato - pubblico	"[lemma=""pubblico"" & pos=""ADJ""][word=""o""][lemma=""privato"" & pos=""ADJ""]"	4633098	Le società, le associazioni, le fondazioni ed ogni altro ente,	pubblico o privato	, anche se privo di natura associativa, sono disciplinati dalla legge dello Stato nel cui territorio è stato perfezionato il procedimento di costituzione.
yes	X o Y	pubblici	privati	privato - pubblico	"[lemma=""pubblico"" & pos=""ADJ""][word=""o""][lemma=""privato"" & pos=""ADJ""]"	6882542	Anche nel territorio italiano numerosi servizi	pubblici o privati	hanno riscontrato in alcuni adolescenti una costellazione di sintomi compatibile con la sindrome di hikikomori.
yes	X o Y	pubbliche	private	privato - pubblico	"[lemma=""pubblico"" & pos=""ADJ""][word=""o""][lemma=""privato"" & pos=""ADJ""]"	4662720	"Per quanto riguarda il mezzo di trasmissione il Commercio Elettronico non si limita ad Internet ma si riferisce anche ad altre modalità e procedure come il videotex, le televendite in radiodiffusione, applicazioni su reti "" proprietarie """	pubbliche o private	(servizi bancari, procedure della Pubblica Amministrazione, reti chiuse d'impresa, ecc.), nonché di tipo off - line ad es. tramite cataloghi su CD - ROM, ovvero con tecnologia e procedure combinate tra quelle citate.
yes	X o Y	pubblica	privata	privato - pubblico	"[lemma=""pubblico"" & pos=""ADJ""][word=""o""][lemma=""privato"" & pos=""ADJ""]"	655852	Qualunque entità	pubblica o privata	"potrà creare ununiversità telematica, reclutare professori, rilasciare titoli accademici al di fuori da ogni verifica da parte del sistema accademico vero e proprio ""."
yes	X o Y	pubbliche	private	privato - pubblico	"[lemma=""pubblico"" & pos=""ADJ""][word=""o""][lemma=""privato"" & pos=""ADJ""]"	2241493	"Ã¢ "" "" Anche gli afflussi di capitali sono controllati: l'idea tanto Ã¢ "" Â modernaÃ¢ "" Â che le aziende ("	pubbliche o private	) nazionali siano lì per essere messe in vendita al miglior offerente non è ancora arrivata.
yes	X o Y	pubblici	privati	privato - pubblico	"[lemma=""pubblico"" & pos=""ADJ""][word=""o""][lemma=""privato"" & pos=""ADJ""]"	1763020	"1282, il quale ha statuito che "" è solo la specifica missione strumentale della società rispetto all'ente che l'ha costituita ovvero la partecipa a giustificare il divieto legislativo di operare per altri soggetti"	pubblici o privati	", al fine di non godere della posizione privilegiata sul mercato, determinata proprio dalla predetta strumentalità, ritenuta dal legislatore fonte di alterazione o di distorsione della concorrenza e del mercato e di violazione del principio di parità degli operatori ""."
yes	X o Y	pubblici	privati	privato - pubblico	"[lemma=""pubblico"" & pos=""ADJ""][word=""o""][lemma=""privato"" & pos=""ADJ""]"	5720945	"Mentre, da quanto è emerso da un'indagine svolta dal verde Silvio Viale, "" gli episodi rilevati a Palazzo Civico, avvengono in tutti gli uffici d'Italia, """	pubblici o privati	"che siano ""."
yes	X o Y	pubblico	privato	privato - pubblico	"[lemma=""pubblico"" & pos=""ADJ""][word=""o""][lemma=""privato"" & pos=""ADJ""]"	2313114	Rispetto alla sponsorizzazione, tali fattispecie si distinguono per il fatto che il soggetto,	pubblico o privato	, il quale consente che l'attività di altri si svolga sotto il suo patrocinio, non trova corrispettivo nel vantaggio atteso dalla pubblicizzazione della sua figura di patrocinatore (Cass.
yes	X o Y	pubblico	privato	privato - pubblico	"[lemma=""pubblico"" & pos=""ADJ""][word=""o""][lemma=""privato"" & pos=""ADJ""]"	4710399	"per "" soggetto "" si intende una persona singola, associazione o organismo"	pubblico o privato	, configurato o meno come società, compreso uno Stato o una sua parte costitutiva; 9.
yes	X o Y	pubblica	privata	privato - pubblico	"[lemma=""pubblico"" & pos=""ADJ""][word=""o""][lemma=""privato"" & pos=""ADJ""]"	6850507	possieda una certificazione, rilasciata da una struttura sanitaria	pubblica o privata	autorizzata, sullo stato di tossicodipendenza o alcoldipendenza e sull'idoneita?
yes	X o Y	pubbliche	private	privato - pubblico	"[lemma=""pubblico"" & pos=""ADJ""][word=""o""][lemma=""privato"" & pos=""ADJ""]"	5578556	Infatti le'partnership' sono forti anche se con realtà azionarie diverse (	pubbliche o private	): l'importante è che vi siano risultati positivi, fa osservare Spinetta.
yes	X o Y	pubbliche	private	privato - pubblico	"[lemma=""pubblico"" & pos=""ADJ""][word=""o""][lemma=""privato"" & pos=""ADJ""]"	1935709	Infine, c'è chi si lamenta delle lungaggini per adottare animali presso alcune strutture	pubbliche o private	(molto scrupolose la Muratella o Romancats di Torre Argentina) si tratta invece di controlli che chiunque dovrebbe effettuare prima di assegnare un animale.
yes	X o Y	pubblici	privati	privato - pubblico	"[lemma=""pubblico"" & pos=""ADJ""][word=""o""][lemma=""privato"" & pos=""ADJ""]"	4707102	Ai progetti possono anche essere associati, da un lato, gli enti	pubblici o privati	il cui compito è prevenire o lottare contro la tratta degli esseri umani e lo sfruttamento sessuale dei bambini, di assisterne le vittime e di provvedere al trattamento da riservare agli autori di tali reati e, dall'altro, il personale accademico e scientifico, allorché ciò si ritenga utile tenuto conto della finalità dei progetti.
yes	X o Y	pubbliche	private	privato - pubblico	"[lemma=""pubblico"" & pos=""ADJ""][word=""o""][lemma=""privato"" & pos=""ADJ""]"	381430	Un coordinamento di questo tipo permetterà di utilizzare al massimo le differenti strutture esistenti sul territorio, siano esse	pubbliche o private	: il collegamento in rete tra gli ospedali e i vari gruppi di assistenza sul territorio potrà portare alla realizzazione di una cartella clinica comune, risultato delle differenti fasi di assistenza a cui è sottoposto il paziente.
yes	X o Y	pubblici	privati	privato - pubblico	"[lemma=""pubblico"" & pos=""ADJ""][word=""o""][lemma=""privato"" & pos=""ADJ""]"	1359111	Va comunque chiarito che i principi contabili non si identificano senza altro con le raccolte curate dai vari organismi	pubblici o privati	.
yes	X o Y	pubbliche	private	privato - pubblico	"[lemma=""pubblico"" & pos=""ADJ""][word=""o""][lemma=""privato"" & pos=""ADJ""]"	336262	Qui esamineremo a fondo questo sistema di comunicazione il cui principio di base poggia su una rete di server che permettono a un certo numero di client di accedere ai canali, aree di discussione	pubbliche o private	Immaginate un canale IRC come un salotto in cui varie persone stanno parlando contemporaneamente.
yes	X o Y	pubbliche	private	privato - pubblico	"[lemma=""pubblico"" & pos=""ADJ""][word=""o""][lemma=""privato"" & pos=""ADJ""]"	6969529	Ci sono fondi per salvare i marchi storici, 1 miliardo per i Comuni da destinare al rifacimento delle strade, il prolungamento di altri 15 anni degli incentivi alle fonti rinnovabili per gli impianti già ammortizzati, la semplificazione delle procedure concorsuali pubbliche con domande da presentare solo on line su piattaforme	pubbliche o private	.
yes	X o Y	pubbliche	private	privato - pubblico	"[lemma=""pubblico"" & pos=""ADJ""][word=""o""][lemma=""privato"" & pos=""ADJ""]"	36545	Non possono in nessun modo ricoverarci, senza il nostro consenso, presso altre strutture	pubbliche o private	(reparti psichiatrici del policlinico, comunità protette, case famiglia, cliniche private...).
yes	X o Y	pubblico	privato	privato - pubblico	"[lemma=""pubblico"" & pos=""ADJ""][word=""o""][lemma=""privato"" & pos=""ADJ""]"	1045013	Le due ruote, grazie alle piste ciclabili comunali, potrebbero rappresentare una reale e valida alternativa al motorino (che sono costretta ad utilizzare per muovermi con agilità nel traffico, rischiando la vita tutti i giorni) e al ben più inquinante mezzo	pubblico o privato	.
yes	X o Y	pubblici	privati	privato - pubblico	"[lemma=""pubblico"" & pos=""ADJ""][word=""o""][lemma=""privato"" & pos=""ADJ""]"	4763824	In caso di rilevazione sistematica dei dati realizzata da un archivio in collaborazione con altri soggetti	pubblici o privati	, per costituire banche dati di intere serie archivistiche, la struttura interessata sottoscrive una apposita convenzione per concordare le modalità di fruizione e le forme di tutela dei soggetti interessati, attenendosi alle disposizioni della legge, in particolare per quanto riguarda il rapporto tra il titolare, il responsabile e gli incaricati del trattamento, nonché i rapporti con i soggetti esterni interessati ad accedere ai dati.
yes	X o Y	pubblici	privati	privato - pubblico	"[lemma=""pubblico"" & pos=""ADJ""][word=""o""][lemma=""privato"" & pos=""ADJ""]"	2655240	Va data primaria attenzione al valore positivo dell'accessibilità, sia orizzontale (con mezzi di trasporto,	pubblici o privati	) che verticale (ascensori).
yes	X o Y	pubbliche	private	privato - pubblico	"[lemma=""pubblico"" & pos=""ADJ""][word=""o""][lemma=""privato"" & pos=""ADJ""]"	165564	"Il "" buono salute "" deve essere riconosciuto al cittadino, in modo che possa usufruirne in modo singolo o associato, in mutue o fondi, per acquistare servizi e prestazioni dalle strutture,"	pubbliche o private	, che glieli forniscano al minor prezzo e nel modo più qualificato, efficace ed efficiente.
yes	X o Y	pubblica	privata	privato - pubblico	"[lemma=""pubblico"" & pos=""ADJ""][word=""o""][lemma=""privato"" & pos=""ADJ""]"	5545758	""" Difficile dirlo - spiega la Salvato - ma anche in epoca ulivista la nostra tv,"	pubblica o privata	, non si distingue certo per la sua autonomia.
yes	X o Y	pubblici	privati	privato - pubblico	"[lemma=""pubblico"" & pos=""ADJ""][word=""o""][lemma=""privato"" & pos=""ADJ""]"	6924037	Non ha motti, ma ha una forza intrinseca devastante, l'economia basata sulla concorrenza illimitata dei soggetti economici,	pubblici o privati	che siano, la cui logica assolutistica è a sua volta refrattaria a limiti in funzione di beni sociali che non rientrano nei piani di successo dei suoi attori.
yes	X o Y	pubblico	privato	privato - pubblico	"[lemma=""pubblico"" & pos=""ADJ""][word=""o""][lemma=""privato"" & pos=""ADJ""]"	6869175	La documentazione sanitaria anche in tal caso deve essere rilasciata da un Ente ospedaliero	pubblico o privato	accreditato dal Servizio sanitario nazionale, ivi compresi gli Istituti di ricovero e cura a carattere scientifico (Irccs); può ritenersi valida la copia della cartella clinica, o della lettera di dimissioni, sempre che dalle stesse si riesca a desumere la diagnosi di mesotelioma e l'epoca della prima diagnosi.
yes	X o Y	pubblico	privato	privato - pubblico	"[lemma=""pubblico"" & pos=""ADJ""][word=""o""][lemma=""privato"" & pos=""ADJ""]"	4972395	A tal fine, la Commissione domanda il parere degli Stati membri come di qualsiasi organismo	pubblico o privato	che essa giudichi idoneo ad illuminarla in proposito.
yes	X o Y	pubblici	privati	privato - pubblico	"[lemma=""pubblico"" & pos=""ADJ""][word=""o""][lemma=""privato"" & pos=""ADJ""]"	5630297	In particolare viene stabilito, che la gestione del servizio pubblico locale possa avvenire anche a mezzo di società a responsabilità limitata a prevalente capitale pubblico locale costituite o partecipate dall'ente titolare del pubblico servizio, in relazione alla natura o all'ambito territoriale del servizio (si pensi alla legge Galli) la partecipazione di più soggetti	pubblici o privati	.
yes	X o Y	pubblico	privato	privato - pubblico	"[lemma=""pubblico"" & pos=""ADJ""][word=""o""][lemma=""privato"" & pos=""ADJ""]"	1080398	9 (Modifiche del riordinamento del Servizio sanitario provinciale) Â, nella parte in cui consente l'accesso alla pubblica selezione per il conferimento dell'incarico di dirigente tecnico - assistenziale anche a coloro che hanno frequentato un corso, organizzato dalla Provincia autonoma di Bolzano o da un istituto	pubblico o privato	riconosciuto in Italia o all'estero, in tecniche organizzative e manageriali in ambito sanitario, con superamento di un esame finale; 2) dell'art. 19 della legge della Provincia autonoma di Bolzano 18 novembre 2005, n.
yes	X o Y	privato	pubblico	privato - pubblico	"[lemma=""privato"" & pos=""ADJ""][word=""o""][lemma=""pubblico"" & pos=""ADJ""]"	423687	Ogni potere,	privato o pubblico	", aspira a controllare la quota più ampia possibile di informazione "" performativa ""."
yes	X o Y	pubblica	privata	privato - pubblico	"[lemma=""pubblico"" & pos=""ADJ""][word=""o""][lemma=""privato"" & pos=""ADJ""]"	4802271	B) riteneva, inoltre, il difetto assoluto degli indici in base ai quali delinearsi la figura dell'edificabilità di fatto, quella ravvisabile per aree pur poste fuori del centro abitato, non incluse nei piani, e tuttavia già tali per accessibilità, sviluppo edilizio di zona e di servizi pubblici essenziali, da individuare una concreta attitudine all'edificazione, purché risalente a data anteriore all'approvazione del piano di zona concernente l'edilizia	pubblica o privata	.
yes	X o Y	pubblico	privato	privato - pubblico	"[lemma=""pubblico"" & pos=""ADJ""][word=""o""][lemma=""privato"" & pos=""ADJ""]"	6857458	i genitori vedovi non risposati, i coniugi non risposati e le sorelle ed i fratelli vedovi o non sposati dei caduti per servizio nel settore	pubblico o privato	; xvi.
yes	X o Y	pubblico	privato	privato - pubblico	"[lemma=""pubblico"" & pos=""ADJ""][word=""o""][lemma=""privato"" & pos=""ADJ""]"	1082336	Il concetto di impresa incaricata della gestione di servizi di interesse economico generale è stato interpretato nel senso di comprendere tutte quelle attività di interesse economico generale gestite da un soggetto	pubblico o privato	, al quale l'esercizio di tale specifica missione sia stato affidato da un apposito atto del potere pubblico (7).
yes	X o Y	pubbliche	private	privato - pubblico	"[lemma=""pubblico"" & pos=""ADJ""][word=""o""][lemma=""privato"" & pos=""ADJ""]"	1767362	15 è stato istituito il Dipartimento per l'architettura e l'arte contemporanea che ha lo scopo di incentivare la qualità dei progetti per la realizzazione di opere	pubbliche o private	di rilevante interesse architettonico, destinate, in primo luogo, ad attività sociali e culturali.
yes	X o Y	pubblici	privati	privato - pubblico	"[lemma=""pubblico"" & pos=""ADJ""][word=""o""][lemma=""privato"" & pos=""ADJ""]"	1445083	Ai sensi degli artt. 7 e 9 legge 241 90, sono legittimati all'intervento nel procedimento: 1) i soggetti nei confronti dei quali il provvedimento finale è destinato a produrre i suoi effetti diretti; 2) i soggetti che per legge debbono intervenire nel procedimento; 3) i soggetti che possono subire un pregiudizio dal provvedimento, purché individuati o facilmente individuabili; 4) i portatori di interessi	pubblici o privati	, nonché i portatori di interessi diffusi costituiti in associazioni o comitati cui possa derivare un pregiudizio dal provvedimento.
yes	X o Y	pubblici	privati	privato - pubblico	"[lemma=""pubblico"" & pos=""ADJ""][word=""o""][lemma=""privato"" & pos=""ADJ""]"	4838869	> per avere, C.>, in più occasioni, per ottenere a vantaggio proprio e del proprio fratello M.> il voto elettorale in occasione delle elezioni politiche del 1992, offerto o promesso utilità, quali, ad esempio, impieghi presso enti	pubblici o privati	, vittorie in pubblici concorsi, ricoveri ospedalieri, prestazioni sanitarie di vario genere, aggiudicazioni di appalti, trasferimenti, a più elettori e G.>, in proprio e quale presidente della  C.
yes	X o Y	pubblici	privati	privato - pubblico	"[lemma=""pubblico"" & pos=""ADJ""][word=""o""][lemma=""privato"" & pos=""ADJ""]"	4861856	(anzi, vero e proprio potere di reazione [30], diritto potestativo che l'ordinamento pone nelle mani del cittadino, o anche di altri soggetti,	pubblici o privati	).
yes	X o Y	pubblici	privati	privato - pubblico	"[lemma=""pubblico"" & pos=""ADJ""][word=""o""][lemma=""privato"" & pos=""ADJ""]"	1755895	Lo statuto può prevedere l'ingresso nella fondazione universitaria di nuovi soggetti,	pubblici o privati	.
yes	X o Y	privato	pubblico	privato - pubblico	"[lemma=""privato"" & pos=""ADJ""][word=""o""][lemma=""pubblico"" & pos=""ADJ""]"	466384	- Nessun altro Ente,	privato o pubblico	, laico o religioso, può occuparsi di adozioni.
yes	X o Y	privata	pubblica	privato - pubblico	"[lemma=""privato"" & pos=""ADJ""][word=""o""][lemma=""pubblico"" & pos=""ADJ""]"	2030782	A volte il ministro religioso richiama l'attenzione su certi punti della vita	privata o pubblica	perché è la guida dei fedeli.
yes	X o Y	pubblico	privato	privato - pubblico	"[lemma=""pubblico"" & pos=""ADJ""][word=""o""][lemma=""privato"" & pos=""ADJ""]"	466527	Il certificato medico (gratuito) è valido comunque, al di là di ogni possibile errore di previsione di data, e può essere richiesto: - agli ufficiali sanitari, - ai medici condotti; - al medico di famiglia oppure al ginecologo della Usl o del consultorio	pubblico o privato	autorizzato.
yes	X o Y	pubblico	privato	privato - pubblico	"[lemma=""pubblico"" & pos=""ADJ""][word=""o""][lemma=""privato"" & pos=""ADJ""]"	5007414	E, dunque,	pubblico o privato	che sia, il monopolista ha sempre lo stessa tentazione: abusare della propria posizione; oppure se resta con una forte posizione dominante mettersi d'accordo con il maggiore concorrente; lasciare agli altri le briciole del mercato.
yes	X o Y	pubblica	privata	privato - pubblico	"[lemma=""pubblico"" & pos=""ADJ""][word=""o""][lemma=""privato"" & pos=""ADJ""]"	389014	Se concordiamo sull'analisi delle risorse che abbiamo fatto, ci rendiamo conto che nessuna impresa,	pubblica o privata	"che sia, può pensare di rimanere efficiente e finanziariamente sana (dunque non assistita) se è lasciata a presidiare soltanto le aree più mature e più "" plafonate "" del mercato."
yes	X o Y	pubblici	privati	privato - pubblico	"[lemma=""pubblico"" & pos=""ADJ""][word=""o""][lemma=""privato"" & pos=""ADJ""]"	4766488	Il presidente e i membri durano in carica quattro anni [13] e non possono essere confermati per più di una volta; per tutta la durata dell'incarico il presidente e i membri non possono esercitare, a pena di decadenza, alcuna attività professionale o di consulenza, nè essere amministratori o dipendenti di enti	pubblici o privati	, nè ricoprire cariche elettive.
yes	X o Y	pubblico	privato	privato - pubblico	"[lemma=""pubblico"" & pos=""ADJ""][word=""o""][lemma=""privato"" & pos=""ADJ""]"	155882	494 96, esteso anche alle imprese familiari, artigiane o con meno di dieci addetti; il committente	pubblico o privato	è corresponsabile co ldatore di lavoro degli adempimenti retributivi e contributivi a favore dei lavorativi; i datori di lavoro, siano essi appaltante o appaltatore, devono cooperare per l'attuazione delle misure di prevenzione eprotezione sui luoghi di lavoro, ai sensi del D.
yes	X o Y	pubbliche	private	privato - pubblico	"[lemma=""pubblico"" & pos=""ADJ""][word=""o""][lemma=""privato"" & pos=""ADJ""]"	943887	Fino all'epoca rinascimentale gli autori erano vissuti dei proventi di attività	pubbliche o private	o della munificenza delle classi dominanti cui offrivano il loro ingegno.
yes	X o Y	pubblica	privata	privato - pubblico	"[lemma=""pubblico"" & pos=""ADJ""][word=""o""][lemma=""privato"" & pos=""ADJ""]"	4792323	", per il quale: "" il notaro che in qualunque modo comprometta con la sua condotta nella vita"	pubblica o privata	"la sua dignità e reputazione ed il decoro e prestigio della classe notarile, o con riduzione degli onorari e diritti accessori faccia ai colleghi illecita concorrenza, è punito con la censura o con la sospensione fino ad un anno e nei casi più gravi con la destituzione ""."
yes	X o Y	pubblici	privati	privato - pubblico	"[lemma=""pubblico"" & pos=""ADJ""][word=""o""][lemma=""privato"" & pos=""ADJ""]"	5254183	Si fa un gran parlare di formazione, e in particolare di formazione rivolta alle donne: l'esistenza dei corsi Now e di altre occasioni formative, finanziate con soldi	pubblici o privati	attraverso stanziamenti anche generosi, in ossequio alla cultura delle ` pari opportunità', è ormai cosa nota a chi, anche vagamente, si muove nel mondo del lavoro.
yes	X o Y	pubblica	privata	privato - pubblico	"[lemma=""pubblico"" & pos=""ADJ""][word=""o""][lemma=""privato"" & pos=""ADJ""]"	2672257	"Al comma 10 dell'articolo 25 della l.r. 42 sono aggiunte, in fine, le seguenti parole: "" A tal fine, all'azienda di trasporto"	pubblica o privata	è consentito l'accesso telematico per la consultazione, limitatamente ai soggetti interessati, delle banche dati anagrafiche della Regione Toscana.
yes	X o Y	pubblico	privato	privato - pubblico	"[lemma=""pubblico"" & pos=""ADJ""][word=""o""][lemma=""privato"" & pos=""ADJ""]"	1059741	«Si stipula un contratto per il quale tu, ente	pubblico o privato	, ci fornisci a condizioni più favorevoli la carta e l'amministrazione lo pubblicizza, con forme sobrie e adeguate da studiare.
yes	X o Y	pubbliche	private	privato - pubblico	"[lemma=""pubblico"" & pos=""ADJ""][word=""o""][lemma=""privato"" & pos=""ADJ""]"	6506131	Scendendo, troviamo aziende	pubbliche o private	di massima affidabilità (Coca - Cola, General Electric e Deutsche Bank per fare tre nomi a caso) e quindi una larga serie di emittenti (di norma società industriali e finanziarie oppure Paesi in via di sviluppo) che hanno una pagellina via via peggiore e di conseguenza offrono ai risparmiatori rendimenti superiori.
yes	X o Y	private	pubbliche	privato - pubblico	"[lemma=""privato"" & pos=""ADJ""][word=""o""][lemma=""pubblico"" & pos=""ADJ""]"	4976183	Nell'ambito del mandato definito dall'articolo 130 del trattato, la Banca concede crediti ai suoi membri oppure a imprese	private o pubbliche	per progetti d'investimenti da attuare nei territori europei degli Stati membri, sempreché non siano disponibili, a condizioni ragionevoli, mezzi provenienti da altre fonti.
yes	X o Y	pubblica	privata	privato - pubblico	"[lemma=""pubblico"" & pos=""ADJ""][word=""o""][lemma=""privato"" & pos=""ADJ""]"	6817663	giuridica (restando aperta l'opzione circa la natura	pubblica o privata	della personalita?
yes	X o Y	pubblici	privati	privato - pubblico	"[lemma=""pubblico"" & pos=""ADJ""][word=""o""][lemma=""privato"" & pos=""ADJ""]"	4294524	Al contrario, il problema che si pone al centro della politica industriale è quello degli assetti proprietari,	pubblici o privati	, più efficienti e del sistema di regolamentazione dei mercati.
yes	X o Y	pubblica	privata	privato - pubblico	"[lemma=""pubblico"" & pos=""ADJ""][word=""o""][lemma=""privato"" & pos=""ADJ""]"	4683260	2207, non sono richiesti per gli atti di alienazione totale o parziale ai cittadini dell'Unione europea o alle amministrazioni dello Stato, ivi comprese le aziende autonome, ai comuni, alle province e agli altri enti locali, alle regioni, agli enti pubblici economici, nonché a ogni altra persona giuridica	pubblica o privata	", avente la sede principale delle proprie attività nel territorio dell'Unione europea ""."
yes	X o Y	pubblici	privati	privato - pubblico	"[lemma=""pubblico"" & pos=""ADJ""][word=""o""][lemma=""privato"" & pos=""ADJ""]"	2366823	Tanto che l'assessore all'Urbanistica, Stefano Lo Russo, è in procinto di presentare alla giunta - lo farà nel giro di dieci giorni - il «Programma delle trasformazione urbana», un documentoa metà tra le linee di indirizzo su cui si vuole concentrare l'amministrazione, come un micropiano regolatore, e un catalogo di operazioni immobiliari da proporre agli operatori	pubblici o privati	.
yes	X o Y	pubblico	privato	privato - pubblico	"[lemma=""pubblico"" & pos=""ADJ""][word=""o""][lemma=""privato"" & pos=""ADJ""]"	1770146	297 e quelle di cui all'articolo 9, commi 1 e 2 della legge 498, le quali stabiliscono che il rapporto di lavoro a tempo indeterminato del personale amministrativo, artistico e tecnico degli enti lirici e delle istituzioni concertistiche assimilate è incompatibile con qualsiasi altro lavoro dipendente	pubblico o privato	.
yes	X o Y	pubbliche	private	privato - pubblico	"[lemma=""pubblico"" & pos=""ADJ""][word=""o""][lemma=""privato"" & pos=""ADJ""]"	2678614	La Regione del Veneto, in considerazione della particolare congiuntura economica e delle difficoltà dei soggetti appartenenti alle fasce più deboli della popolazione, interviene a supporto delle persone anziane assistite nelle strutture residenziali accreditate, gestite da istituzioni	pubbliche o private	, e delle rispettive famiglie.
yes	X o Y	pubblica	privata	privato - pubblico	"[lemma=""pubblico"" & pos=""ADJ""][word=""o""][lemma=""privato"" & pos=""ADJ""]"	4445912	Quando gli scambi si fanno più corposi, c'è sempre il rischio di incorrere in una sanzione	pubblica o privata	, e non mancano i casi di denuncia da parte di mariti contro mogli indisciplinate e non facilmente arrendevoli.
yes	X o Y	pubblici	privati	privato - pubblico	"[lemma=""pubblico"" & pos=""ADJ""][word=""o""][lemma=""privato"" & pos=""ADJ""]"	4781991	PP. per tutte le occupazioni illegittime di suolo privato, anche se poste in essere da altri soggetti	pubblici o privati	, purché finalizzate all'intervento in soccorso dei privati danneggiati.
yes	X o Y	pubbliche	private	privato - pubblico	"[lemma=""pubblico"" & pos=""ADJ""][word=""o""][lemma=""privato"" & pos=""ADJ""]"	6506101	In particolare i primi possono essere istituzioni	pubbliche o private	di diversa natura: enti pubblici nazionali (tra cui un ruolo primario è svolto dagli Stati sovrani) o sovrannazionali, società finanziarie o industriali americane, asiatiche, europee o multinazionali.
yes	X o Y	pubblici	privati	privato - pubblico	"[lemma=""pubblico"" & pos=""ADJ""][word=""o""][lemma=""privato"" & pos=""ADJ""]"	2784484	La nostra città, però, in quanto a orologi	pubblici o privati	(ornamentali, a pendolo, da polso, da tasca, solari, ad acqua, a sabbia, da torre), da tempo immemorabile, occupa un posto di tutto riguardo, a prescindere da incuria e degrado.
yes	X o Y	pubbliche	private	privato - pubblico	"[lemma=""pubblico"" & pos=""ADJ""][word=""o""][lemma=""privato"" & pos=""ADJ""]"	977037	Le autorità competenti alla gestione del suolo pubblico adottano senza indugio le occorrenti decisioni e rispettano procedure trasparenti, pubbliche e non discriminatorie, ai sensi degli articoli 87, 88 e 89, nell'esaminare le domande per la concessione del diritto di installare infrastrutture: a) su proprietà	pubbliche o private	ovvero al di sopra o al di sotto di esse, ad un operatore autorizzato a fornire reti pubbliche di comunicazione; b) su proprietà pubbliche ovvero al di sopra o al di sotto di esse, ad un operatore autorizzato a fornire reti di comunicazione elettronica diverse da quelle fornite al pubblico.
yes	X o Y	pubblico	privato	privato - pubblico	"[lemma=""pubblico"" & pos=""ADJ""][word=""o""][lemma=""privato"" & pos=""ADJ""]"	25984	Mercato (	pubblico o privato	) riservato esclusivamente alle persone autorizzate e agli operatori specializzati, costituito per contrattare la compravendita di titoli a reddito fisso o valori mobiliari, azioni, obbligazioni, metalli preziosi e valuta (borsa valori), o di merci (borsa merci).
yes	X o Y	pubblici	privati	privato - pubblico	"[lemma=""pubblico"" & pos=""ADJ""][word=""o""][lemma=""privato"" & pos=""ADJ""]"	1083636	Le società di capitali cui sia attribuita la gestione ai sensi della lett. b) non possono svolgere, né in via diretta, né partecipando a gare, servizi o attività per altri enti	pubblici o privati	.
yes	X o Y	pubblica	privata	privato - pubblico	"[lemma=""pubblico"" & pos=""ADJ""][word=""o""][lemma=""privato"" & pos=""ADJ""]"	1502269	L'estromissione dal lavoro per lungo tempo, oppure la dipendenza prolungata dall'assistenza	pubblica o privata	, minano la libertà e la creatività della persona e i suoi rapporti familiari e sociali con forti sofferenze sul piano psicologico e spirituale.
yes	X o Y	pubblica	privata	privato - pubblico	"[lemma=""pubblico"" & pos=""ADJ""][word=""o""][lemma=""privato"" & pos=""ADJ""]"	1083464	A questo proposito, va tenuto conto di come proprio per i servizi pubblici locali, in assenza di un quadro concorrenziale che dia al mercato regole di trasparenza dei prezzi e migliore qualità del servizio, risulta necessario individuare organi di regolazione indipendenti caratterizzati da un elevato livello di specializzazione, in grado di stimolare e controllare Â anche mediante il confronto del grado di efficienza delle imprese fra situazioni locali distinte Â la qualità del servizio e il livello degli investimenti effettuati, a prescindere dalla proprietà	pubblica o privata	delle imprese erogatrici.
yes	X o Y	pubblici	privati	privato - pubblico	"[lemma=""pubblico"" & pos=""ADJ""][word=""o""][lemma=""privato"" & pos=""ADJ""]"	2313772	i pagamenti, doni o legati che potranno fare: (i) altri Stati, (ii) l'Organizzazione delle Nazioni Unite per l'educazione, la scienza e la cultura, le altre organizzazioni del sistema delle Nazioni Unite, segnatamente il Programma di sviluppo delle Nazioni Unite e altre organizzazioni intergovernative, (iii) organismi	pubblici o privati	o persone private; c.
yes	X o Y	pubbliche	private	privato - pubblico	"[lemma=""pubblico"" & pos=""ADJ""][word=""o""][lemma=""privato"" & pos=""ADJ""]"	5938809	L'esigenza - spiega - è quella di verificare se le strutture, siano esse	pubbliche o private	, rispondano a determinati requisiti.
yes	X o Y	pubblica	privata	privato - pubblico	"[lemma=""pubblico"" & pos=""ADJ""][word=""o""][lemma=""privato"" & pos=""ADJ""]"	5615565	Gran parte delle disposizioni della legge prescindono dalla natura	pubblica o privata	del titolare del trattamento.
yes	X o Y	pubblica	privata	privato - pubblico	"[lemma=""pubblico"" & pos=""ADJ""][word=""o""][lemma=""privato"" & pos=""ADJ""]"	4575460	"Alla solenne dichiarazione dell'art. 41 della Costituzione "" L'iniziativa economica privata è libera... "", segue l'enunciazione dell'art. 42: "" La proprietà è"	pubblica o privata	.
yes	X o Y	private	pubbliche	privato - pubblico	"[lemma=""privato"" & pos=""ADJ""][word=""o""][lemma=""pubblico"" & pos=""ADJ""]"	5240889	Le piccole sono state cedute alle banche,	private o pubbliche	, che intendevano espandersi e disponevano di adeguati mezzi patrimoniali.
yes	X o Y	private	pubbliche	privato - pubblico	"[lemma=""privato"" & pos=""ADJ""][word=""o""][lemma=""pubblico"" & pos=""ADJ""]"	6346085	I sostegni per l'infanzia Le scuole materne possono essere	private o pubbliche	e, queste, a loro volta, statali o comunali.
yes	X o Y	pubblica	privata	privato - pubblico	"[lemma=""pubblico"" & pos=""ADJ""][word=""o""][lemma=""privato"" & pos=""ADJ""]"	6829311	Nel caso in cui un beneficiario operi in un regime fiscale che gli consenta di recuperare l'IVA sulle attività che realizza nell'ambito del progetto (indipendentemente dalla sua natura	pubblica o privata	), i costi che gli competono vanno indicati al netto dell'IVA; diversamente, se l'IVA non è recuperabile, i costi devono essere indicati comprensivi dell'IVA.
yes	X o Y	privati	pubblici	privato - pubblico	"[lemma=""privato"" & pos=""ADJ""][word=""o""][lemma=""pubblico"" & pos=""ADJ""]"	4925426	Assegnazioni ai soci Ai sensi dell'art. 2, comma 2, numero 6) del DPR 633 1972, costituiscono cessioni di beni: le assegnazioni ai soci fatte a qualsiasi titolo da società ed altri enti	privati o pubblici	.
yes	X o Y	pubblici	privati	privato - pubblico	"[lemma=""pubblico"" & pos=""ADJ""][word=""o""][lemma=""privato"" & pos=""ADJ""]"	6856917	Il Titolare del trattamento può trasferire i dati personali raccolti a soggetti	pubblici o privati	che forniranno specifici servizi strumentali alle finalità istituzionali del Dipartimento stesso e anche a soggetti
yes	X o Y	pubbliche	private	privato - pubblico	"[lemma=""pubblico"" & pos=""ADJ""][word=""o""][lemma=""privato"" & pos=""ADJ""]"	4652301	Se nell'esercizio sono stati conseguiti interessi o altri proventi esenti da imposta derivanti da obbligazioni	pubbliche o private	sottoscritte, acquistate o ricevute in usufrutto o pegno a decorrere dal 28 novembre 1984 o da cedole acquistate separatamente dai titoli a decorrere dalla stessa data, gli interessi passivi non sono ammessi in deduzione fino a concorrenza dell'ammontare complessivo degli interessi o proventi esenti.
yes	X o Y	pubblica	privata	privato - pubblico	"[lemma=""pubblico"" & pos=""ADJ""][word=""o""][lemma=""privato"" & pos=""ADJ""]"	5028186	Una scuola libera,	pubblica o privata	che sia, avrebbe tutto da guadagnare se l'atmosfera culturale in cui è immersa fosse meno satura di velleità dirigistiche e di ossessioni vincolistiche.
yes	X o Y	pubbliche	private	privato - pubblico	"[lemma=""pubblico"" & pos=""ADJ""][word=""o""][lemma=""privato"" & pos=""ADJ""]"	977136	Quando un operatore che fornisce reti di comunicazione elettronica ha il diritto di installare infrastrutture su proprietà	pubbliche o private	ovvero al di sopra o al di sotto di esse, in base alle disposizioni in materia di limitazioni legali della proprietà, servitù ed espropriazione di cui al presente Capo, l'Autorità, anche mediante l'adozione di specifici regolamenti, incoraggia la coubicazione o la condivisione di tali infrastrutture o proprietà.
yes	X o Y	pubblici	privati	privato - pubblico	"[lemma=""pubblico"" & pos=""ADJ""][word=""o""][lemma=""privato"" & pos=""ADJ""]"	6306450	Punto importante della legge che dovrebbe essere emanata dal Parlamento, è che la donazione dei gameti debba avvenire presso centri	pubblici o privati	convenzionati, ma autorizzati dalle Regioni e iscritti in un registro nazionale istituito al Ministero della Sanità.
yes	X o Y	pubblico	privato	privato - pubblico	"[lemma=""pubblico"" & pos=""ADJ""][word=""o""][lemma=""privato"" & pos=""ADJ""]"	2314487	Viceversa, la sponsorizzazione caratterizzata da un corrispettivo monetario, da parte di un ente culturale,	pubblico o privato	- pur ammissibile in linea di principio, soprattutto dopo che l'armonizzazione comunitaria della disciplina sui marchi ne ha consentito la registrazione o l'uso esclusivo anche ad associazioni, nonché ad enti non aventi finalità economiche, per quanto concerne le proprie denominazioni od i propri emblemi notori, quali sigle di manifestazioni ovvero altri segni usati in campo artistico, letterario, scientifico, politico o sportivo (art. 8, 3° comma, del d.lgs.
yes	X o Y	pubblici	privati	privato - pubblico	"[lemma=""pubblico"" & pos=""ADJ""][word=""o""][lemma=""privato"" & pos=""ADJ""]"	12429	Si tratta di una raccomandazione (31-3-92) volta a facilitare per gli uomini e le donne la conciliazione dei ruoli familiari e professionali e ha individuato come settori di iniziative quello dell'organizzazione dei servizi di custodia,	pubblici o privati	, che devono essere affidabili, a costi contenuti, diffusi sul territorio e accessibili a tutti.
yes	X o Y	pubblico	privato	privato - pubblico	"[lemma=""pubblico"" & pos=""ADJ""][word=""o""][lemma=""privato"" & pos=""ADJ""]"	2403893	Nell'esercizio delle attività creditizie e finanziarie, l'ICS opera prevalentemente con: Comuni, Province e Regioni; Enti Pubblici; CONI Servizi S.p.A., federazioni sportive nazionali; società, associazioni sportive ed enti di promozione sportiva riconosciute dal CONI, società e associazioni culturali; enti di promozione culturale e dello spettacolo; ogni altro soggetto	pubblico o privato	che persegua anche indirettamente, finalità sportive, ricreative e di sviluppo dei beni e delle attività culturali.
yes	X o Y	pubblici	privati	privato - pubblico	"[lemma=""pubblico"" & pos=""ADJ""][word=""o""][lemma=""privato"" & pos=""ADJ""]"	4957730	"Si tratta, in effetti, di scuole non statali istituite con finalità specifiche (scuole non statali di tipologia "" speciale ""), che spesso operano presso Enti"	pubblici o privati	specializzati in materia di handicap.
yes	X o Y	pubblico	privato	privato - pubblico	"[lemma=""pubblico"" & pos=""ADJ""][word=""o""][lemma=""privato"" & pos=""ADJ""]"	4961830	È il soggetto	pubblico o privato	che effettua la certificazione, rilascia il certificato della chiave pubblica, lo pubblica unitamente a quest'ultima, pubblica ed aggiorna gli elenchi dei certificati sospesi e revocati.
yes	X o Y	private	pubbliche	privato - pubblico	"[lemma=""privato"" & pos=""ADJ""][word=""o""][lemma=""pubblico"" & pos=""ADJ""]"	445529	Arrecare volontariamente un danno alle proprietà	private o pubbliche	è contrario alla legge morale ed esige il risarcimento.
yes	X o Y	pubblici	privati	privato - pubblico	"[lemma=""pubblico"" & pos=""ADJ""][word=""o""][lemma=""privato"" & pos=""ADJ""]"	1113119	Ai medesimi fini previsti dal comma 25, gli agenti della riscossione possono altresì accedere a tutti i restanti dati rilevanti, presentando apposita richiesta, anche in via telematica, ai soggetti	pubblici o privati	che li detengono, con facoltà di prendere visione e di estrarre copia degli atti riguardanti i predetti dati, nonché di ottenere, in carta libera, le relative certificazioni.
yes	X o Y	pubbliche	private	privato - pubblico	"[lemma=""pubblico"" & pos=""ADJ""][word=""o""][lemma=""privato"" & pos=""ADJ""]"	6874878	Significa che solo in queste tre regioni le strutture	pubbliche o private	convenzionate possono offrire anche l'eterologa con copertura dei costi.
yes	X o Y	pubblica	privata	privato - pubblico	"[lemma=""pubblico"" & pos=""ADJ""][word=""o""][lemma=""privato"" & pos=""ADJ""]"	2664842	) della direttiva CEE 3 ottobre 1989 n.552 afferma che «per sponsorizzazione si intende ogni contributo di un'impresa	pubblica o privata	, non impegnata in attività televisive o di produzione di opere audiovisive, al finanziamento di programmi televisivi, allo scopo di promuovere il suo nome, il suo marchio, la sua immagine, le sue attività o i suoi prodotti».
yes	a X e Y	pubblico	privato	privato - pubblico	"[word=""a""][lemma=""pubblico"" & pos=""ADJ""][word=""e""][lemma=""privato"" & pos=""ADJ""]"	5386077	19 07 1997 Benedetti Giulio Zanini Luca - La scuola della parità parte con il freno Stessi diritti	a pubblico e privato	.
yes	da X a Y	pubblica	privata	privato - pubblico	"[word=""da""][lemma=""pubblico"" & pos=""ADJ""][word=""a""][lemma=""privato"" & pos=""ADJ""]"	161438	"Assunzioni anche in maniera graduale per le aziende che hanno cambiato la loro natura da pubblica in privata Quote d'obbligo a tempo Sulla "" Gazzetta Ufficiale "" del 29 novembre scorso sono comparse le nuove norme che regolano le cosiddette assunzioni obbligatorie per tutti quei datori di lavoro che hanno trasformato la loro natura giuridica"	da pubblica a privata	.
yes	sia X che Y	pubblici	privati	privato - pubblico	"[word=""sia""][lemma=""pubblico"" & pos=""ADJ""][word=""che""][lemma=""privato"" & pos=""ADJ""]"	6494203	ESCLUSIONI L'autorizzazione non può in alcun caso venire concessa, quando il richiedente alla data della domanda sia: _ assicurato a una delle forme di previdenza obbligatoria per i lavoratori dipendenti,	sia pubblici che privati	_ lavoratore autonomo, cioè artigiano, commerciante, coltivatore diretto, iscritto all'Inps o libero professionista iscritto all'apposita cassa di previdenza (avvocati, ingegneri ecc.) _ titolare di pensione diretta, cioè vecchiaia, anzianità, invalidità, liquidata a carico dell'Inps o delle altre forme di previdenza obbligatoria.
yes	sia X che Y	pubblici	privati	privato - pubblico	"[word=""sia""][lemma=""pubblico"" & pos=""ADJ""][word=""che""][lemma=""privato"" & pos=""ADJ""]"	6854325	Lavoro agile (comma 486) Viene integrato e modificato l'art. 3 della legge 81 in tema di lavoro agile, disponendo che i datori di lavoro,	sia pubblici che privati	, che stipulano accordi per l'adozione del lavoro agile sono tenuti a prevedere una priorità nell'accesso a lavoratrici madri entro i 3 anni dalla conclusione del congedo di maternità e a lavoratori con figli disabili.
yes	sia X che Y	pubblica	privata	privato - pubblico	"[word=""sia""][lemma=""pubblico"" & pos=""ADJ""][word=""che""][lemma=""privato"" & pos=""ADJ""]"	4279015	Queste condizioni debbono risultare compatibili con la richiesta di mobilità	sia pubblica che privata	di passeggeri e di merci.
yes	sia X che Y	pubblici	privati	privato - pubblico	"[word=""sia""][lemma=""pubblico"" & pos=""ADJ""][word=""che""][lemma=""privato"" & pos=""ADJ""]"	7116205	Attraverso tecnologie informatiche avanzate, Simple fa insomma dialogare tra loro vari servizi di trasporto,	sia pubblici che privati	, e offre più opportunità di muoversi in modo sostenibile, anche in diversi contesti insediativi urbani e locali.
yes	sia X che Y	pubblici	privati	privato - pubblico	"[word=""sia""][lemma=""pubblico"" & pos=""ADJ""][word=""che""][lemma=""privato"" & pos=""ADJ""]"	949360	Nell'indagine annuale della Rur e del Censis di valutazione dei siti della pubblica amministrazione locale (Città Digitali), ad esempio, uno dei sei indici che compongono la valutazione finale misura proprio la Cooperazione e relazionalità riscontrando la presenza o meno sul sito dell'ente locale di collaborazioni, iniziative e progetti espliciti portati avanti insieme ad altri soggetti territoriali	sia pubblici che privati	.
yes	sia X che Y	pubbliche	private	privato - pubblico	"[word=""sia""][lemma=""pubblico"" & pos=""ADJ""][word=""che""][lemma=""privato"" & pos=""ADJ""]"	4959942	3.3.3 Le prestazioni sanitarie: evoluzione della normativa Al fine di garantire il massimo della tutela sanitaria, attraverso l'erogazione diretta delle prestazioni, nel passato l'Ente, si attrezzò con una struttura operativa sanitaria sempre più articolata e completa, costituita da ambulatori presenti presso le Sedi dell'Istituto, strutture ospedaliere proprie (CTO - Centri Traumatologici Ortopedici, Centri di Riabilitazione Funzionale, Centri di Medicina Sociale) nonché unità sanitarie esterne	sia pubbliche che private	, che raggiunse la massima diffusione su tutto il territorio negli anni'60.
yes	sia X che Y	pubblici	privati	privato - pubblico	"[word=""sia""][lemma=""pubblico"" & pos=""ADJ""][word=""che""][lemma=""privato"" & pos=""ADJ""]"	5670597	Dal 1l gennaio, infatti, sono operative le prescrizioni del decreto legislativo 626 94 (e successive modifiche) che impongono misure di prevenzione e protezione per i lavoratori subordinati in tutti i settori,	sia pubblici che privati	.
yes	sia X che Y	pubbliche	private	privato - pubblico	"[word=""sia""][lemma=""pubblico"" & pos=""ADJ""][word=""che""][lemma=""privato"" & pos=""ADJ""]"	4840770	"Un'interpretazione, questa, che però urta contro la stessa onnicomprensività proclamata dall'art. 1, che riguarda gli "" scarichi di qualsiasi tipo, pubblici e privati, diretti e indiretti, in tutte le acque superficiali e sotterranee, interne e marine,"	sia pubbliche che private	", nonché in fognature "", ecc., dove quest'ultimo inciso va letto "" nonchè acque in fognature "", senza la indicazione "" acque "" per evitare un'inutile ripetizione."
yes	sia X che Y	pubblico	privato	privato - pubblico	"[word=""sia""][lemma=""pubblico"" & pos=""ADJ""][word=""che""][lemma=""privato"" & pos=""ADJ""]"	963325	"1.1 - L'economia toscana del dopoguerra fino al "" boom economico "" L'Italia esce dalla seconda guerra mondiale, come ovvio, con significativi danni a tutto l'apparato produttivo"	sia pubblico che privato	, con un sistema agricolo anch'esso fortemente danneggiato.
yes	sia X che Y	pubbliche	private	privato - pubblico	"[word=""sia""][lemma=""pubblico"" & pos=""ADJ""][word=""che""][lemma=""privato"" & pos=""ADJ""]"	4279006	In questo modo sarà anche possibile strutturare in modo organico tutti i collegamenti con le diverse realtà territoriali,	sia pubbliche che private	": Università, CCIAA, PMI, imprese artigiane e loro associazioni, PST, prevedendo di istituzionalizzare una serie di rapporti con organismi territoriali quali Regioni, Province, Comuni, ecc., al fine di "" radicare "" quanto più possibile l'iniziativa nelle diverse realtà locali."
yes	sia X che Y	pubblici	privati	privato - pubblico	"[word=""sia""][lemma=""pubblico"" & pos=""ADJ""][word=""che""][lemma=""privato"" & pos=""ADJ""]"	4241657	Attualmente afferiscono al Registro 145 centri,	sia pubblici che privati	, così distribuiti sul territorio nazionale: 51 al nord, 45 al centro, 49 sud e isole.
yes	sia X che Y	pubblici	privati	privato - pubblico	"[word=""sia""][lemma=""pubblico"" & pos=""ADJ""][word=""che""][lemma=""privato"" & pos=""ADJ""]"	5582120	Abbiamo inviato un questionario agli istituti - spiega Vidibene -	sia pubblici che privati	.
yes	sia X che Y	pubblico	privato	privato - pubblico	"[word=""sia""][lemma=""pubblico"" & pos=""ADJ""][word=""che""][lemma=""privato"" & pos=""ADJ""]"	6869518	I rapporti di lavoro, conseguenti al presente bando, sono disciplinati dal CCNL del Comparto Sanità, sono a tempo pieno e, quindi, incompatibili con qualsiasi altro rapporto o incarico,	sia pubblico che privato	, anche se di natura convenzionale, fatto salvo quanto diversamente disciplinato da norme specifiche applicabili.
yes	sia X che Y	pubblico	privato	privato - pubblico	"[word=""sia""][lemma=""pubblico"" & pos=""ADJ""][word=""che""][lemma=""privato"" & pos=""ADJ""]"	4889509	724 del 1994, al dipendente,	sia pubblico che privato	, spettano sui ratei maturati da tale ultima data solo gli interessi calcolati sulla somma nominale secondo i vari tassi in scadenza dei singoli ratei, mentre la rivalutazione spetta solo a titolo di maggior danno, solo se e nella misura in cui risulti superiore al tasso d'interesse legale.
yes	sia X che Y	pubblici	privati	privato - pubblico	"[word=""sia""][lemma=""pubblico"" & pos=""ADJ""][word=""che""][lemma=""privato"" & pos=""ADJ""]"	1488501	L'evento si propone di valorizzare l'acqua come elemento di qualità per la vita urbana e per lo sviluppo sostenibile del territorio, nasce dall'esigenza di costruire un momento di confronto privilegiato tra operatori del settore	sia pubblici che privati	che pianificano, gestiscono e costruiscono le vie d'acqua e i territori ad esse afferenti, al fine di sensibilizzare, divulgare e promuovere strategie di gestione integrata e che facilitino lo sviluppo economico nel rispetto dell'ambiente http:
yes	sia X che Y	pubblico	privato	privato - pubblico	"[word=""sia""][lemma=""pubblico"" & pos=""ADJ""][word=""che""][lemma=""privato"" & pos=""ADJ""]"	5618127	152 viene attuata anche in Italia la direttiva Ce 91 533. In particolare, il nuovo provvedimento stabilisce che il datore di lavoro,	sia pubblico che privato	, è tenuto a comunicare al lavoratore, entro trenta giorni dall'assunzione, l'identità delle parti, il luogo di lavoro, la data di inizio del rapporto, la durata del periodo di prova e quella del rapporto stesso, specificando se si tratta di lavoro a tempo determinato o indeterminato.
yes	sia X che Y	private	pubbliche	privato - pubblico	"[word=""sia""][lemma=""privato"" & pos=""ADJ""][word=""che""][lemma=""pubblico"" & pos=""ADJ""]"	5657349	La Corte deciderà se il parere vincolante della Commissione di salvaguardia è richiesto su tutti gli interventi di trasformazione e di modifica del territorio per la realizzazione di opere	sia private che pubbliche	oppure esclusivamente per quelle che richiedono pareri, visti, autorizzazioni, nulla - osta, intese o assensi ai sensi delle vigenti disposizioni statali o regionali.
yes	sia X che Y	privati	pubblici	privato - pubblico	"[word=""sia""][lemma=""privato"" & pos=""ADJ""][word=""che""][lemma=""pubblico"" & pos=""ADJ""]"	5605480	I monopoli,	sia privati che pubblici	, sono da evitare: quelli pubblici si traducono solitamente in bassa qualità di beni servizi, penalizzando comunque il cittadino.
yes	sia X che Y	pubblici	privati	privato - pubblico	"[word=""sia""][lemma=""pubblico"" & pos=""ADJ""][word=""che""][lemma=""privato"" & pos=""ADJ""]"	5069541	Per i lavoratori	sia pubblici che privati	, assunti dopo la riforma, è prevista l'abolizione della pensione di anzianità e la corresponsione di quella di vecchiaia, a partire dai 57 anni, sulla base dei contributi versati e non più sulla media delle ultime retribuzioni.
yes	sia X che Y	pubbliche	private	privato - pubblico	"[word=""sia""][lemma=""pubblico"" & pos=""ADJ""][word=""che""][lemma=""privato"" & pos=""ADJ""]"	966761	L'apertura di un dialogo fra le istituzioni presenti,	sia pubbliche che private	, consente di mettere in comune tutte le risorse a disposizione per la realizzazione di progetti condivisi che vadano a vantaggio di tutti gli operatori di quell'area prescindendo dal settore di appartenenza.
yes	sia X che Y	pubblici	privati	privato - pubblico	"[word=""sia""][lemma=""pubblico"" & pos=""ADJ""][word=""che""][lemma=""privato"" & pos=""ADJ""]"	761287	Tale metodologia, contrapposta ad ogni logica dell'emergenza, nasce dalla consapevolezza che per affrontare i problemi di vulnerabilità del territorio è necessario assumere, in base ad una visione tecnicamente interdisciplinare ed operativamente consapevole dei diversi interessi in gioco, un'ipotesi complessiva di governo del territorio dal punto di vista geomorfologico - una visione d'insieme -, unita all'attivazione di un ampio processo di coinvolgimento di tutti i soggetti,	sia pubblici che privati	, le cui attività interagiscono con il territorio, direttamente o indirettamente.
yes	sia X che Y	pubblica	privata	privato - pubblico	"[word=""sia""][lemma=""pubblico"" & pos=""ADJ""][word=""che""][lemma=""privato"" & pos=""ADJ""]"	4746946	Chiunque con qualsiasi mezzo impedisce o turba una riunione di propaganda elettorale,	sia pubblica che privata	, è punito con la reclusione da uno a tre anni e con la multa da lire 600.000 a lire 3.000.000.
yes	sia X che Y	pubblico	privato	privato - pubblico	"[word=""sia""][lemma=""pubblico"" & pos=""ADJ""][word=""che""][lemma=""privato"" & pos=""ADJ""]"	4714449	Agli accordi di programma già raggiunti in sede di conferenza unificata occorre aggiungerne altri, a partire da quelli che coinvolgono soggetti che ricoprono un ruolo primario nel settore formativo (MURST - CRUI - ecc.), nell'ottica della massima integrazione tra mondo della formazione e della ricerca e mondo del lavoro,	sia pubblico che privato	.
yes	sia X che Y	pubbliche	private	privato - pubblico	"[word=""sia""][lemma=""pubblico"" & pos=""ADJ""][word=""che""][lemma=""privato"" & pos=""ADJ""]"	2415460	Ciò, naturalmente, in piena collaborazione con le altre componenti economiche, sociali e sportive,	sia pubbliche che private	».
yes	sia X che Y	pubblica	privata	privato - pubblico	"[word=""sia""][lemma=""pubblico"" & pos=""ADJ""][word=""che""][lemma=""privato"" & pos=""ADJ""]"	5929971	Il valore delle offerte,	sia pubblica che privata	, dovrebbe essere annunciato all'ultimo momento.
yes	sia X che Y	pubblici	privati	privato - pubblico	"[word=""sia""][lemma=""pubblico"" & pos=""ADJ""][word=""che""][lemma=""privato"" & pos=""ADJ""]"	4867460	L'organizzazione del SII si fonda su una netta distinzione nella attribuzione dei diversi livelli di funzione, in particolare e in via schematica: a) le attività di indirizzo generale e programmazione competono agli organi dello Stato e alle Regioni; b) le funzioni di governo, organizzazione e controllo competono agli enti locali riuniti in Autorità d'Ambito; c) l'attività di gestione ai soggetti gestori,	sia pubblici che privati	.
yes	sia X che Y	pubblici	privati	privato - pubblico	"[word=""sia""][lemma=""pubblico"" & pos=""ADJ""][word=""che""][lemma=""privato"" & pos=""ADJ""]"	4707078	I progetti finanziabili saranno quelli presentati da organismi,	sia pubblici che privati	, che abbiano come fine istituzionale quello della lotta alla tratta degli esseri umani e allo sfruttamento sessualedei bambini.
yes	sia X che Y	pubblici	privati	privato - pubblico	"[word=""sia""][lemma=""pubblico"" & pos=""ADJ""][word=""che""][lemma=""privato"" & pos=""ADJ""]"	4878344	Attraverso la creazione di un coordinamento di enti nazionali, regionali e dipartimentali,	sia pubblici che privati	, veniva istituita l'associazione ORIADOC finalizzata alla raccolta di dati sulle strutture di documentazione pubbliche e private.
yes	sia X che Y	pubbliche	private	privato - pubblico	"[word=""sia""][lemma=""pubblico"" & pos=""ADJ""][word=""che""][lemma=""privato"" & pos=""ADJ""]"	6885560	""" Molte volte sono proprio degli ingegneri che assumono delle posizioni importanti, anche manageriali, all'interno di strutture sanitarie,"	sia pubbliche che private	.
yes	sia X che Y	pubblici	privati	privato - pubblico	"[word=""sia""][lemma=""pubblico"" & pos=""ADJ""][word=""che""][lemma=""privato"" & pos=""ADJ""]"	6855793	Promozione di percorsi di studio e formazione sul tema in tutti i contesti di lavoro,	sia pubblici che privati	, in raccordo con le parti sociali e gli organismi paritari (es. enti bilaterali).
yes	sia X che Y	pubbliche	private	privato - pubblico	"[word=""sia""][lemma=""pubblico"" & pos=""ADJ""][word=""che""][lemma=""privato"" & pos=""ADJ""]"	4684185	Il meccanismo dei controlli, dipendente dal Ministero, a questo punto è anche in Italia adeguato alla normativa comunitaria, che definisce tutte le procedure per la nomina, i compiti e i limiti delle strutture, che possono essere	sia pubbliche che private	.
yes	sia X che Y	pubblica	privata	privato - pubblico	"[word=""sia""][lemma=""pubblico"" & pos=""ADJ""][word=""che""][lemma=""privato"" & pos=""ADJ""]"	1001188	In considerazione della posizione detenuta da Telecom Italia nei mercati dei servizi di telecomunicazioni all'ingrosso e al dettaglio, l'istruttoria è volta ad accertare se tale operatore abbia messo in atto pratiche commerciali escludenti nel mercato della fornitura di servizi di telecomunicazioni all'utenza finale affari,	sia pubblica che privata	.
yes	sia X che Y	pubblici	privati	privato - pubblico	"[word=""sia""][lemma=""pubblico"" & pos=""ADJ""][word=""che""][lemma=""privato"" & pos=""ADJ""]"	7122378	La condivisione di viaggi e di mezzi di trasporto	sia pubblici che privati	trova l'Italia in una buona posizione.
yes	sia X che Y	privati	pubblici	privato - pubblico	"[word=""sia""][lemma=""privato"" & pos=""ADJ""][word=""che""][lemma=""pubblico"" & pos=""ADJ""]"	2788354	Il suo strumento privilegiato: gli investimenti,	sia privati che pubblici	; i quali ultimi portano infatti a migliorare l'efficienza del settore privato (basti pensare alle reti dei trasporti e delle comunicazioni).
yes	sia X che Y	pubblici	privati	privato - pubblico	"[word=""sia""][lemma=""pubblico"" & pos=""ADJ""][word=""che""][lemma=""privato"" & pos=""ADJ""]"	454864	Per la pubblicità sui canali televisivi,	sia pubblici che privati	, il consiglio degli esperti è quello di prenotare almeno due mesi prima dell'inizio della campagna.
yes	sia X che Y	pubblico	privato	privato - pubblico	"[word=""sia""][lemma=""pubblico"" & pos=""ADJ""][word=""che""][lemma=""privato"" & pos=""ADJ""]"	7046153	""" Sono sospese le manifestazioni, gli eventi e gli spettacoli di qualsiasi natura, ivi compresi quelli cinematografici e teatrali, svolti in ogni luogo,"	sia pubblico che privato	", che comportano affollamento di persone tale da non consentire il rispetto della distanza di sicurezza interpersonale di almeno un metro "", si legge nel provvedimento."
yes	sia X che Y	pubblici	privati	privato - pubblico	"[word=""sia""][lemma=""pubblico"" & pos=""ADJ""][word=""che""][lemma=""privato"" & pos=""ADJ""]"	5637858	Fermo restando l'esame caso per caso per operazioni garantite da primari istituti di credito cinesi	sia pubblici che privati	.
yes	sia X che Y	privati	pubblici	privato - pubblico	"[word=""sia""][lemma=""privato"" & pos=""ADJ""][word=""che""][lemma=""pubblico"" & pos=""ADJ""]"	6878991	"); mentre i ceti medi risultano come un coacervo di strati sociali difformi in cui sono indistintamente compresi i "" padroncini "" (di fabbrica e di campagna), i lavoratori autonomi (artigiani, commercianti, e liberi professionisti) e gli impiegati"	sia privati che pubblici	.
yes	sia X che Y	pubblica	privata	privato - pubblico	"[word=""sia""][lemma=""pubblico"" & pos=""ADJ""][word=""che""][lemma=""privato"" & pos=""ADJ""]"	1166032	La presente proposta di legge fissa nuove norme di disciplina che riguardano l'intero sistema della comunicazione radiotelevisiva,	sia pubblica che privata	, basandosi sul principio che ogni trasmissione al pubblico di contenuti audiovisivi assolve una missione di interesse generale.
yes	sia X che Y	pubblici	privati	privato - pubblico	"[word=""sia""][lemma=""pubblico"" & pos=""ADJ""][word=""che""][lemma=""privato"" & pos=""ADJ""]"	7116194	L'obiettivo del Maas è quello di integrare al meglio i servizi di trasporto disponibili,	sia pubblici che privati	, e portarli dentro un'unica piattaforma, così che l'utente possa pianificare viaggi da un punto a un altro, aggregando tutti i mezzi di trasporto disponibili in città pagando un abbonamento mensile o la singola corsa.
yes	sia X che Y	pubblici	privati	privato - pubblico	"[word=""sia""][lemma=""pubblico"" & pos=""ADJ""][word=""che""][lemma=""privato"" & pos=""ADJ""]"	6492036	Gli esperti valutano proposte di qualsiasi tipo di società, industriali, commerciali, artigiane e turistiche, nonché cooperative, consorzi o altri organismi,	sia pubblici che privati	, che riguardino possibili investimenti in tutte le aree del mondo (esclusi i Paesi Ue) in qualsiasi settore merceologico.
yes	sia X che Y	pubblici	privati	privato - pubblico	"[word=""sia""][lemma=""pubblico"" & pos=""ADJ""][word=""che""][lemma=""privato"" & pos=""ADJ""]"	2725583	Sto analizzando da mesi luoghi	sia pubblici che privati	", le strade del centro e quelle della periferia, i mezzi pubblici: e il quadro che emerge è desolante ""."
yes	sia X che Y	pubblico	privato	privato - pubblico	"[word=""sia""][lemma=""pubblico"" & pos=""ADJ""][word=""che""][lemma=""privato"" & pos=""ADJ""]"	4294688	Al Governo non sfugge la necessità di aumentare anche significativamente le risorse da mettere a disposizione del sistema di ricerca	sia pubblico che privato	.
yes	sia X che Y	pubbliche	private	privato - pubblico	"[word=""sia""][lemma=""pubblico"" & pos=""ADJ""][word=""che""][lemma=""privato"" & pos=""ADJ""]"	4867413	Gli ambiti di applicazione e il contenuto della disciplina della Legge Merli sono analiticamente indicati nel disposto dell'articolo 1, e riguardano: - la disciplina degli scarichi di qualsiasi tipo, pubblici e privati, diretti e indiretti, in tutte le acque superficiali e sotterranee, interne e marine,	sia pubbliche che private	, nonché in fognature, sul suolo e nel sottosuolo; - la formulazione di criteri generali per l'utilizzazione e lo scarico delle acque in materia di insediamenti; - l'organizzazione dei pubblici servizi di acquedotto.
yes	sia X che Y	pubblici	privati	privato - pubblico	"[word=""sia""][lemma=""pubblico"" & pos=""ADJ""][word=""che""][lemma=""privato"" & pos=""ADJ""]"	2637284	Dopo tutto, la stragrande maggioranza di loro può esprimere liberamente le sue idee in un mucchio di altri luoghi,	sia pubblici che privati	, senza essere trascinata in prigione.
yes	sia X che Y	pubblici	privati	privato - pubblico	"[word=""sia""][lemma=""pubblico"" & pos=""ADJ""][word=""che""][lemma=""privato"" & pos=""ADJ""]"	2688105	«Un modello di eccellenza rispetto al panorama nazionale che pochi altri soggetti,	sia pubblici che privati	, sono in grado di offrire e realizzare», si legge nel sito web della società.
yes	sia X che Y	pubbliche	private	privato - pubblico	"[word=""sia""][lemma=""pubblico"" & pos=""ADJ""][word=""che""][lemma=""privato"" & pos=""ADJ""]"	6607706	Ecco perché benché il sito web della Ransomware Task Force sarà pronto a gennaio 2021 i membri fondatori sono già al lavoro congiunto, ritenendo che il ransomware sia una minaccia troppo grande per essere affrontata da una singola entità e si sono riuniti per fornire consigli chiari per azioni	sia pubbliche che private	che dovranno ridurre in modo significativo la minaccia rappresentata da queste imprese criminali.
yes	sia X che Y	pubblici	privati	privato - pubblico	"[word=""sia""][lemma=""pubblico"" & pos=""ADJ""][word=""che""][lemma=""privato"" & pos=""ADJ""]"	6856442	A ciò si devono aggiungere le politiche di austerità ed una crisi economica prolungata che, insieme alla mancanza di una politica industriale di ampio respiro, hanno contribuito ad una riduzione generalizzata degli investimenti,	sia pubblici che privati	, di oltre 20 punti percentuali rispetto a quelli, già insufficienti, degli anni pre - crisi (2007-2008).
yes	sia X che Y	pubblici	privati	privato - pubblico	"[word=""sia""][lemma=""pubblico"" & pos=""ADJ""][word=""che""][lemma=""privato"" & pos=""ADJ""]"	4703207	Nell'adempimento dei suoi compiti j il centro stabilisce i contatti appropriati, in particolare con organismispecializzati,	sia pubblici che privati	, nazionali od internazionali, con le amministrazioni pubbliche e gliistituti di formazione nonché con le organizzazioni dei datori di lavoro e dei lavoratori.
yes	sia X che Y	pubblici	privati	privato - pubblico	"[word=""sia""][lemma=""pubblico"" & pos=""ADJ""][word=""che""][lemma=""privato"" & pos=""ADJ""]"	170473	"Casa di produzione audiovisivi: Filmgo "" Molte disfunzioni e situazioni stressanti del vivere quotidiano non sono fatali e inevitabili, ma dipendono dall'inadeguatezza delle comunicazioni rivolte al pubblico in numerosi settori,"	sia pubblici che privati	, dei servizi e dell'amministrazione.
yes	sia X che Y	pubblici	privati	privato - pubblico	"[word=""sia""][lemma=""pubblico"" & pos=""ADJ""][word=""che""][lemma=""privato"" & pos=""ADJ""]"	952081	Il riformismo archivistico settecentesco, che aveva investito numerosi archivi italiani	sia pubblici che privati	, produsse i suoi effetti anche nell'archivio pubblico bolognese, dove nel corso degli anni l'incuria ed il disordine erano andati progressivamente aumentando.
yes	sia X che Y	pubblici	privati	privato - pubblico	"[word=""sia""][lemma=""pubblico"" & pos=""ADJ""][word=""che""][lemma=""privato"" & pos=""ADJ""]"	2312597	La complessità giuridica dei beni culturali e i suoi paradossi La principale caratteristica dei beni culturali - forse più di qualsiasi altro bene - è che essi sono portatori di numerosi e diversi interessi,	sia pubblici che privati	, spesso in contrasto tra loro, cui possono spesso collegarsi altrettante situazioni giuridiche.
yes	sia X sia Y	pubblici	privati	privato - pubblico	"[word=""sia""][lemma=""pubblico"" & pos=""ADJ""][word=""sia""][lemma=""privato"" & pos=""ADJ""]"	423457	"it: la speciale giuria di ciber - navigatori del "" Premio www "" indetto dal "" Sole - 24 Ore "" on line per individuare i migliori siti italiani"	sia pubblici sia privati	", ha confermato la validità del sito delle Finanze, che già era stato inserito dalla rivista "" Pc professionale "" fra i cento più utili per i visitatori italiani, collocandolo fra i primi dieci della Pubblica amministrazione del nostro paese."
yes	sia X sia Y	pubblici	privati	privato - pubblico	"[word=""sia""][lemma=""pubblico"" & pos=""ADJ""][word=""sia""][lemma=""privato"" & pos=""ADJ""]"	6354846	Ma è confortante - come ha tenuto a specificare Giancarlo Capitani, presidente della Nomos -, che si sia verificata una ripresa di soluzioni evolute da parte dei grandi gruppi	sia pubblici sia privati	.
yes	sia X sia Y	pubbliche	private	privato - pubblico	"[word=""sia""][lemma=""pubblico"" & pos=""ADJ""][word=""sia""][lemma=""privato"" & pos=""ADJ""]"	5600367	Trovandomi nella felice condizione di conoscere abbastanza bene la materia, per esercitare la funzione di direttore del personale in una grande azienda pubblica, avendo prima svolto la stessa funzione in altre grandi aziende,	sia pubbliche sia private	, vorrei provare a proporre alcune considerazioni - prevalentemente'tecnichè - ben sapendo che il problema in questione (e la sua soluzione) non sono i dati oggettivi, comunque li si esprima, ma le morbosità dei contesti in cui li si infila, che consente di manipolarli poi per gli usi più diversi.
yes	sia X sia Y	pubbliche	private	privato - pubblico	"[word=""sia""][lemma=""pubblico"" & pos=""ADJ""][word=""sia""][lemma=""privato"" & pos=""ADJ""]"	7040481	Sempre in tema di sistema detentivo, un paio di settimane fa è stato diffuso un rapporto del ministero della Giustizia secondo cui le prigioni,	sia pubbliche sia private	, entro la fine del 2020 non avranno più spazio per contenere i loro ospiti, in costante aumento.
yes	sia X sia Y	pubblici	privati	privato - pubblico	"[word=""sia""][lemma=""pubblico"" & pos=""ADJ""][word=""sia""][lemma=""privato"" & pos=""ADJ""]"	4707044	I responsabili dei progetti possono essere organismi nazionali o internazionali,	sia pubblici sia privati	, inclusi, in particolare, gli istituti di ricerca e gli istituti per la formazione di base e permanente.
yes	sia X sia Y	pubblici	privati	privato - pubblico	"[word=""sia""][lemma=""pubblico"" & pos=""ADJ""][word=""sia""][lemma=""privato"" & pos=""ADJ""]"	4954890	In tale ottica, l'Unità 3 evidenzia tanto la natura economica dei potenziali rapporti con clienti	sia pubblici sia privati	, che le più importanti problematiche giuridiche.
yes	sia X sia Y	privata	pubblica	privato - pubblico	"[word=""sia""][lemma=""privato"" & pos=""ADJ""][word=""sia""][lemma=""pubblico"" & pos=""ADJ""]"	2432487	» Il documento parla inoltre della creazione e dell'utilizzo dei capitali: «Incoraggiamo gli imprenditori che dirigono le grandi e medie imprese, i piccoli imprenditori, gli agenti economici della gestione produttiva	sia privata sia pubblica	, che sono i creatori di ricchezza nei nostri Paesi, affinché si sforzino di garantire nuovi posti di lavoro all'insegna della dignità umana, di favorire la democrazia, di promuovere l'aspirazione a una società giusta e a una convivenza civile basata sul benessere e la pace.
yes	sia X sia Y	pubbliche	private	privato - pubblico	"[word=""sia""][lemma=""pubblico"" & pos=""ADJ""][word=""sia""][lemma=""privato"" & pos=""ADJ""]"	4278872	Una scelta di Politica Scientifica di questo tipo rende necessaria l'integrazione dell'attività dell'Area di ricerca con quella di altri Enti, Istituzioni o Imprese, (	sia pubbliche sia private	), mediante la stipulazione di appositi Accordi, Contratti o Convenzioni.
yes	sia X sia Y	pubblica	privata	privato - pubblico	"[word=""sia""][lemma=""pubblico"" & pos=""ADJ""][word=""sia""][lemma=""privato"" & pos=""ADJ""]"	4288088	La dotazione tecnico - scientifica dell'ITL consente di soddisfare le richieste di consulenza di una vasta utenza,	sia pubblica sia privata	(aziende e laboratori) per quanto attiene certificazioni di idoneità tecnica e di qualità su prodotti e processi, nonché prove normalizzate e non su materiali e manufatti.
yes	sia X sia Y	pubbliche	private	privato - pubblico	"[word=""sia""][lemma=""pubblico"" & pos=""ADJ""][word=""sia""][lemma=""privato"" & pos=""ADJ""]"	6283241	""" Alla Fondazione di Parma e Piacenza ci vanno con i piedi di piombo: "" Aspettiamo di vedere quali indicazioni usciranno dalla conversione in legge del decreto Ciampi - spiegano - siamo però contrari all'idea di investirli in aziende,"	sia pubbliche sia private	.
yes	sia X sia Y	pubblici	privati	privato - pubblico	"[word=""sia""][lemma=""pubblico"" & pos=""ADJ""][word=""sia""][lemma=""privato"" & pos=""ADJ""]"	4663018	Come meglio precisato nel seguito i soggetti (	sia pubblici sia privati	) che potranno svolgere il ruolo di Autorità di certificazione dovranno essere in grado di assicurare la massima affidabilità e le dovute garanzie tecniche ed organizzative (l'attività di certificazione della firma digitale comporta, infatti, un'esposizione di rischio sia per il certificatore, sia di sicurezza dell'intero sistema), potendo anche assumere caratteristiche di specializzazione rispetto agli operatori da loro certificati, in direzione di una maggiore conoscenza delle specifiche realtà e quindi anche a tutela dei consumatori.
yes	sia X sia Y	pubblici	privati	privato - pubblico	"[word=""sia""][lemma=""pubblico"" & pos=""ADJ""][word=""sia""][lemma=""privato"" & pos=""ADJ""]"	4294988	Negli ultimi anni l'Istituto è stato presente con diversi progetti nei più importanti programmi di ricerca	sia pubblici sia privati	, quali Progetti Finalizzati, Progetti Strategici, Progetti Bilaterali, Piano Nazionale Ricerca in Antartide, progetti finanziati dall'Istituto Superiore di Sanità, dalla Regione Campania, dall'Associazione Italiana Celiachia, da programmi nazionali di ricerca del MURST e annovera contratti con industrie.
yes	sia X sia Y	privati	pubblici	privato - pubblico	"[word=""sia""][lemma=""privato"" & pos=""ADJ""][word=""sia""][lemma=""pubblico"" & pos=""ADJ""]"	1397232	Così come è poco chiara la «missione» delle singole strutture che spesso ottengono fondi	sia privati sia pubblici	.
yes	sia X sia Y	pubbliche	private	privato - pubblico	"[word=""sia""][lemma=""pubblico"" & pos=""ADJ""][word=""sia""][lemma=""privato"" & pos=""ADJ""]"	389728	Le Asl e le Ao possono e anzi debbono operare in regime di concorrenza con altre aziende	sia pubbliche sia private	"e pertanto devono adottare modalità di lavoro competitive e considerare tutti i cittadini non già "" utenti "" bensì "" potenziali clienti "", che hanno diritto e possibilità di rivolgersi altrove."
yes	sia X sia Y	pubbliche	private	privato - pubblico	"[word=""sia""][lemma=""pubblico"" & pos=""ADJ""][word=""sia""][lemma=""privato"" & pos=""ADJ""]"	5908045	La definizione di un codice di autoregolamentazione che coinvolga tutte le reti televisive esistenti in Italia	sia pubbliche sia private	, sia nazionali sia locali è alla base dell'istituzione del Comitato costituito dal presidente del Consiglio e che ha iniziato la sua attività lo scorso marzo.
yes	sia X sia Y	pubblici	privati	privato - pubblico	"[word=""sia""][lemma=""pubblico"" & pos=""ADJ""][word=""sia""][lemma=""privato"" & pos=""ADJ""]"	2380610	Sulla ricchezza televisiva (purtroppo non ancora impiegata, valorizzata, esaminata sino in fondo (e a fin di bene) da parte degli apparati	sia pubblici sia privati	) escono in questi ultimi tempi alcuni testi importanti, che meritano qualche riflessione a se stante.
yes	sia X sia Y	pubbliche	private	privato - pubblico	"[word=""sia""][lemma=""pubblico"" & pos=""ADJ""][word=""sia""][lemma=""privato"" & pos=""ADJ""]"	986452	"68 1999 il quale recita: "" Le imprese,"	sia pubbliche sia private	", qualora partecipino a bandi per appalti pubblici o intrattengano rapporti convenzionali o di concessione con pubbliche amministrazioni, sono tenute a presentare preventivamente alle stesse la dichiarazione del legale rappresentante che attesi di essere in regola con le norme che disciplinano il diritto al lavoro dei disabili, nonché apposita certificazione rilasciata dagli uffici competenti dalla quale risulti l'ottemperanza alle norme della presente legge, pena l'esclusione "" [il corsivo è stato aggiunto]."
yes	sia X sia Y	pubblica	privata	privato - pubblico	"[word=""sia""][lemma=""pubblico"" & pos=""ADJ""][word=""sia""][lemma=""privato"" & pos=""ADJ""]"	2648040	Al fine di elaborare soluzioni innovative volte a colmare il divario digitale in relazione alla banda larga e ultralarga e di conseguire una mappatura della rete di accesso ad internet, l'Autorità per le garanzie nelle comunicazioni, entro dodici mesi dalla data di entrata in vigore del presente decreto, costituisce, tramite periodico aggiornamento richiesto agli operatori autorizzati, una banca di dati di tutte le reti di accesso ad internet di proprietà	sia pubblica sia privata	esistenti nel territorio nazionale, dettagliando le relative tecnologie nonché il grado di utilizzo delle stesse.
yes	sia X sia Y	pubblica	privata	privato - pubblico	"[word=""sia""][lemma=""pubblico"" & pos=""ADJ""][word=""sia""][lemma=""privato"" & pos=""ADJ""]"	1166478	"Una sentenza rimarca che con le tangenti non solo finanziava la sua corrente, ma "" alimentava il suo principesco stile di vita"	sia pubblica sia privata	"""."
yes	sia X sia Y	pubblica	privata	privato - pubblico	"[word=""sia""][lemma=""pubblico"" & pos=""ADJ""][word=""sia""][lemma=""privato"" & pos=""ADJ""]"	1109507	Colloquio con Lamberto Sposini Lamberto Sposini Se uno ha passato 15 anni in Rai e altrettanti ai vertici del Tg5 con molta probabilità ha parecchie cose da dire sulla tivù,	sia pubblica sia privata	.
yes	sia X sia Y	pubbliche	private	privato - pubblico	"[word=""sia""][lemma=""pubblico"" & pos=""ADJ""][word=""sia""][lemma=""privato"" & pos=""ADJ""]"	403676	Sto cercando di dar vita a un canale radiofonico satellitare moderno, stabilendo contatti con radio internazionali,	sia pubbliche sia private	.
yes	sia X sia Y	private	pubbliche	privato - pubblico	"[word=""sia""][lemma=""privato"" & pos=""ADJ""][word=""sia""][lemma=""pubblico"" & pos=""ADJ""]"	4963036	[27] Si è posta poi la questione se le persone giuridiche	sia private sia pubbliche	, possano rientrare tra le vittime della concussione.
yes	sia X sia Y	pubblici	privati	privato - pubblico	"[word=""sia""][lemma=""pubblico"" & pos=""ADJ""][word=""sia""][lemma=""privato"" & pos=""ADJ""]"	476495	"Si tratta di un'attività volta a promuovere e a garantire la "" marca "" Trentino, della quale gli operatori,"	sia pubblici sia privati	, hanno bisogno.
yes	sia X sia Y	pubblici	privati	privato - pubblico	"[word=""sia""][lemma=""pubblico"" & pos=""ADJ""][word=""sia""][lemma=""privato"" & pos=""ADJ""]"	2752393	È proprio con l'affermarsi dei Leviatani digitali	sia pubblici sia privati	che il discorso sui diritti umani nell'età digitale comincia interessare un numero crescente di cittadini.
yes	sia X sia Y	pubblica	privata	privato - pubblico	"[word=""sia""][lemma=""pubblico"" & pos=""ADJ""][word=""sia""][lemma=""privato"" & pos=""ADJ""]"	6762152	Spiegai che le fallacie impediscono a una discussione -	sia pubblica sia privata	- di progredire logicamente e che, di fatto, rendono inutili gli scambi di opinioni e invalide o scorrette le decisioni.
yes	sia X sia Y	pubbliche	private	privato - pubblico	"[word=""sia""][lemma=""pubblico"" & pos=""ADJ""][word=""sia""][lemma=""privato"" & pos=""ADJ""]"	4285696	Erano in attesa soprattutto i numerosi ricercatori e tecnici (alcune centinaia), appartenenti a strutture	sia pubbliche sia private	, che erano stati contattati dall'Autore, il Dr. Fabrizio Rallo, per contribuire alla costituzione dell'archivio su cui costruire la Banca Dati informatizzata.
yes	sia X sia Y	pubblici	privati	privato - pubblico	"[word=""sia""][lemma=""pubblico"" & pos=""ADJ""][word=""sia""][lemma=""privato"" & pos=""ADJ""]"	2666339	La Regione, nell'ambito dello spettacolo dal vivo, promuove lo sviluppo di attività professionali di danza, musica e teatro in tutti i loro generi e manifestazioni, attraverso il sostegno alla produzione, alla distribuzione e alla circuitazione degli spettacoli, con particolare riferimento ai soggetti produttivi e distributivi,	sia pubblici sia privati	, che realizzino con continuità progetti artistici di qualità.
yes	sia X sia Y	pubbliche	private	privato - pubblico	"[word=""sia""][lemma=""pubblico"" & pos=""ADJ""][word=""sia""][lemma=""privato"" & pos=""ADJ""]"	6838443	Le strutture che possono eseguire gli interventi di PMA sono quelle,	sia pubbliche sia private	, autorizzate dalle Regioni e iscritte nel Registro Nazionale; infatti, come previsto dall'art. 11 della l.
yes	sia X sia Y	pubbliche	private	privato - pubblico	"[word=""sia""][lemma=""pubblico"" & pos=""ADJ""][word=""sia""][lemma=""privato"" & pos=""ADJ""]"	415048	«Abbiamo seguito un percorso - continua Lonardi - che ci ha portato in molte scuole,	sia pubbliche sia private	, e anche là dove l'uomo cerca di ricostruirsi un destino.
yes	sia X sia Y	pubblici	privati	privato - pubblico	"[word=""sia""][lemma=""pubblico"" & pos=""ADJ""][word=""sia""][lemma=""privato"" & pos=""ADJ""]"	6868104	Soprattutto, si tratta di questioni che meritano azioni e investimenti -	sia pubblici sia privati	- che a loro volta possono costituire una leva essenziale per la ripartenza.
yes	sia X sia Y	pubblici	privati	privato - pubblico	"[word=""sia""][lemma=""pubblico"" & pos=""ADJ""][word=""sia""][lemma=""privato"" & pos=""ADJ""]"	6077733	E per questo appare fondamentale avvalersi di un'immagine coordinata, attraverso l'adozione di una linea grafica comune, da utilizzare in tutti i materiali promo commerciali	sia pubblici sia privati	: pubblicazioni, guide, depliant, cataloghi, manifesti, e negli aspetti della comunicazione interattiva, come i siti web.
yes	tanto X quanto Y	pubblica	privata	privato - pubblico	"[word=""tanto""][lemma=""pubblico"" & pos=""ADJ""][word=""quanto""][lemma=""privato"" & pos=""ADJ""]"	5260514	""" No, non lo è, non in Texas: la religione è"	tanto pubblica quanto privata	.
yes	tanto X quanto Y	privata	pubblica	privato - pubblico	"[word=""tanto""][lemma=""privato"" & pos=""ADJ""][word=""quanto""][lemma=""pubblico"" & pos=""ADJ""]"	4520371	"Il "" pater familias "" esercita una potestà"	tanto privata quanto pubblica	, dunque è impossibile una distinzione tra pubblico e privato.
yes	tanto X quanto Y	pubblici	privati	privato - pubblico	"[word=""tanto""][lemma=""pubblico"" & pos=""ADJ""][word=""quanto""][lemma=""privato"" & pos=""ADJ""]"	1767525	"Viene però aggiunto l'obbligo di comunicazione preventiva al ministero "" qualora si tratti di beni o cose non in consegna "" allo stesso, specificando che le "" finalità "" di tale incombenza sono quelle indicate dagli "" articoli 18 e 19 "", ossia le funzioni di vigilanza che spettano al Mbac; la comunicazione premette così al ministero di espletare il ruolo di "" controllore "" ricoperto nei confronti della generalità dei beni culturali,"	tanto pubblici quanto privati	.
yes	tra X e Y	pubblico	privato	privato - pubblico	"[word=""tra""][lemma=""pubblico"" & pos=""ADJ""][word=""e""][lemma=""privato"" & pos=""ADJ""]"	6580141	Sembra molto difficile capire che ruolo la fotografia debba assumere in un'epoca in cui la distinzione	tra pubblico e privato	è più confusa che mai, e in cui la gestione della propria immagine e l'auto - promozione per alcuni sono diventati lavori a tempo pieno.
yes	tra X e Y	pubblico	privato	privato - pubblico	"[word=""tra""][lemma=""pubblico"" & pos=""ADJ""][word=""e""][lemma=""privato"" & pos=""ADJ""]"	6266279	"Il city - manager di Pompei, Giuseppe Gherpelli, spiega che la convenzione con l'azienda Mastroberadino di Atripalda, in provincia di Avellino, "" è la prima forma concreta di collaborazione"	tra pubblico e privato	"da quando la Soprintendenza è diventata autonoma ""."
yes	tra X e Y	pubbliche	private	privato - pubblico	"[word=""tra""][lemma=""pubblico"" & pos=""ADJ""][word=""e""][lemma=""privato"" & pos=""ADJ""]"	5339413	Sommando dichiarazioni ufficiali e indiscrezioni dovrebbero farne parte quattro banche	tra pubbliche e private	(Monte dei Paschi, Imi, Credit e Comit), due assicurazioni (Generali, Ina), due fondazioni bancarie (Cariplo e Compagnia S.
yes	tra X e Y	pubblico	privato	privato - pubblico	"[word=""tra""][lemma=""pubblico"" & pos=""ADJ""][word=""e""][lemma=""privato"" & pos=""ADJ""]"	4998499	È il circolo vizioso	tra pubblico e privato	che va interrotto.
yes	tra X e Y	pubblico	privato	privato - pubblico	"[word=""tra""][lemma=""pubblico"" & pos=""ADJ""][word=""e""][lemma=""privato"" & pos=""ADJ""]"	427439	"Ma poiché siamo nell'ambito del libero mercato vale il detto "" a caval donato non si guarda in bocca "": anche in questo caso le consistenti risorse messe a disposizione dai privati dovrebbero rientrare in una politica programmata di investimenti che nasca da un saggio ed equilibrato dialogo"	tra pubblico e privato	.
yes	tra X e Y	pubblici	privati	privato - pubblico	"[word=""tra""][lemma=""pubblico"" & pos=""ADJ""][word=""e""][lemma=""privato"" & pos=""ADJ""]"	5624841	E ancora: progressiva armonizzazione	tra pubblici e privati	delle regole per il diritto alla pensione, aumento dei contributi a carico degli autonomi.
yes	tra X e Y	pubblico	privato	privato - pubblico	"[word=""tra""][lemma=""pubblico"" & pos=""ADJ""][word=""e""][lemma=""privato"" & pos=""ADJ""]"	5559860	Nel capitolo dedicato all'ordinamento professionale si legge che le parti si impegnano a perseguire ogni iniziativa per il riconoscimento della categoria nell'ambito del nuovo ordinamento professionale, anche attraverso l'istituzione di un autonomo comparto di contrattazione,  in modo da garantire una maggiore possibilità di integrazione e mobilità professionale	tra pubblico e privato	>.
yes	tra X e Y	pubblico	privato	privato - pubblico	"[word=""tra""][lemma=""pubblico"" & pos=""ADJ""][word=""e""][lemma=""privato"" & pos=""ADJ""]"	5837466	Nell'ultimo decennio il Piemonte è stata una delle regioni italiane dove si sono attivate alcune delle esperienze più innovative e continuative di collaborazione	tra pubblico e privato	nella gestione del patrimonio culturale.
yes	tra X e Y	pubblico	privato	privato - pubblico	"[word=""tra""][lemma=""pubblico"" & pos=""ADJ""][word=""e""][lemma=""privato"" & pos=""ADJ""]"	4666481	Nei rapporti	tra pubblico e privato	(in senso orizzontale), la funzione sussidiaria opera come deferimento all'autonomia privata dei compiti e delle funzioni per il cui esercizio non sia strettamente necessario alcun intervento autoritativo.
yes	tra X e Y	pubblico	privato	privato - pubblico	"[word=""tra""][lemma=""pubblico"" & pos=""ADJ""][word=""e""][lemma=""privato"" & pos=""ADJ""]"	1767263	Tutto ciò apre la strada ad una prospettiva nuova: un ripensamento dell'organizzazione museale in grado, da un lato, di offrire un'esperienza umana di grande intensità e, dall'altro, di ridefinire il rapporto	tra pubblico e privato	come ricerca di un'imprenditorialità nuova, di una partnership proficua e di lungo periodo.
yes	tra X e Y	pubblico	privato	privato - pubblico	"[word=""tra""][lemma=""pubblico"" & pos=""ADJ""][word=""e""][lemma=""privato"" & pos=""ADJ""]"	7037584	Che definisce il Veneto «un modello di compartecipazione	tra pubblico e privato	».
yes	tra X e Y	pubblico	privato	privato - pubblico	"[word=""tra""][lemma=""pubblico"" & pos=""ADJ""][word=""e""][lemma=""privato"" & pos=""ADJ""]"	5336992	In questo testo resta la priorità di Comune, Provincia, Regione e Stato, sostengono i commissari del Polo, dunque non è sufficiente a garantire la parità nella competizione	tra pubblico e privato	?
yes	tra X e Y	pubblico	privato	privato - pubblico	"[word=""tra""][lemma=""pubblico"" & pos=""ADJ""][word=""e""][lemma=""privato"" & pos=""ADJ""]"	5060322	Alla fine, tutto è stato ridotto a una questione di soldi, ma sono ben altri i valori in gioco In tutto il mondo, anche nei paesi ex socialisti,	tra pubblico e privato	c'è competizione.
yes	tra X e Y	pubblico	privato	privato - pubblico	"[word=""tra""][lemma=""pubblico"" & pos=""ADJ""][word=""e""][lemma=""privato"" & pos=""ADJ""]"	383395	La concertazione	tra pubblico e privato	"ha già dato buona prova di sé sia nel "" Foro di concertazione "" - riguardante i programmi da attuare in paesi dell'Europa centro - orientale e quelli dell'ex - Urss - che opera presso la Confindustria, di cui fanno parte i ministeri degli Esteri, del Commercio con l'estero e del Tesoro, l'Ice e associazioni di produttori, sia nei "" tavoli regionali "" che sono stati istituiti presso il ministero degli Esteri."
yes	tra X e Y	pubblico	privato	privato - pubblico	"[word=""tra""][lemma=""pubblico"" & pos=""ADJ""][word=""e""][lemma=""privato"" & pos=""ADJ""]"	169403	Da questo punto di vista, la riforma avviata negli anni scorsi ha già dato grandi risultati, modificando in profondità il rapporto tra cittadino e pubblica amministrazione e gettando le basi per una vera cooperazione	tra pubblico e privato	.
yes	tra X e Y	pubblico	privato	privato - pubblico	"[word=""tra""][lemma=""pubblico"" & pos=""ADJ""][word=""e""][lemma=""privato"" & pos=""ADJ""]"	2312614	E ciò non solo nell'ambito dei beni pubblici [23], ma anche con riferimento a problemi di teoria generale quali il monismo e il dualismo nel diritto amministrativo [24], la dialettica	tra pubblico e privato	[25], la codificazione normativa [26], fino alle più recenti tendenze in materia di diritto amministrativo globale [27].
yes	tra X e Y	pubblico	privato	privato - pubblico	"[word=""tra""][lemma=""pubblico"" & pos=""ADJ""][word=""e""][lemma=""privato"" & pos=""ADJ""]"	5643161	ROMA -  Per dare più efficienza alla macchina burocratica occorre una grande alleanza	tra pubblico e privato	e puntare direttamente sulle risorse umane, a partire da una nuova classe dirigente.
yes	tra X e Y	pubblico	privato	privato - pubblico	"[word=""tra""][lemma=""pubblico"" & pos=""ADJ""][word=""e""][lemma=""privato"" & pos=""ADJ""]"	5643175	Per modernizzare la macchina amministrativa serve una grande alleanza	tra pubblico e privato	che consenta di aggiornare e riqualificare i grandi numeri della Pa, dirigenti in testa.
yes	tra X e Y	pubblico	privato	privato - pubblico	"[word=""tra""][lemma=""pubblico"" & pos=""ADJ""][word=""e""][lemma=""privato"" & pos=""ADJ""]"	1432193	Merusi, La privatizzazione per fondazioni	tra pubblico e privato	, in Dir. amm.
yes	tra X e Y	pubblico	privato	privato - pubblico	"[word=""tra""][lemma=""pubblico"" & pos=""ADJ""][word=""e""][lemma=""privato"" & pos=""ADJ""]"	7116497	La città ha ripreso la sua vita culturale e così questa settimana può avere luogo fisicamente con un dialogo e un rapporto tra città e istituzioni,	tra pubblico e privato	"""."
yes	tra X e Y	pubblico	privato	privato - pubblico	"[word=""tra""][lemma=""pubblico"" & pos=""ADJ""][word=""e""][lemma=""privato"" & pos=""ADJ""]"	1433770	Zanetti, Gli strumenti di sostegno alla cultura	tra pubblico e privato	: il nuovo assetto delle agevolazioni fiscali al mecenatismo culturale, in Aedon, 2 2001.
yes	tra X e Y	pubblico	privato	privato - pubblico	"[word=""tra""][lemma=""pubblico"" & pos=""ADJ""][word=""e""][lemma=""privato"" & pos=""ADJ""]"	6498549	CONTEGGI Il livellamento normativo	tra pubblico e privato	si è iniziato l'1 1 96 ma l'attuazione pratica è stata ritardata dalla mancanza del regolamento (decreto 187 97) e dalle disposizioni amministrative dell'Inpdap.
yes	tra X e Y	pubblico	privato	privato - pubblico	"[word=""tra""][lemma=""pubblico"" & pos=""ADJ""][word=""e""][lemma=""privato"" & pos=""ADJ""]"	2314014	A partire dal prendere atto, per quanto riguarda i vincoli da porre ai privati, che circa chiese, palazzi o semplici edifici storici la distinzione	tra pubblico e privato	"diventa inessenziale se ci si decide a far valere questi beni come traguardi o punti fissi per la messa a fuoco d'un qualsiasi disegno di pianificazione urbanistica, territoriale o paesistica -, come dei criteri per le "" valutazioni di impatto ambientale ""."
yes	tra X e Y	pubbliche	private	privato - pubblico	"[word=""tra""][lemma=""pubblico"" & pos=""ADJ""][word=""e""][lemma=""privato"" & pos=""ADJ""]"	5569389	25, vanta tra i propri clienti 200 tra i più grandi fornitori di servizi di telecomunicazione e oltre 10mila organizzazioni	tra pubbliche e private	.
yes	tra X e Y	pubblico	privato	privato - pubblico	"[word=""tra""][lemma=""pubblico"" & pos=""ADJ""][word=""e""][lemma=""privato"" & pos=""ADJ""]"	46796	E la prima sfida che ha di fronte è quella di interpretare un ruolo moderno di istituzione del mercato, di ponte	tra pubblico e privato	, tra impresa e Stato.
yes	tra X e Y	pubblico	privato	privato - pubblico	"[word=""tra""][lemma=""pubblico"" & pos=""ADJ""][word=""e""][lemma=""privato"" & pos=""ADJ""]"	5715306	Le previsioni indicano che saranno 70 mila i lavoratori che dovranno rinunciare ad andare in pensione nel 1997, distribuiti equamente	tra pubblico e privato	.
yes	tra X e Y	pubblico	privato	privato - pubblico	"[word=""tra""][lemma=""pubblico"" & pos=""ADJ""][word=""e""][lemma=""privato"" & pos=""ADJ""]"	5696283	Il polo chiede anche una migliore definizione dei rapporti	tra pubblico e privato	"fissando un termine massimo, tre - cinque anni, "" per l'uscita dello Stato dalle spa e degli enti locali dalle municipalizzate ""."
yes	tra X e Y	pubblico	privato	privato - pubblico	"[word=""tra""][lemma=""pubblico"" & pos=""ADJ""][word=""e""][lemma=""privato"" & pos=""ADJ""]"	1514997	Tutti gli uomini di Cl ai vertici delle imprese pubbliche La sussidiarietà ha fatto nascere centinaia di imprese attive sul confine	tra pubblico e privato	, che prosperano grazie alle convenzioni con gli enti pubblici.
yes	tra X e Y	pubblico	privato	privato - pubblico	"[word=""tra""][lemma=""pubblico"" & pos=""ADJ""][word=""e""][lemma=""privato"" & pos=""ADJ""]"	4845064	Risorse non sufficientemente sostenute e sfruttate per la carenza di complementarietà	tra pubblico e privato	.
yes	tra X e Y	pubblico	privato	privato - pubblico	"[word=""tra""][lemma=""pubblico"" & pos=""ADJ""][word=""e""][lemma=""privato"" & pos=""ADJ""]"	6599147	Una grande scommessa anche con Federalberghi per avere sempre più forza	tra pubblico e privato	, come strada giusta per raggiungere obiettivi».
yes	tra X e Y	pubblico	privato	privato - pubblico	"[word=""tra""][lemma=""pubblico"" & pos=""ADJ""][word=""e""][lemma=""privato"" & pos=""ADJ""]"	73369	Una giornalista inglese, che lungamente ha soggiornato a Roma, si è divertita a elencare sul Financial Times le storture delle nostre emittenti, senza far differenza	tra pubblico e privato	: A minestrone of bad taste, e scelga il lettore se tradurre in cattivo sapore o cattivo gusto.
yes	tra X e Y	pubblico	privato	privato - pubblico	"[word=""tra""][lemma=""pubblico"" & pos=""ADJ""][word=""e""][lemma=""privato"" & pos=""ADJ""]"	195856	La prima consiste in una spaccatura fra poche grandi imprese moderne direttamente o indirettamente sostenute dallo Stato, e piccole imprese, che restano a lungo di tipo tradizionale e sono quindi assai poco dinamiche; la seconda caratteristica è data dalla commistione	tra pubblico e privato	in economia con i connessi gravi rischi di abusi e corruzione.
yes	tra X e Y	pubblico	privato	privato - pubblico	"[word=""tra""][lemma=""pubblico"" & pos=""ADJ""][word=""e""][lemma=""privato"" & pos=""ADJ""]"	4250160	Tra l'altro, la lettura femminista dello sconfinamento - intreccio	tra pubblico e privato	sembrava consentire un'assunzione forte delle molteplici categorie utilizzate dalla giovane generazione antifascista per riproporre una lettura dicotomica della società italiana: spontaneità e organizzazione, masse e avanguardie, base e vertice, classe operaia e piccola borghesia, donne contro uomini e uomini contro donne.
yes	tra X e Y	pubblico	privato	privato - pubblico	"[word=""tra""][lemma=""pubblico"" & pos=""ADJ""][word=""e""][lemma=""privato"" & pos=""ADJ""]"	5597544	In proposito i sindacati hanno fatto sapere ieri di essere favorevoli all'unificazione dei trattamenti	tra pubblico e privato	solo nel caso in cui le regole diventassero  valide per tutti i lavoratori >.
yes	tra X e Y	pubblico	privato	privato - pubblico	"[word=""tra""][lemma=""pubblico"" & pos=""ADJ""][word=""e""][lemma=""privato"" & pos=""ADJ""]"	1902458	Salvo Fiat che ha equamente distribuito un aumento di oltre 2 milioni	tra pubblico e privato	.
yes	tra X e Y	privato	pubblico	privato - pubblico	"[word=""tra""][lemma=""privato"" & pos=""ADJ""][word=""e""][lemma=""pubblico"" & pos=""ADJ""]"	5594576	Lo chiede quella frontiera irrisolta	tra privato e pubblico	, ma soprattutto tra esistenza reale ed esistenza mediatica che la soluzione drammatica della nostra favola ha sbattuto in prima pagina, mostro quotidianamente divorato di cui pochi possono dire di non essersi nutriti.
yes	tra X e Y	pubblico	privato	privato - pubblico	"[word=""tra""][lemma=""pubblico"" & pos=""ADJ""][word=""e""][lemma=""privato"" & pos=""ADJ""]"	1943371	«Ieri (giovedì ndr) ho viaggiato in maniera completamente gratuita grazie alla collaborazione	tra pubblico e privato	che in Lombardia funziona - ha ribadito il governatore -.
yes	tra X e Y	pubblico	privato	privato - pubblico	"[word=""tra""][lemma=""pubblico"" & pos=""ADJ""][word=""e""][lemma=""privato"" & pos=""ADJ""]"	4336448	Il Bioindustry Park sorge a Colleretto Giacosa, a pochi chilometri da Ivrea, ed è stato realizzato da una società mista	tra pubblico e privato	.
yes	tra X e Y	pubblico	privato	privato - pubblico	"[word=""tra""][lemma=""pubblico"" & pos=""ADJ""][word=""e""][lemma=""privato"" & pos=""ADJ""]"	399323	La collaborazione	tra pubblico e privato	è forse il punto su cui maggiormente premono le politiche comunitarie.
yes	tra X e Y	pubblico	privato	privato - pubblico	"[word=""tra""][lemma=""pubblico"" & pos=""ADJ""][word=""e""][lemma=""privato"" & pos=""ADJ""]"	383393	Questa collaborazione integrata	tra pubblico e privato	costituisce l'aspetto centrale del progetto.
yes	tra X e Y	pubblico	privato	privato - pubblico	"[word=""tra""][lemma=""pubblico"" & pos=""ADJ""][word=""e""][lemma=""privato"" & pos=""ADJ""]"	5006987	Difficoltà economiche che si intrecciano all'invecchiamento della popolazione e ad una maggiore concorrenza	tra pubblico e privato	.
yes	tra X e Y	pubblico	privato	privato - pubblico	"[word=""tra""][lemma=""pubblico"" & pos=""ADJ""][word=""e""][lemma=""privato"" & pos=""ADJ""]"	4856581	Tale ultimo regime, poi, se è controverso o dubbio che possa estendersi agli amministratori delle società, sicuramente è applicabile, in caso di esito negativo della gestione, nei confronti degli amministratori dell'ente locale in ordine alla scelta della forma di gestione effettuata ovvero in ordine al mancato o insufficiente esercizio dei poteri di indirizzo e di vigilanza: il che finisce inevitabilmente per determinare un ulteriore elemento di commistione conflitto	tra pubblico e privato	.
yes	tra X e Y	pubblico	privato	privato - pubblico	"[word=""tra""][lemma=""pubblico"" & pos=""ADJ""][word=""e""][lemma=""privato"" & pos=""ADJ""]"	4567495	La relazione	tra pubblico e privato	è, infatti, invertita.
yes	tra X e Y	pubblico	privato	privato - pubblico	"[word=""tra""][lemma=""pubblico"" & pos=""ADJ""][word=""e""][lemma=""privato"" & pos=""ADJ""]"	6261129	VICENZA - E'sempre più stretto, nel campo dei restauri, il rapporto	tra pubblico e privato	, in modo particolare con gli istituti di credito.
yes	tra X e Y	pubblico	privato	privato - pubblico	"[word=""tra""][lemma=""pubblico"" & pos=""ADJ""][word=""e""][lemma=""privato"" & pos=""ADJ""]"	103542	Ferma restando l'impossibilità di ricondurre il bene culturale alla categoria dei beni economici, rimane però vero che un'accurata definizione delle regole e dei rapporti	tra pubblico e privato	può consentire la diffusione di convenzioni con grandi istituti bancari e importanti società assicurative e altre forme di collaborazione con la società civile, a dimostrazione che, anche sul piano della cultura, possono essere realizzate intese e sinergie efficaci.
yes	tra X e Y	pubblico	privato	privato - pubblico	"[word=""tra""][lemma=""pubblico"" & pos=""ADJ""][word=""e""][lemma=""privato"" & pos=""ADJ""]"	1746816	La prima guerra mondiale giunge in questo momento a rinforzare la distinzione	tra pubblico e privato	, riaffermando la necessità che la sofferenza trovi la propria intimità, il proprio spazio.
yes	tra X e Y	pubblico	privato	privato - pubblico	"[word=""tra""][lemma=""pubblico"" & pos=""ADJ""][word=""e""][lemma=""privato"" & pos=""ADJ""]"	5846546	Con un'insolita manifestazione, le municipalizzate che aderiscono alla Cispel sono scese in piazza per chiedere parità di condizioni di mercato	tra pubblico e privato	.
yes	tra X e Y	pubblico	privato	privato - pubblico	"[word=""tra""][lemma=""pubblico"" & pos=""ADJ""][word=""e""][lemma=""privato"" & pos=""ADJ""]"	5060223	Siamo, non soltanto qui in Spagna, in un momento in cui c'è poco interesse per la vita politica, che anche a Madrid si svolge più nei caffè, alla radio o alla tv che nelle Cortes, c'è un grosso distacco	tra pubblico e privato	.
yes	tra X e Y	pubblico	privato	privato - pubblico	"[word=""tra""][lemma=""pubblico"" & pos=""ADJ""][word=""e""][lemma=""privato"" & pos=""ADJ""]"	1859299	Tutto questo grazie a una partnership	tra pubblico e privato	: l'ospedale di Niguarda, struttura pubblica appunto; l'Unione italiana lotta alle distrofie muscolari e Telethon, che hanno dato vita alla Fondazione Serena.
yes	tra X e Y	pubblico	privato	privato - pubblico	"[word=""tra""][lemma=""pubblico"" & pos=""ADJ""][word=""e""][lemma=""privato"" & pos=""ADJ""]"	5663132	A partire dal mercato del lavoro (dove An vede i salari d'ingresso certamente preferibili alla disoccupazione) e dalle privatizzazioni (Se qualcuno - dice Gasparri - si presenta in Parlamento con un provvedimento che dice'entro sei mesi con queste procedure la Stet sarà collocatà, noi lo votiamo; la golden share, temporanea, va difesa >); per finire con le pensioni (occorre garantire un minimo, ma il sistema americano è eccessivo >) e la sanità (concorrenza	tra pubblico e privato	>).
yes	tra X e Y	pubblico	privato	privato - pubblico	"[word=""tra""][lemma=""pubblico"" & pos=""ADJ""][word=""e""][lemma=""privato"" & pos=""ADJ""]"	2356667	La risposta al bisognoè un mix	tra pubblico e privato	.
yes	tra X e Y	pubblico	privato	privato - pubblico	"[word=""tra""][lemma=""pubblico"" & pos=""ADJ""][word=""e""][lemma=""privato"" & pos=""ADJ""]"	7050156	La competenza sugli accertamenti sulle malattie dei dipendenti passa dalle Asl ai medici dell'Inps, con la creazione di un polo unico	tra pubblico e privato	e l'armonizzazione delle fasce orarie di reperibilità (sette ore per tutti).
yes	tra X e Y	pubblico	privato	privato - pubblico	"[word=""tra""][lemma=""pubblico"" & pos=""ADJ""][word=""e""][lemma=""privato"" & pos=""ADJ""]"	6118265	"ROMA - "" Mia moglie guadagna poco "": un D'Alema in bilico"	tra pubblico e privato	accende la conferenza stampa di presentazione del prolungamento degli orari dei musei per l'estate, nel salone delle cerimonie di via del Collegio romano, sede romana dei Beni culturali.
yes	tra X e Y	pubblico	privato	privato - pubblico	"[word=""tra""][lemma=""pubblico"" & pos=""ADJ""][word=""e""][lemma=""privato"" & pos=""ADJ""]"	4753198	E'importante evitare interventi normativi indebiti che ostacolerebbero le iniziative produttive del settore privato nella creazione di un ambiente favorevole all'IT. Dovremmo assicurare che le regole e le azioni pratiche collegate all'IT vadano incontro ai rivoluzionari cambiamenti nelle transazioni economiche, tenendo nel contempo presenti i principi di efficace partnership	tra pubblico e privato	, trasparenza e neutralità tecnologica.
yes	tra X e Y	privato	pubblico	privato - pubblico	"[word=""tra""][lemma=""privato"" & pos=""ADJ""][word=""e""][lemma=""pubblico"" & pos=""ADJ""]"	5229127	"Lungo queste dimensioni, rese sempre più astratte e decontestualizzate dalla società complessa della postmodernità, vanno configurandosi, con confini sempre labili e mai definiti una volta per tutte, le identità e le appartenenze di una generazione che soffre, secondo Ardigò, di una "" mancanza di vocazione al cambiamento autodiretto"	tra privato e pubblico	.
yes	tra X e Y	pubblico	privato	privato - pubblico	"[word=""tra""][lemma=""pubblico"" & pos=""ADJ""][word=""e""][lemma=""privato"" & pos=""ADJ""]"	5779230	Scopo dell'evento, che avrà cadenza annuale, è quello di creare una sede permanente d'incontro e confronto	tra pubblico e privato	, tra cultura e impresa e politica dei beni culturali.
yes	tra X e Y	pubblico	privato	privato - pubblico	"[word=""tra""][lemma=""pubblico"" & pos=""ADJ""][word=""e""][lemma=""privato"" & pos=""ADJ""]"	602498	I medici scendono in campo soprattutto per difendere il modello di sanità pubblica, una battaglia sentita in modo particolare a Milano e in Lombardia, dove i numerosi progetti di joint venture	tra pubblico e privato	suscitano preoccupazione.
yes	tra X e Y	pubblico	privato	privato - pubblico	"[word=""tra""][lemma=""pubblico"" & pos=""ADJ""][word=""e""][lemma=""privato"" & pos=""ADJ""]"	5671370	03-01-97 Con la tariffa dal'99 è Decreto rifiuti: in vista sconti per le imprese MILANO - Concorrenza diretta	tra pubblico e privato	nei servizi ambientali per le aziende e uno sconto sulla futura tariffa comunale per i residui recuperati permetteranno al mondo delle imprese di ridurre il costo dei rifiuti oggi rappresentato dalla tassa al metro quadro.
yes	tra X e Y	pubblico	privato	privato - pubblico	"[word=""tra""][lemma=""pubblico"" & pos=""ADJ""][word=""e""][lemma=""privato"" & pos=""ADJ""]"	2312627	E queste pluralità di interessi e varietà di relazioni	tra pubblico e privato	"consentono di considerare il settore dei beni culturali come un vero e proprio "" sistema sociale "", in cui "" art players "" e "" art supporters "" agiscono a livello sia nazionale, sia internazionale [43]."
yes	tra X e Y	pubblici	privati	privato - pubblico	"[word=""tra""][lemma=""pubblico"" & pos=""ADJ""][word=""e""][lemma=""privato"" & pos=""ADJ""]"	1456297	L'Italia e'quindi protetta da ben 441mila poliziotti,	tra pubblici e privati	, il che significa, appunto, 1 poliziotto ogni 134 abitanti, neonati e ottantenni compresi.
yes	tra X e Y	pubblico	privato	privato - pubblico	"[word=""tra""][lemma=""pubblico"" & pos=""ADJ""][word=""e""][lemma=""privato"" & pos=""ADJ""]"	2776004	alla rete di Coordinamento nazionale dei Centri Antiviolenza in Italia e nel registro del 1522 - si configura come Osservatorio della condizione e qualità di vita di donne e famiglie della nostra provincia propugnando un migliore rapporto	tra pubblico e privato	e stimolando presso istituzioni ed enti locali un servizio efficiente e sensibile ai bisogni delle persone presenti sul territorio.
yes	tra X e Y	pubblico	privato	privato - pubblico	"[word=""tra""][lemma=""pubblico"" & pos=""ADJ""][word=""e""][lemma=""privato"" & pos=""ADJ""]"	7119648	La collaborazione	tra pubblico e privato	ha dato qualche buon risultato.
yes	tra X e Y	pubblico	privato	privato - pubblico	"[word=""tra""][lemma=""pubblico"" & pos=""ADJ""][word=""e""][lemma=""privato"" & pos=""ADJ""]"	1052268	Aperto nell'ottobre 2004, l'impianto di Torremenapace è di proprietà di una jointventure	tra pubblico e privato	che ha come azionisti di riferimento la municipalizzata di Voghera (20% del capitale sociale) e AceaElectrabel (municipalizzata di Roma con l'80%).
yes	tra X e Y	pubblico	privato	privato - pubblico	"[word=""tra""][lemma=""pubblico"" & pos=""ADJ""][word=""e""][lemma=""privato"" & pos=""ADJ""]"	4136553	Retroterra culturale di questa vicenda è anche la Guerra Civile, animata dall'avventuroso conflitto	tra pubblico e privato	.
yes	tra X e Y	pubblici	privati	privato - pubblico	"[word=""tra""][lemma=""pubblico"" & pos=""ADJ""][word=""e""][lemma=""privato"" & pos=""ADJ""]"	1983288	A Milano in realtà il valore del mattone non si sta svalutando più di tanto, basta pensare che la Milano che si avvicina all'Expo, a Milano sono aperti oltre 2.000 cantieri	tra pubblici e privati	, quindi a Milano si continua a costruire e certamente buona parte, questa nuova speculazione edilizia rientra nelle tasche dei riciclatori della'ndrangheta.
yes	tra X e Y	pubblico	privato	privato - pubblico	"[word=""tra""][lemma=""pubblico"" & pos=""ADJ""][word=""e""][lemma=""privato"" & pos=""ADJ""]"	5571179	Per Marco Bono, amministratore delegato dell'Istituto europeo di oncologia (Ieo) di Milano, 40 anni di lavoro nel gruppo Fiat, la polemica	tra pubblico e privato	non ha senso.
yes	tra X e Y	pubblico	privato	privato - pubblico	"[word=""tra""][lemma=""pubblico"" & pos=""ADJ""][word=""e""][lemma=""privato"" & pos=""ADJ""]"	2796332	Oggi, dopo oltre vent'anni di operatività è un esempio di impiego proficuo dei fondi pubblici, di un'allenata capacità di collaborazione	tra pubblico e privato	e, soprattutto, di realizzazione di progetti di sviluppo locale sostenibile nei settori della ricerca socio - economica, dell'innovazione tecnologica, dell'ambiente, della cultura e dell'economia rurale.
yes	tra X e Y	pubblico	privato	privato - pubblico	"[word=""tra""][lemma=""pubblico"" & pos=""ADJ""][word=""e""][lemma=""privato"" & pos=""ADJ""]"	5712805	""" Lavoriamo in totale integrazione con gli enti pubblici, perché oggi le risorse diminuiscono e"	tra pubblico e privato	"si può inserire un terzo settore, quello delle fondazioni non a scopo di lucro, pieno di risorse ed energie "", ha detto Bazzari."
yes	tra X e Y	pubblico	privato	privato - pubblico	"[word=""tra""][lemma=""pubblico"" & pos=""ADJ""][word=""e""][lemma=""privato"" & pos=""ADJ""]"	5774654	Quanto ai sindacati, dopo aver accettato la separazione tra assistenza e previdenza, sono d'accordo sull'unificazione dei trattamenti pensionistici	tra pubblico e privato	, ma altri tagli sono ancora tutti da concordare e non si riuscirà a farlo entro settembre.
yes	tra X e Y	pubblico	privato	privato - pubblico	"[word=""tra""][lemma=""pubblico"" & pos=""ADJ""][word=""e""][lemma=""privato"" & pos=""ADJ""]"	2626447	L Â adattamento temporale dell Â individuo al funzionamento dei mercati, in via di sviluppo per almeno due secoli, ha reso irrilevanti le distinzioni tra il tempo lavorativo e quello non lavorativo,	tra pubblico e privato	, tra vita quotidiana e contesti istituzionali organizzati.
yes	tra X e Y	pubblico	privato	privato - pubblico	"[word=""tra""][lemma=""pubblico"" & pos=""ADJ""][word=""e""][lemma=""privato"" & pos=""ADJ""]"	7040140	Il Covid-19 rappresenta una grande occasione per non ripetere gli errori del passato e puntare su collaborazioni virtuose	tra pubblico e privato	, biotech e industria farmaceutica».
yes	tra X e Y	pubblico	privato	privato - pubblico	"[word=""tra""][lemma=""pubblico"" & pos=""ADJ""][word=""e""][lemma=""privato"" & pos=""ADJ""]"	6279938	Le proposte di correzioni sono pesanti: no all'art. 56 accusato di introdurre surrettiziamente un nuovo principio regolatore	tra pubblico e privato	", troppo aleatorio e discrezionale il processo di decentramento dei poteri dello Stato, inaccettabile la soppressione del Cnel... È la classica goccia di troppo: i dalemiani insorgono e chiedono la votazione su un emendamento che tolga la parola "" dirimente ""."
yes	tra X e Y	pubblico	privato	privato - pubblico	"[word=""tra""][lemma=""pubblico"" & pos=""ADJ""][word=""e""][lemma=""privato"" & pos=""ADJ""]"	7076567	E'un paese a due velocità, con comportamenti diversi	tra pubblico e privato	, quello che si legge nei dati che verranno presentati domani in occasione della giornata nazionale contro lo spreco alimentare.
yes	tra X e Y	pubblico	privato	privato - pubblico	"[word=""tra""][lemma=""pubblico"" & pos=""ADJ""][word=""e""][lemma=""privato"" & pos=""ADJ""]"	5571096	Gli autori evidenziano tre elementi basilari del successo olandese: 1) la moderazione salariale, la riduzione delle tasse e la politica di risanamento finanziario, (accordo di Wassenar, 1982); 2) le politiche attive del mercato del lavoro, attraverso incentivi e riforme degli strumenti a partire da una maggiore competitività	tra pubblico e privato	per quanto riguarda le agenzie di collocamento; 3) la riforma della sicurezza sociale, in particolare procedendo a un riconoscimento di una copertura sociale del part - time e dei nuovi modelli di lavoro.
yes	tra X e Y	pubblico	privato	privato - pubblico	"[word=""tra""][lemma=""pubblico"" & pos=""ADJ""][word=""e""][lemma=""privato"" & pos=""ADJ""]"	5770858	Un prete che confessa d'essersi dovuto battere per fare assistere anche i poveri all'ultimo saluto alla santa dei poveri, è il tragico testimone di quanto la civiltà elettronica abbia ormai smarrito il confine	tra pubblico e privato	.
yes	tra X e Y	pubblico	privato	privato - pubblico	"[word=""tra""][lemma=""pubblico"" & pos=""ADJ""][word=""e""][lemma=""privato"" & pos=""ADJ""]"	4234064	"Diciamo opportunamente perché essi, oltre che testimoniare l'evoluzione delle ragioni analitiche che hanno guidato la ricerca dello studioso genovese, disegnano un originale e organico approccio a questioni decisive dell'attuale dibattito storiografico, sociologico ed economico quali la perdurante natura "" familiare "" del nostro capitalismo, le culture imprenditoriali che vi si sono formate, la complessa dialettica"	tra pubblico e privato	che da sempre contrassegna lo sviluppo industriale della penisola.
yes	tra X e Y	pubblico	privato	privato - pubblico	"[word=""tra""][lemma=""pubblico"" & pos=""ADJ""][word=""e""][lemma=""privato"" & pos=""ADJ""]"	7080936	Così, nel caso di Martina, si attiva uno strano e doloroso cortocircuito	tra pubblico e privato	, tra uno spazio pubblico che, per paradosso, assume una straziante funzione soprattutto privata.
yes	tra X e Y	pubblico	privato	privato - pubblico	"[word=""tra""][lemma=""pubblico"" & pos=""ADJ""][word=""e""][lemma=""privato"" & pos=""ADJ""]"	6854753	Pertanto, allo scopo di sanare l'attuale irragionevole disparità di trattamento, portando a termine un percorso di unificazione della disciplina	tra pubblico e privato	"su un tema di particolare sensibilità sociale, si chiede di inserire il seguente Emendamento "" L'applicazione dell'istituto del congedo per il padre lavoratore dipendente previsto dall'art. 4, comma 24 della legge 28 giugno 2012, n."
yes	tra X e Y	pubblico	privato	privato - pubblico	"[word=""tra""][lemma=""pubblico"" & pos=""ADJ""][word=""e""][lemma=""privato"" & pos=""ADJ""]"	6575752	Futuro in bit Per Ilves, il futuro dell'interazione	tra pubblico e privato	non può che basarsi sulla costruzione di una rete sicura, dentro la quale le persone devono sentirsi protette.
yes	tra X e Y	pubblico	privato	privato - pubblico	"[word=""tra""][lemma=""pubblico"" & pos=""ADJ""][word=""e""][lemma=""privato"" & pos=""ADJ""]"	1348143	Lo spazio indipendente appare comunque di difficile descrizione, a cavallo	tra pubblico e privato	, tra istituzionale e autogestito, come tra l'altro emerge bene dalla definizione che dà di sé lo spazio neon di Bologna: neon > è un progetto border - line che pratica un territorio di confine fra il mondo del non - profit e il mercato, uno spazio di ricerca che non identifica il sistema dell'arte come un luogo ostile o una struttura antagonista, un laboratorio attivo per un possibile update della forma - galleria.
yes	tra X e Y	pubblico	privato	privato - pubblico	"[word=""tra""][lemma=""pubblico"" & pos=""ADJ""][word=""e""][lemma=""privato"" & pos=""ADJ""]"	5471214	Non	tra pubblico e privato	", ma tra aziende private ""."
yes	tra X e Y	pubblico	privato	privato - pubblico	"[word=""tra""][lemma=""pubblico"" & pos=""ADJ""][word=""e""][lemma=""privato"" & pos=""ADJ""]"	1961425	sono il frutto di un'alleanza che è essenziale per vincere la sfida della sostenibilità dei progetti artistici e culturali, quella	tra pubblico e privato	: una collaborazione ancora più apprezzabile quando, come in questo caso, vengono condivisi percorsi e progetti.
yes	tra X e Y	pubblico	privato	privato - pubblico	"[word=""tra""][lemma=""pubblico"" & pos=""ADJ""][word=""e""][lemma=""privato"" & pos=""ADJ""]"	5619746	Si introduce in questo modo un nuovo modello di rapporto	tra pubblico e privato	- sostiene il presidente della commissione Ambiente della Camera, Maria Rita Lorenzetti -.
yes	tra X e Y	pubblico	privato	privato - pubblico	"[word=""tra""][lemma=""pubblico"" & pos=""ADJ""][word=""e""][lemma=""privato"" & pos=""ADJ""]"	5236123	Il modello di sviluppo economico, che si è venuto così delineando, è stato un modello tutto italiano, difficile da ricondurre ad altri, proprio perché plasmato su questo particolare legame	tra pubblico e privato	, costituito dall'invadente onnipresenza partitica.
yes	tra X e Y	pubblico	privato	privato - pubblico	"[word=""tra""][lemma=""pubblico"" & pos=""ADJ""][word=""e""][lemma=""privato"" & pos=""ADJ""]"	631347	Quasi 3 mila offerte	tra pubblico e privato	Il lavoro si cerca sulla rete.
yes	tra X e Y	pubblici	privati	privato - pubblico	"[word=""tra""][lemma=""pubblico"" & pos=""ADJ""][word=""e""][lemma=""privato"" & pos=""ADJ""]"	1073514	L'altra arriva dal leader della Confcommercio Carlo Sangalli il quale si augura «che i tavoli siano ben apparecchiati e che sia un menù che vada bene anche per il sistema dei servizi, che oggi rappresenta,	tra pubblici e privati	, più del 63% del Pil e più del 60% dell'occupazione».
yes	tra X e Y	pubblico	privato	privato - pubblico	"[word=""tra""][lemma=""pubblico"" & pos=""ADJ""][word=""e""][lemma=""privato"" & pos=""ADJ""]"	6323813	La perequazione	tra pubblico e privato	nel campo pensionistico è una riforma strutturale.
yes	tra X e Y	pubblico	privato	privato - pubblico	"[word=""tra""][lemma=""pubblico"" & pos=""ADJ""][word=""e""][lemma=""privato"" & pos=""ADJ""]"	4704446	Eppure, è la constatazione di Bruxelles, manca un vero mercato del software educativo destinato all'istruzione scolastica, e dunque occorre un intervento congiunto, un partenariato,	tra pubblico e privato	.
yes	tra X e Y	pubblico	privato	privato - pubblico	"[word=""tra""][lemma=""pubblico"" & pos=""ADJ""][word=""e""][lemma=""privato"" & pos=""ADJ""]"	169290	Oggi molte contrapposizioni tradizionali, come quella fra nord e sud del paese,	tra pubblico e privato	, tra lavoro dipendente e lavoro autonomo, possono essere superate - e pensiamo che debbano esserlo.
yes	tra X e Y	pubblico	privato	privato - pubblico	"[word=""tra""][lemma=""pubblico"" & pos=""ADJ""][word=""e""][lemma=""privato"" & pos=""ADJ""]"	4371994	Più esattamente, occorrerebbe mettere a fuoco azioni rivolte ai tre aspetti, che incidono su questo problema: il primo prevede la sensibilizzazione dei ricercatori sul piano della cultura d'impresa; il secondo riguarda l'incentivazione dello scambio di ricercatori	tra pubblico e privato	; il terzo deve prefigurare l'incontro tra ricerca e capitali di rischio, in modo da promuovere gli investimenti nell'innovazione.
yes	tra X e Y	pubblico	privato	privato - pubblico	"[word=""tra""][lemma=""pubblico"" & pos=""ADJ""][word=""e""][lemma=""privato"" & pos=""ADJ""]"	1767245	Questa imprenditorialità è oggi il centro ed il motivo principale di un'alleanza possibile	tra pubblico e privato	", un'alleanza che permetta di superare quella logica di sezionamento tra funzione pubblica "" alta "" e funzione privata "" economicamente utile ""."
yes	tra X e Y	pubblico	privato	privato - pubblico	"[word=""tra""][lemma=""pubblico"" & pos=""ADJ""][word=""e""][lemma=""privato"" & pos=""ADJ""]"	4847357	"L'area espositiva "" PubbliSmau "", intitolata "" La Pubblica Amministrazione per il Sistema Paese "", ha presentato una ricca serie di servizi innovativi per i cittadini, il cui obiettivo è la massima collaborazione"	tra pubblico e privato	.
yes	tra X e Y	pubblico	privato	privato - pubblico	"[word=""tra""][lemma=""pubblico"" & pos=""ADJ""][word=""e""][lemma=""privato"" & pos=""ADJ""]"	5909903	Michele Vietti rileva, invece, che al di là degli addebiti di responsabilità a Veltroni, Guariniello ha detto una sacrosanta verità: che in questo Paese, quanto a norme di sicurezza, si applicano pesi e misure diversi	tra pubblico e privato	.
yes	tra X e Y	pubblico	privato	privato - pubblico	"[word=""tra""][lemma=""pubblico"" & pos=""ADJ""][word=""e""][lemma=""privato"" & pos=""ADJ""]"	6565276	Nell'antro della questione ambiental - alimentare Bong si cimenta ancora con protagonisti che sollevano interrogativi sul confine	tra pubblico e privato	, tra singolo e collettivo, relazionati a una società senza coscienza sociale composta da nuclei (famigliari) che mantengono distanze reciproche, intrappolati o totalmente estromessi da meccanismi politici, giuridici, mediatici, economici.
yes	tra X e Y	pubbliche	private	privato - pubblico	"[word=""tra""][lemma=""pubblico"" & pos=""ADJ""][word=""e""][lemma=""privato"" & pos=""ADJ""]"	927181	In Germania le stazioni radio,	tra pubbliche e private	, che trasmettono in Dab sono già 150.
yes	tra X e Y	pubblico	privato	privato - pubblico	"[word=""tra""][lemma=""pubblico"" & pos=""ADJ""][word=""e""][lemma=""privato"" & pos=""ADJ""]"	4343696	07 02 1996 ` POLITICI INDIFFERENTI ALLA SCIENZA Ricerca in miseria Al bivio	tra pubblico e privato	DAI dati 1994 risulta che Giappone, Stati Uniti ed Europa investono in ricerca rispettivamente il 2,8, il 2,7 e il 2% del prodotto interno lordo (Pil).
yes	tra X e Y	pubblico	privato	privato - pubblico	"[word=""tra""][lemma=""pubblico"" & pos=""ADJ""][word=""e""][lemma=""privato"" & pos=""ADJ""]"	4729639	Per questo, l'investimento privato può essere attirato verso l'attività edilizia, specie di riqualificazione e di rifunzionalizzazione delle aree degradate, delle periferie, mutando le modalità di produzione dei piani, ma anche accelerando le procedure di risposta e di valutazione, delle iniziative, nonché portando all'interno delle procedure ordinarie i meccanismi di concertazione	tra pubblico e privato	, nel pieno rispetto dei principi di trasparenza e concorsualità.
yes	tra X e Y	pubblico	privato	privato - pubblico	"[word=""tra""][lemma=""pubblico"" & pos=""ADJ""][word=""e""][lemma=""privato"" & pos=""ADJ""]"	4385986	Questa competizione induce a pensare (e sperare) che nessuno riesca a conseguire il monopolio della salute del mondo e che un sano equilibrio	tra pubblico e privato	possa essere mantenuto.
yes	tra X e Y	pubblico	privato	privato - pubblico	"[word=""tra""][lemma=""pubblico"" & pos=""ADJ""][word=""e""][lemma=""privato"" & pos=""ADJ""]"	2312002	Il patrimonio culturale	tra pubblico e privato	: modelli organizzativi e strumenti giuridici Le fondazioni lirico - sinfoniche come organizzazioni pubbliche in forma privatistica di Vincenzo Cerulli Irelli Sommario: 1.
yes	tra X e Y	pubblico	privato	privato - pubblico	"[word=""tra""][lemma=""pubblico"" & pos=""ADJ""][word=""e""][lemma=""privato"" & pos=""ADJ""]"	6980740	Evitare che livelli adeguati di sanità e protezioni sociale siano accessibili solo ai ricchi (già attualmente il 30% della spesa sanitaria è pagato dai privati), secondo Cimbri è possibile «facendo evolvere l'integrazione	tra pubblico e privato	».
yes	X e Y	urbane	rurali	rurale - urbano	"[lemma=""urbano"" & pos=""ADJ""][word=""e""][lemma=""rurale"" & pos=""ADJ""]"	6594815	Altrettanto significativa è l'analisi della dispersione territoriale della protesta, che non consente di collocarla nella tradizionale opposizione tra aree	urbane e rurali	.
yes	X e Y	rurali	urbani	rurale - urbano	"[lemma=""rurale"" & pos=""ADJ""][word=""e""][lemma=""urbano"" & pos=""ADJ""]"	497091	Nei mesi precedenti il colpo di stato, i nostri militanti e la nostra sfera d'influenza erano aumentati in modo considerevole, soprattutto nei settori popolari	rurali e urbani	.
yes	X e Y	urbana	rurale	rurale - urbano	"[lemma=""urbano"" & pos=""ADJ""][word=""e""][lemma=""rurale"" & pos=""ADJ""]"	92101	"La persistente vitalità dell'agricoltura ragusana e la sua capacità di rinnovarsi nel solco di una tradizione plurigenerazionale invitano perciò lo storico a tornare indietro, ad analizzare il rapporto tra presente e passato, nel tentativo di interpretare sul metro della "" lunga durata "" la formazione e i processi di cambiamento di una "" civilizzazione "" insieme"	urbana e rurale	"del territorio, che nell'odierna società "" globale "" torna a riproporsi come modello culturale vincente di relazioni umane."
yes	X e Y	urbane	rurali	rurale - urbano	"[lemma=""urbano"" & pos=""ADJ""][word=""e""][lemma=""rurale"" & pos=""ADJ""]"	7107497	Anche la chiesa evangelica, che sta ampliando la sua presenza nelle aree	urbane e rurali	del paese, gioca a tutto campo.
yes	X e Y	urbana	rurale	rurale - urbano	"[lemma=""urbano"" & pos=""ADJ""][word=""e""][lemma=""rurale"" & pos=""ADJ""]"	581292	Il Partito rivoluzionario del Popolo (PRP), attivo nella guerriglia	urbana e rurale	, e l'Unione democratica etiopica (EDU) furono decimati.
yes	X e Y	urbano	rurale	rurale - urbano	"[lemma=""urbano"" & pos=""ADJ""][word=""e""][lemma=""rurale"" & pos=""ADJ""]"	4563672	Fu anche un progetto di ingegneria sociale di dimensioni spaventose quello attraverso cui, dalla metà degli anni '50 e per oltre 30 anni, venne fatto a pezzi il tessuto sociale	urbano e rurale	del Sudafrica, per essere in seguito ricreato a immagine di una serie di utopie razziste.
yes	X e Y	rurale	urbana	rurale - urbano	"[lemma=""rurale"" & pos=""ADJ""][word=""e""][lemma=""urbano"" & pos=""ADJ""]"	5249872	In ogni comunità,	rurale e urbana	, vi sono associazioni o reti private che si occupano di dare da mangiare agli anziani, di svolgere attività controllate per gli adolescenti e cose simili.
yes	X e Y	urbana	rurale	rurale - urbano	"[lemma=""urbano"" & pos=""ADJ""][word=""e""][lemma=""rurale"" & pos=""ADJ""]"	6431527	CLAUDIO STROPPA professore universitario in sociologia	urbana e rurale	, 58 anni, libero di stato, un figlio, laurea in scienze politiche e libera docenza in sociologia; candidato Verde alle comunali e provinciali nel 1989, candidato sindaco nella lista pensionati nel 1993; 54.
yes	X e Y	urbane	rurali	rurale - urbano	"[lemma=""urbano"" & pos=""ADJ""][word=""e""][lemma=""rurale"" & pos=""ADJ""]"	343548	"Nella proiezione "" fra 12 mesi "" il processo di riallineamento tra le aree"	urbane e rurali	tenderà a accentuarsi ulteriormente; queste ultime, anzi, nel prossimo anno avranno il trend più dinamico.
yes	X e Y	rurale	urbana	rurale - urbano	"[lemma=""rurale"" & pos=""ADJ""][word=""e""][lemma=""urbano"" & pos=""ADJ""]"	4711489	Le variazioni nelle cifre nazionali possono dipendere in larga misura dalla percentuale di popolazione	rurale e urbana	di ciascun paese: i paesi con una percentuale di popolazione urbana maggiore tendono ad avere dati nazionali globali del consumo di stupefacenti più elevati.
yes	X e Y	urbane	rurali	rurale - urbano	"[lemma=""urbano"" & pos=""ADJ""][word=""e""][lemma=""rurale"" & pos=""ADJ""]"	938941	Insomma è negli ultimi anni dell'Ottocento che nasce un nuovo antisemitismo politico, politico perché i suoi stereotipi divengono subito lo strumento con cui mobilitare folle	urbane e rurali	logorate dalla depressione economica e angosciate dalla minaccia di perdere le proprie posizioni sociali.
yes	X e Y	urbana	rurale	rurale - urbano	"[lemma=""urbano"" & pos=""ADJ""][word=""e""][lemma=""rurale"" & pos=""ADJ""]"	4711529	Anche le variabili demografiche, quali la fascia di età, la densità della popolazione e il rapporto tra popolazione	urbana e rurale	, possono incidere sui dati della prevalenza, e i fattori socioeconomici, come la disoccupazione, il livello di istruzione e il reddito, sono in relazione con i livelli di prevalenza solo in alcuni casi, ma non in tutti.
yes	X e Y	urbano	rurale	rurale - urbano	"[lemma=""urbano"" & pos=""ADJ""][word=""e""][lemma=""rurale"" & pos=""ADJ""]"	6075618	Il riequilibrio significa nè più nè meno che i Ds non dovranno far la parte del leone e, per quanto attiene il programma, le priorità indicate sono famiglia, sicurezza, sanità, centralità della persona nei servizi, sviluppo occupazione e qualità del vivere	urbano e rurale	.
yes	X e Y	urbano	rurale	rurale - urbano	"[lemma=""urbano"" & pos=""ADJ""][word=""e""][lemma=""rurale"" & pos=""ADJ""]"	4369372	Su queste forme semplici abbiamo organizzato l'ambiente	urbano e rurale	e la maggior parte degli oggetti della tecnologia di cui ci serviamo quotidianamente.
yes	X e Y	rurale	urbano	rurale - urbano	"[lemma=""rurale"" & pos=""ADJ""][word=""e""][lemma=""urbano"" & pos=""ADJ""]"	4266918	Ciò è vantaggioso per la femmina poiché, soprattutto in un ambiente mutevole come quello che i gatti condividono con gli esseri umani (	rurale e urbano	), gli accoppiamenti multipli possono portare alla paternità multipla (figli generati da padri diversi nella stessa cucciolata), e quindi a una maggiore variabilità genetica della prole con conseguenti maggiori capacità di adattamento.
yes	X e Y	urbane	rurali	rurale - urbano	"[lemma=""urbano"" & pos=""ADJ""][word=""e""][lemma=""rurale"" & pos=""ADJ""]"	4510384	In parte, la divisione tra la legge, gli strumenti del potere e le usanze, prodotta dalla lenta evoluzione dei costumi e non dall'intervento dei singoli, procede parallelamente allo sviluppo dell'antitesi tra il Municipio e il Palazzo di giustizia da un lato e tra società	urbane e rurali	dall'altro.
yes	X e Y	urbane	rurali	rurale - urbano	"[lemma=""urbano"" & pos=""ADJ""][word=""e""][lemma=""rurale"" & pos=""ADJ""]"	4704356	I sottotemi da prendere in considerazione in questo settore sono i seguenti: - le azioni positive (a favore dei giovani discriminati nelle zone	urbane e rurali	in difficolt `); - le azioni destinate a reintegrare i giovani nel sistema educativo (ritorno a scuola per coloro che l'hanno abbandonata troppo presto o per chi non ha ottenuto titoli di studio alla fine della carriere scolastica, realizzazione di azioni per offrire ai giovani opportunità di istruzione).
yes	X e Y	rurali	urbani	rurale - urbano	"[lemma=""rurale"" & pos=""ADJ""][word=""e""][lemma=""urbano"" & pos=""ADJ""]"	6891898	In alcuni luoghi,	rurali e urbani	, la privatizzazione degli spazi ha reso difficile l'accesso dei cittadini a zone di particolare bellezza; altrove si sono creati quartieri residenziali «ecologici» solo a disposizione di pochi, dove si fa in modo di evitare che altri entrino a disturbare una tranquillità artificiale.
yes	X e Y	urbana	rurale	rurale - urbano	"[lemma=""urbano"" & pos=""ADJ""][word=""e""][lemma=""rurale"" & pos=""ADJ""]"	1349094	L'ultimo volume disponibile per questo studio è il 34 2002; * Sociologia	urbana e rurale	[Soc Urb e Rur] (pubblicazione quadrimestrale).
yes	X e Y	urbani	rurali	rurale - urbano	"[lemma=""urbano"" & pos=""ADJ""][word=""e""][lemma=""rurale"" & pos=""ADJ""]"	5848329	Più tardi si avvicinò ancora di più all'astrazione con le serie dei frullini per le uova, e in seguito amò dipingere ambienti	urbani e rurali	, contaminati con l'iconografia della grafica pubblicitaria.
yes	X e Y	urbano	rurale	rurale - urbano	"[lemma=""urbano"" & pos=""ADJ""][word=""e""][lemma=""rurale"" & pos=""ADJ""]"	1739321	Già nel secondo numero del 23 gennaio 1833 un articolo significativamente intitolato Maneggi finanziari del governo austriaco mette in pratica quella che sembra più che altro una spicciola pedagogia antiaustriaca - l'unica, forse, capace di destare l'attenzione del proletariato	urbano e rurale	- fatta anche di slogan (l' «idra austriaca avida solo dell'oro e del sangue di tutta Italia») e decisa a puntare sul tema dell'impunito saccheggio delle «già smunte borse lombarde».
yes	X ma Y	rurale	urbana	rurale - urbano	"[lemma=""rurale"" & pos=""ADJ""][word=""ma""][lemma=""urbano"" & pos=""ADJ""]"	2599962	La nuova criminalità non è più	rurale ma urbana	", e tecnologica; è naturale che l'ucciso non venga più incaprettato ma, diciamo, "" incyborgizzato Â."
yes	X o Y	rurale	urbano	rurale - urbano	"[lemma=""rurale"" & pos=""ADJ""][word=""o""][lemma=""urbano"" & pos=""ADJ""]"	4417409	Più che correlati positivamente al tempo libero lo sono, quindi, e ancora una volta alla centralità sociale, peraltro con incidenza quasi trascurabile, ormai, del risiedere in ambiente	rurale o urbano	.
yes	X o Y	rurale	urbano	rurale - urbano	"[lemma=""rurale"" & pos=""ADJ""][word=""o""][lemma=""urbano"" & pos=""ADJ""]"	4461363	La vita domestica di questi ceti medi, sulla quale si concentra la maggior parte delle descrizioni storiche della famiglia, era molto diversa da quella della massa dei lavoratori di ambiente	rurale o urbano	.
yes	sia X che Y	rurale	urbano	rurale - urbano	"[word=""sia""][lemma=""rurale"" & pos=""ADJ""][word=""che""][lemma=""urbano"" & pos=""ADJ""]"	4420956	Tali movimenti, assai diffusi fra le masse rurali e fra i contadini semiproletarizzati, preoccupano il giovane Lumumba, incapace da parte sua di legarsi al movimento di massa,	sia rurale che urbano	.
yes	sia X che Y	urbani	rurali	rurale - urbano	"[word=""sia""][lemma=""urbano"" & pos=""ADJ""][word=""che""][lemma=""rurale"" & pos=""ADJ""]"	1495262	Mentre, quando vennero a spararci i fratelli del Nord, «i dati sui saggi salariali reali a Nord e a Sud,	sia urbani che rurali	, non rivelano sostanziali differenze».
yes	tra X e Y	urbano	rurale	rurale - urbano	"[word=""tra""][lemma=""urbano"" & pos=""ADJ""][word=""e""][lemma=""rurale"" & pos=""ADJ""]"	6570052	Superstudio non era immune a un certo interesse per la cultura non - intellettuale, come del resto dimostra la loro attenzione per il confronto	tra urbano e rurale	, intellettuale e aborigeno.
yes	X , non Y	sobria	ubriaca	sobrio - ubriaco	"[lemma=""sobrio"" & pos=""ADJ""][word="",""][word=""non""][lemma=""ubriaco"" & pos=""ADJ""]"	6637491	Mi sentivo fluttuante e	sobria, non ubriaca	, solo piacevolmente anestetizzata verso le sensazioni troppo intense.
yes	X o Y	ubriaco	sobrio	sobrio - ubriaco	"[lemma=""ubriaco"" & pos=""ADJ""][word=""o""][lemma=""sobrio"" & pos=""ADJ""]"	3807109	Se volete il mio consiglio, nessuno di voi dovrebbe mai più metter piede su una barca,	ubriaco o sobrio	.
yes	X o Y	sobrio	ubriaco	sobrio - ubriaco	"[lemma=""sobrio"" & pos=""ADJ""][word=""o""][lemma=""ubriaco"" & pos=""ADJ""]"	3661952	Odiava Craik, quella talpa, sempre a chiedergli se suo padre fosse	sobrio o ubriaco	, e cosa ne faceva dei suoi soldi, e come fate voi bastardi italiani a vivere senza un centesimo, e come mai tuo padre non sta mai in casa la sera, non avrà mica una donna da mantenere che gli mangia tutti i soldi?
