sent_id;class;pattern;X_found;Y_found;pair;context_pre;costr;context_post;antonymous_value
48449;yes;X and Y;active;passive;active - passive; We have investigated a number of ;active and passive; @ @ @ @ @ @ @ @ @ @ paper.;
35598;yes;X and Y;active;passive;active - passive; So are the relative merits of the first, second, third persons, ;active and passive; voice.;
36279;yes;X and Y;active;passive;active - passive; Sometimes, participants exchange ;active and passive; roles during a single greeting.;
52855;yes;X and Y;active;passive;active - passive; two separate businesses I intend to blend together in this beautiful mixture of ;active and passive; income streams.;
43952;yes;X and Y;active;passive;active - passive; These apparatus include ;active and passive; solar energies, photovoltaics, wind turbine, and alternative fuels.;
49617;yes;X and Y;active;passive;active - passive; When the two triangles are interlaced, it represents the union of the ;active and passive;" forces in nature; it represents the male and female elements.";
7224;yes;X and Y;active;passive;active - passive; Although experience is sometimes used in a narrower sense, it can be a relational term, an ;active and passive; term, a term that connotes knowing and other than knowing.;
15046;yes;X and Y;passive;active;active - passive; Five participants each were recruited through ;passive and active; recruitment strategies, and six were recruited through snowball sampling.;
9883;yes;X and Y;passive;active;active - passive; Because action potential conduction requires ;passive and active; flow of current (see Figure 3.;
5365;yes;X and Y;passive;active;active - passive; @ @ @ @ @ @ @ @ @ @ is space enough to blend the ;passive and active;"; to create spaces where people can walk, run, congregate, play, catch and think.";
9516;yes;X and Y;active;passive;active - passive; At the same time, ;active and passive; quieting systems are being developed to reduce noise from aircraft and other sources.;
34790;yes;X and Y;active;passive;active - passive; She maintains that Champourcn combines the ascetic and the mystical, an ;active and passive; posture, a sense of surrender and one of aspiration.;
43524;yes;X and Y;active;passive;active - passive; There is an ;active and passive; concurrence.;
25928;yes;X and Y;active;passive;active - passive; It must be remembered that ;active and passive; access components serve very different target populations.;
24550;yes;X and Y;active;passive;active - passive; Intense ;active and passive; case detection continued over 15 months of follow-up.;
15423;yes;X and Y;active;passive;active - passive; For more information about active and passive mode connections, see the ;active and passive; FTP help topic.;
51804;yes;X and Y;passive;active;active - passive; c) How do our thinking, feeling and behaving interact in both a ;passive and active; manner?;
21701;yes;X and Y;active;passive;active - passive; I would have students juggling ;active and passive; voice with every new verb they learn instead of saving passive voice for some future date.;
11789;yes;X and Y;active;passive;active - passive;" But we know that ten craft were there; the craft are loaded with equipment; even their most minimal state of attention is likely to entail complicated ";active and passive; sensing equipment.;
23182;yes;X and Y;passive;active;active - passive; In addition, ;passive and active; solar systems have been incorporated into over 2,000,000 residential and commercial buildings, and photovoltaic systems are providing electric power for thousands of remote installations.;
45941;yes;X and Y;active;passive;active - passive; This is particularly true for the second and third points of the hypothesis, those having to do with sanctifying grace and the habit of charity as created participations, respectively, of ;active and passive; spiration.;
42642;yes;X and Y;active;passive;active - passive; The verb has 4 tenses, 3 conjugations, 3 moods, ;active and passive; voice and the gerund.;
38692;yes;X and Y;active;passive;active - passive; The background of Luxembourg's fears is the regulation in the treaty of Maastricht which ensures for EC citizens the ;active and passive; vote in municipal and European elections in the country of residence.;
3204;yes;X and Y;active;passive;active - passive;" "" The participles express the permanence of the situation, and the combination of the ";active and passive; in the emphatic?;
41378;yes;X and Y;active;passive;active - passive; The press, the parliaments, and the cabinet meetings of Central Europe are full of new words: share, bond, ESOP (Employee Stock Ownership Program), limited company, holding company, mutual fund, pension fund, public offering, ;active and passive; investor.;
40826;yes;X and Y;active;passive;active - passive; The most important and direct reason, however, remains the ;active and passive; resistance among the rank and file members of the armed forces against carrying out coup orders.;
8897;yes;X and Y;active;passive;active - passive;" As William Ralph Inge, the English essayist, wrote early in the last century, "" all of nature is a conjugation of the verb to eat, in the ";active and passive;.;
14696;yes;X and Y;active;passive;active - passive; Familiar to one another after having lived in the same troop for 7 years, they took turns at adopting ;active and passive; roles in successive greetings.;
43729;yes;X and Y;passive;active;active - passive; There were also increasing incidents of ;passive and active; resistance in the missions, large-scale flight, and armed conflict.;
4148;yes;X and Y;passive;active;active - passive; (Here are two that I used to help teach tenth graders about ;passive and active; voice and verb tense and verb agreement.;
49002;yes;X and Y;active;passive;active - passive; What I have witnessed in law enforcement over the course of the last two decades serves to remind me how ;active and passive; prejudice can undermine public trust in important institutions, like police agencies.;
32238;yes;X and Y;active;passive;active - passive; Other therapy forms (especially ;active and passive; physical modalities) had been tried by 85.;
4319;yes;X and Y;active;passive;active - passive; (n2) Other known risk factors include ;active and passive; smoking, exposure to certain chemical agents (e.;
43877;yes;X and Y;passive;active;active - passive; Therefore the frequent Western association of yin and yang with ;passive and active; behavior, respectively, does not seem to be consistent with Chinese thought.;
32631;yes;X and Y;active;passive;active - passive; Parks and recreation: We need more ;active and passive; recreation.;
45053;yes;X and Y;active;passive;active - passive; They used three ;active and passive; observation conditions (stand, walk, ride).;
14295;yes;X and Y;active;passive;active - passive; Even with the computer synthesizing both the ;active and passive; signals, he was almost impossible to see.;
32630;yes;X and Y;active;passive;active - passive; Parks and recreation facilities, developed with a balance of ;active and passive; programming.;
25674;yes;X and Y;active;passive;active - passive; It is simpler than present PWRs, combines ;active and passive; @ @ @ @ @ @ @ @ @ @ gigawatt days per tonne (GWd/t) burn-up.;
53429;yes;X and Y;active;passive;active - passive;, 1997) are again improving our understanding of how ;active and passive; tension components within muscles contribute to movement.;
30814;yes;X and Y;active;passive;active - passive; Nonetheless, the incidence of intrauterine HBV infection remains as high as 43% when maternal serum HBV DNA exceeds 10 8 copies/ml 30, even with prompt administration of ;active and passive; vaccination.;
9545;yes;X and Y;active;passive;active - passive; At the time, he introduced the ;active and passive; solar paths.;
49816;yes;X and Y;active;passive;active - passive; Whether every car gets checked, or every tenth car, police must demonstrate that they have attempted to eliminate the effects of ;active and passive;" discrimination when using "" random "" strategies.";
16334;yes;X and Y;active;passive;active - passive; Grunig has characterized these respective groups as ;active and passive; publics.;
39645;yes;X and Y;active;passive;active - passive; The extent to which students learned ;active and passive; facts was evaluated on paper posttests administered after the completion of each module.;
47269;yes;X and Y;passive;active;active - passive; Todays TERRA is semiclear so you can compare the look with ;passive and active; microwave.;
4564;yes;X or Y;active;passive;active - passive;" // "" I'm fairly sure, "" said Phil Hoskins, director of the Department of Community Affairs, "" there's no county in the metro area more committed to acquiring parkland for ";active or passive; parks.;
7242;yes;X or Y;active;passive;active - passive; Although initial setbacks associated with unanticipated aseptic meningo-encephalitis have slowed development of immunotherapeutic approaches, ;active or passive; immunization against A?;
13926;yes;X or Y;passive;active;active - passive; Either ;passive or active; tags could be confirmed in a short-notice inspection.;
50506;yes;X or Y;active;passive;active - passive; With the ;active or passive; cooperation of many Democratic and Republican politicians, media moguls, industrial interests, and conservative think tanks, the administration is mounting a deliberate (e.;
49864;yes;X or Y;active;passive;active - passive; Whether the attentional manipulation is generated internally or externally, or is ;active or passive;, does not appear to be a factor.;
35867;yes;X or Y;active;passive;active - passive; So, whether using ;active or passive; techniques, scientists are ultimately concerned with the physics of extracting a signal that propagates in a lossy, dynamic waveguide from noise influenced by that same waveguide's complexity.;
25056;yes;X or Y;active;passive;active - passive; It follows that ;active or passive; resistance to the challenge of critical thinking is the common, not the rare, case.;
32067;yes;X or Y;active;passive;active - passive; Optical tracking that uses ;active or passive; markers placed at reproducible locations on the patient's skin surface is another option.;
7825;yes;X or Y;passive;active;active - passive; And how the Middle East evolves depends very heavily on the degree to which America chooses to play a ;passive or active; role.;
53483;yes;X or Y;active;passive;active - passive;, barrier to autointegration factor (BAF) protein (32) and topoisomerase II (20) -- but whether by an ;active or passive; transport process remains unclear.;
12781;yes;X or Y;active;passive;active - passive;" Consequently they are stated as "" shall "" or "" must "" rules, depending whether the verb is in the ";active or passive; voice.;
23502;yes;X or Y;active;passive;active - passive; In general use, this term is considered as synonymous with rahm, although rhim can only be active whereas rahm may have an ;active or passive; meaning.;
33449;yes;X or Y;active;passive;active - passive; Questions remain as to whether LC8 is playing an ;active or passive; role in apoptosis.;
43183;yes;X or Y;active;passive;active - passive; Then there is sentence structure: preference for ;active or passive; voice, degree of use of dependent clauses, rate of pronoun-for-noun substitutions.;
9080;yes;X or Y;passive;active;active - passive; As in the case of pronatalist policies, such conversion may be ;passive or active;.;
15415;yes;X or Y;active;passive;active - passive; For me, link attraction tactics are ;active or passive;, and at times, both.;
34316;yes;X rather than Y;active;passive;active - passive; Self-advocacy means being ;active rather than passive;.;
38406;yes;X rather than Y;active;passive;active - passive; The ability to control the learning experience makes the student an ;active rather than passive; learner.;
4173;yes;X rather than Y;passive;active;active - passive; (Most seem to take a laissez faire stance on religion, and are therefore ;passive rather than active; accommodationists.;
44067;yes;X rather than Y;active;passive;active - passive; These environments are characterized by the inclusion of student input in decision making processes, ;active rather than passive; student learning, and flexibility in timelines for learning.;
22100;yes;X rather than Y;active;passive;active - passive; IRI requires that children be ;active rather than passive; recipients of information.;
32568;yes;X rather than Y;active;passive;active - passive; PSI methods would provide ;active rather than passive; learning and would emphasize learning rather than teaching strategies.;
10006;yes;X rather than Y;active;passive;active - passive; Because there are no other trainees to hide behind, learners are forced to be ;active rather than passive;, and you are assured the trainee actually will perform later as desired.;
7275;yes;X rather than Y;active;passive;active - passive; Although part of the involvement effect is likely due to the interactive, and therefore ;active rather than passive;, nature of high-presence media, there seems to be more at work.;
44531;yes;X rather than Y;active;passive;active - passive; They are using ;active rather than passive; sonar.;
18390;yes;X rather than Y;passive;active;active - passive; Hers was the kind of consciousness that is not consciousness as intellectuals define it, but is ;passive rather than active;.;
29943;yes;X rather than Y;passive;active;active - passive; Most students in a survey class usually expect to be ;passive rather than active; participants.;
36072;yes;X rather than Y;passive;active;active - passive; Some people believe that older adults are frail, have no desire or capacity for musical learning or relearning, prefer ;passive rather than active; involvement, and prefer sedate musical styles over others.;
42963;yes;X rather than Y;active;passive;active - passive; Their discoveries about their response to the study of history resulted from their efforts at informal writing, which forced them to be ;active rather than passive; learners.;
12513;yes;X rather than Y;active;passive;active - passive; Citizens are positioned in governmental discourses, therefore, as ;active rather than passive; subjects of governance.;
24535;yes;X rather than Y;active;passive;active - passive; Instructional television was used to teach critical thinking, motivate student learning, and sharpen perceptual skills @ @ @ @ @ @ @ @ @ @ elicit student participation, reinforcing ;active rather than passive; viewing habits.;
10772;yes;X, not Y;active;passive;active - passive;" But I think it also has to be deliberate; something that's ";active, not passive;.;
42769;yes;X, not Y;passive;active;active - passive; The wheels are ;passive, not active;.;
12827;yes;X, not Y;active;passive;active - passive; Constructivist learning is about being ;active, not passive;" (Marlowe &; Page, 2005).";
6031;yes;X, not Y;passive;active;active - passive; A scrying spell is ;passive, not active;.;
18508;yes;X, not Y;active;passive;active - passive; His camera is ;active, not passive;.;
8502;yes;between X and Y;active;passive;active - passive; Andrew wants to talk about the difference ;between active and passive; love.;
31903;yes;between X and Y;active;passive;active - passive; One problem that it faces, however, is that it is unclear whether we can make sense of the distinction Brady draws ;between active and passive; evaluative attitudes, at least in the epistemic sphere.;
1761;yes;between X and Y;active;passive;active - passive;" "" Honey, see if you have time to call the caterers about Saturday, and let's get someone out here to fix that toilet and someone to teach Charlie the difference ";between active and passive; voice.;
42990;yes;between X and Y;active;passive;active - passive; Their grammars often force the speaker to attend to nuances of difference ;between active and passive; much more than a European languages does, etc.;
19763;yes;between X and Y;active;passive;active - passive; I assume you understand the difference ;between active and passive; surveillance.;
29696;yes;between X and Y;passive;active;active - passive; More precisely, we can point to the distinction ;between passive and active; ways of expressing the connection between the knower and the known.;
23835;yes;between X and Y;active;passive;active - passive; In some settings where a distinction ;between active and passive;" roles is especially important, for example, sexual practices may be developed exclusively along these lines (Arboleda, 1987; Carrier, 1976; Lancaster, 1988).";
39758;yes;between X and Y;active;passive;active - passive; The first distinction is ;between active and passive; conception and is exemplified in De festis of Benedict XIV, in which the pope comments on the doctrine of the Immaculate Conception.;
51858;yes;both X and Y;active;passive;active - passive; detailed inspection, BB K9 inspections and monitors ;both active and passive; and you ca n't see a physical bug anywhere think mites as a very possible answer.;
8565;yes;both X and Y;active;passive;active - passive; Antecedent upper respiratory tract infection, household crowding, and ;both active and passive; smoking also are also associated with increased risk.;
37870;yes;both X and Y;active;passive;active - passive; The 27 subjects involved in rimming (oral-anal contact) did not use protection other than washing, except for one subject who used plastic wrap or latex for ;both active and passive; rimming.;
7296;yes;both X and Y;passive;active;active - passive; Although the answer must be qualified, including ;both passive and active; facts in training increased training efficiency.;
46875;yes;both X and Y;active;passive;active - passive; Thus, in 1975, the Commission on Medical Ethics of the Health Council advised that, for newborns, ;both active and passive; euthanasia should be permissible under certain conditions.;
18794;yes;both X and Y;passive;active;active - passive; His plans for the new public green space were ambitious, incorporating ;both passive and active; recreation into its development (Baltimore News 1898).;
52330;yes;both X and Y;active;passive;active - passive; n99 At the same time, the ether exhibited ;both active and passive;" functions that led Newton to believe that "" the aether is but a vehicle to some more active spirit.";
29490;yes;both X and Y;active;passive;active - passive; Methodology/Principal Findings Personal space was evaluated as the comfort interpersonal distance between participant and experimenter during ;both active and passive; approach tasks.;
23810;yes;both X and Y;active;passive;active - passive; In simple terms, this means that each space has to have the vital presence of ;both active and passive; energies in order to sustain good feng shui energy.;
39312;yes;both X and Y;active;passive;active - passive; The dark night takes ;both active and passive; forms.;
33817;yes;either X or Y;active;passive;active - passive; Resistance, ;either active or passive;, serves as a defensive response to the perceived threat imposed by the principal's evaluation.;
30736;yes;either X or Y;active;passive;active - passive; No state in the United States allows active euthanasia, although Oregon has a law that allows physician-assisted suicide, which is distinguishable from ;either active or passive; euthanasia.;
12309;yes;from X to Y;passive;active;active - passive; Cautiously, he flipped his cyberneurons'reception settings ;from passive to active;, and for the first time in, like, ages, really listened to what the beach was saying.;
24824;yes;from X to Y;passive;active;active - passive; It begins with the shift ;from passive to active; learning, from observing to experiencing, through creative acts.;
3253;yes;from X to Y;passive;active;active - passive;" "" The technology is going ";from passive to active;", "" notes Professor Brian Stonehill, who created the media studies program at Pomona College in Claremont, Calif.";
12478;yes;from X to Y;passive;active;active - passive; Christabel Bielenberg moved ;from passive to active; resistance as Hitler seized power and the Nazi dictatorship clamped down.;
16207;yes;more X than Y;passive;active;active - passive; Goodlad (1983) and Sizer (1984) reported that typical classes in all middle school subjects emphasized ;more passive than active; learning and more attention to teaching strategies than to learning strategies.;
43936;yes;neither X nor Y;active;passive;active - passive;" These "" neuter "" women were neither masculine nor feminine, ";neither active nor passive;", neither within nor without their culture; they stood on the margin of these dualities both within and without their works.";
15602;yes;neither X nor Y;passive;active;active - passive; For whatever reason ;neither passive nor active; distributed energy systems have taken off in the U.;
28364;yes;not X, but Y;passive;active;active - passive; Learners and learning are ;not passive, but active;.;
46980;yes;whether X or Y;passive;active;active - passive; To assert that the screeners are highly trained and do not engaged in this type of discrimination, ;whether passive or active;, is unsupportable because there is no data.;
38471;yes;whether X or Y;active;passive;active - passive; The aggressor, ;whether active or passive; @ @ @ @ @ @ @ @ @ @ have to be physical.;
17542;yes;X and Y;dead;alive;alive - dead; He was at an age when biographies of his contemporaries, ;dead and alive;, were emerging.;
45546;yes;X and Y;alive;dead;alive - dead; This comes from all the Hatches ;alive and dead; whom you two have loved, helped in so many ways, and prayed for through the years.;
17076;yes;X and Y;dead;alive;alive - dead; He looked ;dead and alive; all at once.;
36805;yes;X and Y;dead;alive;alive - dead; Suicide is n't only for select members, it involves everyone ;dead and alive;.;
1539;yes;X and Y;alive;dead;alive - dead;" "" He compares himself to Priam: "" Romans, of five and twenty valiant sons, /Half of @ @ @ @ @ @ @ @ @ @ remains, ";alive and dead;!;
19142;yes;X and Y;alive;dead;alive - dead; How many people have ever had the experience of being simultaneously ;alive and dead;?;
28469;yes;X and Y;dead;alive;alive - dead; Lewis'The Last Battle, and Aslan similarly seeing all of Narnia's inhabitants, ;dead and alive;, off into whatever came next.;
37258;yes;X and Y;alive;dead;alive - dead; That guy Schr6dinger, he said the cat was both, ;alive and dead;, up until someone opened the damn box and looked at it.;
18870;yes;X and Y;dead;alive;alive - dead; His tragicomic letters to Prime Minister Eshkol and to his old antagonist Benya, which he writes but never mails, are reminiscent of the letters that Bellow's Moses Herzog sends to numerous personalities, ;dead and alive;.;
20840;yes;X and Y;alive;dead;alive - dead; I never had the thought that people who were professional musicians (four of Mother's brothers and her sister Anna, too), ;alive and dead;, were suspicious characters or unseemly or unworthy of respect.;
26128;yes;X and Y;alive;dead;alive - dead; It strikes me as greedy, like wanting to be ;alive and dead; at the same time.;
3729;yes;X and Y;alive;dead;alive - dead;" "" Well, I meant ";alive and dead;.;
9040;yes;X and Y;alive;dead;alive - dead;" As for many hunters, their goal for the deer can be summed up in a simple motto: "" Stuffed-";alive and dead;.;
12374;yes;X and Y;alive;dead;alive - dead; Characters in postmodern fiction can be simultaneously ;alive and dead;.;
5947;yes;X and Y;alive;dead;alive - dead; A particle can be in two places at once, a cat can be simultaneously ;alive and dead;, a particle @ @ @ @ @ @ @ @ @ @ without passing through it.;
27855;yes;X and Y;dead;alive;alive - dead; Jesus Christ was ;dead and alive; again by thirty-three.;
41186;yes;X and Y;alive;dead;alive - dead; The park was established in 1997 as a tribute to veterans ;alive and dead;.;
7983;yes;X and Y;dead;alive;alive - dead; And now here's Kwan talking about it -- as if the whole damn universe, ;dead and alive;, knows.;
49118;yes;X and Y;alive;dead;alive - dead; What if that cat is ;alive and dead;, even after you look in the box?;
43385;yes;X and Y;alive;dead;alive - dead; There are potted plants inside, ;alive and dead;.;
31437;yes;X and Y;dead;alive;alive - dead; Off the top of my head: dogs, ;dead and alive;, the hotel cat, Ellis'strays, the lucky (!;
51983;yes;X and Y;dead;alive;alive - dead; hard to explain, how we were in two separate places at the same time together, both of us ;dead and alive; at the same time, she had his eyes, his hands, she was him and not him.;
34196;yes;X and Y;dead;alive;alive - dead; Schrdinger's Cat does not consider the potential probability of the cat being dead or alive, it's that it's ;dead and alive;.;
16749;yes;X and Y;alive;dead;alive - dead; He felt the presence of the bodies, all of them, the body breath, the heat and running blood, people unlike each other who were now alike, amassed, heaped in a way, ;alive and dead; together.;
18197;yes;X and Y;dead;alive;alive - dead; Her sister Agata, who has lost count of the number of children, ;dead and alive;, to whom she has given birth, has become an old woman at the age of thirty.;
22047;yes;X and Y;dead;alive;alive - dead; I've had the experience of delivering calves, ;dead and alive;.;
32149;yes;X and Y;alive;dead;alive - dead; Or, in the picture of the famous Schrdinger cat, asking whether the cat is alive or dead immediately destroys the quantum superposition of the ;alive and dead; states.;
14459;yes;X and Y;dead;alive;alive - dead; Everyone she liked kept going away - @ @ @ @ @ @ @ @ @ @'d rescued, which insisted on being equally ;dead and alive; in her memory.;
3026;yes;X or Y;alive;dead;alive - dead;" "" The Coalition troops are engaged in a mad search operation but they would never be able to fulfill their cherished goal of getting Usama ";alive or dead;", "" the source said.";
1485;yes;X or Y;dead;alive;alive - dead;" "" From a convenience standpoint, get rid of them using your most effective and easiest method- ";dead or alive;", "" he says.";
25058;yes;X or Y;dead;alive;alive - dead; It further follows that the test for'animateness'can not be the same as checking whether the entity is ;dead or alive;"; you are just making a play on words.";
17263;yes;X or Y;dead;alive;alive - dead; He risk his Presidency on Osama ;dead or alive;.;
14936;yes;X or Y;dead;alive;alive - dead; Finding Buck ;dead or alive;, Mac decided, would be like discovering a patch of dry ground in the Louisiana bayou.;
7969;yes;X or Y;dead;alive;alive - dead; And never letting a body know whether you was ;dead or alive;.;
30371;yes;X or Y;dead;alive;alive - dead; Narrator @ @ @ @ @ @ @ @ @ @, offer $40,000 for Harriet's capture, ;dead or alive;.;
40756;yes;X or Y;alive;dead;alive - dead; The model assumes the existence of a continuum of cells in two possible states: ;alive or dead;.;
51958;yes;X or Y;dead;alive;alive - dead; get him ;dead or alive;, to use words that you've used recently, if we're not entirely sure whether he's in the country?;
48083;yes;X or Y;alive;dead;alive - dead; Was Vyrl ;alive or dead;?;
15930;yes;X or Y;dead;alive;alive - dead; G-d is not a son of man either--a warning against worshipping any human being ;dead or alive; as G-d.;
40915;yes;X or Y;dead;alive;alive - dead; The new black panthers putting up a contract ;dead or alive;.;
42149;yes;X or Y;alive;dead;alive - dead; The spacecraft was already on the ground -- but because of the vast distance between Earth and Mars, scientists would n't know whether it was ;alive or dead; for seven minutes.;
35346;yes;X or Y;dead;alive;alive - dead; Since Grandpa is n't coming home, send the young man to Germany to find him -- ;dead or alive;.;
10678;yes;X or Y;dead;alive;alive - dead; Buster did n't know one thing or another about the presidents being ;dead or alive;.;
49803;yes;X or Y;alive;dead;alive - dead; Whether Bein knew or not, whether he was in jail or free, ;alive or dead;, his life would continue in misery.;
3596;yes;X or Y;dead;alive;alive - dead;" "" Was there ever a mouse -- ";dead or alive; -- who caused more fuss than the first Ragweed?;
17801;yes;X or Y;dead;alive;alive - dead;" He's the death apostle that Bush had promised to catch "" ";dead or alive;", "" but he's still well alive and hidden.";
10600;yes;X or Y;dead;alive;alive - dead; Bring those answers back ;dead or alive;.;
34455;yes;X or Y;dead;alive;alive - dead; She @ @ @ @ @ @ @ @ @ @ Her interviewer giggles and challenges the plausibility of John, ;dead or alive;, ever crossing over into heavy metal.;
46750;yes;X or Y;alive;dead;alive - dead; Through Nampas, ;alive or dead;, the cargo cult messages of John Frum are mediated benefits to the people of Tanna.;
20690;yes;X or Y;dead;alive;alive - dead; I know what it's like to wake up and not know whether I'd rather be ;dead or alive;.;
20044;yes;X or Y;alive;dead;alive - dead; I do n't know where they are, if they are ;alive or dead;.;
5216;yes;X or Y;dead;alive;alive - dead; <p> There on the floor was the pizzeria owner, and a status of ;dead or alive; was too difficult to determine at that moment.;
29286;yes;X or Y;dead;alive;alive - dead; May as well find out, she thought as she slowly opened her eyes, whether I'm ;dead or alive;.;
3511;yes;X or Y;dead;alive;alive - dead;" "" Three hundred dollars, ";dead or alive;.;
45005;yes;X or Y;alive;dead;alive - dead; They spoke to the local funeral home, @ @ @ @ @ @ @ @ @ @ into the desert, searching for people, ;alive or dead;.;
19564;yes;X or Y;dead;alive;alive - dead; I always thought you were ;dead or alive;, period.;
30831;yes;X or Y;dead;alive;alive - dead; Nor did the original discoverer of the debris, Mac Brazel, ever claim that he had seen extraterrestrial aliens, ;dead or alive;.;
28684;yes;X or Y;alive;dead;alive - dead; Little girls grow up to be bodies, ;alive or dead;, and the margin of survival stays small.;
14110;yes;X or Y;dead;alive;alive - dead; Even ;dead or alive; becomes complicated in the sense of spirit and hope.;
15216;yes;X or Y;dead;alive;alive - dead;" For all of its "" ";dead or alive;" "" rhetoric, the Bush White House was generally cautious when it came to antiterrorist operations in anarchic areas like Somalia.";
29527;yes;X or Y;alive;dead;alive - dead;" Mike Kern of the Petaluma police department conceded that Davis, "" in all likelihood, "" returned to pick up Polly - ";alive or dead; - after the deputies left the scene.;
15122;yes;X or Y;dead;alive;alive - dead; Food, ;dead or alive;, is for those who ca n't live on light.;
16716;yes;X or Y;dead;alive;alive - dead; He even arranged in 1987 to be smuggled into Afghanistan by mujahideen freedom fighters, not realizing that at the time there was a $10,000 Soviet bounty on Americans, ;dead or alive;.;
21553;yes;X or Y;alive;dead;alive - dead; I was so upset over @ @ @ @ @ @ @ @ @ @ children the pain and worry he put them through with not knowing if dad was ;alive or dead;.;
32137;yes;X or Y;alive;dead;alive - dead; Or whether he was ;alive or dead;.;
31453;yes;X or Y;alive;dead;alive - dead;" Often caves contain a weird overabundance of predators; this suggests that prey often runs out, leaving the hunters to go after anything ";alive or dead;, including each other.;
34247;yes;X or Y;dead;alive;alive - dead; Searching many days and nights, with all his craft -- until he had proved that the prince, ;dead or alive;, was no longer in the World Inside.;
19213;yes;X or Y;dead;alive;alive - dead; However, ;dead or alive;, these people will forever be effected by what happens that night.;
18760;yes;X or Y;alive;dead;alive - dead; His nephew was worth any number of serfs, ;alive or dead;.;
51744;yes;X or Y;dead;alive;alive - dead; authorities wanted him ;dead or alive; -- and the battalion was ordered south into action against Gen.;
20023;yes;X or Y;dead;alive;alive - dead; I do n't know if Boo's ;dead or alive;.;
7016;yes;X or Y;dead;alive;alive - dead; All with the goal of dragging in, ;dead or alive;, the highest ratings, the most click-thrus, the greatest number of unique pageviews, and/or the biggest, oozing chunk of the $2 billion campaign-spending pie.;
3893;yes;X or Y;dead;alive;alive - dead;" "" You left and no other priests called to see if you were ";dead or alive;.;
20091;yes;X or Y;dead;alive;alive - dead; I do n't trust another soul ;dead or alive; in this world and if you had any sense you'd follow my example.;
24215;yes;X or Y;alive;dead;alive - dead; In this sense, the metaphoric and conceptual frames used to understand new media are not trivial, and may impact not just our view of life, but what it means to be ;alive or dead;.;
4939;yes;X or Y;dead;alive;alive - dead; 4 If you had the chance to interview anyone in the world, ;dead or alive;, who would it be and what's one question that you would ask?;
3632;yes;X or Y;dead;alive;alive - dead;" "" We did n't know if she was ";dead or alive;", "" Donna says.";
11329;yes;X or Y;dead;alive;alive - dead; But now Rashid did n't know whether his brother -- last seen in Konduz -- was ;dead or alive;.;
38005;yes;X or Y;dead;alive;alive - dead; The Convention on the International Trade in Endangered Species, or CITES, will ban international sales of sawfish, ;dead or alive;, whole or in pieces.;
42891;yes;X or Y;dead;alive;alive - dead;" The world was made up, not of dead material stuff, but "" aliveness "", whether science said it was ";dead or alive; or not.;
19828;yes;X or Y;alive;dead;alive - dead; I ca n't tell if he's ;alive or dead;, Mike thought.;
1095;yes;X or Y;alive;dead;alive - dead;" "" As he showed me out he asked, under his breath, "" Is he ";alive or dead;?;
35936;yes;X or Y;dead;alive;alive - dead; Some State officials want him ;dead or alive;.;
25753;yes;X or Y;dead;alive;alive - dead; It is unknown if he was ;dead or alive; when he reached the hospital, or what ultimately killed him.;
50200;yes;X or Y;alive;dead;alive - dead; Who cares if the stars are ;alive or dead;?;
34198;yes;X or Y;alive;dead;alive - dead;" Schrodinger's cat is n't "" ";alive or dead;" "".";
49795;yes;X or Y;dead;alive;alive - dead; Whether ;dead or alive;, we do n't know, but our nets are out.;
46435;yes;X or Y;dead;alive;alive - dead; This was hard news, as none of us wanted to leave Bali without Karri, ;dead or alive;.;
16670;yes;X or Y;alive;dead;alive - dead; He did n't know if his daughter was ;alive or dead; or where she was.;
44904;yes;X or Y;alive;dead;alive - dead; They never quit until the victim was found -- ;alive or dead;.;
20872;yes;X or Y;alive;dead;alive - dead; I often wondered if he was ;alive or dead;.;
5337;yes;X or Y;alive;dead;alive - dead; @ @ @ @ @ @ @ @ @ @ even lift the telephone to see if your own brother is ;alive or dead;.;
2477;yes;X or Y;dead;alive;alive - dead;" "" Meanwhile, it's still unknown who Merah went to call, or why the 23-year-old extremist returned to his apartment if he knew it was surrounded by elite police forces preparing to take him ";dead or alive;.;
6245;yes;X or Y;alive;dead;alive - dead;" About these men, the Pentagon said, it "" had no information to show conclusively they are ";alive or dead;.;
26717;yes;X or Y;alive;dead;alive - dead; It was the last time Bob saw him, ;alive or dead;.;
7753;yes;X or Y;dead;alive;alive - dead; And even if it does, the results often are n't obvious because the snails -- ;dead or alive; -- are so hard to find.;
16700;yes;X or Y;dead;alive;alive - dead; He does n't think to specify whether that means ;dead or alive;.;
51330;yes;X or Y;dead;alive;alive - dead; You were so dashing, you could have any woman you wanted, ;dead or alive;.;
31722;yes;X or Y;alive;dead;alive - dead; Once entered, Daryl's name would remain until he was found, ;alive or dead;.;
9327;yes;X or Y;dead;alive;alive - dead; As your bounty hunters put it: ;dead or alive;.;
28066;yes;X or Y;dead;alive;alive - dead; Karen's Mom was just an illusion, but Karen herself, ;dead or alive;, is nowhere to be seen.;
41108;yes;X or Y;dead;alive;alive - dead; The orders are ;dead or alive;.;
7657;yes;X or Y;dead;alive;alive - dead; And again, do you know whether Osama bin Laden is ;dead or alive;?;
26637;yes;X or Y;alive;dead;alive - dead; It was not clear whether his boy was ;alive or dead;.;
24952;yes;X or Y;dead;alive;alive - dead; It dines on mollusks, crustaceans (including other lobsters) and fish, ;dead or alive;.;
4214;yes;X or Y;alive;dead;alive - dead; (The answer has to do with @ @ @ @ @ @ @ @ @ @ whether the Pharoah which it resembles, was ;alive or dead;.;
30843;yes;X or Y;dead;alive;alive - dead; Norma did not know whether Alfonso was ;dead or alive;.;
21583;yes;X or Y;alive;dead;alive - dead;" I was unconscious; they could n't tell if I was ";alive or dead;.;
24643;yes;X or Y;dead;alive;alive - dead; Is he ;dead or alive;?;
655;yes;X or Y;dead;alive;alive - dead;" "" "" Have you ever heard the bounty hunter slogan bring em back --";dead or alive;?;
17169;yes;X or Y;dead;alive;alive - dead; He never answered to me, ;dead or alive;.;
7976;yes;X or Y;dead;alive;alive - dead; And not a single mink, ;dead or alive;.;
25623;yes;X or Y;alive;dead;alive - dead; It is not uncommon to see sparrows perching on tall branches of Se in the field, whether the plants are ;alive or dead;.;
34402;yes;X or Y;dead;alive;alive - dead; Seven years passed before he knew whether his wife and child were ;dead or alive;.;
19532;yes;X or Y;alive;dead;alive - dead; I also could n't handle the stress of worrying whether they were ;alive or dead;, and not knowing when I was next going to hear from them again, if I ever was.;
30929;yes;X or Y;alive;dead;alive - dead; Not knowing whether her mother was ;alive or dead; and with no friends or parental guidance, Storm knew it was going to be a hard knock life.;
6512;yes;X or Y;dead;alive;alive - dead;" After 9/11 George Bush said we wanted bin Laden "" ";dead or alive;.;
22898;yes;X or Y;dead;alive;alive - dead; Important: Save the tick, ;dead or alive;, in a jar marked with the date and location of the bite.;
12173;yes;X or Y;dead;alive;alive - dead; Ca n't tell if it was ;dead or alive;.;
3804;yes;X or Y;dead;alive;alive - dead;" "" Whether he's ";dead or alive;, I have to know.;
41101;yes;X or Y;alive;dead;alive - dead; The oracle -- I had no idea whether she was ;alive or dead;, walled up in her cave.;
51015;yes;X or Y;alive;dead;alive - dead; You can at least tell me if Morgan's ;alive or dead;.;
5693;yes;X or Y;alive;dead;alive - dead; A common theme in both letters and images of the home front is the importance of letters between families and friends, which told whether loved ones were ;alive or dead;.;
2203;yes;X or Y;alive;dead;alive - dead;" "" It is up to us to record everything we see out there, ";alive or dead;.;
51683;yes;X or Y;dead;alive;alive - dead;" and said that Sandeen was unconscious and that "" he did not know if she was ";dead or alive;.;
40801;yes;X or Y;dead;alive;alive - dead; The morgue was a simple the ater of black and white, ;dead or alive;.;
1221;yes;X or Y;dead;alive;alive - dead;" "" But all I could think was, would they rind her ";dead or alive;?;
4729;yes;X or Y;dead;alive;alive - dead;" 11 attacks, Bush said he wanted bin Laden "" ";dead or alive;.;
35634;yes;X rather than Y;dead;alive;alive - dead; So for people like me who have drunkard fathers who just wishes that we were ;dead rather than alive; cause it will be less expensive.;
32053;yes;X, not Y;alive;dead;alive - dead; Operate on me as if I am ;alive, not dead;.;
36438;yes;X, not Y;dead;alive;alive - dead; Stanley Paterson, who would have only the understanding that he was ;dead, not alive;, to keep him for all eternity.;
32184;yes;X, not Y;dead;alive;alive - dead; Osama bin Laden had finally been found-;dead, not alive;.;
17444;yes;X, not Y;alive;dead;alive - dead; He was ;alive, not dead;.;
34839;yes;X, not Y;alive;dead;alive - dead; She said it's like your transformation stopped just before it was finished, and in that gray area, not ;alive, not dead;, and yet not entirely undead, there is a lot of power to be had.;
3171;yes;between X and Y;dead;alive;alive - dead;" "" The main difference ";between dead and alive;", "" says Burnside, "" is that'dead'means off the payroll.";
37490;yes;between X and Y;alive;dead;alive - dead; That was fourteen months ago and I still had n't found the sweet spot ;between alive and dead;.;
42782;yes;between X and Y;dead;alive;alive - dead; The whole life is about the circulation of the material ;between dead and alive; organisms, it's about the selection.;
47736;yes;both X and Y;dead;alive;alive - dead; Until the deceased has been buried according to all the rules, he is ;both dead and alive; -- not, as is often thought, neither one of these.;
43583;yes;both X and Y;alive;dead;alive - dead;" There is no subjective uncertainty; I know with very high probability that the cat is ";both alive and dead;.;
2981;yes;both X and Y;dead;alive;alive - dead;" "" That vision of Los Angeles has always fascinated me -- that and the transient nature of a city that holds far too many dreams, ";both dead and alive;.;
39690;yes;both X and Y;dead;alive;alive - dead; The fascination with the search for life on Mars, ;both dead and alive;, reflects humankind's overall quest for life beyond Earth.;
29694;yes;both X and Y;dead;alive;alive - dead; More people had wound up in that pile, too, ;both dead and alive;.;
8850;yes;both X and Y;alive;dead;alive - dead; As I looked, I realized the faces, although not perfectly clear, were recognizable as everyone I had known, ;both alive and dead;.;
4219;yes;both X and Y;dead;alive;alive - dead; (The name comes from a thought experiment proposed by one of the founders of quantum mechanics, Erwin Schrdinger, who imagined a quantum cat that could be ;both dead and alive; at the same time.;
49072;yes;both X and Y;alive;dead;alive - dead; What does it even mean to say that the cat is ;both alive and dead;?;
29211;yes;both X and Y;dead;alive;alive - dead; Marine mammals, ;both dead and alive;", are thought to be an important food source for white sharks throughout their range (Arnold, 1972; Pratt et al.";
38967;yes;both X and Y;dead;alive;alive - dead; The cat is not ;both dead and alive;, as events proceed into the probabilistic future, because it is the collapse of probabilities, the future, into actualities, that creates time.;
18336;yes;both X and Y;alive;dead;alive - dead; Here's a list, including speakers ;both alive and dead;.;
38619;yes;both X and Y;dead;alive;alive - dead; The argument then goes that the cat inside the box is ;both dead and alive; at the same time, until you open the box and see (observe).;
2668;yes;either X or Y;alive;dead;alive - dead;" "" Patients are ";either alive or dead;, and as long as they're alive, it's my obligation to give them hope and comfort.;
31433;yes;either X or Y;dead;alive;alive - dead; Of those, 316 have been found ;either dead or alive;, while 25 cases remain open.;
998;yes;either X or Y;alive;dead;alive - dead;" "" And Cassie was not the only agent to look for proof that the long-vanished Wyndham was ";either alive or dead;.;
52431;yes;either X or Y;alive;dead;alive - dead; pacificus, long before having been seen in the flesh ;either alive or dead;, had acquired two common names.;
5773;yes;either X or Y;dead;alive;alive - dead; A future cat has the probability of being ;either dead or alive;, but it is the actual event of its potential demise that determines its health.;
29797;yes;either X or Y;alive;dead;alive - dead;" Moses prayed in vain to be permitted to go into the promised land if only for a little while; for God had decreed that he should not enter the country ";either alive or dead;.;
19910;yes;either X or Y;dead;alive;alive - dead; I could never afterward imagine the people and the donkey ;either dead or alive;.;
44171;yes;either X or Y;dead;alive;alive - dead; These numbers appear high to some because they would include cases of children who were found quickly, ;either dead or alive;, and whose cases did not involve the FBI.;
14115;yes;more X than Y;dead;alive;alive - dead; Even Beryn, a man ;more dead than alive;.;
46180;yes;more X than Y;alive;dead;alive - dead;" This particular "" watchable wildlife, "" like the boon in whale-watching tours and even programs to view wolves in Wyoming, underscores the truism that many once-hunted critters are worth ";more alive than dead;.;
9441;yes;more X than Y;dead;alive;alive - dead; At last, ;more dead than alive;, Madame de Graffigny asked to see the proof of her alleged misdeed.;
32928;yes;more X than Y;dead;alive;alive - dead; Perhaps they did n't have an explanation, given that he appeared ;more dead than alive;, well-swollen and washed out.;
955;yes;more X than Y;dead;alive;alive - dead;" "" After that I was with her for two days as she lay there, ";more dead than alive;, all those tubes, machines.;
17762;yes;more X than Y;dead;alive;alive - dead;" He's feeling pretty heavy now, and by the time I get to "" O Susanna "" the poor thing is ";more dead than alive;, and we're both soaked with sweat.;
29128;yes;more X than Y;dead;alive;alive - dead; Many of these companies could theoretically be worth ;more dead than alive; for the assets on their balance sheets.;
34472;yes;more X than Y;dead;alive;alive - dead;" She and Dubois, her maid, then had to climb a mountain; they arrived at Cirey ";more dead than alive;.;
17284;yes;more X than Y;dead;alive;alive - dead; He sat on @ @ @ @ @ @ @ @ @ @ hands dangling between them, feeling ;more dead than alive;.;
21590;yes;more X than Y;dead;alive;alive - dead; I was washed ashore, who knows where, ;more dead than alive;.;
26386;yes;more X than Y;dead;alive;alive - dead; It was November, pouring rain, he was ;more dead than alive;.;
1821;yes;more X than Y;dead;alive;alive - dead;" "" I did fall at the crest and the Observer staggered on a few yards to the station, and fell against the door ";more dead than alive;.;
3918;yes;more X than Y;dead;alive;alive - dead;" "" You're worth ";more dead than alive;", "" laughs Potter.";
5227;yes;more X than Y;dead;alive;alive - dead; <p> Who has not felt ;more dead than alive;?;
2798;yes;more X than Y;dead;alive;alive - dead;" "" She had repeated infections, allergies, strep throat, bloating, mental confusion, depression, and simply felt ";more dead than alive;.;
26679;yes;more X than Y;alive;dead;alive - dead; It was simple economics: The elephants were worth ;more alive than dead;.;
37144;yes;more X than Y;dead;alive;alive - dead; Texas collecting death benefits on its retired employees seems ghoulish to many people and gives the impression former workers are worth ;more dead than alive;.;
3853;yes;more X than Y;dead;alive;alive - dead;" "" Yes, "" he said, "" and that's why his business was worth ";more dead than alive;.;
49618;yes;more X than Y;dead;alive;alive - dead; When the waiting creatures had given up, the muskrat floated to the surface ;more dead than alive;, but he clutched in his paws a mall morsel of soil.;
38835;yes;more X than Y;alive;dead;alive - dead; The book @ @ @ @ @ @ @ @ @ @ through academia, including lessons learned that have helped keep me, at 79, ;more alive than dead;.;
29689;yes;more X than Y;dead;alive;alive - dead; More of a bush, really, if one were honest, and a bush ;more dead than alive; at that.;
52736;yes;more X than Y;alive;dead;alive - dead; the slaughter finally stopped when Hyder, seemingly oblivious to humanitarian considerations, was persuaded by his French officers that the Englishmen were worth ;more alive than dead;.;
31797;yes;more X than Y;dead;alive;alive - dead; One day a more ambitious fellow leaped beyond the edge of the bowl and fell on the floor, where I found him to all appearance ;more dead than alive;.;
6344;yes;more X than Y;dead;alive;alive - dead;" Across the room, a man in a wheelchair, another "" ghost "" (LEONARD), stares through eyes which seem ";more dead than alive;.;
15241;yes;more X than Y;dead;alive;alive - dead; For by the time you left in 85, when Stanley did, you were ;more dead than alive; from wounds and fevers.;
23147;yes;more X than Y;dead;alive;alive - dead; In a way, my pictures were apparently worth ;more dead than alive;.;
30609;yes;more X than Y;dead;alive;alive - dead; No food cards are issued to Germans, who are forced to travel on foot into the Russian zone, often ;more dead than alive;.;
5891;yes;more X than Y;dead;alive;alive - dead; A mere handful made it back to England, and those ;more dead than alive;.;
16244;yes;neither X nor Y;dead;alive;alive - dead; Grace had once told him about Schrodinger's cat, which was ;neither dead nor alive; but half of each until quantum mechanics determined which would be the case.;
34197;yes;neither X nor Y;dead;alive;alive - dead; Schrdinger's cat is ;neither dead nor alive; unless we obtain information about her state.;
12932;yes;neither X nor Y;alive;dead;alive - dead; Coulter and her minions use a special guillotine to sever children from their daemons-their souls, externalized in the form of animals-leaving the children ;neither alive nor dead;.;
47482;yes;neither X nor Y;alive;dead;alive - dead; Turns out he was just chosen to be the new host for the Specter and he's ;neither alive nor dead; now.;
16914;yes;neither X nor Y;dead;alive;alive - dead; He hypothesizes that as long as he does not open the box she is ;neither dead nor alive;.;
31129;yes;neither X nor Y;dead;alive;alive - dead; Now he is a creature of wires and tubes, ;neither dead nor alive;.;
24305;yes;neither X nor Y;alive;dead;alive - dead; Indeed these bodies were ;neither alive nor dead;"; they floated dizzyingly at the borderline between corps and corpse.";
38966;yes;neither X nor Y;alive;dead;alive - dead; The cat is ;neither alive nor dead;" until you open the box; the experimenter is intimately entangled in the experiment.";
40367;yes;not X, but Y;dead;alive;alive - dead;" The king therefore smiled at the news, and embracing the countess, said to her: "" Your own eyes may convince you that I am ";not dead, but alive;.;
17577;yes;whether X or Y;dead;alive;alive - dead; He was known as Afouto because he was very imposing and he was afraid of no man, ;whether dead or alive;.;
44973;yes;whether X or Y;alive;dead;alive - dead; They saw no Indians, ;whether alive or dead;.;
20137;yes;whether X or Y;dead;alive;alive - dead; I expect we'll see him soon enough, though ;whether dead or alive; I could n't guess.;
11193;yes;whether X or Y;alive;dead;alive - dead; But it is the bodies, ;whether alive or dead;, that Titus fixes on.;
27614;yes;whether X or Y;dead;alive;alive - dead; It's the 21st century, after all, and classical composers - ;whether dead or alive; - need all the help they can get.;
50257;yes;X and Y;good;bad;bad - good; Why he's keeping count of ;good and bad; games, who knows?;
5900;yes;X and Y;good;bad;bad - good; A mixture of ;good and bad;.;
11241;yes;X and Y;good;bad;bad - good; But it's not necessarily a question of ;good and bad;.;
40213;yes;X and Y;good;bad;bad - good; The implicit attitude tests seek to uncover unconscious bias by, among other things, having test takers match black and white faces with ;good and bad; terms.;
52467;yes;X and Y;good;bad;bad - good; pvp-wise: During classic a lot of classes had ;good and bad; times.;
35725;yes;X and Y;good;bad;bad - good; So sure, we can all argue the ;good and bad; of a patchup job, and fail to look at fundamentals.;
16964;yes;X and Y;good;bad;bad - good; He is a reflection of what's ;good and bad;" about us, and we do n't want to admit it, "" Bill said.";
2933;yes;X and Y;good;bad;bad - good;" "" Suharto - the ";good and bad; The difficulty is partly due to the mixed feelings many have about Suharto, who, like many Indonesians, uses only one name.;
6801;yes;X and Y;good;bad;bad - good; All agents should also systematically collect notes on ;good and bad; experiences clients have had on recent trips.;
22720;yes;X and Y;good;bad;bad - good; If you know any married couples, you will find the First Ladies, ;good and bad;, tragic and heroic, satisfyingly and entertainingly familiar.;
46051;yes;X and Y;good;bad;bad - good; This long review will deal with some of TF's more striking arguments, ;good and bad;, that most others have not yet commented on.;
25187;yes;X and Y;good;bad;bad - good; It involves a wide variety of emotions and a mix of ;good and bad; days.;
52000;yes;X and Y;good;bad;bad - good; he is not intrested in anything we have tried punishment treats he has alot of attention ;good and bad; we are stuck on what to do now!;
25929;yes;X and Y;good;bad;bad - good; It must be said that he s well traveled and familiar with some influences from his father, ;good and bad; like the rest of us.;
51884;yes;X and Y;good;bad;bad - good; each character has ;good and bad; points and are very endearing despite their human issues.;
6856;yes;X and Y;good;bad;bad - good; All of it, ;good and bad;, every moment flensed away.;
23465;yes;X and Y;good;bad;bad - good; In fact, the NRA survey shows 45% of adults are sick of hearing what is ;good and bad; for them, up from 38% three years earlier.;
14383;yes;X and Y;good;bad;bad - good; Every taste has its own ;good and bad; points.;
9261;yes;X and Y;good;bad;bad - good; As they indiscriminately destroy ;good and bad; bacteria, our vulnerability to pathogens increases and our immunity decreases.;
25474;yes;X and Y;good;bad;bad - good; It is dangling and oscillating between positive and negative, ;good and bad;, right and wrong, the true and the false, highs and lows, thick and thin, and a whole heap of other dualities.;
5960;yes;X and Y;good;bad;bad - good; A photograph, I discover, brings everything with it, maybe everything the person ever registered in you, however conscious, ;good and bad;, whereas my eulogy was, shall I say, unabashedly occasional.;
43465;yes;X and Y;good;bad;bad - good; There is ;good and bad; in all groups of people.;
39637;yes;X and Y;good;bad;bad - good; The experiment suggests that the patient had lost his ability to link the social consequences of actions to a gut feeling of ;good and bad;.;
46409;yes;X and Y;good;bad;bad - good; This was ;good and bad;.;
23543;yes;X and Y;good;bad;bad - good; In his offices, the concepts of ;good and bad; karma carry the same weight as more traditional business measures.;
6394;yes;X and Y;good;bad;bad - good; Add humor and keep it to @ @ @ @ @ @ @ @ @ @ about ;good and bad; memories.;
52369;yes;X and Y;good;bad;bad - good; obviously, but that's ;good and bad;.;
52999;yes;X and Y;good;bad;bad - good;" yes, maybe we will have an Amazon style Company Town; but I bet its own internal contradictions will bring its demise and some newer form will emerge with ";good and bad;.;
21855;yes;X and Y;good;bad;bad - good; I'm a diehard Niner fan regardless of the qb, through ;good and bad;.;
5953;yes;X and Y;good;bad;bad - good; A person can @ @ @ @ @ @ @ @ @ @, for good reasons, or for some combination of ;good and bad; reasons.;
28857;yes;X and Y;good;bad;bad - good; Luke 15 and related-themed passages acknowledge that it is God who takes the initiative to save us, not us, and that God allows his bounty to be bestowed on ;good and bad; folks alike.;
38411;yes;X and Y;good;bad;bad - good; The abject poverty of his youth leaves certain marks, ;good and bad;.;
51507;yes;X and Y;good;bad;bad - good; Your own life on earth is a mixture of ;good and bad;, holiness and corruption, light and darkness.;
52027;yes;X and Y;good;bad;bad - good; history) rise to the perilous occasion and stand fixed and prepared to accept the consequences of their ;good and bad; decisions.;
21644;yes;X and Y;good;bad;bad - good; I will warn this finds ;good and bad; stuff, and makes no distinction, but Google is our friend if we're suspicious.;
4353;yes;X and Y;good;bad;bad - good; (n44) It can be briefly summarized as follows: In early infancy the mechanisms of splitting and projection create a fantasy world split into ;good and bad; objects.;
1802;yes;X and Y;good;bad;bad - good;" "" I am what I am, with ";good and bad;.;
17324;yes;X and Y;good;bad;bad - good; He sees them as they are, ;good and bad;.;
1309;yes;X and Y;good;bad;bad - good;" "" Classic ";good and bad; news.;
8079;yes;X and Y;good;bad;bad - good; And teachers can not have it both ways -- you will have to pick one, with the ;good and bad; that comes with whatever choice.;
9774;yes;X and Y;good;bad;bad - good; Basically if you look in all cultures throughout history you will find that there are good people and bad people, and also that most people are a mixture of ;good and bad; (just the ratios vary).;
35236;yes;X and Y;good;bad;bad - good; Show topics will include the best and worst teams, best players, biggest stories, and the effect of ESPN's constant coverage on fan, player, and coach behavior, ;good and bad;.;
35803;yes;X and Y;good;bad;bad - good; So without further ado, we outline some of the ;good and bad; bits of the game, as seen by some of the previewers.;
17697;yes;X and Y;good;bad;bad - good; He'd had enough of the endless seesawing of predictions and suppositions, of ;good and bad; news, that the coming and going in the hotel garden conveyed to those above.;
14350;yes;X and Y;good;bad;bad - good; Every group, conservatives, liberals, communist, socialist, Christians, Catholics, Teachers, Shoe Salesmen etc have the ;good and bad;.;
9920;yes;X and Y;good;bad;bad - good; Because it separates facts and values, political science is wholly unable to distinguish ;good and bad; regimes.;
52718;yes;X and Y;good;bad;bad - good; the list of so-called ;good and bad; foods) and do n't focus on the root problem to get to the proper ecology (i.;
53180;yes;X and Y;good;bad;bad - good;) But we're learning so much about how young brains evolve, how they actually can be rewired by experiences, ;good and bad;, especially under 5.;
14672;yes;X and Y;good;bad;bad - good; Factor 4, the Pessimistic perspective maintains that human nature is inherently bad, some allowance is given to the belief that human nature may be a combination of ;good and bad; qualities.;
26618;yes;X and Y;good;bad;bad - good; It was n't a question of ;good and bad;" people; it was really about behavior.";
45542;yes;X and Y;good;bad;bad - good; This closed off the possibility of utilizing the inherent contradiction of the double bind, and allowed him to play each of the valences out in unitary relationships to father and uncle, as ;good and bad; objects respectively.;
2976;yes;X and Y;good;bad;bad - good;" "" That person was a stranger, and remember I told you that there are ";good and bad; strangers?;
13773;yes;X and Y;good;bad;bad - good; ENEMY LINES an opposing coach's view Any NBA scout @ @ @ @ @ @ @ @ @ @ on this team, but that can be ;good and bad;.;
13030;yes;X and Y;good;bad;bad - good; Cultural values refer to a set of priorities that guide such notions as ;good and bad;, fair and unfair, and fight and wrong.;
30612;yes;X and Y;good;bad;bad - good; No greater power did Zarathustra find on earth than ;good and bad;.;
39276;yes;X and Y;good;bad;bad - good; The crowd was small, everyone's memories a mix of ;good and bad;.;
21663;yes;X and Y;good;bad;bad - good; I wo n't speak for them directly, but I hope our publishers will chime in on how they view the ;good and bad; of ad networks - us and others.;
6846;yes;X and Y;good;bad;bad - good; All in all, parasites can have ;good and bad; affects on humans.;
3335;yes;X and Y;good;bad;bad - good;" "" There's ";good and bad;.;
51992;yes;X and Y;bad;good;bad - good; have my ;bad and good; days, like yesterday I ate a Arby's melt (which I looked online later and found out it was a freakin crazy 541 calories.;
6595;yes;X and Y;good;bad;bad - good; After all, things here for her were just what they seemed to be: ;good and bad;, cool and warm, sad and festive.;
697;yes;X and Y;good;bad;bad - good;" "" "" That's not always the case, because with a lot of movies I've done, ";good and bad;, they speak for themselves.;
53461;yes;X and Y;good;bad;bad - good;", a process Japanese called the "" convoy system, "" in which ";good and bad; companies were forced to cruise along together with strong companies footing the bill for mistakes made by others.;
40665;yes;X and Y;good;bad;bad - good; The master said, What is the reason that when I ordered thee to buy me ;good and bad; food, thou didst bring tongues?;
19404;yes;X and Y;good;bad;bad - good; However, the unperfected soul travels along the path of darkness to temporary celestial or dark realms in order to live out the effects of ;good and bad; deeds, and then reincarnates.;
51297;yes;X and Y;good;bad;bad - good; You should go to church for your own benefit to be with people of like faith to encourage you to get you through your week and to be there for you during ;good and bad; times.;
10573;yes;X and Y;good;bad;bad - good; Bravo need to make a show called @ @ @ @ @ @ @ @ @ @ balance of ;good and bad; gays.;
6582;yes;X and Y;good;bad;bad - good; After all, people in the humanities do n't experiment, do n't have controls, disagree about what's ;good and bad;, and overall seem a very funny bunch of guys.;
20763;yes;X and Y;good;bad;bad - good; I love it all, ;good and bad;, so who cares what videos get posted?;
43779;yes;X and Y;good;bad;bad - good; There's ;good and bad; about that.;
31050;yes;X and Y;good;bad;bad - good; Nothing except what was already inside me, the perverse communion of corpus and cancer, the uninvited battle of ;good and bad; cells.;
1896;yes;X and Y;good;bad;bad - good;" "" I like the interaction of the customers -- ";good and bad;.;
39904;yes;X and Y;good;bad;bad - good; The game plays smoothly enough, though there are ;good and bad; aspects to the GamePad integration.;
43246;yes;X and Y;good;bad;bad - good; There are ;good and bad; publishing venues, and rigorous and not-so-rigorous fields in academia.;
28496;yes;X and Y;good;bad;bad - good; Life is ;good and bad; and meh and so everything that can manifest in life can be good or bad or meh.;
32962;yes;X and Y;good;bad;bad - good; Petersen, meanwhile @ @ @ @ @ @ @ @ @ @ airlines have their ;good and bad;" days, "" he says.";
29225;yes;X and Y;good;bad;bad - good; Marriage in the personal sense, is a commitment between two people to love, honor, respect and care for one another, through ;good and bad; times.;
23255;yes;X and Y;good;bad;bad - good;" In all of the **32;2396;TOOLONG of ";good and bad;, bravery and weakness coexist.;
12539;yes;X and Y;good;bad;bad - good; Classified by the EPA as a pesticide, triclosan indiscriminately wipes out ;good and bad; bacteria.;
37598;yes;X and Y;bad;good;bad - good; That's something we should strive to eliminate but can never totally end in a world in which there are ;bad and good; people who can be mistaken for one another in the heat of a moment.;
11301;yes;X and Y;good;bad;bad - good; But most of us, the vast majority of us, are a grab-bag mix of ;good and bad;.;
16471;yes;X and Y;good;bad;bad - good; Have to support the kids through ;good and bad; seasons!;
7077;yes;X and Y;good;bad;bad - good; Also -- in a 30 or 40 year career they may have worked closely with high ranking generals, admirals, or high ranking DOD civilians and have seen some of them them making ;good and bad; command decisions.;
21333;yes;X and Y;good;bad;bad - good; I try to keep enough detachment to remember the relative unimportance of all this and to remember that the Beatles'influence was a mix of ;good and bad;.;
19856;yes;X and Y;good;bad;bad - good; I can see the ;good and bad; points of any game including GW2, however I'm not stupid enough to phrase my posts as you have.;
23262;yes;X and Y;good;bad;bad - good; In all three, a parent figure is split into diametrically opposed ;good and bad; sides: Auntie Em vs.;
1628;yes;X and Y;good;bad;bad - good;" "" He's a fan of edgy new music and judges ";good and bad; irrespective of particular labeling.;
47587;yes;X and Y;good;bad;bad - good; Under governmental institutions, he explains, good law is a public ;good and bad; law is a private good.;
50040;yes;X and Y;good;bad;bad - good; While living together we had ;good and bad; times.;
50225;yes;X and Y;good;bad;bad - good; Whoever wrote the abstract even mentioned that the Buddhists believed in a balance of ;good and bad; karma.;
6947;yes;X and Y;good;bad;bad - good; All the ;good and bad; diets out there are useless without a healthy mind.;
37671;yes;X and Y;good;bad;bad - good; The ;good and bad; news is we're getting close.;
32663;yes;X and Y;good;bad;bad - good; Participants viewed a 40-minute videotape of an elementary soccer lesson, commenting on ;good and bad; aspects of the lesson.;
47551;yes;X and Y;good;bad;bad - good; Ubi does ;good and bad; things.;
32633;yes;X and Y;good;bad;bad - good; Part I containing the alphabet, spelling lessons, and short stories of ;good and bad; boys or girls in words of one syllable only.;
10054;yes;X and Y;good;bad;bad - good; Before Abraham, God was acting in ways that covered the spectrum of ;good and bad;.;
53497;yes;X and Y;good;bad;bad - good;, desirable and undesirable acts produce corresponding ;good and bad; results.;
19489;yes;X and Y;good;bad;bad - good; Hybrids: Include characters ;good and bad;.;
19891;yes;X and Y;good;bad;bad - good; I constantly press my son's parents to tell me everything - ;good and bad;.;
13648;yes;X and Y;good;bad;bad - good; Dr Sears covers different types of discipline styles and seems relatively objective in reviewing what's ;good and bad; about each.;
15497;yes;X and Y alike;good;bad;bad - good; For teams, ;good and bad alike;, having players included on the ballot makes for good fodder for the in-game experience at arenas.;
46786;yes;X and Y alike;good;bad;bad - good; Throughout its history it has been used and manipulated, ;good and bad alike; selecting passages for their different ends.;
502;yes;X and Y alike;good;bad;bad - good; ;good and bad alike;.;
24270;yes;X and Y alike;good;bad;bad - good; Incapable of retaining teachers on the basis of merit, the system is talent-blind, wielding budget cuts like a blunt instrument that hacks away at ;good and bad alike;.;
22580;yes;X as opposed to Y;good;bad;bad - good; If we assume that routine visits to the doctor and dentist are indicators of ;good as opposed to bad; health, the results show black children to be in good health.;
17319;yes;X as well as Y;good;bad;bad - good;" He seems to speak out of both sides of his mouth; he has ";good as well as bad; things to say about women and Jews.;
40309;yes;X as well as Y;good;bad;bad - good;" The issue involved is usually stated in terms of blame or punishment, though it could also be stated in terms of praise and reward; luck can be ";good as well as bad;.;
19481;yes;X as well as Y;bad;good;bad - good; Hunters are just people, ;bad as well as good;.;
12917;yes;X as well as Y;good;bad;bad - good; Could T cells be ;good as well as bad;?;
22904;yes;X as well as Y;good;bad;bad - good; Impulsiveness, however, can seem ;good as well as bad;.;
30664;yes;X or Y;good;bad;bad - good; No matter what I say, it's blown out of proportion, whether it's ;good or bad;.;
14374;yes;X or Y;good;bad;bad - good; Every outcome you experience, both ;good or bad;, is the result of how you responded to the triggering event.;
39761;yes;X or Y;good;bad;bad - good; The first fact pretty much speaks for itself, and the degree to which that is ;good or bad; hinges on how one views the second fact.;
49280;yes;X or Y;good;bad;bad - good; Whatever deeds they do, ;good or bad;, of those they shall be heirs.;
3870;yes;X or Y;good;bad;bad - good;" "" You can never deduce a ";good or bad; movie down to one thing.;
16675;yes;X or Y;good;bad;bad - good; He did n't know whether it felt ;good or bad;, but he knew it felt safe.;
51190;yes;X or Y;good;bad;bad - good; You know that I call it like I see it, ;good or bad;.;
3914;yes;X or Y;good;bad;bad - good;" "" You're not going to make the same pitches, whether they were ";good or bad;.;
29854;yes;X or Y;good;bad;bad - good; Most noted is Woodpecker, an oracle who foretells ;good or bad; fortune.;
2134;yes;X or Y;good;bad;bad - good;" "" In which case, they deserve whatever they get, ";good or bad;", "" he said.";
23461;yes;X or Y;good;bad;bad - good; In fact, testers were at a loss to come up with anything to say about it, ;good or bad;"; it just does.";
14542;yes;X or Y;good;bad;bad - good; Everything you do can impact your company, ;good or bad;, everything you write (blog comments, Facebook comments, Facebook likes) leave an audit trail of your opinion.;
53108;yes;X or Y;good;bad;bad - good;'There's nothing ;good or bad;, but thinking makes it so.;
23408;yes;X or Y;good;bad;bad - good; In fact, Huxtable never says the building is ;good or bad; but describes it in terms that make her appreciation clear.;
33748;yes;X or Y;good;bad;bad - good; Remember that just about every trait can be seen as ;good or bad;.;
15210;yes;X or Y;good;bad;bad - good; For all acts are good or evil, as they savour of a ;good or bad; root, or principle in the heart.;
50989;yes;X or Y;good;bad;bad - good; You ask if we feminists are to determine if some desires are ;good or bad;.;
17849;yes;X or Y;good;bad;bad - good; Heaven forbid we discuss why certain policies are ;good or bad; on their merits instead of trying to figure out what the gods of property rights and freedom declare.;
30863;yes;X or Y;good;bad;bad - good; Not ;good or bad;, but interesting?;
33997;yes;X or Y;good;bad;bad - good; Romney will at the very least ;good or bad; tell us the truth.;
21936;yes;X or Y;good;bad;bad - good; I'm not saying it's ;good or bad;, I'm just saying six calls is impactful.;
7594;yes;X or Y;good;bad;bad - good;" And I keep seeing comments about Obama and how we "" elected "" him into office, whether it is ";good or bad;, plenty of people seem to be slamming the election.;
3916;yes;X or Y;good;bad;bad - good;" "" You're old enough to know if it's ";good or bad; for you.;
24721;yes;X or Y;good;bad;bad - good; Is this ;good or bad;?;
14315;yes;X or Y;good;bad;bad - good; Ever since Barry made his way into my 12 mind and made me love the game, I have emotion and passion for the Detroit Lions, ;good or bad;.;
22652;yes;X or Y;good;bad;bad - good; If you can handle the worst of circumstances from the wrong choice then you have successfully mitigated the risk and you are ready to freely accept the results of your decision, ;good or bad;.;
39975;yes;X or Y;good;bad;bad - good; The good thing about a rivalry game like this, and a win in it, is that it makes everything look ;good or bad;.;
21717;yes;X or Y;good;bad;bad - good; I would n't say that's ;good or bad;, it's just a difference in design, Gedrose says.;
24958;yes;X or Y;good;bad;bad - good; It does n't define him as ;good or bad;" but it seems that many here see him as a "" good gay "" because he supposedly did not engage in any kind of intimate relations.";
20065;yes;X or Y;good;bad;bad - good; I do n't support the Libyan exercise or know if it is ;good or bad; intervention.;
36749;yes;X or Y;good;bad;bad - good; Such fare speaks of a people unsure of what it means to be ;good or bad;.;
20873;yes;X or Y;bad;good;bad - good; I once read that there are no bad or good premises, only ;bad or good; execution.;
7678;yes;X or Y;good;bad;bad - good; And as a people, and as a nation, we suffer because of a blindness that will not allow us to see what is before us, ;good or bad;.;
49884;yes;X or Y;good;bad;bad - good;" Whether these new "" demands "" are viewed as ";good or bad; news is not the point.;
49823;yes;X or Y;good;bad;bad - good; Whether it was ;good or bad; luck @ @ @ @ @ @ @ @ @ @ child from her unfaithful husband.;
8071;yes;X or Y;good;bad;bad - good; And so, this Christianity Quiz is not intended to say whether you are @ @ @ @ @ @ @ @ @ @ to say whether you are a ;good or bad; person.;
11883;yes;X or Y;good;bad;bad - good; But you @ @ @ @ @ @ @ @ @ @ that mean anything, ;good or bad;?;
2740;yes;X or Y;good;bad;bad - good;" "" Regardless of whether we think it's ";good or bad;, it's the way we're used to receiving information.;
52483;yes;X or Y;good;bad;bad - good; religion (never mind ;good or bad;, true or false) is!;
44430;yes;X or Y;good;bad;bad - good; They are both 10,000 dollars but one is real and personally emotional -- but the other is unemotional and score keeping and involves rational choice/decision making-;good or bad;, it is under your control.;
8844;yes;X or Y;good;bad;bad - good; As I explained then, the archbishop was simply recognizing the rights to sustenance that a priest, ;good or bad;, child abuser or not, has from the diocese according to the Code of Canon Law.;
5377;yes;X or Y;bad;good;bad - good; @ @ @ @ @ @ @ @ @ @ merely an incentive for contestants to expose their own instincts - ;bad or good;.;
24693;yes;X or Y;good;bad;bad - good; Is that ;good or bad; design?;
22121;yes;X or Y;good;bad;bad - good; Idk if that's ;good or bad; but i do it.;
51894;yes;X or Y;good;bad;bad - good; either to a ;good or bad; place i was indeed swayed by them.;
19000;yes;X or Y;good;bad;bad - good; Hopefully, this will be a @ @ @ @ @ @ @ @ @ @ situations, ;good or bad;.;
45634;yes;X or Y;good;bad;bad - good; This film is only ;good or bad; in the eye of the person who see's it, even if 99.;
31368;yes;X or Y;good;bad;bad - good; Of all the things that EW is, ;good or bad;, being vapid is no where near the truth.;
1829;yes;X or Y;good;bad;bad - good;" "" I do n't know if it's ";good or bad;.;
53683;yes;X or Y;good;bad;bad - good;"10: "" For we must all appear before the judgment seat of Christ; that every one may receive the things done in his body, according to that he hath done, whether it be ";good or bad;.;
27117;yes;X or Y;good;bad;bad - good; It's a consequence, but it's up to those who deal with it to turn it into something ;good or bad;.;
20027;yes;X or Y;good;bad;bad - good; I do n't know if it's ;good or bad;, successful or unsuccessful, but we all do know that the head of the Windows department there just recently kind of left the company.;
6349;yes;X or Y;good;bad;bad - good; Actions have consequences, and as parents we have the power to decide what those consequences will be, ;good or bad;, thus training our child(ren) to do or not do certain things (like throwing fits).;
24451;yes;X or Y;good;bad;bad - good; Instead of drawing events you draw village encounters, which can be ;good or bad; or just.;
49821;yes;X or Y;good;bad;bad - good; Whether it is ;good or bad;, it is not you.;
51975;yes;X or Y;good;bad;bad - good; group housing before legislation dictates how farmers house pigs because with proper management and pig selection, both systems can be ;good or bad;.;
31140;yes;X or Y;good;bad;bad - good; Now is it ;good or bad;?;
24663;yes;X or Y;good;bad;bad - good; Is it going to be ;good or bad;?;
17048;yes;X or Y;bad;good;bad - good; He knows when you are sleeping, he knows when you're awake, he knows if you've been ;bad or good;, but he swings a club like a bunker rake.;
49866;yes;X or Y;good;bad;bad - good; Whether the change is ;good or bad; is almost irrelevant: change is in and of itself a signal to investors of impending short-term gains.;
4535;yes;X or Y;good;bad;bad - good; -- without giving a hint of what he thought was ;good or bad;.;
49919;yes;X or Y;good;bad;bad - good; Which I still have n't figured out is a ;good or bad; thing.;
33929;yes;X or Y;good;bad;bad - good; Right, wrong, ;good or bad;, that's held in high esteem in our society today.;
34476;yes;X or Y;good;bad;bad - good; She and her husband wish this would go away but it's not unless they @ @ @ @ @ @ @ @ @ @, ;good or bad; or whether she agrees with them.;
35668;yes;X or Y;good;bad;bad - good; So is this a ;good or bad; thing?;
3882;yes;X or Y;good;bad;bad - good;" "" You do n't know if she's going to turn out ";good or bad;.;
45903;yes;X or Y;good;bad;bad - good; This is neither a ;good or bad; thing, so long as the product being displayed in PLAs are highly relevant.;
49307;yes;X or Y;good;bad;bad - good; Whatever's happened, whether it's ;good or bad;", has gone, "" said Hodgson.";
48991;yes;X or Y;good;bad;bad - good; What Canada is doing, ;good or bad;, is about the same as what we are doing.;
53559;yes;X or Y;good;bad;bad - good;", remembered thinking, adding, "" I'm not quite sure if it's ";good or bad;.;
49846;yes;X or Y;good;bad;bad - good; Whether or not they were ;good or bad; films, it was enough to make you want to kill yourself.;
26075;yes;X or Y;good;bad;bad - good; It sends the message that we can choose to identify life essentially as ;good or bad; and that mindset might be the only control we have.;
21222;yes;X or Y;good;bad;bad - good; I think that a person should be remembered for what he/she has accomplished in life, no matter if ;good or bad; and that includes his/her mistakes (or what others perceive as such).;
23793;yes;X or Y;bad;good;bad - good; In rural areas, in good years agricultural production accounts for the diversity of meals, but in urban poverty this diversity is largely dependent on cash to produce meals regardless of ;bad or good; years.;
49856;yes;X or Y;good;bad;bad - good; Whether that is a ;good or bad; thing remains unseen, but it leaves one with a tantalizing question.;
3389;yes;X or Y;good;bad;bad - good;" "" They leave it to other brain areas to decide whether "" this "" is ";good or bad;.;
51403;yes;X or Y;good;bad;bad - good; You're old enough to know if it's ;good or bad; for you.;
33506;yes;X or Y;good;bad;bad - good; Rand's ideas may be ;good or bad;, as Yogis we can accept without a need to judge.;
20305;yes;X or Y;good;bad;bad - good; I guess it just goes to show movies are not just about ;good or bad; but about how personal it is, and that depends on what you've seen and felt of and from life yourself.;
17773;yes;X or Y;bad;good;bad - good; He's just not worried about it no matter if it's ;bad or good;.;
14228;yes;X or Y;good;bad;bad - good; Even the best refs will miss or misread plays, but in fairness, both teams are subject to the same ;good or bad; calls, and there are no rewinds for anyone.;
53540;yes;X or Y;good;bad;bad - good;, makes a lexical decision, categorizes as a ;good or bad; object, etc @ @ @ @ @ @ @ @ @ @ target stimulus (e.;
2192;yes;X or Y;bad;good;bad - good;" "" It is not because a thing is ";bad or good;" that it succeeds--merely how much strength we put into the desire for it, "" he went on.";
2149;yes;X or Y;good;bad;bad - good;" "" Is that ";good or bad;?;
41412;yes;X or Y;good;bad;bad - good; The problem here is that there's no obvious ;good or bad; way.;
44448;yes;X or Y;good;bad;bad - good; They are even dubious about the idea that particular foods are ;good or bad;.;
22237;yes;X or Y;good;bad;bad - good; If charged with crime, he is incapable, generally, of determining for himself whether the indictment is ;good or bad;.;
48698;yes;X or Y;good;bad;bad - good; We thought that it is one-sided and only brings up what is of interest rather than the ;good or bad; things Americans do.;
33792;yes;X or Y;good;bad;bad - good; Republicans and Democrats support @ @ @ @ @ @ @ @ @ @ now for recycling is not whether it's ;good or bad;.;
51504;yes;X or Y;good;bad;bad - good; Your mother is your mother: ;good or bad;, fabulous or indifferent, each one irreplaceable.;
8905;yes;X or Y;good;bad;bad - good; As a business owner, if I have to have only'good'customers to stay in the black, and I ca n't be sure whether you're ;good or bad; because you wo n't share your data with me.;
4063;yes;X or Y;good;bad;bad - good;" &gt;Well, what do you think about what &gt;he's done internationally in the last four years do you think &gt;that he has been ";good or bad;?;
4390;yes;X or Y;good;bad;bad - good; (not Willie, he is an all-time great player) I am getting bored pointing out that stats can be twisted and picked over to show players look ;good or bad;.;
31143;yes;X or Y;good;bad;bad - good; Now it can be debated whether it was a ;good or bad; policy.;
32758;yes;X or Y;good;bad;bad - good; People are allow to judge themselves if it's ;good or bad;.;
43615;yes;X or Y;good;bad;bad - good; There is simply no compromise with democracy - ;good or bad;.;
39425;yes;X or Y;good;bad;bad - good; The difference is ;good or bad; government.;
14167;yes;X or Y;good;bad;bad - good;" Even if the question is formulated somewhat differently: "" Is the existence of cultural stereotypes ";good or bad;?;
36966;yes;X or Y;good;bad;bad - good; TREUHAFT: We went down to Sunnyvale, to a bar, for an event planned for that night, ;good or bad;.;
33839;yes;X or Y;good;bad;bad - good; Results say nothing about whether an investment was ;good or bad;.;
37326;yes;X rather than Y;bad;good;bad - good; That is true, but that only takes away from its perfection if its over-all state is ;bad rather than good;.;
3504;yes;X, not Y;bad;good;bad - good;" "" Thor was being made up, but this time it was to make him look ";bad, not good;.;
5406;yes;X, not Y;good;bad;bad - good; @ @ @ @ @ @ @ @ @ @ oriented toward making things smell ;good, not bad; or even true to life.;
14513;yes;X, not Y;good;bad;bad - good; Everything seems to be okay - not ;good, not bad;.;
48719;yes;X, not Y;good;bad;bad - good; We want to feel ;good, not bad;.;
45727;yes;X, not Y;good;bad;bad - good; This is ;good, not bad;.;
30864;yes;X, not Y;good;bad;bad - good; Not ;good, not bad;.;
26085;yes;X, not Y;good;bad;bad - good; It should make me feel ;good, not bad;.;
28761;yes;X, not Y;good;bad;bad - good; Look, on average, we are living longer, which says to me that the net effect of all human actions is ;good, not bad;.;
6789;yes;X, not Y;good;bad;bad - good;" All I keep hearing is that "" inflammation is ";good, not bad;, the body knows what it is doing.;
49260;yes;X, not Y;good;bad;bad - good; What's great about underdog books is that they're out to make you feel ;good, not bad;.;
13159;yes;X, not Y;good;bad;bad - good; Day Lewis earned his Oscar, and the rest of the csting was convincing, The music in the filmed story was simply ok, not ;good, not bad;.;
25529;yes;X, not Y;good;bad;bad - good; It is imperative to remember that finding bugs is ;good, not bad;.;
30859;yes;X, not Y;bad;good;bad - good; Not ;bad, not good; just zero.;
37543;yes;X, not Y;good;bad;bad - good; That's ;good, not bad;.;
11471;yes;X, not Y;good;bad;bad - good; But that's ;good, not bad;.;
19916;yes;X, not Y;good;bad;bad - good; I could see ;good, not bad;.;
31836;yes;between X and Y;good;bad;bad - good; One man is not necessarily as good as another, and we have a responsibility to discriminate ;between good and bad; not just in isolated acts, but in human character.;
13454;yes;between X and Y;good;bad;bad - good; Distinguishing ;between good and bad; should be stated again and @ @ @ @ @ @ @ @ @ @ got it!;
8891;yes;between X and Y;good;bad;bad - good;" As Strauss noted, "" the substitution of the distinction between progressive and reactionary for the distinction ";between good and bad; is another aspect of the discovery of history.;
31895;yes;between X and Y;good;bad;bad - good; One only need think about 9-11 and @ @ @ @ @ @ @ @ @ @ you can distinguish ;between good and bad; regulation and de-regulation.;
6175;yes;between X and Y;good;bad;bad - good; A wise man who knows what is @ @ @ @ @ @ @ @ @ @ ;between good and bad;.;
51270;yes;between X and Y;bad;good;bad - good; You never know what is going to happen in your life, and I believe there's always a balance ;between bad and good; things.;
22753;yes;between X and Y;good;bad;bad - good; If you think deeply about that, you might agree with Jason and many others that the materialist has no basis upon which to make any distinctions ;between good and bad; or beautiful and ugly.;
37322;yes;between X and Y;good;bad;bad - good; That is to refrain from giving good @ @ @ @ @ @ @ @ @ @ difference ;between good and bad; advice has been transcended.;
40502;yes;between X and Y;good;bad;bad - good; The line ;between good and bad;, base and pure, just and unjust was crossed and invalidated by both sides.;
7160;yes;between X and Y;good;bad;bad - good; Also, the ideological certainties that allow us to draw sharp lines ;between good and bad;" and the cold war distinctions between "" them "" and "" us "" may have gone.";
34215;yes;between X and Y;good;bad;bad - good; Scientists have determined that when the delicate balance ;between good and bad; bacteria is adversely altered, the body is overloaded with toxins and disease.;
13451;yes;between X and Y;good;bad;bad - good; Distinctions ;between good and bad;", right and wrong, were mere linguistic conventions; they had no reality in and of themselves.";
21199;yes;between X and Y;good;bad;bad - good; I think its a shame that difference ;between good and bad; design for you can be boiled down to the ability to b.;
10041;yes;between X and Y;good;bad;bad - good; Become knowledgeable about the industry you wish to go into and learn to differentiate ;between good and bad; business investments.;
16292;yes;between X and Y;good;bad;bad - good; Great firewalls can differentiate ;between good and bad; traffic, alert you to serious trouble, and @ @ @ @ @ @ @ @ @ @ an educated decision about whether to allow it.;
43704;yes;between X and Y;good;bad;bad - good; There was nothing on but a documentary about leukemia that spotlighted three American casualties of the war ;between good and bad; white blood cells: a man, woman, and child whose stoicism never faltered on camera.;
20923;yes;between X and Y;good;bad;bad - good; I ran in 2002 because I've seen the difference ;between good and bad; education policy, and we ca n't afford many more bad decisions like No Child Left Behind.;
45553;yes;between X and Y;good;bad;bad - good; This conception of film form will count relations between representational elements of a film -- such as the contrast ;between good and bad; characters -- as a contribution to the form of the film.;
45007;yes;between X and Y;good;bad;bad - good; They still had to make choices ;between good and bad;, between right and wrong.;
2200;yes;between X and Y;good;bad;bad - good;" "" It is this blurring of the line ";between good and bad; that the area's narcos - drug traffickers and growers - want to encourage, says Jose Luis Esteban Martinez, Culiacan's police chief.;
30965;yes;between X and Y;good;bad;bad - good; Not raging inferno across the whole country, but something like 50-75% more fire area burned per year than during past decades (with large variations ;between good and bad; years, as now).;
6462;yes;between X and Y;good;bad;bad - good; Adherents of this view presume that most minority or lower-income parents do not know the difference ;between good and bad; schools and that their children thus will end up in the latter.;
13402;yes;between X and Y;good;bad;bad - good; Differences ;between good and bad; cells can be subtle and the sheer numbers overwhelm the automated counters.;
52638;yes;between X and Y;good;bad;bad - good; t know the difference ;between good and bad;.;
3072;yes;between X and Y;good;bad;bad - good;" "" The blurred boundaries ";between good and bad; women in turn fueled men @ @ @ @ @ @ @ @ @ @ ever more tightly police their movements.;
40510;yes;between X and Y;good;bad;bad - good; The lines ;between good and bad; are blurring and I'm becoming rather jaded.;
24298;yes;between X and Y;good;bad;bad - good; Increasingly, many teachers of the humanities agree with the untutored opinion of their incoming students, that there is no such thing as a distinction ;between good and bad; taste.;
4073;yes;between X and Y;good;bad;bad - good;" &lt;tfic&gt; The M-W machine has contributed to the inability of school children in America to differentiate ";between good and bad; grammar.;
41534;yes;between X and Y;good;bad;bad - good; The question is, what's the relationship ;between good and bad;.;
53511;yes;between X and Y;good;bad;bad - good;, give therefore thy servant an understanding heart to judge thy people, that I may discern ;between good and bad;: for who is able to judge this thy so great a people?;
4608;yes;between X and Y;good;bad;bad - good; // Hours later, I was still driving aimlessly around Miami, thinking about how desperately the world needed an interrupter for bad love as I alternated ;between good and bad; neighborhoods, busy and empty areas.;
48474;yes;between X and Y;good;bad;bad - good; We have to differentiate here ;between good and bad; exhaust fumes.;
28686;yes;between X and Y;good;bad;bad - good; Little or no difference in sound ;between good and bad; hits.;
44220;yes;between X and Y;good;bad;bad - good; These researchers have proposed another pyramid reflecting the distinction ;between good and bad; fats and good and bad carbohydrates described earlier.;
11519;yes;between X and Y;good;bad;bad - good; But the degree to which the offense and defense are split ;between good and bad; truly is.;
24878;yes;between X and Y;good;bad;bad - good; It can distinguish ;between good and bad; action and articulate the various virtues and vices as well as the political facts that are constitutive of political life.;
22314;yes;between X and Y;good;bad;bad - good; If it's a tolerant team, the exchange, the evaluation ;between good and bad;, is so much quicker.;
23106;yes;between X and Y;good;bad;bad - good; In a holodome above this area, there is an urban street that allows visitors to switch ;between good and bad; lighting to see the impact of their actions.;
8029;yes;between X and Y;good;bad;bad - good; And river water will change ;between good and bad;, depending on the time of year.;
15791;yes;between X and Y;good;bad;bad - good; From the Shirelles to TLC, girl groups have helped women hash out the differences ;between good and bad;, liberation and entrapment, love and dependency.;
35992;yes;between X and Y;good;bad;bad - good; Some had been ;between good and bad;, but most involved young men taking out their brethren over drug turf, women or just because.;
50785;yes;between X and Y;good;bad;bad - good; Yes, I know the difference ;between good and bad;" grammar; no, I do n't give a rat's ass.";
5089;yes;both X and Y;good;bad;bad - good; <h> Game of @ @ @ @ @ @ @ @ @ @ had everything -- ;both good and bad;.;
12441;yes;both X and Y;good;bad;bad - good; Children this age can comprehend there are ;both good and bad; strangers.;
45296;yes;both X and Y;good;bad;bad - good; They're faceted and present many faces at once -- ;both good and bad;.;
7913;yes;both X and Y;good;bad;bad - good; And it's ;both good and bad;.;
19932;yes;both X and Y;good;bad;bad - good; I definitely eat differently having to prepare food for children, and that's ;both good and bad;.;
4067;yes;both X and Y;good;bad;bad - good;" &lt;/p&gt;&lt;p&gt; The gameplay in Assassin's Creed 3 is actually more of the same, which is ";both good and bad;.;
37221;yes;both X and Y;good;bad;bad - good; That can be ;both good and bad;.;
53488;yes;both X and Y;bad;good;bad - good;, came back with news, ;both bad and good;.;
34803;yes;both X and Y;good;bad;bad - good; She opened my eyes to the idea that anything was possible, ;both good and bad;.;
45720;yes;both X and Y;good;bad;bad - good; This is ;both good and bad;, to be sure.;
6852;yes;both X and Y;good;bad;bad - good; All normal people seem to be overly self mindful of their body dimensions, and it maybe it can be ;both good and bad;.;
47360;yes;both X and Y;good;bad;bad - good; Traditions and memories, ;both good and bad;, die hard.;
11613;yes;both X and Y;good;bad;bad - good; But the timing of the fall proves ;both good and bad;.;
37220;yes;both X and Y;good;bad;bad - good; That can be ;both good and bad; but in my mind it's been almost all good and has contributed to a big part of what gives the saga it's soul.;
4065;yes;both X and Y;good;bad;bad - good;" &lt;/p&gt;&lt;p&gt; "" Rise of the Guardian "" has its moments - ";both good and bad;.;
35088;yes;both X and Y;good;bad;bad - good; She was trying to set the state up for ;both good and bad; times in the oil industry, and that's very sensible.;
36452;yes;both X and Y;good;bad;bad - good; Starting midstream can be ;both good and bad;.;
24437;yes;both X and Y;good;bad;bad - good; Instead he focuses on companies with market niches that allow them to generate earnings growth in ;both good and bad; economic times.;
3241;yes;both X and Y;good;bad;bad - good;" "" The sick bay's like a hotel that's ";both good and bad;.;
36606;yes;both X and Y;good;bad;bad - good; Stressful events, ;both good and bad;, can trigger @ @ @ @ @ @ @ @ @ @ of sleep.;
4577;yes;both X and Y;good;bad;bad - good;" // All of this-my "" ah-story "" as the Director had put it-had appeared in various papers, and it had given me a grisly celebrity with people ";both good and bad;.;
19713;yes;both X and Y;good;bad;bad - good; I am so grateful that you keep writing about what is going on in your life, sharing things ;both good and bad;, as well as the very real intensity of it all.;
16705;yes;both X and Y;good;bad;bad - good; He does not wear his Super Bowl ring, keeping it locked away instead, and said he is forgetting his past -- ;both good and bad; -- and focusing on the future.;
51575;yes;both X and Y;good;bad;bad - good; a fantasy world but it had all the relativity of our world and the human conditions -- ;both good and bad;!;
52701;yes;both X and Y;good;bad;bad - good; the energy you put into the world -- ;both good and bad; -- is exactly what comes back to you.;
50169;yes;both X and Y;good;bad;bad - good; While you need ;both good and bad; bacteria in your body, too much of either can become a problem for you.;
37175;yes;both X and Y;good;bad;bad - good; Thanks for always finding the right things to point out--;both good and bad;!;
19700;yes;both X and Y;good;bad;bad - good; I am prone to exaggeration, which is ;both good and bad;.;
28578;yes;both X and Y;good;bad;bad - good; Like good and bad cholesterol, there appear to be ;both good and bad; volatility.;
14126;yes;both X and Y;good;bad;bad - good; Even a cursory run through Christian media outlets suggests that Western Christianity of the last decade has been very engaged in the production of art ;both good and bad;.;
7724;yes;both X and Y;good;bad;bad - good; And by typing in cartoon like speech bubbles, I mingled with @ @ @ @ @ @ @ @ @ @ mission, I did find four serious surprises -- ;both good and bad;.;
41724;yes;both X and Y;good;bad;bad - good; The resulting environmental changes will be ;both good and bad;.;
46312;yes;both X and Y;good;bad;bad - good;" This so-called "" genericization "" can be ";both good and bad; for companies like Apple, which must balance their desire for brand recognition with their disdain for brand deterioration.;
8449;yes;both X and Y;good;bad;bad - good; And you've gotten lots of advice, ;both good and bad;.;
3642;yes;both X and Y;good;bad;bad - good;" "" We get ";both good and bad;" attention @ @ @ @ @ @ @ @ @ @ "" People will ask, Are you related to the building?";
11819;yes;both X and Y;bad;good;bad - good; But when a person takes antibiotics, ;both bad and good; bacteria are suppressed, allowing drug-resistant C.;
48656;yes;both X and Y;good;bad;bad - good; We should be content with what they did ;both good and bad;, but we should not judge'bad'by today's standards but rather by the standards of the time in question.;
44721;yes;both X and Y;good;bad;bad - good; They get a lot of attention ;both good and bad;.;
31301;yes;both X and Y;good;bad;bad - good; O'Neil, I have certainly met some very interesting people, with quite unique faces, ;both good and bad;.;
48880;yes;both X and Y;good;bad;bad - good; We've posted a few times regarding Harbor Freight's sales flyer, and each time it's elicited a number of comments ;both good and bad; regarding their tools'quality and price.;
10344;yes;both X and Y;good;bad;bad - good; Blood Lipid Profile When doctors order a lipid profile, they are measuring the levels of all the cholesterol in your blood, ;both good and bad;.;
34186;yes;both X and Y;good;bad;bad - good; Schneier's style marks him as a true nerd-someone who knows the potential, ;both good and bad;, of technology, which in our technocentric era is an asset.;
24835;yes;both X and Y;good;bad;bad - good; It brought back memories of the 1960's, ;both good and bad;, and demonstrated that politics today are no different than the 60's.;
20473;yes;both X and Y;good;bad;bad - good; I have seen contagious attitudes in many circumstances ;both good and bad;.;
45801;yes;both X and Y;good;bad;bad - good; This is a split decision, ;both good and bad;, but necessary, for with knowledge comes pain.;
1197;yes;both X and Y;good;bad;bad - good;" "" Both Cobain and his famously controversial wife Courtney Love emerge as real and troubled Generation Xers whose deep and abiding passions could be ";both good and bad; for one another.;
32057;yes;both X and Y;good;bad;bad - good; Opponents argue home-schooled kids miss out on vital social experiences - ;both good and bad;, including rites of passage such as homecomings, pep rallies and proms.;
38576;yes;both X and Y;good;bad;bad - good; The annual exodus to the hop fields, which was a longstanding tradition in subsistence strategies of the Coast Salish Indians, had ;both good and bad; consequences.;
48400;yes;both X and Y;good;bad;bad - good; We had the place to ourselves, a condition ;both good and bad;.;
13890;yes;both X and Y;good;bad;bad - good; Ed is entirely right that anti-spoofing technologies have ;both good and bad; uses (you want to make sure you get a good connection/copy of that open source program).;
22906;yes;both X and Y;good;bad;bad - good; In ;both good and bad;" times there is found the motif that people must "" pay "" -- that is, suffer -- for what they are doing.";
15775;yes;both X and Y;good;bad;bad - good; From my medical training, I knew it was important to learn from ;both good and bad; experiences.;
7607;yes;both X and Y;good;bad;bad - good; And I said,'No, she's going to be so happy, because you understand her, and this film is going to be about you loving her and allowing her to be ;both good and bad;.;
48256;yes;both X and Y;bad;good;bad - good; We both have studies that show moderate alcohol can be ;both bad and good; for the fetus.;
45158;yes;both X and Y;good;bad;bad - good; They were flawed and capable of ;both good and bad;.;
33889;yes;both X and Y;good;bad;bad - good; Richard Gere has played ;both good and bad; characters but here he is so slippery, so charming, so clever you forget what he is in the end, and that is the point.;
23633;yes;both X and Y;bad;good;bad - good; In my experience, nearly all innovations have had ;both bad and good; outcomes from different points of view.;
9289;yes;both X and Y;good;bad;bad - good; As we know, brands and organizations are the recipients of sentiment, ;both good and bad;.;
29171;yes;both X and Y;good;bad;bad - good; Many things ;both good and bad; happened in his lifetime that are worth reading.;
5857;yes;both X and Y;good;bad;bad - good; A lot of ;both good and bad; happened in this time period.;
46405;yes;both X and Y;good;bad;bad - good; This was ;both good and bad;.;
30477;yes;both X and Y;good;bad;bad - good; Nevertheless, events of great impact, ;both good and bad;, often occur in obscurity.;
21231;yes;both X and Y;good;bad;bad - good; I think that she has heard and seen a lot thru her years and it would be interesting to hear the stories she could tell-;both good and bad;.;
51264;yes;both X and Y;good;bad;bad - good; You need to do extensive market research to find out if your product or service is needed in ;both good and bad; economies because the economy will eventually recover.;
3493;yes;both X and Y;good;bad;bad - good;" "" This title of chapter VIII is to be taken literally, since "" God rules all events, ";both good and bad;.;
1509;yes;both X and Y;good;bad;bad - good;" "" Good words to remember in ";both good and bad; times, and the right ones to live by.;
7614;yes;both X and Y;good;bad;bad - good; And I tend to react less intensely to ;both good and bad; experiences.;
46098;yes;both X and Y;good;bad;bad - good; This means delivering ;both good and bad; news, but in a positive manner.;
1243;yes;both X and Y;good;bad;bad - good;" "" But that causes the child's anger to go underground -- he needs to be allowed to play out ";both good and bad; feelings.;
8842;yes;both X and Y;good;bad;bad - good; As I began to write my book, I wanted to include stories that showed that Lafitte is a combination of ;both good and bad;.;
29649;yes;both X and Y;good;bad;bad - good; Mopane, spicier than the usual camelthorn acacia-more like mesquite-but more subtle, evoking memories of times and places ;both good and bad;.;
52300;yes;both X and Y;good;bad;bad - good;" more "" genericization "" can be ";both good and bad; for companies like Apple, which must balance their desire for brand recognition with their disdain for brand deterioration.;
22833;yes;both X and Y;good;bad;bad - good; If your Web log is successful, your electronic community will grow, which can be ;both good and bad;.;
3338;yes;both X and Y;good;bad;bad - good;" "" There's an amazing chemistry in that room, ";both good and bad;", "" Trump @ @ @ @ @ @ @ @ @ @.";
46772;yes;both X and Y;good;bad;bad - good; Through the use of maps, globes, and other graphic means, students demonstrate the relationships, ;both good and bad;, between Texas and the Gulf of Mexico.;
39656;yes;both X and Y;good;bad;bad - good; The fact is that Putin's Russia, although it sports a glossy new coat of paint, remains Yeltsin's Russia underneath -- a truth with ;both good and bad; consequences.;
480;yes;both X and Y;good;bad;bad - good; ;both good and bad;.;
45721;yes;both X and Y;good;bad;bad - good; This is ;both good and bad;.;
41067;yes;both X and Y;good;bad;bad - good; The only difference is that basically more people just know who I am and more people get to form an opinion of me -- ;both good and bad;.;
18954;yes;both X and Y;good;bad;bad - good; History demonstrates certain possibilities, ;both good and bad;, that we had better not forget.;
12177;yes;both X and Y;good;bad;bad - good; Caffeine has no health benefits and simply is a stimulant (could be ;both good and bad;).;
29864;yes;both X and Y;good;bad;bad - good; Most of her sentimental memories, ;both good and bad;, stem from that place and time.;
7653;yes;both X and Y;good;bad;bad - good; And a number of food molecules and microbes have become familiar figures in the news, ;both good and bad;.;
11354;yes;both X and Y;good;bad;bad - good; But only time will tell the full effects -- ;both good and bad; -- that these tiny new inhabitants will have on our lives.;
41151;yes;both X and Y;good;bad;bad - good; The p53 proteins made by the genes, ;both good and bad;, get together in groups of four to form @ @ @ @ @ @ @ @ @ @ present.;
7198;yes;both X and Y;good;bad;bad - good; Although I've solicited free reviews, all of my reviews, ;both good and bad;, are honest opinions and I've learned from them.;
6513;yes;both X and Y;good;bad;bad - good; After @ @ @ @ @ @ @ @ @ @ the world, ;both good and bad;, are the result of the West.;
43276;yes;both X and Y;good;bad;bad - good; There are also plenty of anecdotes about what other families have done, ;both good and bad;", but I'm always a little uncomfortable with "" advice by anecdote "" vs.";
24402;yes;both X and Y;good;bad;bad - good; Inmon's a couple years younger than I am and the first part of his story, during his high school and college days in the mid-seventies, brought back memories, ;both good and bad;.;
23671;yes;both X and Y;bad;good;bad - good; In order to do so however, I wanted to include more examples of ;both bad and good; requirements lists.;
24830;yes;both X and Y;good;bad;bad - good; It breaks existing operational practices -- ;both good and bad; -- within @ @ @ @ @ @ @ @ @ @ of relating to the new leader.;
11041;yes;both X and Y;bad;good;bad - good; But he was afraid of ;both bad and good; news, of tumors, metastasizing cells, bloody bowels, heart gone flabby, and also afraid of the absence of these things.;
32354;yes;both X and Y;good;bad;bad - good; Our kids are sponges, soaking up everything they see and hear, ;both good and bad;.;
25465;yes;both X and Y;good;bad;bad - good;" It is called "" This is My Rifle "" which resonates with that dark humor of war and life in the military where ";both good and bad; memories are buried.;
37539;yes;both X and Y;good;bad;bad - good; That's ;both good and bad;.;
53066;yes;both X and Y;good;bad;bad - good;'Every kurgan has its own spirit - there is ;both good and bad; in them - and people here have suffered much misfortune since the Ice Princess was disturbed.;
49238;yes;both X and Y;good;bad;bad - good; What were their most important characteristics, ;both good and bad;?;
13065;yes;both X and Y;good;bad;bad - good; Customer experience stories -- ;both good and bad; -- can spread all over the world in no time, thanks to social media.;
29590;yes;both X and Y;good;bad;bad - good; Mitt said his experience, ;both good and bad;, is why he is best qualified to understand and fix the economy.;
43654;yes;both X and Y;good;bad;bad - good; There was ;both good and bad; news at that time.;
46846;yes;either X or Y;good;bad;bad - good; Thus there is a disjunction between the reality of science (it can lead to ;either good or bad;) and the propaganda of science (it is always good).;
50639;yes;either X or Y;good;bad;bad - good; Wolves, humans, and all other animals are n;either good or bad; (though they may do bad things), they just are.;
4816;yes;either X or Y;good;bad;bad - good; 2 Samuel 13:22 Absalom never said a word to Amnon, ;either good or bad;"; he hated Amnon because he had disgraced his sister Tamar.";
13215;yes;either X or Y;good;bad;bad - good; Dei xiv, 7) the holy Scripture uses both words in reference to ;either good or bad; things.;
45517;yes;either X or Y;good;bad;bad - good; This can be ;either good or bad;, depending on the person, therefore use these strategies sparingly and with great diligence.;
43836;yes;either X or Y;good;bad;bad - good; There's nothing ;either good or bad; but thinking makes it so.;
4995;yes;either X or Y;good;bad;bad - good; 6 Get some zing For most people, drinking coffee or tea in moderation does n't seem to be ;either good or bad; for blood pressure.;
44472;yes;either X or Y;good;bad;bad - good; They are n;either good or bad;, right or wrong, until we attach meaning to them.;
33209;yes;either X or Y;good;bad;bad - good;" Power, Control, and Security is what all government is about; that's n";either good or bad;"; it depends on what is motivating their decisions.";
15119;yes;either X or Y;good;bad;bad - good; Food needs to be categorized as ;either good or bad;.;
19412;yes;either X or Y;good;bad;bad - good; However, they can also increase narcissistic tendencies @ @ @ @ @ @ @ @ @ @, n;either good or bad; and it depends on the user how they are being applied.;
7010;yes;either X or Y;good;bad;bad - good; All we have is the good luck or the bad luck to meet certain people who will be ;either good or bad; for us.;
16642;yes;either X or Y;good;bad;bad - good;" He could not be either in or out; he could not make ";either good or bad; decisions.;
9767;yes;either X or Y;good;bad;bad - good; Based on the logic we get from this tree, we see things in life as being ;either good or bad;.;
31353;yes;either X or Y;bad;good;bad - good; Obviously, like lots of things, a pregnancy can be ;either bad or good; depending on the circumstances.;
8641;yes;either X or Y;good;bad;bad - good; Anything can be described in and out of existence and be made to look ;either good or bad;, even God.;
46832;yes;either X or Y;good;bad;bad - good; Thus one and the same action could be ;either good or bad;, depending on its motivation.;
1494;yes;either X or Y;good;bad;bad - good;" "" Genesis 31:24 Then God came to Laban the Aramean in a dream at night and said to him, "" Be careful not to say anything to Jacob, ";either good or bad;.;
33666;yes;either X or Y;bad;good;bad - good; Redistribution, per se is n;either bad or good;.;
4919;yes;either X or Y;good;bad;bad - good;" 31:23: "" And God came to Laban the Syrian in a dream by night, @ @ @ @ @ @ @ @ @ @ not to Jacob ";either good or bad;.;
9315;yes;either X or Y;good;bad;bad - good; As you can see, it's not so easy to label inflation as ;either good or bad; - it depends on the overall economy as well as your personal situation.;
1574;yes;either X or Y;good;bad;bad - good;" "" He no longer lives in a world where everything is ";either good or bad;.;
52194;yes;either X or Y;good;bad;bad - good; it is just code written by ;either good or bad; developers.;
32808;yes;either X or Y;good;bad;bad - good; People put out a certain vibe that is ;either good or bad;.;
1870;yes;either X or Y;good;bad;bad - good;" "" I have no looks at all, ";either good or bad;.;
45437;yes;either X or Y;good;bad;bad - good; This Destructive Karma also may be ;either good or bad;.;
50574;yes;either X or Y;good;bad;bad - good; Within both groups, effortlessness or naturalness was most frequently offered as a rationale for ;either good or bad; behavior.;
4797;yes;either X or Y;good;bad;bad - good; 19 Moral order guides the melodrama's plot, in which destiny leads the Manicbean characters to ;either good or bad; fates.;
48734;yes;either X or Y;good;bad;bad - good; We were ;either good or bad; depending on how many things we got done, and we assign feelings of guilt or pride to ourselves accordingly.;
32924;yes;either X or Y;good;bad;bad - good;" Perhaps the words of Hamlet were a prescient indicator suggesting the real problem underlying today's mental health problems, "" There's nothing ";either good or bad;" but thinking makes it so "" (Patterson, 1973, p.";
46317;yes;either X or Y;bad;good;bad - good; This species can ;either bad or good;.;
8838;yes;either X or Y;good;bad;bad - good; As Hamlet said, there is nothing ;either good or bad; but thinking makes it so.;
32865;yes;either X or Y;good;bad;bad - good; Perfection and imperfection exist only in the human realm of value judgment, as Shakespeare noted in Hamlet oThere is nothing ;either good or bad; but thinking makes it so.;
25752;yes;either X or Y;good;bad;bad - good; It is unique because if we are able to combine one colour with another, it will be ;either good or bad;.;
32671;yes;either X or Y;good;bad;bad - good; Participants were given 400 ms to categorize the animals as ;either good or bad;.;
6899;yes;either X or Y;good;bad;bad - good;" All people need to know that there will be consequences for their actions; ";either good or bad;.;
14712;yes;either X or Y;good;bad;bad - good; Fans stop rooting for teams and start rooting for individual players to do ;either good or bad;.;
45031;yes;either X or Y;good;bad;bad - good; They think the Lord will do nothing to them, ;either good or bad;.;
52288;yes;either X or Y;good;bad;bad - good; may be ;either good or bad;.;
18516;yes;either too X or too Y;bad;good;bad - good; His chief-in fact, his only problem in life seemed to be weather that was ;either too bad or too good; for his one fixed purpose.;
50980;yes;from X to Y;good;bad;bad - good; You are so right about how quickly things can go ;from good to bad; and we all feel guilty about it.;
12359;yes;from X to Y;bad;good;bad - good; Change was always in a certain order, not always necessarily ;from bad to good;.;
43763;yes;from X to Y;bad;good;bad - good; There will always be a range of companies, ;from bad to good;, and service providers that correlate to them.;
11874;yes;from X to Y;good;bad;bad - good; But with the arrival in Wales of male monotheism, the meanings of the Goddess's words were inverted ;from good to bad;, although popular loyalty often resisted clerical edict.;
51817;yes;from X to Y;bad;good;bad - good; chuckles Why, why look here, changing ;from bad to good; is as easy as taking your first step.;
27537;yes;from X to Y;good;bad;bad - good; It's proving to be a long grind that can swing ;from good to bad; within hours, let alone days and weeks.;
34427;yes;from X to Y;good;bad;bad - good; Several very compelling (yet anecdotal) accounts about people and animals health swinging ;from good to bad; as their diet went back an forth between conventional and GMO feeds.;
32387;yes;from X to Y;bad;good;bad - good; Our reality covers the whole human megillah, from feeble to fierce, ;from bad to good;, from endangered to dangerous.;
47009;yes;from X to Y;bad;good;bad - good; To be the @ @ @ @ @ @ @ @ @ @ have led something or someone from the depths of an abyss, to lead ;from bad to good; and low to high.;
52182;yes;how X or Y;good;bad;bad - good; it does n't matter timberland uk ;how good or bad; the economy is you do n't need to be throwing your hard earned money away with those junky boots.;
26620;yes;how X or Y;good;bad;bad - good; It was n't about ;how good or bad; the movie was (I'll see it on video), it was n't about the producers or Hollywood, is was about the ENDING CREDITS.;
40336;yes;how X or Y;good;bad;bad - good; The jury's still out for people to say ;how good or bad; it is.;
30639;yes;how X or Y;good;bad;bad - good; No matter ;how good or bad; a cover is, in comparison to the original, the cover wins.;
22084;yes;how X or Y;good;bad;bad - good; I, myself, know ;how good or bad; I have lived to this point.;
22319;yes;how X or Y;good;bad;bad - good; If it's painted outdoors, no matter ;how good or bad; the painting is, it will have a little bit of that magic.;
52285;yes;how X or Y;good;bad;bad - good; maps so far, but since they might be offset, I'm a bit nervous about ;how good or bad; the data might be.;
44777;yes;how X or Y;good;bad;bad - good; They have to watch and forecast weather and keep some proper storage if weather goes out of control so everyone can have proper food no matter ;how good or bad; the whether is.;
24221;yes;how X or Y;good;bad;bad - good; In this stage, the individual reaches a fundamental acceptance of his or her own life, regardless of ;how good or bad; it has been, and looks back and feels satisfied with the past.;
1633;yes;how X or Y;good;bad;bad - good;" "" He's one of @ @ @ @ @ @ @ @ @ @ do to his music, no matter ";how good or bad;, was going to change that.;
7923;yes;how X or Y;good;bad;bad - good; And it's nothing to do with ;how good or bad; we are.;
27458;yes;how X or Y;good;bad;bad - good; It's not about ;how good or bad; the resulting discussion is, and it's not about whether or not any discussion takes place.;
13938;yes;how X or Y;good;bad;bad - good; Either way you always wanted to be in the game no matter ;how good or bad; your team was.;
24968;yes;how X or Y;good;bad;bad - good; It does n't matter ;how good or bad; the guest postings were.;
23296;yes;how X or Y;good;bad;bad - good; In any case, the well-being of the people should be the indicator of ;how good or bad; a ruler is, and many of us just do n't see that happening in Armenia.;
40273;yes;how X or Y;good;bad;bad - good; The integrity cost represents ;how good or bad; one feels about acquiring the content in a given manner.;
1825;yes;how X or Y;good;bad;bad - good;" "" I do n't care ";how good or bad;" my stats are as long as we wi n, "" White said.";
3994;yes;how X or Y;good;bad;bad - good;" "" thing has to do with ";how good or bad; the movie was, and the critical perception of it.;
45255;yes;how X or Y;good;bad;bad - good; They would really know ;how good or bad; is that hospital, if it fits their needs, and if there is a better one nearby.;
4515;yes;how X or Y;good;bad;bad - good; -- No matter ;how good or bad; you have it, wake up each day thankful for your life.;
39754;yes;how X or Y;good;bad;bad - good; The first can do well, but the second one will likely be a smashing success regardless of ;how good or bad; it is.;
45378;yes;how X or Y;good;bad;bad - good;" Third, "" Overall, ";how good or bad; was your experience in (name of the group home)?;
31350;yes;how X or Y;good;bad;bad - good; Obviously, anyone with connected brain cells knows that a teenage girl's emotions are in overdrive and anything can make them upset and act impulsively regardless of ;how good or bad; their family situation is.;
52755;yes;how X or Y;good;bad;bad - good; there could be numerous ways to put an index on ;how good or bad; something on the news is.;
36430;yes;how X or Y;good;bad;bad - good; Standardized achievement tests have a different measurement mission than indicating ;how good or bad; a school is.;
20433;yes;how X or Y;good;bad;bad - good; I have lied about ;how good or bad; something tasted and even asked for another helping when I was in a foreign country and did n't know how to say no.;
22645;yes;how X or Y;good;bad;bad - good; If you are studying pre-med, it is probably pretty easy to get a feel for ;how good or bad; their equipment will be.;
25572;yes;how X or Y;good;bad;bad - good; It is much easier to say ;how good or bad; Tony Romo is or babble incessantly about Tim Tebow.;
33908;yes;how X or Y;good;bad;bad - good; Right know, I am a bit in the dark as to ;how good or bad; I have done.;
19996;yes;how X or Y;good;bad;bad - good; I do n't care ;how good or bad; your photography is, do n't let it go for free.;
43287;yes;more X than Y;bad;good;bad - good; There are bad people in the world and some places most likely have ;more bad than good;.;
22728;yes;more X than Y;good;bad;bad - good; If you look at Howard County for the past several years, there is a lot ;more good than bad;.;
37386;yes;more X than Y;bad;good;bad - good; That may have only been a Hail Mary effort which could have done far ;more bad than good;, and these guys know it.;
24033;yes;more X than Y;good;bad;bad - good; In the long run, they could be doing ;more good than bad;, especially when you consider what it costs to control them.;
11651;yes;more X than Y;good;bad;bad - good; But there is far ;more good than bad; here.;
11666;yes;more X than Y;good;bad;bad - good; But there's a lot ;more good than bad;.;
48007;yes;more X than Y;good;bad;bad - good; Volstad, Dolis, but I think overall there was ;more good than bad;.;
40724;yes;more X than Y;good;bad;bad - good; The message is clear and will do much ;more good than bad;.;
19792;yes;more X than Y;good;bad;bad - good; I believe that, on the balance, the internet does ;more good than bad;.;
1252;yes;more X than Y;good;bad;bad - good;" "" But there was ";more good than bad;, and we just have to get better at the things that have been giving us trouble.;
8603;yes;more X than Y;good;bad;bad - good; Any objective libertarian must admit that the ACLU has done far ;more good than bad;.;
23148;yes;more X than Y;bad;good;bad - good; In a week with ;more bad than good; news mortgage rates have established new record lows.;
9710;yes;more X than Y;good;bad;bad - good; Bad things are being said right now on social media (of course, there's a lot of good -- much ;more good than bad; actually).;
20602;yes;more X than Y;good;bad;bad - good; I just thought that there were ;more good than bad; people in the party and the commune.;
18791;yes;more X than Y;bad;good;bad - good; His party has had to rely mostly on press coverage to reach Mexican voters, but a senior aide conceded that Cardenas's visit with the Zapatistas is likely to generate ;more bad than good; publicity.;
36107;yes;more X than Y;bad;good;bad - good;" Some tended to accentuate the positive even as they cautioned about coping with the negative; others worried about the things breaking ";more bad than good;.;
2731;yes;more X than Y;good;bad;bad - good;" "" Re-sults: Thirty-eight percent think people are "" good "" and another 57% think people are "" ";more good than bad;.;
2845;yes;more X than Y;bad;good;bad - good;" "" Shelby Steele believes that all things considered "" affirmative action has shown itself to be ";more bad than good;.;
42159;yes;more X than Y;good;bad;bad - good; The splitting of the atom has done tons ;more good than bad;, and the only bad was not their fault at all.;
3313;yes;more X than Y;good;bad;bad - good;" "" There has been ";more good than bad;", "" she said.";
33707;yes;more X than Y;good;bad;bad - good; Regardless, there seems to be ;more good than bad; in what Schwartz is putting on the field, and the Vikings should strongly consider a change.;
42293;yes;more X than Y;good;bad;bad - good; The sum effect is that much like anything or anybody, there is good and bad, but this group and most of these people are far ;more good than bad;.;
27801;yes;more X than Y;bad;good;bad - good; Jackson lands here after missing eight games since'07, which makes his workload ;more bad than good;.;
49160;yes;more X than Y;good;bad;bad - good; What it means: Much ;more good than bad;.;
30271;yes;more X than Y;bad;good;bad - good;" My painting is very well placed, everyone sees it and talks about it; many say ";more bad than good;, but finally I am launched.;
10761;yes;more X than Y;good;bad;bad - good; But I have a lot of good days, ;more good than bad;.;
17141;yes;more X than Y;good;bad;bad - good; He makes it clear that the English victory at Culloden was far ;more good than bad;, and that a Scottish victory would have been not merely bad but unthinkable.;
22054;yes;more X than Y;good;bad;bad - good; I've long thought that there is ;more good than bad; in presidential libraries.;
47114;yes;more X than Y;good;bad;bad - good; To me, it seems that they were doing ;more good than bad;, which can be seen by the love of their fellow Kenyan villagers.;
29362;yes;more X than Y;good;bad;bad - good; McNabb's performance finally became ;more good than bad; in Week 8, when the Eagles beat the Jets.;
10745;yes;more X than Y;good;bad;bad - good; But I can say ;more good than bad; about the neighborhood.;
51293;yes;neither X nor Y;bad;good;bad - good; You should also explain that it harms nobody and is an entirely neutral activity, ;neither bad nor good;.;
21081;yes;neither X nor Y;good;bad;bad - good;" I stand firmly by what my former minister said: "" Sexuality is ";neither good nor bad;"; it is what you do with it that makes it so.";
34919;yes;neither X nor Y;good;bad;bad - good; She told him that many addicts feel depressed during this phase, that the whole world seems gray -- ;neither good nor bad;.;
44384;yes;neither X nor Y;bad;good;bad - good; They are ;neither bad nor good;, but they share a gender bond and a racial bond.;
23285;yes;neither X nor Y;good;bad;bad - good; In and of themselves, these things are ;neither good nor bad;", they "" just are.";
44385;yes;neither X nor Y;good;bad;bad - good; They are ;neither good nor bad;"; @ @ @ @ @ @ @ @ @ @ on how they are treated.";
26997;yes;neither X nor Y;good;bad;bad - good; It's ;neither good nor bad;"; it just is.";
18730;yes;neither X nor Y;bad;good;bad - good; His mediocrity extends itself to this latest effort, a film ;neither bad nor good; -- the action never pulses, the story never challenges its audience to think too much.;
11260;yes;neither X nor Y;good;bad;bad - good; But knowledge is ;neither good nor bad;!;
23568;yes;neither X nor Y;good;bad;bad - good; In itself this is ;neither good nor bad;.;
12722;yes;neither X nor Y;good;bad;bad - good; Competition is ;neither good nor bad;, but it depends upon how it affects individuals.;
50712;yes;neither X nor Y;good;bad;bad - good; Would we say these things are ;neither good nor bad;?;
1100;yes;neither X nor Y;good;bad;bad - good;" "" As much as she's always disliked the idea of teachers "" teaching to the test, "" lately, Connell says, she's come to feel that "" it's ";neither good nor bad;, it's just inevitable.;
5743;yes;neither X nor Y;good;bad;bad - good;" A feeling of "" computing ubiquity "" is new and it's ";neither good nor bad;, it just is.;
44021;yes;neither X nor Y;good;bad;bad - good; These changes are ;neither good nor bad;, but we should be mindful that they're happening.;
22507;yes;neither X nor Y;good;bad;bad - good; If there are no moral truths, then X is ;neither good nor bad;.;
25358;yes;neither X nor Y;good;bad;bad - good; It is a classic tragedy in which there is ;neither good nor bad;, but adequate degradation for all involved.;
7757;yes;neither X nor Y;good;bad;bad - good; And even things that are ;neither good nor bad;.;
14883;yes;neither X nor Y;good;bad;bad - good; Finally, Macdonald refers to a central tendency error in which the observer distorts the true distribution of abilities towards a leptokurtic distribution, that is, the performance is judged as ;neither good nor bad;.;
1359;yes;neither X nor Y;good;bad;bad - good;" "" Develop your peripheral vision and accept that politics is ";neither good nor bad;.;
33187;yes;neither X nor Y;bad;good;bad - good; Possible responses were: 1 = very bad, 2 = bad, 3 = ;neither bad nor good;, 4 = good, and 5 = very good.;
2992;yes;neither X nor Y;bad;good;bad - good;" "" That's ";neither bad nor good;.;
47991;yes;neither X nor Y;good;bad;bad - good; Virtual reality is ;neither good nor bad;.;
3401;yes;neither X nor Y;good;bad;bad - good;" "" They see difference as ";neither good nor bad;", just different, "" said Kim Koch, manager of National MS Society family programs, who edits Keep S'myelin, the Society's newsletter just for children.";
46307;yes;neither X nor Y;good;bad;bad - good; This skepticism, born of the general questioning of institutions that is usually traced to the 1960s, represents the recognition that knowledge -- any knowledge, whether scientific or not -is ;neither good nor bad; in itself.;
30027;yes;neither X nor Y;good;bad;bad - good; Multiple-choice questions are ;neither good nor bad; -- decisions on type of questions are made on what one wants to know within budgetary and time constraints.;
39954;yes;neither X nor Y;good;bad;bad - good; The globalization of a localism may, in itself, be ;neither good nor bad;.;
13103;yes;neither X nor Y;good;bad;bad - good;" DURING A 2001 SPEECH to the Pontifical Academy of Sciences, John Paul II stated, "" Globalization, a priori, is ";neither good nor bad;.;
28926;yes;neither X nor Y;good;bad;bad - good; Magic is ;neither good nor bad; (white nor black), it simply exists.;
25268;yes;neither X nor Y;good;bad;bad - good; It is ;neither good nor bad; and it assists or maintains the action of the Reproductive (janaka) Karma in the course of one?;
34788;yes;neither X nor Y;good;bad;bad - good; She made clear at the outset and throughout each interview that there were ;neither good nor bad; answers to the questions she asked.;
8618;yes;neither X nor Y;good;bad;bad - good; Anya and I parted on ;neither good nor bad; terms, but deep inside I felt that our relationship, such as it was, had been buried for good.;
26996;yes;neither X nor Y;good;bad;bad - good; It's ;neither good nor bad;.;
9166;yes;neither X nor Y;good;bad;bad - good; As she carefully points out, this is a neutral finding, ;neither good nor bad; in terms of women's struggle for equality.;
22349;yes;neither X nor Y;good;bad;bad - good; If not so, my first-born in the wilderness, righteousness could not be brought to pass, neither wickedness, neither holiness nor misery, ;neither good nor bad;.;
42541;yes;neither X nor Y;good;bad;bad - good; The truth is, all you have is news, it is ;neither good nor bad;.;
16366;yes;whether X or Y;good;bad;bad - good; Habits ;whether good or bad; becomes ones second nature, tending to form the character of a person.;
13521;yes;whether X or Y;good;bad;bad - good; Do something, ;whether good or bad;, so that we will be dismayed and filled with fear.;
579;yes;whether X or Y;good;bad;bad - good; ;whether good or bad;.;
12727;yes;whether X or Y;good;bad;bad - good; Complain not of your diet, ;whether good or bad;: remember the gall and vinegar of Jesus Christ.;
30537;yes;whether X or Y;good;bad;bad - good; Next time you create something and someone comes along and smashes it up, ;whether good or bad;, let me know how you feel.;
15157;yes;whether X or Y;good;bad;bad - good; For Augustine this condition was a quality hidden to human beings, so, ;whether good or bad;, it could have no effect on the recipients of baptism.;
1474;yes;whether X or Y;good;bad;bad - good;" "" For we must all appear before the judgment seat of Christ, that each one may be recompensed for his deeds in the body, according to what he has done, ";whether good or bad;.;
15162;yes;whether X or Y;good;bad;bad - good; For I am persuaded, that neither death, nor life, nor angels, nor principalities, nor powers --;whether good or bad;.;
6823;yes;whether X or Y;good;bad;bad - good; All eyes and ears are very attentive to what is going on in the world and the American people are now making their voices heard, ;whether good or bad;.;
2539;yes;whether X or Y;good;bad;bad - good;" "" Never extrapolate past returns into the future, ";whether good or bad;.;
14521;yes;whether X or Y;good;bad;bad - good; Everything that you put on paper, ;whether good or bad;, comes out of yourself.;
49264;yes;whether X or Y;good;bad;bad - good; What's meant to be will be, and this too shall pass, ;whether good or bad;.;
4362;yes;whether X or Y;good;bad;bad - good; (n5) The vast majority of cancer patients in a study published in 1994 said they wanted all available information, ;whether good or bad;, about their condition.;
4713;yes;whether X or Y;good;bad;bad - good; 10 For we must all appear before the judgment seat of Christ, that each one may receive what is due him for the things done while in the body, ;whether good or bad;.;
37616;yes;whether X or Y;good;bad;bad - good; That's their choice, it's their right, and they have to live with the consequences ;whether good or bad;.;
22172;yes;whether X or Y;good;bad;bad - good; If I think about it, the memories are the ones tattooed to your thoughts and what you'll always remember, ;whether good or bad;.;
50420;yes;whether X or Y;good;bad;bad - good; With change, ;whether good or bad;, comes the need for adjustment.;
52985;yes;whether X or Y;good;bad;bad - good; work --Each man's work is one complete whole, ;whether good or bad;.;
7943;yes;whether X or Y;good;bad;bad - good; And like most narratives, ;whether good or bad;, it arranges Montaigne's life in a simple, sequential, temporal pattern.;
13830;yes;whether X or Y;good;bad;bad - good; Each ponders the question as to what @ @ @ @ @ @ @ @ @ @ deeds, ;whether good or bad;.;
15614;yes;whether X or Y;good;bad;bad - good;" For, as our desire is, so is our will; as our will is, @ @ @ @ @ @ @ @ @ @, so is our reward, ";whether good or bad;.;
41373;yes;whether X or Y;good;bad;bad - good; The president is also called the commander-in-chief and is therefore responsible for anything that comes out of his decision ;whether good or bad;.;
6826;yes;whether X or Y;good;bad;bad - good; All for the exquisite dramatic purpose of arriving at the zero degree of the self, the absolute floor of human being where something enormous ;whether good or bad; might be expected.;
44458;yes;X and Y;cold;hot;cold - hot; They are hardy in ;cold and hot; climates, they naturalize well and look great in pots, they make long-lasting cut flowersand gophers wo n't eat them.;
4560;yes;X and Y;hot;cold;cold - hot; / help at all> -- The metaphor is different, but the idea is the same as in the allusion to Revelation's ;hot and cold;, above (234 <415>).;
19635;yes;X and Y;hot;cold;cold - hot; I am comfortable, but he is very ;hot and cold;, and it is easy to fall back into these bad habits for me when he pulls away.;
24438;yes;X and Y;hot;cold;cold - hot; Instead it helps tall fescue withstand many extremes -- from poor soils to ;hot and cold; temperatures to dry and wet conditions.;
44819;yes;X and Y;hot;cold;cold - hot; They lack weather as we know it, experiencing instead a relentless daily cycle of ;hot and cold; as the Sun moves across their alien skys.;
3124;yes;X and Y;cold;hot;cold - hot;" "" The feeling of ";cold and hot;" is very different in one bite than in two bites, "" he says.";
25024;yes;X and Y;hot;cold;cold - hot; It feels like he's the ;hot and cold; kind of guy.;
37119;yes;X and Y;hot;cold;cold - hot; Ten percent sell a variety of ;hot and cold; cup beverages, frozen or fresh food products and miscellaneous other food products.;
5644;yes;X and Y;hot;cold;cold - hot; A bait-prep center has @ @ @ @ @ @ @ @ @ @ with ;hot and cold; fresh water.;
42084;yes;X and Y;hot;cold;cold - hot; The smallest buds (nonpareil) are considered the finest, although chopped large capers can be very successful in ;hot and cold; sauces, where even distribution of flavor is desirable.;
46953;yes;X and Y;hot;cold;cold - hot;" To Mandela and his colleagues, the state president issued a stern warning: "" If you blow ";hot and cold; about negotiating today, you threaten and intimidate.;
8548;yes;X and Y;hot;cold;cold - hot; Another room contains ;hot and cold; whirlpools and a hightech under-water treadmill.;
43282;yes;X and Y;hot;cold;cold - hot; There are always two sides to @ @ @ @ @ @ @ @ @ @ and bad, light and dark, ;hot and cold;, white and black.;
53910;yes;X and Y;hot;cold;cold - hot;8 @ @ @ @ @ @ @ @ @ @ instrument called BigPlate looks for ;hot and cold; spots in the microwave background at an angular scale of 2'Below.;
33500;yes;X and Y;hot;cold;cold - hot; Rainy-day options Choose from one of 30 spa choices: More adventurous types can try the Scotch Hose (@ @ @ @ @ @ @ @ @ @'re massaged with jets of alternating ;hot and cold; water.;
53035;yes;X and Y;cold;hot;cold - hot;"''"" Cold foods must stay ";cold and hot; foods, hot.;
44775;yes;X and Y;hot;cold;cold - hot; They have to build the best houses with gold faucets for their ;hot and cold; water.;
51553;yes;X and Y;hot;cold;cold - hot; Zineb fetched the pails of ;hot and cold;" water; Zohra washed Hayat's hair, making sure to wash away every trace of henna; Rachida and Mimouna rubbed her body.";
21703;yes;X and Y;cold;hot;cold - hot; I would know Jean-Jacques was thinking about me, that our thoughts were colliding like ;cold and hot; fronts over Kansas.;
20211;yes;X and Y;hot;cold;cold - hot; I felt like a washer on the spin cycle, ;hot and cold; and fast at the same time.;
33425;yes;X and Y;hot;cold;cold - hot; Putting runs ;hot and cold;.;
46931;yes;X and Y;hot;cold;cold - hot; Time and again, in wars ;hot and cold;, democracy as a system has consistently beaten its competitors -- not despite having decision-makers accountable to their publics, but largely because of it.;
26671;yes;X and Y;hot;cold;cold - hot; It was running ;hot and cold; long before it hooked up with German automaker Daimler-Benz in 1998.;
26094;yes;X and Y;hot;cold;cold - hot; It simply manages to run ;hot and cold; a bit.;
18816;yes;X and Y;hot;cold;cold - hot; His remedy for heart disease was ;hot and cold; compresses, vegetables and cold water.;
7171;yes;X and Y;hot;cold;cold - hot; Alternate ;hot and cold;.;
23660;yes;X and Y;hot;cold;cold - hot; In one scenario, large ;hot and cold; spots began as tiny quantum fluctuations during the explosive birth of the universe.;
4570;yes;X and Y;hot;cold;cold - hot; // * Keep hot foods ;hot and cold; food cold.;
39849;yes;X and Y;cold;hot;cold - hot; The foreigners liked to eat ;cold and hot; things together, very unhealthy.;
51053;yes;X and Y;hot;cold;cold - hot; You can put ;hot and cold; things in these drink or food containers.;
43235;yes;X and Y;hot;cold;cold - hot; There also are deep scuppers for good drainage, and fresh and saltwater outlets, and ;hot and cold; water for a telephone shower.;
18382;yes;X and Y;hot;cold;cold - hot; Here, you'll also find a swim ladder, ;hot and cold; shower and a shore power cord that retracts like the cord on your Electrolux.;
17958;yes;X and Y;cold;hot;cold - hot; Her close presence feels huge, checked, clothy, a cloud come over him like the shadow of that hull on its side out there on the Gulf, where it was ;cold and hot; both at once.;
32218;yes;X and Y;hot;cold;cold - hot; Other notable features include: ;hot and cold; shower, opening transom door, teak swim platform, and manual bilge pump.;
41948;yes;X and Y;hot;cold;cold - hot; The second period is shorter -- the period of ;hot and cold; wars ranging from the extraordinary growth of radar-electronics and nuclear fission in the early 1940s through the 1970s.;
24848;yes;X and Y;hot;cold;cold - hot; It can and does get ;hot and cold; and whatever depending on where it's stored and how long.;
38904;yes;X and Y;cold;hot;cold - hot; The buffet features an extensive array of ;cold and hot; dishes that include seared ahi tuna with Oriental noodles, spicy jumbo prawns, smoked salmon, country ham, spring lamb and roast loin of pork.;
44965;yes;X and Y;hot;cold;cold - hot; They run ;hot and cold; with the other 2 acts in town.;
12499;yes;X and Y;hot;cold;cold - hot; Ciboulette Cafe (an extension of the pastry kitchen, with tables and a display case) offers ;hot and cold; desserts, coffee drinks and takeout.;
28861;yes;X and Y;hot;cold;cold - hot; Lunch features burgers, ;hot and cold; sandwiches, pastas and salads.;
17897;yes;X and Y;hot;cold;cold - hot; Henry Ford paid his workers so well they were able to afford large houses with ;hot and cold; running water and electricity.;
48050;yes;X and Y;hot;cold;cold - hot; Wal-Mart and Costco also sell lines of portable ;hot and cold; snack boxes for between $35 and $50.;
21827;yes;X and Y;hot;cold;cold - hot; I'm ;hot and cold;, got the chills, on the verge of tears, smiling big and feel like someone poured something into my head all the way down to my toes.;
53440;yes;X and Y;hot;cold;cold - hot;, ANDOVER, MASS @ @ @ @ @ @ @ @ @ @ manometers, exhaust-throttle valves, ;hot and cold; cathode-ion gauge transducers, convection transducers, and mass-flow controllers.;
18378;yes;X and Y;hot;cold;cold - hot; Here, we have a lush food store nearby with a well-stocked ;hot and cold; food bar.;
21297;yes;X and Y;hot;cold;cold - hot; I tipped back again against the wall and felt ;hot and cold;.;
53710;yes;X and Y;hot;cold;cold - hot;2', ACME-HEMT has made the most sensitive measurements to date of any instrument trying to find ;hot and cold; spots in the microwave background.;
52057;yes;X and Y;hot;cold;cold - hot; i get ;hot and cold; and my feet and palms get sweaty and I'm scared i will pass out at school or anywhere.;
10578;yes;X and Y;hot;cold;cold - hot; Breakfast was a great array of ;hot and cold; dishes, including the usual Iberico hams, chorizo, morcilla as well as fresh fruit and much more.;
7058;yes;X and Y;hot;cold;cold - hot; Along with the ;hot and cold; tapas are heartier dishes cooked on a flat griddle called a plancha t hat include @ @ @ @ @ @ @ @ @ @ onion marmalade or quail with lavender.;
16918;yes;X and Y;hot;cold;cold - hot; He initially denied paternity of his child out of wedlock, and even after acknowledging paternity, has had a ;hot and cold; relationship with her.;
52152;yes;X and Y;hot;cold;cold - hot; is a bountiful selection of traditional dishes, including about a dozen ;hot and cold; appetizers, salads, soups, 10 hot entrees, some of which are not from the menu.;
8528;yes;X and Y;cold;hot;cold - hot;" Another efficient alternative to incandescent bulbs are light-emitting diodes (LEDs): They are even more efficient and longer-lasting than CFL bulbs; emit a clearer, brighter light; and are virtually unbreakable even in ";cold and hot; weather.;
5831;yes;X and Y;hot;cold;cold - hot; A large portion of electricity is used in the motors that circulate ;hot and cold; air inside the home to maintain comfortable temperatures.;
15388;yes;X and Y;hot;cold;cold - hot; For instance, its MegaBars -- buffets of ;hot and cold; entrees for less than $5 that were introduced in 1985 -- now account for hearty 50% of sales.;
23199;yes;X and Y;hot;cold;cold - hot; In addition, cars on the highway tend to stay at a more even temperature, while in the city they go through repeated cycles of ;hot and cold;.;
49784;yes;X and Y;hot;cold;cold - hot; Whereas Calle del Ro had only public pumps and public baths, in the casero every apartment had ;hot and cold; running water, two sinks, a shower, and a toilet.;
43923;yes;X and Y;hot;cold;cold - hot; These ;hot and cold; men feel great to be with when they are hot, but when the arctic winds blow, you feel lost and isolated from him.;
2348;yes;X and Y;hot;cold;cold - hot;" "" It's like he's entering a warm room after being out in the cold-he'll feel a flood of warmth because his body is being systemically shocked by the ";hot and cold;" contrast, "" explains Davidson.";
36019;yes;X and Y;cold;hot;cold - hot; Some nondairy mills are acceptable on ;cold and hot; cereals-rice-, oat-, and almond-based milks in particular.;
15938;yes;X and Y;hot;cold;cold - hot; GYMNASTICS: The USA blew ;hot and cold;.;
34566;yes;X and Y;hot;cold;cold - hot; She felt as if he was ;hot and cold;.;
29923;yes;X and Y;hot;cold;cold - hot; Most parties have predicatable ;hot and cold;" spots; figure out where they are and you're halfway there.";
41493;yes;X and Y;hot;cold;cold - hot; The prototype valve controls the mix of pressurized ;hot and cold; air delivered to the crew and equipment compartments of aircraft.;
28540;yes;X and Y;hot;cold;cold - hot; Like Ian, he blows ;hot and cold;, one day meeting me with velvety eyes, the next making a quick exit.;
47794;yes;X and Y;hot;cold;cold - hot; Use of a Leaf in other states voids the warranty, because the batteries wo n't hold a charge in any other state because of the extremes in ;hot and cold; temps.;
9086;yes;X and Y;hot;cold;cold - hot; As instructed, I took ;hot and cold; showers each morning.;
3594;yes;X and Y;hot;cold;cold - hot;" "" Warm "" pours in a mix of ";hot and cold;, in my case not quite warm enough for a comfortable bath.;
10398;yes;X and Y;hot;cold;cold - hot; Both ;hot and cold; work upstairs in bathroom.;
8443;yes;X and Y;cold;hot;cold - hot; And you get ;cold and hot;"; nothing can be on your skin; your skin is incredibly sensitive; you're puking; you're having diarrhea because your body ca n't handle anything.";
11511;yes;X and Y;hot;cold;cold - hot;" But the cars do n't move; they're ";hot and cold; and day and night and he stays still to hear them.;
20976;yes;X and Y;hot;cold;cold - hot; I remember washing my hands in the bathroom and starting to feel really ;hot and cold; all over, and then my vision started to blur and go dark, and I could n't hear anything.;
24644;yes;X and Y;hot;cold;cold - hot; Is his point about sameness and difference, ;hot and cold;, etc.;
40408;yes;X and Y;hot;cold;cold - hot; The larger the fruit, he notes, the harder it is to heat uniformly and the more likely to form ;hot and cold; spots.;
14632;yes;X and Y;hot;cold;cold - hot; Eyes of a quiet and dreamy blueunless he was roused by something, and then, she recalled, they could fire ;hot and cold; in equal measure.;
30820;yes;X and Y;hot;cold;cold - hot; Nonie tells her when to turn the taps, how much ;hot and cold;, how high, but Lark pours the bubbles and the white froth smells of soap.;
45661;yes;X and Y;hot;cold;cold - hot; This hardened tissue, which lies just beneath the tooth's protective coating of enamel, contains thousands of tiny channels that transmit ;hot and cold; sensations to the pulp, the nerve center of the tooth.;
20355;yes;X and Y;cold;hot;cold - hot; I had to do this maintenance more often than usual because 70% of our printers were outside of the warehouses, so ;cold and hot; have an impact, and inside the office they last longer.;
11091;yes;X and Y;hot;cold;cold - hot; But if the ;hot and cold; spots are truly cosmological, then @ @ @ @ @ @ @ @ @ @ the cosmic microwave background varies by no more than 16 parts per million.;
34670;yes;X and Y;hot;cold;cold - hot; She held her breath and saw, as if from a distance, her @ @ @ @ @ @ @ @ @ @ stomach roiling, body frozen and immobile, she felt ;hot and cold; at once.;
20920;yes;X and Y;hot;cold;cold - hot; I ran ;hot and cold; on his sickness.;
47561;yes;X and Y;hot;cold;cold - hot; Ultimately, however, the definitive measurements may require a satellite akin to COBE, but which can detect ;hot and cold; spots on a 0.;
7595;yes;X and Y;cold;hot;cold - hot; And I knew that it had ;cold and hot; spots, which did n't help it compete well.;
38933;yes;X and Y;hot;cold;cold - hot; The cabins have bathrooms, ;hot and cold; running water, and gas stoves.;
28558;yes;X and Y;hot;cold;cold - hot; Like a rock dropped into a pond, the Pacific's ;hot and cold; spells send ripples spreading through the world's atmosphere, altering weather around much of the globe.;
53147;yes;X and Y;hot;cold;cold - hot;") "" The Dead "" is crammed with the circulatory processes of distillation, ";hot and cold;, macrocosmic and microcosmic.;
724;yes;X and Y;hot;cold;cold - hot;" "" "" We're ";hot and cold;, up and down.;
20379;yes;X and Y;hot;cold;cold - hot; I have a bathroom with ;hot and cold; running water, towels, and a mirror.;
12652;yes;X and Y;hot;cold;cold - hot; Combustion control is achieved by blending ;hot and cold; gases to obtain appropriate ignition timing, much like adjusting hot water and cold water to get the right temperature for a morning shower.;
33553;yes;X and Y;cold;hot;cold - hot; Rather, eaten together, they achieved the intriguing contrast of ;cold and hot;, rich and clean, sweet and sour, crunchy and soft that works in the microcosm of each individual dish as well.;
28788;yes;X and Y;hot;cold;cold - hot; Los Angeles (9) Running ;hot and cold; 6.;
22130;yes;X and Y;hot;cold;cold - hot; If ;hot and cold; water come from a single tap, the hot untreated water may mix with the cold treated water in the faucet.;
21826;yes;X and Y;hot;cold;cold - hot; I'm ;hot and cold; on him (but all in a good way), he's so amazing one moment and then in the next you want to strangle him.;
38986;yes;X and Y;hot;cold;cold - hot; The central region contains a few plumes, ;hot and cold;, in a partially random motion.;
10506;yes;X and Y;hot;cold;cold - hot; Both have the most logical and legible controls of any models tested, porcelain top and lid, option for extra-rinse setting, and selectable automatic temperature control (can blend ;hot and cold; water to obtain a preset temperature).;
31187;yes;X and Y;hot;cold;cold - hot; Now the: most hostile are the most opposite, such as ;hot and cold;, bitter and sweet, moist and dry, and the like.;
17073;yes;X and Y;hot;cold;cold - hot; He lives in a universe of light and dark, of ;hot and cold;, of smell and taste and texture and touch.;
6118;yes;X and Y;hot;cold;cold - hot; A thermal camera can pick up a heat signature when there's nothing there, or find ;hot and cold; spots that should n't exist.;
38658;yes;X and Y;hot;cold;cold - hot; The attraction features a red-planked walkway of slate-covered ;hot and cold; thermal water pools.;
41035;yes;X and Y;hot;cold;cold - hot; The old sink had separate faucets for the ;hot and cold; water, and there were rust stains on the porcelain.;
43890;yes;X or Y;hot;cold;cold - hot; Therefore, communication from the Federal Reserve must be very guided in its approach - not too ;hot or cold;.;
7487;yes;X or Y;hot;cold;cold - hot; An easier approach to replacing or installing ;hot or cold; water lines is to use more flexible tubing that accepts more forgiving fittings.;
31051;yes;X or Y;hot;cold;cold - hot; Nothing felt ;hot or cold; or had any temperature effects at all that I was aware of.;
34353;yes;X or Y;hot;cold;cold - hot; Serve ;hot or cold;.;
22315;yes;X or Y;hot;cold;cold - hot; If it's daylight, they go out, rain or shine, ;hot or cold;.;
5697;yes;X or Y;hot;cold;cold - hot; A condition is ;hot or cold;, warm or cool, excessive or deficient, located on the exterior or the interior.;
48227;yes;X or Y;hot;cold;cold - hot; We are so luke warm that G-d wants to spue us out better we were ;hot or cold;.;
24866;yes;X or Y;hot;cold;cold - hot; It can be served ;hot or cold;.;
26114;yes;X or Y;hot;cold;cold - hot; It stands there to greet us every day, whether it's ;hot or cold;.;
7442;yes;X or Y;cold;hot;cold - hot; Among the uses: As the final addition to shallow bowls of ;cold or hot; soups.;
19175;yes;X or Y;hot;cold;cold - hot; How to use: Stir in juice or sprinkle on ;hot or cold; cereal.;
30658;yes;X or Y;hot;cold;cold - hot; No matter if it's ;hot or cold; or rainy or buggy, there's always a place to enjoy the scenery.;
34350;yes;X or Y;hot;cold;cold - hot; Serve ;hot or cold; with bread or crackers.;
48673;yes;X or Y;hot;cold;cold - hot; We sit in ;hot or cold; stadiums, rain, sleet and snow to watch our teams and support our players.;
34370;yes;X or Y;hot;cold;cold - hot; Serve the biscuits ;hot or cold; to sop up the potlikker.;
24652;yes;X or Y;hot;cold;cold - hot; Is it ;hot or cold;?;
11319;yes;X or Y;hot;cold;cold - hot; But no war, ;hot or cold;, is in fact a useful model to meet the challenge of world trade competition.;
28263;yes;X or Y;hot;cold;cold - hot;" Label which rooms each damper controls; if there are rooms that are always ";hot or cold;, adjusting dampers can improve your winter comfort.;
46330;yes;X or Y;hot;cold;cold - hot; This stovetop pudding can be served ;hot or cold;.;
29187;yes;X or Y;hot;cold;cold - hot; Maple Cherry Sauce Here's a sauce that can be used ;hot or cold; as a topping for grilled meats, yogurt, ice cream, or cheesecake.;
5630;yes;X or Y;hot;cold;cold - hot;" A European man can tell you which vineyard produces the best Bordeaux; an American man can tell you whether his Bud is ";hot or cold;.;
44041;yes;X or Y;hot;cold;cold - hot; These cups are dishwasher safe, can be used for ;hot or cold; liquids and do n't leave rings.;
38806;yes;X or Y;hot;cold;cold - hot; The bitterness of the kale and lemon juice mellows after a chill in @ @ @ @ @ @ @ @ @ @ It also can be spooned over cooked potatoes, ;hot or cold;.;
42762;yes;X or Y;hot;cold;cold - hot; The wedges can be served ;hot or cold;, but the ultimate way is to make them into a sandwich on slices of toasted sourdough spelt bread with soy mayonnaise, sliced tomato and crisp romaine lettuce.;
21738;yes;X or Y;cold;hot;cold - hot; I would thou wert ;cold or hot;.;
16536;yes;X or Y;hot;cold;cold - hot; He also had an aversion to being touched, had a different sense of ;hot or cold; than most, and would rock back and forth while playing music.;
5223;yes;X or Y;cold;hot;cold - hot; <p> Was it ;cold or hot; that purified things, Jerry wondered as he picked the spoon off the floor, wiped it against the sleeve of his shirt, and placed it over the steaming cup of coffee?;
2563;yes;X or Y;hot;cold;cold - hot;" "" None of us are ";hot or cold;" all at once toward the market, "" says Newton.";
10534;yes;X or Y;hot;cold;cold - hot; Both soybean milk and bean-curd custard can be served ;hot or cold;, and are usually sweetened with sugar syrup.;
46232;yes;X or Y;hot;cold;cold - hot; This protects them from insecticides and environmental stresses, like extremely ;hot or cold; weather.;
12330;yes;X or Y;hot;cold;cold - hot; Cereal, ;hot or cold;?;
34354;yes;X or Y;hot;cold;cold - hot; Serve ;hot or cold;"; they are delicious tea cakes.";
13510;yes;X or Y;hot;cold;cold - hot; Do not shock a mirror's metal coating with ;hot or cold; water.;
7148;yes;X or Y;hot;cold;cold - hot; Also, overstimulation by lots of noise or people, or very ;hot or cold; weather, can be hard on a baby's developing nervous system.;
5421;yes;X or Y;hot;cold;cold - hot; @ @ @ @ @ @ @ @ @ @ realistic: Do you tend to sleep ;hot or cold;?;
34349;yes;X or Y;hot;cold;cold - hot; Serve ;hot or cold; over pudding.;
41267;yes;X or Y;hot;cold;cold - hot; The pie can be served ;hot or cold;, and can be frozen for later use.;
15325;yes;X or Y;cold;hot;cold - hot; For example, one such shop in Jordan, Kowloon, serves fourteen types of ;cold or hot; dauh-fa or bean-curd custard, such as almond dauh-fa, coconut milk dauh-fa, ginger juice dauh-fa, chocolate dauh-fa, mixed-fruit dauh-fa, etc.;
44036;yes;X or Y;hot;cold;cold - hot; These containers keep foods ;hot or cold; and encourage healthy eating and easy lunch preparation.;
47446;yes;X or Y;hot;cold;cold - hot; Try it ;hot or cold;.;
34352;yes;X or Y;hot;cold;cold - hot; Serve ;hot or cold;, a few for appetizers, more for a main dish.;
23061;yes;X or Y;hot;cold;cold - hot; In Vietnam, a cup of coffee is nearly always accompanied by a cup of ;hot or cold; tea.;
1889;yes;X or Y;cold;hot;cold - hot;" "" I know thy works, that thou art neither cold nor hot: I would thou wert ";cold or hot;.;
32102;yes;X or Y;hot;cold;cold - hot; Or liven up your ;hot or cold; cereal with a big handful.;
11516;yes;X or Y;hot;cold;cold - hot;" But the coupled model is not yet up to the task; inherent biases make its Pacific Ocean run consistently ";hot or cold; during different seasons.;
15121;yes;X or Y;hot;cold;cold - hot; Food will be served ;hot or cold; to private houses in pneumatic tubes or automobile wagons.;
32199;yes;X or Y;hot;cold;cold - hot; Other considerations include the ability of your venue to withstand ;hot or cold; temperatures without having to turn up the heating or air-conditioning.;
9862;yes;X or Y;hot;cold;cold - hot; Beaver feet, which resemble pigs feet, were boiled and eaten ;hot or cold;.;
10056;yes;X or Y;hot;cold;cold - hot; Before I got this pretty sweet assignment, I toted really heavy toads at Philmont - outdoors, where it could be ;hot or cold; or wet.;
9378;yes;X or Y;cold;hot;cold - hot; At Carver Yachts the radically new 5 30 Voyager Pilothouse is in fact turning heads because this three-stateroom motoryacht is built for comfortable cruising in all kinds of weather-stormy or calm, ;cold or hot;.;
43691;yes;X or Y;hot;cold;cold - hot; There was n't any water -- ;hot or cold; -- but it was a nice view.;
27408;yes;X or Y;hot;cold;cold - hot; It's like sticking your finger in a glass of water to see if it's ;hot or cold;.;
16052;yes;X or Y;hot;cold;cold - hot; Getting backpacks ready, setting out clothes and deciding on ;hot or cold; lunch are all time-savers for the morning.;
6876;yes;X or Y;hot;cold;cold - hot; All of these engines started easily ;hot or cold;.;
34351;yes;X or Y;hot;cold;cold - hot; Serve ;hot or cold; with scoop of frozen yogurt if desired.;
14626;yes;X or Y;hot;cold;cold - hot; Extreme temperatures -- ;hot or cold; -- can damage a battery too.;
9222;yes;X or Y;hot;cold;cold - hot; As the guests return, slaves pass out cups of wine, asking whether they want it ;hot or cold;.;
28019;yes;X or Y;cold;hot;cold - hot; Just read the Bible @ @ @ @ @ @ @ @ @ @ Its better to be ;cold or hot; then luke warm.;
30899;yes;X or Y;hot;cold;cold - hot; Not bitter at all, and terrific ;hot or cold;.;
52992;yes;X or Y;hot;cold;cold - hot; would you like your crow served ;hot or cold;?;
17845;yes;X or Y;cold;hot;cold - hot; Heat gain or loss is greater through a roof than through the walls, so whether in ;cold or hot; places, roofs need insulation that will keep heat out or in, as needed.;
12186;yes;X or Y;hot;cold;cold - hot;" California describes "" appalling conditions "" at schools with crowded classrooms, vermin, poorly trained teachers, and rooms too ";hot or cold;.;
41928;yes;X or Y;hot;cold;cold - hot; The sealing material is an EPDM base polymer that resists water-treatment chemicals and has compression set resistance in ;hot or cold; water, according to the company.;
29916;yes;X or Y;hot;cold;cold - hot; Most of us understand that because we like ;hot or cold; coffee, not lukewarm.;
50347;yes;X or Y;hot;cold;cold - hot; Wine grapes react to ;hot or cold; growing seasons, to rain or lack of rain, just like any other agricultural crop.;
12842;yes;X or Y;hot;cold;cold - hot; Continental breakfast consisted of ;hot or cold; cereal and toast or muffin.;
30964;yes;X or Y;hot;cold;cold - hot; Not particularly ;hot or cold; water, just room temperature will be fine.;
53969;yes;X or Y;hot;cold;cold - hot;"; 0 @ @ @ @ @ @ @ @ @ @ Submarine Sandwich This sandwich is equally good served ";hot or cold;.;
24131;yes;X or Y;cold;hot;cold - hot; In the warmer months, guests prefer the patio and if it's too ;cold or hot; for the patio, the porch usually is n't an option.;
51117;yes;X or Y;hot;cold;cold - hot; You drink it ;hot or cold;.;
49908;yes;X or Y;hot;cold;cold - hot; Whether you opt to serve them ;hot or cold;, soups are just right for summer-they take little time to prepare, freeing you to create a welcome setting for your guests.;
21344;yes;X or Y;hot;cold;cold - hot; I use 3-4 tbls per load, and this works greats in ;hot or cold; water!;
2651;yes;X or Y;hot;cold;cold - hot;" "" Our view is the way you spend your money is the thermometer of your spiritual condition -- whether you're ";hot or cold;.;
32163;yes;X or Y;hot;cold;cold - hot; Orchids need air circulation but keep the plant away from ;hot or cold; drafts.;
37062;yes;X or Y;hot;cold;cold - hot; Tazo Passion is one of my favorites, it's sweet enough on its own and is great ;hot or cold;.;
18742;yes;X or Y;hot;cold;cold - hot; His moods take him ;hot or cold; -- adoration or hatred.;
13502;yes;X or Y;hot;cold;cold - hot; Do n't worry about washing your socks with those of fungus-free family members-machine washing in ;hot or cold; soapy water kills the nail fungus in fabric.;
30350;yes;X or Y;hot;cold;cold - hot; NOAA uses a two-tone color scheme -- ;hot or cold;.;
13272;yes;X or Y;cold;hot;cold - hot; Depends on if it's ;cold or hot;.;
48167;yes;X or Y;hot;cold;cold - hot; We also get to the see the nice ladies at the voting place but also a local church (a moderately liberal church) also sells ;hot or cold; sandwiches and beverages outside the polling place.;
4700;yes;X or Y;hot;cold;cold - hot; 1 his dish is delicious ;hot or cold;, and leftovers (if you have them!;
15624;yes;X or Y;hot;cold;cold - hot; Forget the full English breakfast and hair of the dog, have a spicy wake up with a cup of ;hot or cold; Chilli Chai.;
28341;yes;X or Y;hot;cold;cold - hot; Layer on a sandwich with mozzarella and tomatoes (good ;hot or cold;) 6.;
33087;yes;X or Y;cold;hot;cold - hot; Planners should make sure that all food is kept ;cold or hot; to prevent the possibility of food poisoning.;
31074;yes;X or Y;hot;cold;cold - hot; Nothing was labeled ;hot or cold;, up or down.;
45865;yes;X or Y;hot;cold;cold - hot; This is especially important in particularly ;hot or cold; weather.;
47923;yes;X or Y;hot;cold;cold - hot; Vegetable and chicken Io mein SERVES 4 TIME 45 minutes The Io mein is great ;hot or cold;, packed for lunches.;
5182;yes;X or Y;hot;cold;cold - hot; <p> Note: Remaining syrup makes a flavorful base for ;hot or cold; drinks, mixed with boiling water, seltzer, or other fizzy water.;
6153;yes;X or Y;hot;cold;cold - hot; A versatile spinach soup can be served ;hot or cold; depending on the whims of the weather.;
36489;yes;X or Y;hot;cold;cold - hot; Steeped foods are good served ;hot or cold;.;
42937;yes;X or Y;hot;cold;cold - hot; Their activity may be destroyed by excessive ;hot or cold; temperatures or ultraviolet light.;
2206;yes;X or Y;hot;cold;cold - hot;" "" It leaves out all the important detail: ";hot or cold;, pouring or drought, string quartet or garage band or drum circle?;
7347;yes;X or Y;hot;cold;cold - hot;" Although usually consumed "" prepared, "" horseradish can also be eaten fresh over ";hot or cold; vegetables, seafood, meats, soups, and stews.;
14365;yes;X or Y;hot;cold;cold - hot; Every morning, ;hot or cold;, rain or shine, she led Charlotte, hopping, across the beach and into the surf.;
28860;yes;X or Y;hot;cold;cold - hot; Lukewarm water is light on your skin and more practical at removing secretion and dirt than ;hot or cold; water.;
44453;yes;X or Y;hot;cold;cold - hot; They are good ;hot or cold;.;
3868;yes;X or Y;hot;cold;cold - hot;" "" You can eat it ";hot or cold; -- but it will take the weight off fast.;
34489;yes;X or Y;cold;hot;cold - hot;" She began her article "" Either/Or "" with a quote from Revelations: I would thou wert ";cold or hot;.;
2150;yes;X or Y;hot;cold;cold - hot;" "" Is this ";hot or cold;?;
45632;yes;X or Y;hot;cold;cold - hot; This feature allows you to quickly view your player's fatigue level and see whether they're ;hot or cold;"; all this can be done simply by holding the GamePad up to the main screen.";
1049;yes;X rather than Y;hot;cold;cold - hot;" "" And they are dead wrong about the idea that favoring ";hot rather than cold; stations will introduce a warm bias into the global temperature anomaly record.;
2793;yes;X, not Y;cold;hot;cold - hot;" "" She felt the hand holding hers, and it was smooth like a piece of marble, not ";cold, not hot;, not sweaty, but perfect.;
12357;yes;X, not Y;hot;cold;cold - hot; Change tends to ends-- rocks fall to earth, not sky, matches burn ;hot, not cold;, etc.;
28320;yes;X, not Y;cold;hot;cold - hot; Later than evening it was still ;cold, not hot; water at all.;
9949;yes;between X and Y;hot;cold;cold - hot; Because of the asymmetry of the track, the fluctuations over time ;between hot and cold; cause the particles to move, on average, over the steeply sloped, shorter face of the etched sawtooth.;
51369;yes;between X and Y;hot;cold;cold - hot; You'll create an amazing interplay ;between hot and cold;, bitter and sweet.;
23204;yes;between X and Y;hot;cold;cold - hot; In addition, he can breathe independently for up to 90 minutes at a time and distinguish ;between hot and cold;, sharp and dull over much of his body.;
2499;yes;between X and Y;hot;cold;cold - hot;" "" Much of Sandy's intense strength came from the battle ";between hot and cold; air masses as she transformed from a Tropical storm into an Extra-Tropical storm.;
48981;yes;between X and Y;hot;cold;cold - hot; West drove around the city much of the night, mopping her face, popping Motrin, and turning the air conditioner on and off as she vacillated ;between hot and cold;.;
2136;yes;both X and Y;hot;cold;cold - hot;" "" Indeed, @ @ @ @ @ @ @ @ @ @ his hotel in the finest European style, with imported walnut floors, porcelain lavatories, and ";both hot and cold; water in every room.;
7766;yes;both X and Y;hot;cold;cold - hot; And finally, food temperatures -- ;both hot and cold; -- must be watched carefully.;
24872;yes;both X and Y;hot;cold;cold - hot; It can be used for ;both hot and cold; water.;
14021;yes;both X and Y;hot;cold;cold - hot; Engrossed in ;both hot and cold; working processes, he burst open the glass at the furnace and sliced it with a diamond saw.;
9038;yes;both X and Y;hot;cold;cold - hot; As for bottles, Nalgene's colorful and virtually indestructible containers ($7 to $9) hold ;both hot and cold; liquids and are weirdly popular campus accessories.;
36064;yes;both X and Y;hot;cold;cold - hot; Some of you have sunlight heat pools and pipes to bring ;both hot and cold; water right into the house.;
47250;yes;both X and Y;cold;hot;cold - hot; Today, at least in San Francisco, chefs willingly share tips for ;both cold and hot; preparations, perhaps because they know how easy it is to ruin these gold- plated livers.;
46544;yes;both X and Y;hot;cold;cold - hot; Thoris awoke, feeling ;both hot and cold; at the same time.;
32229;yes;both X and Y;hot;cold;cold - hot; Other researchers suggested a single mechanism that might have generated ;both hot and cold; dark matter in the early universe (144: 69).;
7908;yes;both X and Y;cold;hot;cold - hot; And it was strengthened by our solidarity in wars - ;both cold and hot;.;
26124;yes;both X and Y;hot;cold;cold - hot; It still glimmered with an internal fire that was ;both hot and cold;.;
47263;yes;both X and Y;cold;hot;cold - hot; Today, these mixes are more common in the north because they can withstand ;both cold and hot; temperatures.;
12405;yes;both X and Y;cold;hot;cold - hot; Chefs like them because they make beautiful, decorative presentations for ;both cold and hot; dishes.;
35403;yes;both X and Y;hot;cold;cold - hot; Since the 1940s, America has spent billions to build weapons and fight wars, ;both hot and cold;.;
22675;yes;both X and Y;hot;cold;cold - hot; If you enjoy a wide variety of foods ;both hot and cold; this is the place for you.;
27167;yes;both X and Y;hot;cold;cold - hot; It's a yacht with capacity for long cruises in ;both hot and cold; climates at a price that's way below the millions required for world-hopping offshore custom yachts.;
39095;yes;both X and Y;hot;cold;cold - hot; The collection of seven gazpacho recipes, ;both hot and cold;, is an eye-opener for Americans who think of this soup as only one tomato-y dish.;
20414;yes;both X and Y;cold;hot;cold - hot; I have done this with both pork and beef to allow it to fully cool before chilling and slicing for sandwiches ;both cold and hot;.;
45300;yes;either X or Y;hot;cold;cold - hot; They're good served ;either hot or cold; and will keep in the refrigerator for at least 24 hours.;
50705;yes;either X or Y;cold;hot;cold - hot; Would that you were ;either cold or hot;!;
14496;yes;either X or Y;hot;cold;cold - hot; Everything is ;either hot or cold;", so therefore it is impossible for something to "" @ @ @ @ @ @ @ @ @ @, there is no such thing as'no temperature'.";
47791;yes;either X or Y;cold;hot;cold - hot;" Use lightweight food containers and bring several packs; one for cold items, one for hot, one for the food that does n't need ";either cold or hot;, and one for the nonfood items.;
17536;yes;either too X or too Y;hot;cold;cold - hot; He was always ;either too hot or too cold;, complaining that he was having difficulty modulating his body temperature.;
34633;yes;either too X or too Y;hot;cold;cold - hot; She had tossed and turned, been ;either too hot or too cold;, fought with pillows lumpy with pummelling.;
49726;yes;either too X or too Y;hot;cold;cold - hot; When your fever's going up and down, you're always ;either too hot or too cold;.;
42397;yes;from X to Y;hot;cold;cold - hot; The temperature bobs ;from hot to cold;"; frost and salts gather in rocky crevices.";
35577;yes;from X to Y;hot;cold;cold - hot; So I reckon Al Gore knows this and is using the expected transition ;from hot to cold;" to say "" Dirty Weather,'told you so "".";
11574;yes;how X or Y;cold;hot;cold - hot; But the payoff was that everything in the body would work faster, and body temperature could be independent of ;how cold or hot; the environment was.;
16649;yes;how X or Y;hot;cold;cold - hot; He could simply sense the pitch and rate of spin the way he knew ;how hot or cold; or hungry he was.;
36978;yes;how X or Y;hot;cold;cold - hot; Tablespoons have a different measurement mission than indicating ;how hot or cold; something is.;
30069;yes;how X or Y;hot;cold;cold - hot; My Dad grew up in the South and that meant we had to have iced tea with every meal - no matter ;how hot or cold; it was outside.;
33963;yes;how X or Y;hot;cold;cold - hot; Robots do n't much care ;how hot or cold;" space gets; give them the right lubricants, and they'll operate in a vast range of temperatures.";
31008;yes;how X or Y;hot;cold;cold - hot; Not too hot, not too cold Another sleep related tip: your sleep is greatly affected by the ;how hot or cold; you are during the night.;
37111;yes;how X or Y;hot;cold;cold - hot; Temperature is a measurement of ;how hot or cold; something is.;
37341;yes;more X than Y;cold;hot;cold - hot; That is why this war will play out for a very long time -- ;more cold than hot;.;
44230;yes;more X than Y;cold;hot;cold - hot; These rules are that military operations be confined to Shebaa Farms and that the war remains ;more cold than hot;.;
24992;yes;more X than Y;cold;hot;cold - hot; It does n't really make since to me that we should allow one of our shooters to get on the floor and so far he has been ;more cold than hot;.;
37376;yes;more X than Y;cold;hot;cold - hot; That made the object rather ;more cold than hot;.;
1888;yes;neither X nor Y;cold;hot;cold - hot;" "" I know thy works, that thou art ";neither cold nor hot;: I would thou wert cold or hot.;
1890;yes;neither X nor Y;cold;hot;cold - hot;" "" I know your deeds, that you are ";neither cold nor hot;.;
4776;yes;neither X nor Y;cold;hot;cold - hot; 16 So then because thou art lukewarm, and ;neither cold nor hot;, I will spue thee out of my mouth.;
42698;yes;neither X nor Y;hot;cold;cold - hot; The walls were gleaming white surfaces, smooth to the touch, ;neither hot nor cold;, and pierced by sharpedged doorways and windows.;
19143;yes;neither X nor Y;hot;cold;cold - hot; How many professors of gospel doctrine are ;neither hot nor cold;"; except as they are indifferent in needful matters, and hot and fiery in disputes about things of lesser moment!";
41285;yes;neither X nor Y;hot;cold;cold - hot; The place was ;neither hot nor cold;, but warm enough for comfort, the light neither too bright nor too dim.;
8834;yes;neither X nor Y;hot;cold;cold - hot;" As God says in the Book of Revelation: "" I know you are ";neither hot nor cold;.;
35829;yes;neither X nor Y;hot;cold;cold - hot; So, because you are lukewarm -- ;neither hot nor cold;" -- I am about to spit you out of my mouth "" (Revelation <h> What is 8 @ $1?";
2869;yes;neither X nor Y;hot;cold;cold - hot;" "" So because you are lukewarm, and ";neither hot nor cold;", I will spit you out of My mouth "" (Rev3:16) Time to follow your Church and the Will of God.";
10714;yes;neither X nor Y;cold;hot;cold - hot;" But Bush should heed the warning of Revelation 3:16: "" So then because thou art lukewarm, and ";neither cold nor hot;, I will spit thee out of my mouth.;
51755;yes;neither X nor Y;hot;cold;cold - hot; because you are lukewarm, ;neither hot nor cold;", I will spit you out of my mouth "" Cp.";
4769;yes;neither X nor Y;cold;hot;cold - hot; 15 I know your deeds, that you are ;neither cold nor hot;.;
4778;yes;neither X nor Y;hot;cold;cold - hot; 16 So, because you are lukewarm, and ;neither hot nor cold;, I will spit you out of my mouth.;
10909;yes;neither X nor Y;hot;cold;cold - hot; But because you are ;neither hot nor cold;, I will spit you out of my mouth!;
35753;yes;neither X nor Y;cold;hot;cold - hot; So then because thou art lukewarm, and ;neither cold nor hot;, I will spew thee out of my mouth.;
2877;yes;neither X nor Y;cold;hot;cold - hot;" "" So then because thou art lukewarm, and ";neither cold nor hot;, I will spue thee out of my mouth.;
4777;yes;neither X nor Y;hot;cold;cold - hot; 16 So, because you are lukewarm -- ;neither hot nor cold; -- I am about to spit you out of my mouth.;
40747;yes;whether X or Y;hot;cold;cold - hot; The military/security complex makes billions of dollars in profits from wars, ;whether hot or cold;.;
6701;yes;X and Y;difficult;easy;difficult - easy; Again, difficult self-set goals did not benefit from implementation intentions, whereas easy self-set goals as well as ;difficult and easy; instructions did.;
34293;yes;X and Y;easy;difficult;difficult - easy; See Table 1 for examples of the stimuli, based by those developed by Stanovich and West (1981), who identified ;easy and difficult; target words.;
2368;yes;X and Y;difficult;easy;difficult - easy;" "" It's tempting for parents of two children to polarize them, mentally classifying them as good and bad or ";difficult and easy;, says Meyers.;
54049;yes;X and Y;easy;difficult;difficult - easy;Results The primary independent variable of the experiment was the putting distances between the ;easy and difficult; conditions.;
13992;yes;X and Y;difficult;easy;difficult - easy; Emotional reactions to ;difficult and easy; wins and losses were mediated by respondent's attributions.;
27595;yes;X and Y;easy;difficult;difficult - easy; It's strange how ;easy and difficult; it is to eulogize a close friend.;
23245;yes;X and Y;difficult;easy;difficult - easy; In addition, we suggest that ;difficult and easy; goals might benefit from different types of implementation intentions.;
38473;yes;X and Y;easy;difficult;difficult - easy; The agreeable and the distressing, the ;easy and difficult;, beautiful and horrifying, are all occasioned much as they are in regular dreaming.;
42266;yes;X or Y;easy;difficult;difficult - easy; The study presented in this article focused on what is ;easy or difficult; in learning mobility routes by investigating how environmental features and problem-solving strategies affect mobility performance in travel.;
50261;yes;X or Y;easy;difficult;difficult - easy; Why is consensus ;easy or difficult; in different areas?;
8572;yes;X or Y;easy;difficult;difficult - easy; Anticipatory responses may be used as an indirect measure to investigate which environmental features and types of travel are more ;easy or difficult; to learn.;
51471;yes;X or Y;difficult;easy;difficult - easy; Your client really does n't care whether you find your work ;difficult or easy;.;
24258;yes;X or Y;easy;difficult;difficult - easy; In what ways is learning particular aspects of a subject seen to be ;easy or difficult;?;
31399;yes;X or Y;easy;difficult;difficult - easy; Of course, one could administer any test to persons of an age for which it typically is inappropriately ;easy or difficult;.;
12391;yes;X or Y;easy;difficult;difficult - easy; Check belt fit, then determine: Are belts ;easy or difficult; or awkward to unlatch and stow away each time you remove them?;
10459;yes;X or Y;easy;difficult;difficult - easy; Both Kodly and Orff recognized that teachers could make the development of musicianship ;easy or difficult; for students.;
53394;yes;X or Y;easy;difficult;difficult - easy;, ;easy or difficult; temperament) appear to be as good or better than @ @ @ @ @ @ @ @ @ @ indices of behavioral adjustment or maladjustment (Sanson et al.;
23830;yes;X or Y;difficult;easy;difficult - easy; In some of the articles the man's name was Greek and ;difficult or easy; to say, in @ @ @ @ @ @ @ @ @ @.;
27252;yes;X or Y;difficult;easy;difficult - easy; It's because of the way we judge whether something is ;difficult or easy;.;
47738;yes;X or Y;difficult;easy;difficult - easy; Until then I had n't considered whether living in a van was ;difficult or easy; or anything at all.;
51046;yes;X or Y;difficult;easy;difficult - easy; You can make it as ;difficult or easy; as you want it to be.;
15123;yes;X or Y;easy;difficult;difficult - easy; Foos (1992) found an effect for expectation of receiving an ;easy or difficult; test, but no difference was found between those expecting a recall or recognition test.;
24703;yes;X or Y;difficult;easy;difficult - easy; Is the task ;difficult or easy;?;
46025;yes;between X and Y;easy;difficult;difficult - easy; This item served to differentiate ;between easy and difficult; intentions.;
19413;yes;between X and Y;difficult;easy;difficult - easy;" However, they did not differentiate between the "" what "" - and the "" when "" - or "" where "" -aspect, and did not differentiate ";between difficult and easy; goals.;
39903;yes;either too X or too Y;easy;difficult;difficult - easy; The game is hampered by the fact that the questions tend to be ;either too easy or too difficult;, so winning is just a matter of luck.;
53596;yes;either too X or too Y;difficult;easy;difficult - easy;, third-grade passages), they question the idea of monitoring children's growth by having them read text that appears to be ;either too difficult or too easy;.;
14591;yes;either too X or too Y;easy;difficult;difficult - easy; Exercises 0, 1, 5, 6 and both partner exercises, used more by the nonspecialists, were ;either too easy or too difficult;.;
49747;yes;either too X or too Y;easy;difficult;difficult - easy; Where @ @ @ @ @ @ @ @ @ @ makes it ;either too easy or too difficult;.;
24857;yes;from X to Y;easy;difficult;difficult - easy; It can be beneficial for organizing reading materials ;from easy to difficult; with a gradual increase of word and sentence length.;
13538;yes;how X or Y;easy;difficult;difficult - easy; Do you have experience with ;how easy or difficult; that is and what it takes for them to do it without major hassle?;
30568;yes;how X or Y;easy;difficult;difficult - easy; Night at the Eyepiece Some measure of a device's utility rests with ;how easy or difficult; it is to operate.;
40950;yes;how X or Y;easy;difficult;difficult - easy; The next, after that, is your marketability and ;how easy or difficult; it is to keep pace with the market and the industry.;
35605;yes;how X or Y;easy;difficult;difficult - easy; So can other factors, like ;how easy or difficult; it is to get follow-up care.;
37343;yes;how X or Y;easy;difficult;difficult - easy; That is, ;how easy or difficult; was it to bring relief into the area, given the lack of power, closed airports, closed bridges and tunnels, etc.;
37253;yes;how X or Y;easy;difficult;difficult - easy; That gave me some idea ;how easy or difficult; it would be to work on.;
46784;yes;whether X or Y;easy;difficult;difficult - easy; Throughout every situation in my life, ;whether easy or difficult;, @ @ @ @ @ @ @ @ @ @ This gift I want to share with others.;
52783;yes;X and Y;drunk;sober;drunk - sober; they had done things ;drunk and sober;.;
11684;yes;X or Y;drunk;sober;drunk - sober; But they are off-limits for motorists, ;drunk or sober;, and that's nirvana enough.;
13973;yes;X or Y;drunk;sober;drunk - sober;" Elsewhere in the History he remarks, "" I do not now recollect that I was ever insulted by an Indian, ";drunk or sober;, during all the time I was with them.;
20001;yes;X or Y;sober;drunk;drunk - sober; I do n't care if it's a husband or stranger, ;sober or drunk;, in pants/turtleneck or a naked, by a virgin or a slut.;
38045;yes;X or Y;drunk;sober;drunk - sober; The English did n't do such things, ;drunk or sober;.;
31550;yes;X or Y;drunk;sober;drunk - sober; On and off stage, ;drunk or sober;, Gus moves like a star, always aware of people watching him, each move carefully calculated.;
36890;yes;X or Y;drunk;sober;drunk - sober; Susan is sure her father, ;drunk or sober;, would have done the same for her mother, because that is how they were.;
22152;yes;X or Y;drunk;sober;drunk - sober; If I come here ;drunk or sober;, you send me away again -- do n't give me any more tattoos.;
34856;yes;X or Y;drunk;sober;drunk - sober; She says unless old Joe's drunk he has no sexual interests at all and in fact ;drunk or sober; has had no nodding acquaintance with an erection in, lo, these last seven or eight years.;
16757;yes;X or Y;sober;drunk;drunk - sober; He flatters death as he would a beautiful woman, whether he's ;sober or drunk;.;
22267;yes;X or Y;drunk;sober;drunk - sober; If he said it once he said a hundred times that ;drunk or sober;, E.;
40491;yes;X or Y;drunk;sober;drunk - sober; The lie of a pipe dream is what gives life to the whole and misbegotten mad lot of us, ;drunk or sober;.;
19458;yes;X or Y;drunk;sober;drunk - sober; Human beings ;drunk or sober;, the justices protested, are responsible for their own wrongs.;
22059;yes;X or Y;drunk;sober;drunk - sober; I've never kissed anyone I'm not sexually attracted to, and ca n't imagine doing so -- ;drunk or sober;.;
30688;yes;X or Y;drunk;sober;drunk - sober; No one fucked with him, ;drunk or sober;.;
34602;yes;X or Y;sober;drunk;drunk - sober; She had apparently brought me to erection -- not hard as I'm one of those men who can hold one for hours, awake or asleep, ;sober or drunk;.;
17102;yes;X or Y;drunk;sober;drunk - sober; He looked like the kind of man, ;drunk or sober;, who thought it was his right to fondle women whether his advances were welcome or not.;
20356;yes;X or Y;drunk;sober;drunk - sober;" I had to explain to them that drunkenness could conceivably be held to be a mitigating factor, if they were convicted; but they were just as responsible for their actions whether they were ";drunk or sober;.;
16397;yes;between X and Y;drunk;sober;drunk - sober; Halfway ;between drunk and sober;, she leaned against the door frame for support with her arms hidden behind her, as if half her appendages were missing.;
27367;yes;X and Y;wet;dry;dry - wet; It's interfering with our readings-it's the @ @ @ @ @ @ @ @ @ @ sticks, they used bent wire, and numerous ;wet and dry; devices.;
1386;yes;X and Y;wet;dry;dry - wet;" "" Echoing the comments of fellow Southwesterners Scott and Mike, I thought the soles showed better-than-average friction on ";wet and dry; sandstone, although Jim and John K.;
19355;yes;X and Y;wet;dry;dry - wet; However, such a location can be large, as in a large research consortium, and it can be multiple, since ;wet and dry; scientists currently operate worldwide in many research programs.;
27944;yes;X and Y;dry;wet;dry - wet; Jump-start this recipe by preparing and refrigerating ;dry and wet; ingredients separately.;
11227;yes;X and Y;wet;dry;dry - wet; But it you want to recycle kitchen scraps too, consider hot composting-mixing ;wet and dry; waste in a bin, then occasionally turning the pile to aerate it, creating heat and accelerating the breakdown process.;
23588;yes;X and Y;wet;dry;dry - wet; In large mixing bowl, combine ;wet and dry; mixtures, and add banana.;
4932;yes;X and Y;wet;dry;dry - wet; 38 Figure 3 on page 30 shows that field measurements of the annual average wet mercury deposition and RELMAP estimates for ;wet and dry; deposition have little correlation and, thus, that mercury deposition is not predictable.;
48499;yes;X and Y;wet;dry;dry - wet; We introduce ;wet and dry; research as different styles of science and, using the example of nutrigenomic research, demonstrate that specific technologies can facilitate cooperation by helping to identify a common ground.;
3535;yes;X and Y;wet;dry;dry - wet;" "" To native regional plants he adds a range of plants that flourish in Both ";wet and dry; tropical climates.;
6712;yes;X and Y;wet;dry;dry - wet; Again, these got mixed up with ;wet and dry;, so we ca n't really tell anything from the data presented.;
38297;yes;X and Y;wet;dry;dry - wet; The SPI maps here show the spatial extent of anomalously ;wet and dry; areas at time scales ranging from 1 month to 24 months.;
29848;yes;X and Y;wet;dry;dry - wet; Most migration takes place in areas with great seasonal differences -- summer and winter in the temperate zones, ;wet and dry; seasons in the tropics.;
47713;yes;X and Y;wet;dry;dry - wet; Unlike the effects for multi-vehicle crashes, this reduction was about equally large on ;wet and dry; roads.;
31289;yes;X and Y;wet;dry;dry - wet; Numerous layers of soil within the prairie sands hint that this region's climate during the past 5 millennia has shifted back and forth between lengthy ;wet and dry; periods.;
47879;yes;X and Y;wet;dry;dry - wet; Usually, the towns she got stuck in were ugly, with two seasons, ;wet and dry;.;
37366;yes;X and Y;wet;dry;dry - wet; That kept the fields from developing ;wet and dry; areas that reduced productivity.;
50424;yes;X and Y;wet;dry;dry - wet; With consistently high temperatures and alternating ;wet and dry; seasons, plant life adapts to climatic extremes by developing deep root systems.;
43270;yes;X and Y;wet;dry;dry - wet; There are also ;wet and dry; play areas for little kids, as well as a Fun Squad that lets children take part in supervised games and activities.;
40391;yes;X and Y;dry;wet;dry - wet; The lake dried out more then 2,000 years ago, leaving the salt pans in its place, but the region retained the two seasons of the tropics, ;dry and wet;.;
32525;yes;X and Y;wet;dry;dry - wet; Overall, the alternation of ;wet and dry; years in an irregular pattern very likely maximizes ecosystem productivity and diversity.;
4696;yes;X and Y;wet;dry;dry - wet; 1 day ahead: * Measure ;wet and dry; ingredients for Chicken Scaloppine.;
46253;yes;X and Y;wet;dry;dry - wet; This regular cycle of ;wet and dry; seasons made routine the bounty of the great alluvial plains below the mountains, fertilized by the plateau's silty runoff.;
3637;yes;X and Y;wet;dry;dry - wet;" "" We expect a greater frequency of unusual warmth and also greater extremes in ";wet and dry;" conditions, "" he said.";
37888;yes;X and Y;wet;dry;dry - wet; The @ @ @ @ @ @ @ @ @ @ ;wet and dry;.;
29949;yes;X and Y;dry;wet;dry - wet; Most tropical regions with distinct ;dry and wet; seasons are potentially suited for most of the major cereals grown in temperate Eurasia.;
44313;yes;X and Y;dry;wet;dry - wet; They @ @ @ @ @ @ @ @ @ @ serve as rain gauges, because ;dry and wet; epochs left sediments of differing colors.;
33347;yes;X and Y;wet;dry;dry - wet; Proper combustion conditions and the use of pollution devices such as electrostatic precipitators, ;wet and dry;" scrubbers, and "" bag-houses "" dramatically have reduced environmental and health concerns.";
40124;yes;X and Y;wet;dry;dry - wet; The hot line always recommends that when preparing stuffing at home, consumers combine the ;wet and dry; ingredients at the very last minute.;
9998;yes;X and Y;dry;wet;dry - wet; Because the researchers can not do without the expertise in the alien domain, ;dry and wet; scientific practices are pushed toward one another.;
32414;yes;X and Y;dry;wet;dry - wet; Our tests gives the most weighted to safety-related performance on ;dry and wet; pavement - braking, emergency handling, and resistance to hydroplaning.;
40821;yes;X and Y;dry;wet;dry - wet; The most dependable weather and water conditions occur during January and February, when a good combination of ;dry and wet; fly fishing is possible.;
54193;yes;X and Y;wet;dry;dry - wet;m The center also provides swimming facilities, whirlpool, ;wet and dry; saunas, towels, shaving cream and soap.;
4064;yes;X and Y;wet;dry;dry - wet;" &lt;/p&gt; &lt;p&gt;The AC72 is ";wet and dry;.;
38305;yes;X and Y;wet;dry;dry - wet; The Scorcher T/A is a true performance tire with excellent ;wet and dry; traction and the colors actually refresh as they wear.;
39945;yes;X and Y;wet;dry;dry - wet; The girl leaned toward the flame in a torn black sweater as tight as skin and a green skirt so long it had trailed in gutters, ;wet and dry;.;
12899;yes;X and Y;wet;dry;dry - wet; Corn grain is processed to remove the sugar in ;wet and dry; mills (by crushing, soaking, and/or chemical treatment), the sugar is fermented, and the resulting mix is distilled and purified to obtain anhydrous ethanol.;
47359;yes;X and Y;wet;dry;dry - wet; Traditionally, the marshy Everglades underwent ;wet and dry; cycles.;
23039;yes;X and Y;dry;wet;dry - wet; In Pirelli's tests, the P400 Touring shows ;dry and wet; braking performance that is superior to its most popular competitor.;
34011;yes;X and Y;dry;wet;dry - wet; Rosalind Franklin was handicapped in her research by earlier results that had mixed ;dry and wet; forms of DNA.;
7245;yes;X and Y;wet;dry;dry - wet; Although it may seem counterintuitive, the flexibility of the gene pathway map as boundary object provides stability to the trading zone of ;wet and dry; scientists.;
52365;yes;X and Y;dry;wet;dry - wet; nurseries for emergent and successional, ;dry and wet;" species "".";
3238;yes;X and Y;wet;dry;dry - wet;" "" The seminomadic Nuer of the southern Sudan divide he year into ";wet and dry;" months; the seasons are recognized by changes in rainfall and wind patterns.";
10529;yes;X and Y;wet;dry;dry - wet; Both regions sustain ;wet and dry; tropical forests with similar physiognomies.;
32259;yes;X and Y;wet;dry;dry - wet; Others identified the source as the natural ;wet and dry; cycles of their ecosystem.;
4343;yes;X and Y;wet;dry;dry - wet; (n4) The flow variations of the Ethiopian tributaries differ between the ;wet and dry; seasons.;
46830;yes;X and Y;wet;dry;dry - wet; Thus just as wet areas tend to become more wet and dry areas more dry, wet months become more ;wet and dry; months more dry.;
3897;yes;X and Y;wet;dry;dry - wet;" "" You mean the positive feedback with negative impact:) I believe there has been some research on soils, ";wet and dry;.;
31577;yes;X and Y;wet;dry;dry - wet; On one of the two pilot routes, recyclables were collected with ;wet and dry; organic materials in blue bags.;
50398;yes;X and Y;wet;dry;dry - wet; With a fork, lightly bring mixture in toward the center to combine ;wet and dry; ingredients.;
41555;yes;X and Y;dry;wet;dry - wet; The rain had stopped during the night and left the city clothed in a torn garment of ;dry and wet;.;
37822;yes;X and Y;wet;dry;dry - wet; The ;wet and dry; seasons vary throughout the Amazon region, but in the Trombetas area, the dry season is from mid-August through November.;
53831;yes;X and Y;wet;dry;dry - wet;5 million structure will include ;wet and dry; laboratories, office space and meeting rooms.;
8693;yes;X and Y;wet;dry;dry - wet; Applying ;wet and dry;" brush strokes over dried grounds can build images and create form; lifting color can create special @ @ @ @ @ @ @ @ @ @ before it dries adds subtle textures.";
23186;yes;X and Y;wet;dry;dry - wet; In addition, Ainsworth Pet Nutrition, which manufactures Nutrish, has donated four tons of ;wet and dry; dog food to distribute to the pets at the shelter.;
32589;yes;X and Y;wet;dry;dry - wet; Pairs of opposites form dual series such as sun and moon, high and low, light and dark, right and left, light and heavy, hot and cold, ;wet and dry;, male and female, superior and inferior.;
23184;yes;X and Y;wet;dry;dry - wet; In addition, ;wet and dry; granulation tissue weight and hydroxyproline content were significantly higher.;
38194;yes;X and Y;wet;dry;dry - wet; The Maxxis Minion tires would make Spiderman proud, as they provide incredible traction, hooking up on rocks and roots, ;wet and dry;, and churn through loose soil like a garden tiller.;
20463;yes;X and Y;wet;dry;dry - wet; I have only 1 kitty, but there are fur everywhere and he is on high quality ;wet and dry;, esp canned brushtail that is high on Omega 3 and 6.;
33841;yes;X and Y;dry;wet;dry - wet; Reticles must undergo a sequence of ;dry and wet; processing steps involved in depositing and patterning absorber layers.;
53164;yes;X and Y;wet;dry;dry - wet;) Amid barbering -- flattops, Princetons, layer cuts, ;wet and dry; -- the best Nick could @ @ @ @ @ @ @ @ @ @ way.;
41100;yes;X and Y;wet;dry;dry - wet; The opulent clubhouse features his-and-hers spas, sunken Romanesque baths, ;wet and dry; saunas, and Jacuzzis.;
5438;yes;X and Y;dry;wet;dry - wet; @ @ @ @ @ @ @ @ @ @ temperatures and ;dry and wet; spells.;
29593;yes;X and Y;wet;dry;dry - wet; Mix ;wet and dry;" ingredients, blending well; pour batter into prepared pan.";
50843;yes;X and Y;wet;dry;dry - wet; Yet even in the former districts availability of ;wet and dry; season grazing could be so different for different groups that crude density numbers would have to weighted.;
42120;yes;X and Y;wet;dry;dry - wet; The soles felt cushy during long sandstone descents, while the relatively soft lugs gripped well on ;wet and dry; rock.;
46174;yes;X and Y;wet;dry;dry - wet; This paper describes the duallayer polyimide (DLP) process, in which an integrated combination of appropriate electrochemical and traditional ;wet and dry; technologies has been used to advantage to fabricate an advanced multilevel interconnection structure.;
48116;yes;X and Y;dry;wet;dry - wet; Water absorption is determined by comparing the ;dry and wet; weights.;
32138;yes;X and Y;dry;wet;dry - wet; Or why do I need to alternate ;dry and wet; ingredients when making a cake?;
25678;yes;X and Y;dry;wet;dry - wet; It is sky and land, it is ;dry and wet;, it is earth and air and water and a powerful strong hoodoo bound deep in the place where they all three come together.;
2083;yes;X and Y;wet;dry;dry - wet;" "" In ";wet and dry;.;
39009;yes;X and Y;wet;dry;dry - wet; The chart shows the tested ;wet and dry; pickup, as well as the stated capacity.;
15987;yes;X and Y;wet;dry;dry - wet; Generally, in the studio she works on white, museum grade Wallis Sanded Pastel Paper, a surface she favors for its ability to withstand wet underpaintings, mixing ;wet and dry; techniques, and numerous layers of pastel.;
3181;yes;X and Y;dry;wet;dry - wet;" "" The monsoonal cycle of ";dry and wet;" seasons requires totally different land management techniques, "" she says.";
20128;yes;X and Y;wet;dry;dry - wet; I encountered temperatures ranging from below freezing to 60 deg F, ;wet and dry; weather, and terrain ranging from hard-packed dirt to mud, snow, sandy wash, and slickrock.;
50453;yes;X and Y;dry;wet;dry - wet; With its fine balance of braking on ;dry and wet; pavement, cornering, handling, and snow traction, it outscored the other six winter tires in its group.;
14072;yes;X and Y;wet;dry;dry - wet; Especially competent on ;wet and dry; pavement, but unimpressive in snow.;
42767;yes;X and Y;wet;dry;dry - wet; The western monsoon sharply divides the annual cycle into ;wet and dry;, making the earth glisten with rain for three months, then leaving the surface parched for the remaining nine.;
50105;yes;X and Y;wet;dry;dry - wet; While the genetic pathway map stimulates cooperation, ;wet and dry; practices continue to work on their own, trying to overcome problems inside their style as well.;
7318;yes;X and Y;dry;wet;dry - wet; Although there are pronounced annual ;dry and wet; seasons, the start and duration of the rains vary from year to year, making these semiarid ecosystems some of the most environmentally unpredictable places on Earth.;
38388;yes;X and Y;wet;dry;dry - wet; The Wisconsin landfill will include experimental ;wet and dry;" cells; the others will have sections covered with sand, allowing precipitation to flow into the garbage.";
45656;yes;X as well as Y;wet;dry;dry - wet; This habitat, called the Florida scrub, is a series of sand ridges, which drain water so quickly and thoroughly that they foster a dry-land habitat during ;wet as well as dry; eras.;
24278;yes;X or Y;wet;dry;dry - wet; Includes a dual-ended shadow brush to apply these shadows ;wet or dry;, as an all-over wash of color or as a liner.;
48694;yes;X or Y;wet;dry;dry - wet; We then apply a prospect risk factor that determines whether each prospect is ;wet or dry;.;
48329;yes;X or Y;wet;dry;dry - wet;" We do n't even know how many of them, if any, involved temperature; they could all have been merely ";wet or dry;.;
13098;yes;X or Y;wet;dry;dry - wet; DOG FOOD CHOICES Q I currently have two upland hunting dogs, and I was wondering which type of dog food -- ;wet or dry; -- to feed them in hunting season and out.;
47035;yes;X or Y;wet;dry;dry - wet; To determine size and material, ask yourself if you will be standing or sitting, if the projects are ;wet or dry;, and if you need a cutting surface.;
6440;yes;X or Y;wet;dry;dry - wet; Addition-ally, limited sampling undoubtedly biases the characterization of a beach, as samples may not include particularly ;wet or dry; weather.;
20642;yes;X or Y;wet;dry;dry - wet;" I knew what a wet gas was; gas was rated as ";wet or dry; depending on how much liquid hydrocarbon was dissolved in it.;
50406;yes;X or Y;wet;dry;dry - wet; With a synthetic-our test included Lite Loft, Micro-loft, Polarguard 3D, and Quallofilyou can expect decent performance ;wet or dry;, and much faster drying times should the insulation get soaked.;
4348;yes;X or Y;wet;dry;dry - wet; (n4, n6, n7) A post-like structure, fabricated by ;wet or dry; etching, can suppress this leakage of spontaneous emission and increase the Beta values up to 0.;
36423;yes;X or Y;wet;dry;dry - wet; Stamoid will last as long as Sunbrella, and its stretch is negligible, so snaps stay in position whether it's ;wet or dry;.;
15129;yes;X or Y;wet;dry;dry - wet; Footwear is a simple matter of always -- summer and winter, ;wet or dry; -- appearing at the club wearing old rubber-bottomed, leather-topped boots.;
9175;yes;X or Y;dry;wet;dry - wet; As shown in Table 2, that insulation value changes depending on the thickness of the haircoat and whether it is ;dry or wet;.;
32954;yes;X or Y;wet;dry;dry - wet; Pests migrate from one location to another, and a season may be unusually ;wet or dry;.;
7916;yes;X or Y;wet;dry;dry - wet; And it's formulated to work on ;wet or dry; surfaces.;
39453;yes;X or Y;wet;dry;dry - wet; The disc brakes are consistent ;wet or dry; and I can let loose again.;
4637;yes;X or Y;wet;dry;dry - wet;" // STACHYS BYZANTINA'BIG EARS'('Countess Helen von Stein @ @ @ @ @ @ @ @ @ @ in sun or shade; ";wet or dry;" conditions, "" says Tatroe.";
41568;yes;X or Y;wet;dry;dry - wet; The razor can be operated ;wet or dry;, allowing shaving in the shower, and rinses clean under tap water.;
28790;yes;X or Y;wet;dry;dry - wet;" Losses caused by: wear and tear, natural marring, or deterioration; smog, rust or other corrosion; mold, ";wet or dry;" rot; birds, vermin, rodents, or insects; animals you own or keep.";
47057;yes;X or Y;wet;dry;dry - wet; To find plants that will thrive, you should evaluate the conditions in your yard: Note whether the area is sunny, shady, ;wet or dry;.;
36633;yes;X or Y;wet;dry;dry - wet; Students experiment with different techniques to germinate seeds: will they sprout faster ;wet or dry;, with light or no light, or if the seed is nicked just a bit to help the sprout get out?;
48891;yes;X or Y;dry;wet;dry - wet; Weather conditions may also affect the harvesting of coffee as the harvesters may also choose to use ;dry or wet; methods in order to process their coffee.;
17642;yes;X or Y;wet;dry;dry - wet; He was wonderful to touch, ;wet or dry;.;
12386;yes;X or Y;wet;dry;dry - wet; Charts tell you which items are hot or cold, ;wet or dry;.;
19823;yes;X or Y;dry;wet;dry - wet; I ca n't help but add that he certainly has a creepy family, ;dry or wet;.;
35302;yes;X or Y;wet;dry;dry - wet; Similarly, anomalies for the LIA might be cold, or they might be merely ;wet or dry;.;
40896;yes;X or Y;wet;dry;dry - wet; The need for other equipment, such as a ;wet or dry; suit and VHF radio, will depend on the conditions you plan to paddle in.;
31831;yes;X or Y;wet;dry;dry - wet; One is the concordant variation exhibited by all sites in a network affected by yearly changes in regional phenomena, such as ;wet or dry; years.;
13019;yes;X or Y;wet;dry;dry - wet; Cubic meters can be airy or dense, ;wet or dry;, slippery or sticky.;
3693;yes;X or Y;wet;dry;dry - wet;" "" We were n't getting anywhere with toilet training, because Patrick did n't care if he was ";wet or dry;", "" she recalls.";
47905;yes;X or Y;wet;dry;dry - wet; Values above 3 or below-3 indicate extremely ;wet or dry; conditions, respectively.;
34006;yes;X or Y;wet;dry;dry - wet; Roosevelt favored a compromise that would allow local governments to decide whether their towns were ;wet or dry;.;
35953;yes;X or Y;wet;dry;dry - wet; Some artisanal cheesemakers use goat or sheep's milk, and fresh versions come in many varieties: firm or creamy, ;wet or dry;.;
44581;yes;X or Y;dry;wet;dry - wet; They can also be used as ;dry or wet; shadows, depending on your preference.;
34507;yes;X or Y;wet;dry;dry - wet; She could barely feel her feet: She could n't tell if they were warm or cold, ;wet or dry;.;
47523;yes;X or Y;wet;dry;dry - wet; Two separate blades for ;wet or dry; blending.;
3878;yes;X or Y;wet;dry;dry - wet;" "" You do n't care six-pence whether he was ";wet or dry;.;
25414;yes;X or Y;wet;dry;dry - wet; It is all around, all the time, day and night, ;wet or dry;.;
4285;yes;X or Y;wet;dry;dry - wet; (n11) Season was classified as ;wet or dry;.;
44887;yes;X or Y;wet;dry;dry - wet; They might just be ;wet or dry;.;
43365;yes;X or Y;wet;dry;dry - wet; There are no distinct ;wet or dry; months as rain falls during every month of the year.;
40508;yes;X or Y;wet;dry;dry - wet; The linear vibrating screen features compact structure, running stable, which is widely used for the dehydration, off mud, and the ;wet or dry; classification of medium or fine material.;
28554;yes;X or Y;wet;dry;dry - wet; Like a ;wet or dry; county, communities can vote to keep the green out.;
46283;yes;X or Y;dry;wet;dry - wet; This self-propelled robot moves back and forth and @ @ @ @ @ @ @ @ @ @ ;dry or wet; disposable cleaning cloth or reusable microfiber cloth.;
12573;yes;X or Y;wet;dry;dry - wet; Clinical testing also showed that with daily use (the treatment is applied root to tip, on ;wet or dry; hair), the hair continues to grow stronger after a month.;
28529;yes;X or Y;wet;dry;dry - wet; Lightly spray this leave-in conditioner on ;wet or dry; hair before bed, and the wheat amino acids @ @ @ @ @ @ @ @ @ @ snooze.;
23441;yes;X or Y;wet;dry;dry - wet; In fact, it has excellent traction ;wet or dry;.;
51014;yes;X or Y;wet;dry;dry - wet; You can apply these shadows ;wet or dry;, all over or as liner.;
24871;yes;X or Y;wet;dry;dry - wet; It can be used ;wet or dry;.;
8692;yes;X or Y;dry;wet;dry - wet; Apply small drops to the scalp, or work into ;dry or wet; hair to strengthen follicles.;
45285;yes;X or Y;wet;dry;dry - wet; They're a damned nuisance ;wet or dry;.;
15224;yes;X or Y;wet;dry;dry - wet; For already-tanned or brown skin, choose a deeper bronze: Lorac Tantalizer Baked Matte Satin Bronzer SPF 15 ($28, Sephora) can be applied ;wet or dry;, depending on the color intensity you're after.;
34454;yes;X or Y;wet;dry;dry - wet; Shaving in the same direction the hair grows may help -- or you @ @ @ @ @ @ @ @ @ @ There are now battery-powered electric models that can be used ;wet or dry;.;
49180;yes;X or Y;wet;dry;dry - wet; What other bulbs take sun or light shade, like ;wet or dry; soil, bloom repeatedly from spring to fall, and live longer than Adam?;
41864;yes;X or Y;wet;dry;dry - wet; The same is true for ;wet or dry; conditions during the LIA time frame.;
4819;yes;X, not Y;dry;wet;dry - wet; 2 To avoid compacting the soil, dig when the ground is ;dry, not wet;.;
46914;yes;between X and Y;wet;dry;dry - wet; Thus, with respect to criteria for prioritization, differences in location, communication, and notions of relevance and significance combine to create a boundary ;between wet and dry; styles of scientific reasoning.;
20431;yes;between X and Y;wet;dry;dry - wet; I have learned a few more things since, esp the difference ;between wet and dry; renderings.;
31293;yes;between X and Y;wet;dry;dry - wet; Nutrigenomicists acknowledged the existence of multiple disciplinary boundaries within the wet and the dry sections of the programs, but assigned a special status to the boundary ;between wet and dry; research practices.;
18325;yes;between X and Y;wet;dry;dry - wet; Here we discuss the ways in which nutrigenomic research practice has dealt with the difficulties of cooperation ;between wet and dry; research.;
41937;yes;between X and Y;dry;wet;dry - wet; The seasonal differences ;between dry and wet; years were more important than were the differences in how the units were used.;
23722;yes;between X and Y;wet;dry;dry - wet; In our analysis, this and other gene pathway maps are conceptualized as boundary objects, facilitating cooperation ;between wet and dry; nutrigenomicists (those focusing on laboratory research and computation, respectively).;
47936;yes;between X and Y;wet;dry;dry - wet; Vernal pools are seasonal wetlands that form in shallow basins and alternate on an annual basis ;between wet and dry; phases.;
30057;yes;between X and Y;wet;dry;dry - wet; Mutual dependency, however, is not necessarily a recipe for successful cooperation and does not enable us to understand how the boundary ;between wet and dry; has been overcome.;
29798;yes;between X and Y;dry;wet;dry - wet; Moshe Feinstein 2 which differentiates ;between dry and wet; items.;
38868;yes;between X and Y;wet;dry;dry - wet; The boundary ;between wet and dry; science has become a site for large-scale information exchange, a place where people learn from one another despite epistemological and practical differences.;
7262;yes;both X and Y;wet;dry;dry - wet; Although mercury deposition can occur in ;both wet and dry; forms, EPA has concluded that deposition through precipitation is the primary means of transport between the atmosphere and the Earth's surface.;
18527;yes;both X and Y;wet;dry;dry - wet; His clothes were dirty, his hair greasy, his nose covered in ;both wet and dry; snot.;
38204;yes;both X and Y;wet;dry;dry - wet; The Model 1500 industrial vacuum cleaning unit is a continuous-duty machine designed for high-volume material recovery in ;both wet and dry; applications.;
8955;yes;both X and Y;wet;dry;dry - wet; As a result, inside single disciplines, ;both wet and dry; styles of science may be observed (see box 1).;
26042;yes;both X and Y;dry;wet;dry - wet; It seems ;both dry and wet;.;
48796;yes;both X and Y;wet;dry;dry - wet; We'll be looking for feedback from area bicyclists as to their experiences with the material in ;both wet and dry; weather.;
15130;yes;both X and Y;dry;wet;dry - wet; For ;both dry and wet; conditions, shrub cover always efficiently improved infiltration and reduced runoff rates.;
44208;yes;both X and Y;wet;dry;dry - wet; These pumps include types that will operate in ;both wet and dry; well installations.;
48602;yes;both X and Y;dry;wet;dry - wet; We offer information on the hydrological and erosional responses of different types of soil surface in ;both dry and wet; conditions.;
52768;yes;both X and Y;wet;dry;dry - wet;" thereby facilitating visualization "" (microbiology @ @ @ @ @ @ @ @ @ @ many publications, but not all, ";both wet and dry; sentences can be found.;
10801;yes;both X and Y;wet;dry;dry - wet; But I've usually stuck with rugged species, native to my region, and have planted them in ;both wet and dry; soils, in open fields, among rocks, in brush, even under the shadow of mature hardwoods.;
36584;yes;both X and Y;dry;wet;dry - wet; Stopping distances from 60 mph were long on ;both dry and wet; pavement, and brakepedal travel is long.;
53958;yes;both X and Y;wet;dry;dry - wet;": $21,920; V6: $30,790 More Test Findings Braking Very good, with short stops on ";both wet and dry; pavement.;
15319;yes;both X and Y;wet;dry;dry - wet; For example, nitrogen fixed during the combustion of fossil fuels and lofted into the atmosphere causes ;both wet and dry; deposition of nitrate and nitric acid (HNOsub3).;
40755;yes;both X and Y;dry;wet;dry - wet; The model accounts for the dispersion of spores at multiple altitudes in the lower atmosphere and incorporates ;both dry and wet; spore deposition processes (X.;
23180;yes;both X and Y;wet;dry;dry - wet; In addition, ;both wet and dry; deposition can deliver nitrogen compounds from the atmosphere to terrestrial ecosystems.;
38134;yes;both X and Y;wet;dry;dry - wet; The Italian giant known for its high-performance tires has added to that reputation with an ultrahigh-performance tire for ;both wet and dry; conditions, the exclusive P7000 Supersport.;
47894;yes;both X and Y;dry;wet;dry - wet; V6: $26,435 More Test Findings Braking Very short, straight stops in ;both dry and wet;, @ @ @ @ @ @ @ @ @ @.;
22905;yes;both X and Y;dry;wet;dry - wet; In ;both dry and wet; conditions, shrub cover efficiently improves infiltration and reduces coefficients of runoff and rates of erosion.;
31778;yes;either X or Y;wet;dry;dry - wet; One application is all you need - on ;either wet or dry; hair.;
29486;yes;either X or Y;dry;wet;dry - wet; Metal deposition uses ;either dry or wet; methods, and, as with the other processes, involves multiple layers of different metals.;
2909;yes;either too X or too Y;wet;dry;dry - wet;" "" Spring has been ";either too wet or too dry;.;
10153;yes;whether X or Y;wet;dry;dry - wet;" Bell, formerly of Madras; but he did not say, in his printed account of that institution, ";whether wet or dry; sand was used.;
39497;yes;whether X or Y;dry;wet;dry - wet; The dot-pattern outsoles stuck to rock ;whether dry or wet;, but slipped on gravelly trails and mud.;
39958;yes;whether X or Y;wet;dry;dry - wet; The goal here is to be more educated about coffee flavor, taste and aroma ;whether wet or dry;.;
52327;yes;X and Y;false;true;false - true; n1 The saccule, which is the anterior-most part of the laryngeal ventricle, lies between the ;false and true; vocal folds.;
33357;yes;X and Y;true;false;false - true;" Protestant Reformer Ulrich Zwingli wrote in 1525 of "" ";true and false; religion as displayed by Christians.;
21058;yes;X and Y;true;false;false - true;" I signed the petition, but also wanted to point out that snopes has a page on this, declaring it a "" mixture "" of ";true and false;.;
48199;yes;X and Y;true;false;false - true; We are given ;true and false; tests where we have to pick one or the other with no room for exceptions or creative thinking.;
12462;yes;X and Y;true;false;false - true; Choices instill values -- right and wrong, good and evil, ;true and false;, wise and foolish -- into an otherwise sterile sequence of events.;
14472;yes;X and Y;true;false;false - true; Everyone, it seems, @ @ @ @ @ @ @ @ @ @ ;true and false; apologies.;
47408;yes;X and Y;true;false;false - true; Trouble arises, for one thing, in equating religion with a very subjective spirituality, which dispenses with all the vital distinctions between religion revealed and natural, even ;true and false;.;
1384;yes;X and Y;true;false;false - true;" "" Each response is followed by five choices: 1 = completely false, 2 = mostly false, 3 = ";true and false;, 4 = mostly true, and 5 = completely true.;
51336;yes;X and Y;false;true;false - true; You will have many keys duplicates, only ;false and true;.;
22742;yes;X and Y;true;false;false - true; If you regard the T-sentences themselves as the definition of truth, all that the definition gives us is a scheme for determining which truth ascriptions are ;true and false; in our world.;
25679;yes;X and Y;true;false;false - true; It is slower, larger, and causes all sorts of problems compared to straight-up ;true and false;.;
17881;yes;X and Y;false;true;false - true; Hence all original religions are allegorical, or susceptible of allegory, and, like Janus, have a double face of ;false and true;.;
38980;yes;X and Y;true;false;false - true; The celebration of diversity here, in its attempt to overcome prejudicial assertions, can lead to a pluralistic relativism of good and evil, ;true and false;.;
3558;yes;X and Y;true;false;false - true;" "" True, ";true and false;.;
6684;yes;X and Y;true;false;false - true; Afterward, @ @ @ @ @ @ @ @ @ @ orals, a questionnaire maybe 200 pages long, ;true and false; and yes and no.;
7781;yes;X and Y;false;true;false - true; And he assembled his God Wall,'a monument to all gods ;false and true;, which includes a Star of David, a photo of Sai Baba and a giant Quaalude.;
4082;yes;X and Y;true;false;false - true; (105rc @ @ @ @ @ @ @ @ @ @ the two human women in Proverbs are metaphorically related to Ecclesia and Synagoga, the ;true and false; churches.;
49787;yes;X and Y;true;false;false - true; Whereas others see ideas divided into ;true and false;, progressive or reactionary, Levin cultivates an awareness of the middle realm of opinion and of the complexities that may invalidate the most self-evident of social tenets.;
5618;yes;X and Y;true;false;false - true; A @ @ @ @ @ @ @ @ @ @ laws of noncontradiction: a proposition can not be simultaneously ;true and false; in a possible word.;
49506;yes;X and Y;true;false;false - true; When it comes to family lore, ;true and false; are often beside the point.;
50878;yes;X and Y;false;true;false - true; Yet some would say relax and learn about all ;false and true; doctrine a like and accept false doctrine as well as truth.;
40411;yes;X and Y;true;false;false - true; The laryngeal ventricle is the space between the ;true and false; vocal folds.;
53833;yes;X and Y;true;false;false - true;5 ml of lidocaine was applied to the base of the tongue, laryngeal surface of the epiglottis, aryepiglottic folds, posterior glottis, and the ;true and false; vocal folds (figure 2).;
45799;yes;X and Y;true;false;false - true;" This is a setting in the static context of an XPath expression; it has two values, ";true and false;.;
9660;yes;X and Y;true;false;false - true; B: In this abnormal larynx, swelling of the ;true and false; vocal folds obliterates the ventricles.;
15150;yes;X and Y;true;false;false - true; For ;true and false; are attributes of speech, not of @ @ @ @ @ @ @ @ @ @ neither truth nor falsehood.;
23928;yes;X and Y;true;false;false - true; In the actual world, true paradoxes -- events requiring decidable propositions to be simultaneously ;true and false; -- do not occur.;
45025;yes;X and Y;true;false;false - true; They taught that there is no objective standard of the ;true and false;, that that is true which seems to be true, and that that is false which seems to be false.;
9087;yes;X and Y;true;false;false - true; As is notable of Mailer's other novels, and also of Vidal's, Harlot's Ghost is a narrative replete with ;true and false; figurative fathers and sons, and their problematic relationships.;
31127;yes;X or Y;true;false;false - true;" Now he exacted revenge, telling a "" secret "" that Joe would never know was ";true or false;.;
7698;yes;X or Y;true;false;false - true;" And as the whole chain of appetites alternate in the question of good or bad is called deliberation; so the whole chain of opinions alternate in the question of ";true or false; is called doubt.;
46127;yes;X or Y;true;false;false - true; This model starts with an array of magnetic particles, each one oriented either up or down (equivalent to variables that are ;true or false;).;
32632;yes;X or Y;true;false;false - true; Part 1: Your medication MO Mark each of the following statements as ;true or false;.;
32153;yes;X or Y;true;false;false - true;" Or, of saying "" whether that proposition is ";true or false; is neither here nor there to the question I was speaking to, namely: is X is the main character of the story.;
12561;yes;X or Y;true;false;false - true; Clearly, myths are not ;true or false; as they stand.;
25908;yes;X or Y;true;false;false - true; It might be ;true or false;, but it is not inherent in the two assertions I made above.;
51509;yes;X or Y;true;false;false - true; Your parents have you totally covered for college: ;true or false;?;
29268;yes;X or Y;true;false;false - true; Matt 7:1-5), or their personalities, but we are to test all teachings prophesies and practices against Scripture and judge whether they are ;true or false;" (1 Cor 2:15; 16; 1 John 4:1).";
32674;yes;X or Y;true;false;false - true; Participatory politics require citizens to make choices based on information which can be held up to some kind of standard, and found to be ;true or false;.;
43471;yes;X or Y;true;false;false - true; There is @ @ @ @ @ @ @ @ @ @ truth value of X (whether X is ;true or false;).;
5762;yes;X or Y;true;false;false - true; A five year old, more likely than not, can not understand how Republicans or Democrats are different, or why climate change is ;true or false;.;
16198;yes;X or Y;true;false;false - true; Good stories -- ;true or false; or somewhere in between -- seemed to thrive among the people contributing to a working farm.;
4266;yes;X or Y;true;false;false - true;" (c) In the Baddeley Reasoning Task they had to write "" T "" or "" F "" to indicate ";true or false;.;
8141;yes;X or Y;true;false;false - true; And the fact that we are all alike in our infinite ignorance does n't say anything specific about any particular theory being ;true or false;.;
24730;yes;X or Y;true;false;false - true; Is this story ;true or false;?;
50894;yes;X or Y;true;false;false - true; Yet they do seem to make claims about some subject matter, claims which are capable of being ;true or false;.;
30088;yes;X or Y;true;false;false - true; My best friend can indeed persuade me that I never was in love with that woman, and this belief can be ;true or false;.;
24728;yes;X or Y;true;false;false - true; Is this assertion ;true or false;?;
49705;yes;X or Y;true;false;false - true;" When you say "" so and so was immoral "", you are not saying anything ";true or false;.;
12122;yes;X or Y;true;false;false - true; By this mark we may always know who are, so far, the ;true or false; prophets.;
48319;yes;X or Y;true;false;false - true; We decide if ;true or false;.;
10302;yes;X or Y;true;false;false - true; Billions of people hold these kinds of beliefs as infallible truths -- few even understand how to determine if something is ;true or false;.;
48504;yes;X or Y;true;false;false - true; We just do n't know if that particular belief is ;true or false; because we have no way of testing it.;
48543;yes;X or Y;true;false;false - true; We may be ;true or false;, the choice is ours.;
52949;yes;X or Y;true;false;false - true; where nothing any longer seems either forbidden or permitted, honest or dishonorable, ;true or false;" "" (18).";
44263;yes;X or Y;true;false;false - true; These theories render specific predictions, so you can go out in the world and see whether those predictions are ;true or false;.;
37972;yes;X or Y;true;false;false - true; The Carnapian test of incompleteness is simple: only some conceivable statements can be said to be ;true or false; with respect to a given fictional world while others are undecidable.;
19826;yes;X or Y;true;false;false - true; I ca n't say it's ;true or false;, but it seems like a pretty sensational story to have never heard of when you live in Sanger.;
12333;yes;X or Y;true;false;false - true; Certain qualities in the stories themselves make them ;true or false;.;
8722;yes;X or Y;true;false;false - true; Are our moral preferences ;true or false;, or are they only odd biological phenomena, making things good or bad for us, but in themselves indifferent?;
6317;yes;X or Y;true;false;false - true;" According to the positivists'"" verifiability principle, "" a statement is meaningful if and only if it can be proved ";true or false;, at least in principle, by means of experience.;
25930;yes;X or Y;true;false;false - true; It must be understood that press releases from the Office of National Drug Control Policy are a ;true or false;" quiz and the correct answer is always "" F.";
5389;yes;X or Y;true;false;false - true; @ @ @ @ @ @ @ @ @ @ not susceptible to being ;true or false; and, thus, can not be the subject of reason.;
19168;yes;X or Y;true;false;false - true; How those issues are handled in the group in a @ @ @ @ @ @ @ @ @ @ and what is absolutely ;true or false;.;
42323;yes;X or Y;true;false;false - true; The survey consisted of multiple-choice and ;true or false; items designed to assess knowledge of dietary calcium sources @ @ @ @ @ @ @ @ @ @ the body.;
22395;yes;X or Y;true;false;false - true; If so, they do not require empirical exploration to be determined ;true or false;.;
10763;yes;X or Y;true;false;false - true; But I have no idea how one might go about investigating whether it is ;true or false;.;
3166;yes;X or Y;true;false;false - true;" "" The liberal use of Texas place-names on product labels, whether they be ";true or false; associations, put Texas far in the lead for both double names and false associations.;
13062;yes;X or Y;true;false;false - true; Currently, there is no way to prove this information ;true or false;, and though much of it seems like it will be true, do not accept it as true information.;
46678;yes;X or Y;true;false;false - true; Though not commonly viewed as such, metaphors are an indispensable component of science, and should not be appraised as ;true or false;, but rather in terms of how they help or hinder knowledge.;
33236;yes;X or Y;true;false;false - true; Presentation: Introduce @ @ @ @ @ @ @ @ @ @ on the chalk board: Note making is a dull and difficult experience: ;true or false;?;
33378;yes;X or Y;true;false;false - true; Public deliberation will then focus less on debating what is ;true or false; and more on what we should make of inconvenient truths, and will be much the better.;
6319;yes;X or Y;false;true;false - true; According to the rules laid down by critics to appreciate a ;false or true; reading, this clause can not be considered as forming a part of the sacred text.;
5008;yes;X or Y;true;false;false - true; 7 @ @ @ @ @ @ @ @ @ @ ;true or false;.;
32668;yes;X or Y;true;false;false - true; Participants were asked whether each item applied to them by rating them ;true or false;.;
49822;yes;X or Y;true;false;false - true; Whether it is ;true or false;, we have here a teleological situation which brings the thought of the moment into contact with a type of consciousness which is not the merely human type.;
52852;yes;X or Y;true;false;false - true; try it, and see if the labor theory of value is proven ;true or false; in a real market situation.;
32098;yes;X or Y;true;false;false - true; Or it could be because it's clearer in the sciences whether theories are ;true or false;, and this makes scientists bolder.;
43077;yes;X or Y;true;false;false - true; Theists let their personal desires get in the way of what they will believe ;true or false;.;
37351;yes;X or Y;true;false;false - true; That is, mathematicians rarely take a position on this question in their work, because they do n't need to, and their proofs work whether CH is ;true or false;.;
40381;yes;X or Y;true;false;false - true; The knowledge subscale has a ;true or false; format.;
26786;yes;X or Y;true;false;false - true; It will be shown to be ;true or false; as soon as we have ubiquitous cheap full-genome sequences at discount mall prices.;
1871;yes;X or Y;true;false;false - true;" "" I have no objection here to this argument, which may be ";true or false; as the case may be, but which theoretically does not constitute any economic heresy.;
52484;yes;X or Y;true;false;false - true; religion (never mind good or bad, ;true or false;) is!;
27473;yes;X or Y;true;false;false - true; It's not because some particular scientific theory is ;true or false;, but because truth and falseness themselves are important.;
11146;yes;X or Y;true;false;false - true; But in the policy arena data are judged less by whether they are ;true or false; than by whether they are useful or not.;
19071;yes;X or Y;true;false;false - true; How can if the HPTs are ;true or false;?;
19675;yes;X or Y;false;true;false - true; I am not interested in determining whether feminist theories are ;false or true;"; I am interested in feminist interpretations of things.";
25150;yes;X or Y;true;false;false - true; It has nothing to do with whether they're ;true or false;.;
47819;yes;X or Y;true;false;false - true; Using ;true or false;, students indicate if each of 62 statements represents the way they generally study and learn.;
9875;yes;X or Y;true;false;false - true; Because I know you, I will tell, but I ca n't say whether they are ;true or false;" "" (M-pa ka di ou se vre osno se pa vre).";
10058;yes;X or Y;true;false;false - true; Before I was n't sure if it was ;true or false;, but after I went to school and learned, I could read and saw that it's a fact.;
9552;yes;X or Y;true;false;false - true; At the very least, it is relatively easy for even the interested but relatively inexperienced observer to discover whether they are materially ;true or false;.;
36993;yes;X or Y;true;false;false - true; Take also a hundred of the palace guard to protect the women until we see if Alexander be ;true or false;.;
18949;yes;X or Y;true;false;false - true; Historical stories, ;true or false;, continue on their own because they serve a purpose today and into the future.;
37106;yes;X or Y;true;false;false - true; Tell whether each statement is ;true or false;.;
51268;yes;X or Y;true;false;false - true; You need to support each part of the argument that can be ;true or false; and you can therefore fail to support one or more of its parts, which in turn will render the overall conclusion false.;
19964;yes;X or Y;true;false;false - true; I did not approach things from the point of view of ;true or false;.;
37362;yes;X or Y;true;false;false - true; That it is not a concept that is ;true or false;", but only a tool @ @ @ @ @ @ @ @ @ @ should not be dismissed as "" worthless "".";
45428;yes;X or Y;true;false;false - true; This 24-item questionnaire consisted of ;true or false; questions that assess the respondents'knowledge of genital herpes (Jadack et al.;
14100;yes;X or Y;true;false;false - true; Ethnography-and the translation of oral literature into written stories-is not merely (or clearly) ;true or false;"; it is a method of interpretation, and so issues of competing interest inevitably arise.";
37399;yes;X or Y;true;false;false - true; That method of weaving reveals to the casual observer whether the original subjective reason was ;true or false;.;
53024;yes;X or Y;true;false;false - true;"'"" * * * "" Men are more rational than women - ";true or false;?;
25821;yes;X or Y;true;false;false - true; It looks as if you have n't finished your assignment - it could be ;true or false; that you have n't finished your assignment.;
32894;yes;X or Y;true;false;false - true; Perhaps it is therefore in their interest to say so -- again, whether the claim itself is actually ;true or false;.;
46581;yes;X or Y;true;false;false - true; Those of the first sort, -- namely, such as are suited unto natural light, -- are common, in some degree or measure, unto all religion whatever, be it on other accounts ;true or false;.;
24595;yes;X or Y;true;false;false - true;" Inventio, as defined by Cicero, makes a case appear convincing by not straining credibility, "" whether it be ";true or false;.;
3352;yes;X or Y;true;false;false - true;" "" These claims are n't necessarily meaningless, but they're a lot @ @ @ @ @ @ @ @ @ @ makes them ";true or false;.;
53478;yes;X or Y;true;false;false - true;, are used to represent an independently existing reality, and to the extent that we succeed or fail in doing that, what we believe, state, or judge is ;true or false;, respectively.;
51115;yes;X or Y;true;false;false - true; You do not know which data are ;true or false;.;
21697;yes;X or Y;true;false;false - true; I would do it the other way and set your permissions as keys and the value will be ;true or false;.;
15571;yes;X or Y;true;false;false - true; For this ability to be tested means only that fully empirical statements must be deducible from the theoretical ones and that they must turn out to be ;true or false; on the basis of the empirical evidence.;
32667;yes;X or Y;true;false;false - true; Participants were asked to indicate whether the statements were historically ;true or false;.;
32183;yes;X or Y;true;false;false - true; Orrin Hatch continued dreaming of being Ted Kennedy, while Lindsey Graham set aside what is ;true or false;" about "" global warming "" for the sake of getting on the right side of history.";
14486;yes;X or Y;true;false;false - true; Everything for them is on or off, ;true or false;.;
45628;yes;X or Y;true;false;false - true; This fact becomes obvious when one learns that in the limit when propositions are definitely ;true or false;, probability theory reduces to ordinary logic, as a consequence of a theorem due to Cox (1946).;
4263;yes;X or Y;true;false;false - true; (b) as ;true or false; depending on one's @ @ @ @ @ @ @ @ @ @) as inaccessible to the human mind, ultimately unknowable and practically meaningless.;
19182;yes;X or Y;true;false;false - true; How will the scientific climate change models impact life on earth if they prove to be ;true or false;: Argument for climate change will affect earth in the next 200 -500 years.;
30572;yes;X or Y;true;false;false - true;" Nilson (2003) describes a "" Common Sense Inventory "" where students need to determine whether 15 statements related to the course content are ";true or false; (e.;
37383;yes;X or Y;true;false;false - true; That may be ;true or false;, but it does n't beg the question.;
32801;yes;X or Y;true;false;false - true; People love not knowing whether their news is ;true or false;.;
49833;yes;X or Y;true;false;false - true; Whether it's ;true or false;, I wo n't say anything.;
49857;yes;X or Y;true;false;false - true; Whether that was ;true or false;, worrying @ @ @ @ @ @ @ @ @ @ in academic life.;
35342;yes;X or Y;true;false;false - true;" Since BEST finds that a third of the stations have COOLED, it's clear there's much more to be resolved than "" global warming "" -- ";true or false;.;
4264;yes;X or Y;true;false;false - true; (b) not as questions with ;true or false; answers, but as conflicts that need to be resolved in order to maintain stable interpersonal relationships.;
6040;yes;X or Y;true;false;false - true; A series of statements were flashed up on the computer screen, and the participants had to say if the statements were ;true or false;.;
46316;yes;X or Y;true;false;false - true; This speaks nothing to whether the theory is ;true or false;, but it is clearly outside the realm of science.;
48500;yes;X or Y;true;false;false - true; We introduce several predicates, (statements which can have values ;true or false;).;
2879;yes;X or Y;true;false;false - true;" "" So to ask me if the postcards are ";true or false; is like asking if a painting or a sculpture in a museum is like fiction or non-fiction.;
29077;yes;X rather than Y;false;true;false - true; Many desires are only for a seeming good and some goods of order, when looked at from a larger purview are a source of disorder, and some values are ;false rather than true;.;
4721;yes;between X and Y;true;false;false - true; 108, we have a contrast between Heraclitus himself who can distinguish ;between true and false; logoi and the stupid person who enthusiastically accepts them all without discrimination.;
26027;yes;between X and Y;true;false;false - true; It seeks to maintain an ongoing practice of discerning ;between true and false;, good and bad, the godly and the worldly.;
47625;yes;between X and Y;true;false;false - true; Unfortunately I do n't believe that Mr Messham can distinguish ;between true and false; memories any more.;
30765;yes;between X and Y;true;false;false - true; No: it is the inherited background against which I distinguish ;between true and false;.;
39372;yes;between X and Y;true;false;false - true; The defining criteria to distinguish ;between true and false; is absence of malice in case of the former.;
37140;yes;between X and Y;true;false;false - true; Testing forces the subject to choose ;between true and false; or among multiple choices.;
848;yes;both X and Y;true;false;false - true;" "" <p> "" I do n't know, "" I said, which was ";both true and false;.;
15896;yes;both X and Y;true;false;false - true; Furthermore, he sees ;both true and false; dignitaries all around him, and he becomes @ @ @ @ @ @ @ @ @ @ him carry.;
484;yes;both X and Y;true;false;false - true; ;both true and false;?;
51468;yes;both X and Y;true;false;false - true; Your brain is responsible for most of your feelings, ;both true and false;.;
3459;yes;both X and Y;true;false;false - true;" "" This is ";both true and false;.;
11753;yes;both X and Y;true;false;false - true; But to most Iraqis, it does n't really matter: the real photos of abuse at Abu Ghraib gave all rumors, ;both true and false;, instant credibility.;
5715;yes;both X and Y;true;false;false - true; A curious image, ;both true and false;.;
37283;yes;both X and Y;true;false;false - true; That is ;both true and false;.;
837;yes;either X or Y;true;false;false - true;" "" 89 For Lindbeck doctrines need @ @ @ @ @ @ @ @ @ @ affirm nothing ";either true or false; regarding the world in which language is used.;
938;yes;either X or Y;true;false;false - true;" "" According to philosophers, a PW is a complete state of affairs in which every conceivable proposition is ";either true or false;.;
16919;yes;either X or Y;true;false;false - true; He insisted that future contingents are ;either true or false; now, and that God knows the truth-values of all future contingents.;
7946;yes;either X or Y;true;false;false - true; And literature may be ;either true or false;?;
2611;yes;either X or Y;true;false;false - true;" "" One could take this sentence at face value as a philosophically normal, "" constative "" sentence, in the sense that is ";either true or false;.;
35301;yes;either X or Y;false;true;false - true; Similarly, an appealing rationale may be ;either false or true;.;
42281;yes;either X or Y;true;false;false - true; The success criteria are written as statements that will be ;either true or false; when specific Web content is tested against the success criteria.;
36201;yes;either X or Y;true;false;false - true; Something is ;either true or false; regardless of who believes it.;
32661;yes;either X or Y;true;false;false - true; Participants respond ;either true or false; to statements to indicate whether the individual action or thought described is self-descriptive.;
1415;yes;either X or Y;true;false;false - true;" "" Every possible statement is ";either true or false;"; there's no state between quantum levels of truth.";
22429;yes;either X or Y;true;false;false - true; If the allegations are proved to be ;either true or false;, hopefully the punishment will fit the crime guilty.;
53437;yes;either X or Y;true;false;false - true;", 24 = 13 + 11; try it), is ";either true or false; (or, to introduce a third possibility admitted since the 1930s, undecidable).;
7883;yes;either X or Y;true;false;false - true; And it has to be ;either true or false;.;
33444;yes;either X or Y;true;false;false - true; Question one, which was answered ;either true or false;, asked simply if participants had goals or objectives for their exercise program.;
12868;yes;either X or Y;true;false;false - true; Conventional computers followed the rules of binary logic, governed by an ironclad either-or distinction: Each bit of information is ;either true or false;, on or off, one or zero.;
25904;yes;either X or Y;true;false;false - true; It means that what I have written is ;either true or false;.;
35592;yes;either X or Y;true;false;false - true; So a precisification can make each of these ;either true or false;.;
12715;yes;either X or Y;true;false;false - true; Comparison operators are used inside conditional statements and evaluate to ;either true or false;.;
53413;yes;from X to Y;false;true;false - true;", "" Compared to others my age I am good at @ @ @ @ @ @ @ @ @ @ on a six-point scale ranging ";from false to true;.;
51739;yes;from X to Y;true;false;false - true; asp file ;from true to false; and vice versa.;
29786;yes;more X than Y;true;false;false - true; Morgan calls him weird, which may be ;more true than false;, and Rumsfeld informed him that Jefferson used the same type of desk.;
25372;yes;more X than Y;false;true;false - true; It is a myth, ;more false than true;.;
4752;yes;neither X nor Y;true;false;false - true; 1287 -- 1347), took Aristotle to hold that propositions about the contingent future are ;neither true nor false;.;
6293;yes;neither X nor Y;true;false;false - true;" According to emotivism (or "" positivism "") value judgments are simply expressions of positive or negative feelings about something and thus are ";neither true nor false;.;
52146;yes;neither X nor Y;true;false;false - true; is ;neither true nor false;.;
16276;yes;neither X nor Y;true;false;false - true; Graphs are ;neither true nor false;.;
38608;yes;neither X nor Y;true;false;false - true; The arbitrary is ;neither true nor false;.;
23737;yes;neither X nor Y;true;false;false - true;" In part it will be true, in part false; as a whole perhaps ";neither true nor false;, but only the most convenient form of error.;
52265;yes;neither X nor Y;true;false;false - true; like what Aristotle says so profoundly of prayer: it is ;neither true nor false;.;
50600;yes;whether X or Y;true;false;false - true; Without any criteria for accepting a statement as true, every random idea, ;whether true or false;, would be just as likely to be accepted.;
7243;yes;whether X or Y;true;false;false - true; Although it may be good cautionary advice ;whether true or false;, reasoning alone can not confirm the premise.;
13007;yes;X and Y;fast;slow;fast - slow; Critics fear this could lead to ;fast and slow; lanes on the Internet.;
22595;yes;X and Y;fast;slow;fast - slow; If we had built the Superconducting Supercollider, we would have discovered that the Higgs Particle in fact does not exist and that would have led to correct theories about ;fast and slow; inflation and gamma ray bursts.;
17180;yes;X and Y;fast;slow;fast - slow; He often does interval workouts (mixing ;fast and slow; speeds) on days he does n't lift.;
40050;yes;X and Y;fast;slow;fast - slow; The half-times for the ;fast and slow; steps in the cells lacking lysophosphatidylserine were estimated to be 2.;
1704;yes;X and Y;fast;slow;fast - slow;" "" Here's where we're seeing a piling up of ";fast and slow; particles.;
19245;yes;X and Y;fast;slow;fast - slow; However, Street and Brady (1982) and Street, Brady, and Putman (1983) suggested that the preceding results may, in part, have been a function of the fact that the ;fast and slow; speech samples were synthesized.;
25567;yes;X and Y;fast;slow;fast - slow; It is loud and soft and ;fast and slow;.;
30480;yes;X and Y;fast;slow;fast - slow; Nevertheless, it was easy to correct this error by guiding with the drive's ;fast and slow; buttons while viewing with a Celestron C90 at 80x.;
19923;yes;X and Y;fast;slow;fast - slow; I could still feel in my fingertips the ;fast and slow; buttons that controlled that ball.;
46031;yes;X and Y;fast;slow;fast - slow; This kind of motivation will definitely make students- both the ;fast and slow; learners- identify themselves with learning, putting their all effort with an aim of succeeding academically.;
5240;yes;X and Y;fast;slow;fast - slow; @ @ @ @ @ @ @ @ @ @ ;fast and slow;.;
9176;yes;X and Y;fast;slow;fast - slow; As solar activity increases to solar maximum, this orderly configuration breaks down into a complex mixture of ;fast and slow; winds from all areas of the corona.;
9485;yes;X and Y;fast;slow;fast - slow; At that point, you may want to divide-the group into ;fast and slow; learners, which would maximize learning efficiency -- but this would also involve more time on your part.;
6646;yes;X and Y;fast;slow;fast - slow; After the ;fast and slow; reps, hold in up position for 8 counts.;
25155;yes;X and Y;slow;fast;fast - slow; It has served me on ;slow and fast; greens.;
40430;yes;X and Y;fast;slow;fast - slow; The latter fit suggests that 21% of the cholesterol was intracellular and that the values for the half-times of the ;fast and slow; processes were 5 min and 44 min.;
6710;yes;X and Y;slow;fast;fast - slow; Again, the ;slow and fast; rates are very @ @ @ @ @ @ @ @ @ @ by Apple and his colleagues (1979) were, respectively, 143% and 77% of their unmanipulated rates.;
46866;yes;X and Y;fast;slow;fast - slow; Thus, a moderate rate of 150 wpm would yield ;fast and slow; rates of about 215 wpm and 116 wpm, respectively.;
44109;yes;X and Y;fast;slow;fast - slow; These include ;fast and slow; comets and carbonaceous (fragile), stony, and iron asteroids.;
36103;yes;X and Y;slow;fast;fast - slow; Some sites are indicated as fast, but comparing what Webmaster tools says are ;slow and fast; sites does n't show any differences between them in load times.;
53360;yes;X and Y;fast;slow;fast - slow;), Unfixed cells: 76% of the cholesterol was intracellular and the t 1/2 values were 6 and 186 min for the ;fast and slow; compartments.;
39518;yes;X and Y;fast;slow;fast - slow; The driver board contains a fixed frequency PWM current control with automatic selection of ;fast and slow; decay mode as well as a built-in ramp generator for autonomous positioning and speed control.;
12979;yes;X and Y;fast;slow;fast - slow; Create a tape of ;fast and slow; songs.;
18408;yes;X and Y;fast;slow;fast - slow; High magnetic fields appear at the boundaries between some of the ;fast and slow; bands, and spots begin to appear when these boundaries reach a region about halfway between the pole and the equator.;
22709;yes;X and Y;slow;fast;fast - slow; If you have sick sinus syndrome, your heartbeat can switch between a very ;slow and fast; rate, resulting in an insufficient amount of blood to meet your body's need.;
38598;yes;X and Y;fast;slow;fast - slow; The apparent first order rate constants, b and d, yielded values for the half-times of the ;fast and slow;" processes respectively; that is, t = ln 2/b and t = ln 2/d.";
12638;yes;X and Y;fast;slow;fast - slow; Collimation optics and internal lensing can reduce divergence in the ;fast and slow; axes to less than 0.;
22198;yes;X or Y;fast;slow;fast - slow; If a gobbler pitches straight down or slightly toward you, he may come ;fast or slow; to check you out.;
40054;yes;X or Y;fast;slow;fast - slow; The handful of clocks in that exclusive club, @ @ @ @ @ @ @ @ @ @ determine whether the world's official clock is running ;fast or slow;.;
3587;yes;X or Y;slow;fast;fast - slow;" "" Very ";slow or fast; growth is occasionally caused by medical problems that need to be diagnosed and treated.;
51022;yes;X or Y;fast;slow;fast - slow; You can be sure they have a plan, several of them, for how to get out as ;fast or slow; as is needed.;
25826;yes;X or Y;fast;slow;fast - slow; It loves to hunker down and rail a turn-;fast or slow;, smooth or rough, it does n't matter-yet high-speed stability was never an issue.;
24858;yes;X or Y;fast;slow;fast - slow; It can be casual or sophisticated according to your mood, as ;fast or slow; as time allows.;
30191;yes;X or Y;fast;slow;fast - slow; My hands are made to grasp and to caress, my arms to throw and embrace, my heart to beat ;fast or slow; in response to the matrix of sounds, sights, and scents in which I am enveloped.;
5515;yes;X or Y;fast;slow;fast - slow; A ;fast or slow; heartbeat may also influence the perfusion or delivery of blood at these key points.;
50086;yes;X or Y;slow;fast;fast - slow; While that's straightforward enough, every time either the ;slow or fast; slew button is pressed, the drive rate is canceled.;
11368;yes;X or Y;fast;slow;fast - slow; But parents -- especially breastfeeding mothers -- sometimes become unnecessarily anxious about weight gains that seem unusually ;fast or slow;, even when the baby is otherwise healthy.;
6884;yes;X or Y;fast;slow;fast - slow; All of this is absolutely normal -- and a ;fast or slow; start does n't seem to matter in the long run.;
30058;yes;X or Y;fast;slow;fast - slow; Mutual destination means we end up in the same place at night, but you can ride as ;fast or slow; as you please, alone or with other riders.;
35974;yes;X or Y;fast;slow;fast - slow;" Some days we climb more quickly out of the fog than others; today was n't particularly ";fast or slow;, with Kevin's group finishing just a minute ahead of me (27 vs 28 minutes).;
9283;yes;X or Y;fast;slow;fast - slow; As we all know, we are each different in our ability to learn ;fast or slow;.;
10729;yes;X or Y;fast;slow;fast - slow; But Gordon does n't know whether his car will be ;fast or slow; or somewhere in between.;
49757;yes;X or Y;fast;slow;fast - slow; Where blood can flow quick and ;fast or slow; and at a snail's pace.;
47910;yes;X or Y;slow;fast;fast - slow; Variations in the gene that codes for this enzyme determine ;slow or fast; rates of metabolism and therefore, the level of nicotine in the blood that reaches the brain.;
49812;yes;X or Y;fast;slow;fast - slow; Whether change intrudes ;fast or slow;, the past and present point to impending @ @ @ @ @ @ @ @ @ @ the bad.;
48326;yes;X or Y;fast;slow;fast - slow; We did not consider vehicles that were too ;fast or slow;, have long braking distances, or have mediocre emergency handling scores.;
51059;yes;X or Y;fast;slow;fast - slow; You can see if the paint was put on ;fast or slow;.;
15355;yes;X or Y;fast;slow;fast - slow; For example: red or white (color of flower you bring) ;fast or slow; (fast food or sit down restaurant) hot or cold (Ice Cream or hot cocoa) -- Anything will work.;
25112;yes;X or Y;fast;slow;fast - slow; It happens with my clocks, other people's clocks, clocks which I know (or do n't know) to be ;fast or slow;.;
31352;yes;X or Y;fast;slow;fast - slow; Obviously, instruction must be poor if students can not determine whether a piece of music is ;fast or slow;.;
49522;yes;X or Y;slow;fast;fast - slow; When learning a song, you can play along with the sound clip at a ;slow or fast; tempo, depending on your level.;
13924;yes;X or Y;fast;slow;fast - slow; Either ;fast or slow;, a lot of people are going to lose everything and I'm thinking fast might get a turnaround started sooner.;
49696;yes;between X and Y;fast;slow;fast - slow; When you introduce this new movement, it helps him distinguish ;between fast and slow;.;
25886;yes;both X and Y;fast;slow;fast - slow; It may be the combination of ;both fast and slow; protein that makes it so beneficial for post-workouts.;
23834;yes;both X and Y;fast;slow;fast - slow; In some sense these two competitors are ;both fast and slow;, and they just happen to have the biggest performance advantage in the areas where the other is the weakest.;
28372;yes;either X or Y;fast;slow;fast - slow; Leave @ @ @ @ @ @ @ @ @ @ career and you are born ;either fast or slow;.;
38184;yes;either X or Y;slow;fast;fast - slow; The MSR is ideal for the conversion of Th232 into U233 with ;either slow or fast; neutrons.;
44351;yes;either X or Y;fast;slow;fast - slow; They also recommend not driving for long periods of time at any one constant speed, ;either fast or slow;.;
33586;yes;either too X or too Y;fast;slow;fast - slow; Ray strode down the block, being careful to walk n;either too fast or too slow;.;
9568;yes;either too X or too Y;fast;slow;fast - slow; At times the pacing is ;either too fast or too slow;, indicating that management has n't worked out a very good system for serving the food.;
50020;yes;how X or Y;fast;slow;fast - slow; While he's waiting, there's a lot to do: going to the office, paying the bills, fixing up the house: no matter ;how fast or slow; time goes by, it all amounts to the same thing.;
24815;yes;how X or Y;fast;slow;fast - slow; It applies equally no matter ;how fast or slow; artistic behavior might have evolved.;
52358;yes;X and Y;male;female;female - male; note Sometimes ;male and female; units fight together.;
46334;yes;X and Y;male;female;female - male; This study aimed to discover whether ;male and female; perceptions of cancer and of screening differed.;
40152;yes;X and Y;male;female;female - male; The hypotheses were as follows: There is no significant difference in factors that influence ;male and female; students'decisions about attending college.;
34417;yes;X and Y;male;female;female - male; Several of my friends -- gay and straight, ;male and female; -- had sex with adults from the ages @ @ @ @ @ @ @ @ @ @.;
12225;yes;X and Y;male;female;female - male; Can you tell ;male and female; cockroaches apart?;
28333;yes;X and Y;male;female;female - male; Law enforcement agencies organized campaigns involving ;male and female; police officers and investigators to capture healers.;
37045;yes;X and Y;male;female;female - male; Taraak and Mejele were ;male and female; reproductive organs respectively.;
53932;yes;X and Y;male;female;female - male;9-million-member legion, said the considerable pressures of basic training are increased by mixing ;male and female; recruits.;
3135;yes;X and Y;male;female;female - male;" "" The ghostly gray forms rose as one, ";male and female; shapes climbing obediently to their feet.;
23503;yes;X and Y;male;female;female - male; In general, ;male and female; young do not enter puberty as long as they remain at home.;
5436;yes;X and Y;male;female;female - male; @ @ @ @ @ @ @ @ @ @ take turns being ;male and female; or simultaneously deliver and receive sperm.;
47887;yes;X and Y;male;female;female - male; Utilizing a highly ecologically valid sample, this investigation showed ;male and female; endurance athletes tend to appraise competitive stress in similar ways, yet their preferences for coping exhibited many differences.;
10407;yes;X and Y;male;female;female - male; Both ;male and female; athletes indicated a strong positive position.;
43423;yes;X and Y;male;female;female - male; There are, so far as advanced thinkers'are concerned, at @ @ @ @ @ @ @ @ @ @ heterosexuals, ;male and female; homosexuals, and bisexuals.;
39763;yes;X and Y;male;female;female - male; The first fleet of 11 ships from England brought about 700 ;male and female; convicts and several hundred marines and their families.;
53530;yes;X and Y;male;female;female - male;, is based on a survey of 28,000 ;male and female; members.;
14850;yes;X and Y;male;female;female - male; Fifty four ;male and female; undergraduate volunteers took part in a 20-minute memory task as they exercised or sat.;
2597;yes;X and Y;male;female;female - male;" "" Of the top 10 ";male and female; finalists, the 10th-place finisher would climb first, followed by ninth place, eighth place, etc.;
44257;yes;X and Y;male;female;female - male; These tablets reflect that the gods had ;male and female; bodies, and they bred by sexual intercourse.;
12229;yes;X and Y;male;female;female - male; Candy wrappers and movie magazines all over the floor, ;male and female; clothing draped over the chairs and sofas, a strong odor of sauerkraut in the air.;
28818;yes;X and Y;male;female;female - male; Love himself is ruler, but there are many ;male and female; magistrates dedicated to these arts.;
30475;yes;X and Y;female;male;female - male; Nevertheless, as sexual attitudes became more liberal, ;female and male; views about sexuality converged, narrowing the gap in levels of PSI between women and men.;
4300;yes;X and Y;male;female;female - male; (n14) Grayzel contends warfront and home front boundaries, or ;male and female; domains, were fluid and osmotic, not rigidly separated as Mosse claims or marginally joined as Dawson contends, with femininity only defining masculinity in its opposition.;
45673;yes;X and Y;male;female;female - male; This has created a gap in the literature regarding aggression and contact sport type utilizing ;male and female; athletes from the same sports.;
23325;yes;X and Y;female;male;female - male; In close to 40 interviews with ;female and male; veterans of the program, each endorsed it, although their responses ranged from the begrudging to the enthusiastic.;
30938;yes;X and Y;male;female;female - male; Not only ;male and female; but two polarized images of the woman function as correlates of the concepts of civilization and barbarism.;
14818;yes;X and Y;male;female;female - male; Fertilisation rates and ;male and female; fertility of mutants lacking expression of different members of the 6-cys family of proteins.;
12451;yes;X and Y;male;female;female - male; Chimpanzees have a highly fluid social grouping pattern in which males tend to travel together @ @ @ @ @ @ @ @ @ @, however, twenty or more ;male and female; chimpanzees forage together.;
17421;yes;X and Y;male;female;female - male; He uses a similar system to document ;male and female; births and deaths in infancy, pregnancy, or at other times.;
4125;yes;X and Y;male;female;female - male; (Bacchants and caryatids are ;male and female; figures from Greek architecture.;
7117;yes;X and Y;male;female;female - male; Also, Nywifon made it a practice to buy ;male and female; slaves and marry them together so as to replenish the otherwise depleted ranks of the royal clan and provide marriage wards.;
40034;yes;X and Y;male;female;female - male; The guitars chug and sway, ;male and female; vocals mix and mingle prettily and the melodies linger like the most sweetly scented flowers.;
48693;yes;X and Y;male;female;female - male; We tested this conception with confirmatory factor analysis performed on all the scales (with ;male and female; sex-role stereotyping combined to form a single scale).;
23181;yes;X and Y;male;female;female - male; In addition, ;male and female; ticks of the same species may look different.;
7272;yes;X and Y;male;female;female - male; Although nothing is known of him beyond his corpus, his distinctive style is evident in these masks depicting ;male and female; subjects.;
39076;yes;X and Y;female;male;female - male; The coach should give ;female and male; athletes possibilities to perceive their sport participation in a positive way.;
13308;yes;X and Y;male;female;female - male; Despite its apparent inconsistency with these results, the additional finding that ;male and female; gymnasts did not differ on their average levels of fear of physical injury did not seem so surprising, in retrospect.;
50702;yes;X and Y;male;female;female - male; Would n't their children be guilty of inbreeding if Adam and Eve had ;male and female; children to begin with?;
43960;yes;X and Y;male;female;female - male; These are ;male and female; Satin Bowerbirds @ @ @ @ @ @ @ @ @ @ blue-black with a violet eye and a semi-covered greenish-yellow bill.;
3673;yes;X and Y;male;female;female - male;" "" We show that while ";male and female;" orgasmic function are influenced by genes @ @ @ @ @ @ @ @ @ @ women's orgasmability does n't correlate with their brother's orgasmability, "" explains Zietsch.";
52627;yes;X and Y;male;female;female - male; sup1 Moreover, those immigration laws which were gender-neutral on their face, could be applied unevenly, according to prevailing social norms dictating ;male and female; behavior.;
10074;yes;X and Y;male;female;female - male; Before puberty, ;male and female; testosterone levels are not much different.;
23627;yes;X and Y;male;female;female - male; In most men's public masquerades, ;male and female;" aspects are combined; it is particularly noteworthy that a female image could be worn to perform an aggressive warrior's dance.";
13727;yes;X and Y;male;female;female - male; During one of my tests I inserted a standard 25-foot-long, six-wire extension cable (made for telephones) with ;male and female; modular connectors between the hand controller and electronics column.;
5749;yes;X and Y;male;female;female - male; A few lines that were not too hard and not too thick, executed decisively, served to kindle a troubling sensuality in fashionably draped ;male and female; enthusiasts of his private views.;
32656;yes;X and Y;male;female;female - male; Participants included male and female college students, male and female adults, and ;male and female; hemiplegics.;
48961;yes;X and Y;male;female;female - male; Well, they say it's not a race, but hey, they give you a number, a time and the top 5 ;male and female; finishers were awarded prize money.;
4284;yes;X and Y;male;female;female - male; (n11) Both ;male and female; Navy nurses were reported as having elevated hospitalization rates for several major diagnostic categories in comparison with other officer designators.;
15995;yes;X and Y;male;female;female - male; Genesis 1 does not reveal that God is androgynous, possessing all ;male and female; components any more than St.;
29363;yes;X and Y;male;female;female - male; McPartland, 1954), in a sample of 324 ;male and female; undergraduate psychology students of diverse ethnocultural backgrounds.;
52264;yes;X and Y;male;female;female - male; like the worm maybe it would take 2 but both had ;male and female; parts.;
35252;yes;X and Y;male;female;female - male; Sidebar Both ;male and female; armored scale insects and mealybugs (a) host bacteria within the cells of an organ called the bacteriome.;
23481;yes;X and Y;female;male;female - male; In fact, this pattern was evident in these ;female and male;" volleyball players; performance was negatively related to subsequent cognitive anxiety which, in turn, was negatively related to state confidence.";
38182;yes;X and Y;male;female;female - male; The MCC had ;male and female; floors and this posed a problem as to what floor he should be assigned.;
23606;yes;X and Y;male;female;female - male; In many cases, the flower contains ;male and female; parts, roughly equivalent to the male and female sexes of animals.;
19983;yes;X and Y;male;female;female - male; I do have ;male and female; friends with whom I almost exclusively discuss sports, but I have season tickets to a football team and I only see these people in that context.;
49052;yes;X and Y;male;female;female - male; What are the important contextual and interpersonal factors associated with ;male and female; fantasies?;
10495;yes;X and Y;female;male;female - male;" Both female and male school counselors believed themselves to be genuine, caring school counselors; however, while discussing cross-gender interactions with their students, several of the counselors realized that they approach ";female and male; students very differently.;
4181;yes;X and Y;male;female;female - male; (Note: I do not consider ;male and female; circumcision equivalent, so if any MRA wankers are reading this and planning to play that card, kindly fuck the fuck off.;
10416;yes;X and Y;male;female;female - male; Both ;male and female; mosquitoes feed on nectar for energy.;
30710;yes;X and Y;male;female;female - male; No prior information about the potential mate was provided and, with one exception, ;male and female; participants responded to the same trait-pairs.;
41004;yes;X and Y;male;female;female - male; The object of its work includes all ;male and female; residents.;
48379;yes;X and Y;male;female;female - male; We had ;male and female; workers on the same level but rated on tiers and salary differences.;
15031;yes;X and Y;male;female;female - male;" First, women felt they were very good managers; second, men rated ";male and female;" managers the same; and third, women in managerial positions felt that they were being discriminated against.";
38726;yes;X and Y;male;female;female - male;" The beauty of "" fishermen "" is that it includes not just male and female anglers, but ";male and female; commercial fishermen as well.;
9089;yes;X and Y;male;female;female - male; As is true with most catfish, ;male and female; channel cats grow to roughly the same size.;
29399;yes;X and Y;male;female;female - male; Medals will be awarded to the top three ;male and female; runners, and there will also be awards for the individual and group with the best Santa costumes.;
22971;yes;X and Y;male;female;female - male; In Bamana culture, these ;male and female; personages serve as multifaceted metaphors for the elemental forces upon which all humanity depends.;
48706;yes;X and Y;male;female;female - male; We used stimulus photographs of eight ;male and female; models dressed casually and a second photograph of one male and one female model in religious attire that was placed beside the control photos of models dressed casually.;
14772;yes;X and Y;male;female;female - male; Featured will be a nature photo contest, nature workshops of close-ups and scenics, instructional model shoots of live native animals with natural backdrops and ;male and female; models with unique props.;
23697;yes;X and Y;male;female;female - male; In other words, ;male and female; students may be interacting with faculty outside the classroom at equivalent amounts of time, but the interpersonal relationship between the students and faculty may continue to be of a rigid nature.;
38446;yes;X and Y;male;female;female - male; The adobe, once functional, then imagistic, finally became fully metaphorical as she started using it to fashion ;male and female; bodies.;
28305;yes;X and Y;male;female;female - male;" Last year a Cuban-American entrepreneur, "" Cubanito "" Sanchez, had started out with two All Beef stands, featuring kosher dogs and ";male and female; bodybuilders dressed in the bare minimum.;
34283;yes;X and Y;male;female;female - male; Secondly, the wish that ;male and female; theologians will vigorously protect the christological and ecclesiological restoration of Mariology at Vatican II, won after a struggle on the floor of the council.;
18428;yes;X and Y;male;female;female - male; Highly unlikely, according to most experts, as that would require ;male and female; cats to duplicate the lengthy trek.;
24246;yes;X and Y;male;female;female - male; In two experiments, ;male and female; participants were exposed to a neutral or a sexual film.;
31234;yes;X and Y;male;female;female - male; Now, districts submit ;male and female; competitive interscholastic activities reports each October to the commissioner of education.;
15382;yes;X and Y;male;female;female - male; For instance, ;male and female; shorebirds of many species spend the nonbreeding season at different latitudes (Nebel et al.;
50866;yes;X and Y;male;female;female - male; Yet just a few months later, the military began giving PB to some 400,000 ;male and female; troops regardless of their health.;
23698;yes;X and Y;male;female;female - male; In other words, ;male and female; youths in early childhood engage in both internalizing and externalizing behavior.;
29466;yes;X and Y;male;female;female - male;" Men's judgments concerning the maximum normal weight for 5'8 "" ";male and female; targets were also closer than women's estimations to the maximum normal weights provided in BMI tables.;
12711;yes;X and Y;male;female;female - male; Comparing ;male and female; spectators at basketball games, findings showed that male spectators scored significantly higher on motives of achievement, aesthetics, knowledge, empathy, and family.;
1194;yes;X and Y;male;female;female - male;" "" Both ";male and female;" fans were overwhelmingly opposed to physical attacks, with 92% of each responding "" never.";
24204;yes;X and Y;male;female;female - male; In this painting, tall stalks of white asparagus grow out of a sea of luscious, robust cherries, taking on ;male and female; characteristics.;
53847;yes;X and Y;male;female;female - male;"5% of the victims were eighth graders; and when ";male and female; bullies acted together, 42.;
41193;yes;X and Y;male;female;female - male; The participants were 33 ;male and female; soccer players from a Division I southeastern university.;
27819;yes;X and Y;male;female;female - male; Japan had eliminated ;male and female; illiteracy in the first decades of the 20th century.;
25169;yes;X and Y;female;male;female - male; It housed several thousand ;female and male; monks in at least three separate residences (one for women and two for men).;
53453;yes;X and Y;male;female;female - male;, Tai Shan is the first offspring of Tian Tian and Mei Xiang, ;male and female; giant pandas shipped from China to Washington in December 2000.;
20420;yes;X and Y;female;male;female - male;" I have had the fortune to see and talk to "" Seniors "" who must have really been striking as young people, ";female and male; and i'm not talking physicality and they still are.;
6824;yes;X and Y;male;female;female - male; All finishers will receive a medal, and the top three ;male and female; finishers in each age group will receive a special award.;
41105;yes;X and Y;male;female;female - male; The order in which mothers lay eggs containing ;male and female; embryos is n't random, he finds.;
37938;yes;X and Y;male;female;female - male; The Beckhams share a brand, called DVB, under which they sell ;male and female; fragrances (Intimately for him and her, and David Beckham Instinct), women's sunglasses and an upcoming denim collection.;
49976;yes;X and Y;female;male;female - male; While I believe God created physical beauty to be enjoyed (God made ;female and male; bodies unique for a reason), our society has obviously over-indulged the physical.;
22650;yes;X and Y;male;female;female - male; If you can afford one, make sure it has a direct link to police, says Figgie International, which surveyed 589 ;male and female; prisoners convicted of property crimes.;
2428;yes;X and Y;male;female;female - male;" "" Let's pretend we're ";male and female; dog and we want to make puppies.;
10417;yes;X and Y;male;female;female - male; Both ;male and female; participants tend to view attraction to a friend as an inconvenience.;
28652;yes;X and Y;male;female;female - male; Linda Bray led ;male and female; troops who exchanged fire with Panamanian Defense Forces at a kennel for police dogs.;
37237;yes;X and Y;male;female;female - male; That description generally applies to such masks representing ;male and female; characters.;
24570;yes;X and Y;male;female;female - male; Interestingly, when we compared ;male and female; volunteer rates for the 110 participants who were not exclusively heterosexual, we found much higher volunteer rates, though still in the same direction (100% vs.;
6103;yes;X and Y alike;male;female;female - male; A superb gene pool, ;male and female alike;, maybe the best gene pool in the world when it came to physical appearance.;
18696;yes;X and Y alike;female;male;female - male; His insane level of charisma gets a lot of people to serve him, ;female and male alike;.;
44331;yes;X and Y alike;male;female;female - male; They allowed us, ;male and female alike;, to sleep in an unused concrete block dormitory.;
20462;yes;X and Y alike;male;female;female - male; I have observed ;male and female alike; attempt to exceed thier abilities for years.;
37613;yes;X and Y alike;male;female;female - male; That's the very essence of prejudice, and it harms everyone, ;male and female alike;.;
28225;yes;X and Y alike;male;female;female - male; Krouse sends these emails to all supposed overweight role models, ;male and female alike;.;
38147;yes;X as well as Y;female;male;female - male; The Jewish people had ;female as well as male; prophets.;
51056;yes;X or Y;male;female;female - male; You can request ;male or female; massage therapist and are advised to book all services ahead of time.;
26859;yes;X or Y;male;female;female - male; It would have taken a brave reporter to do an article on abortion, ;male or female; sterilization or spouse abuse.;
43690;yes;X or Y;male;female;female - male; There was n't any indication, for example, that Minnie (short for Minibyte) was ;male or female; or even one of several sexes we could n't comprehend.;
29370;yes;X or Y;male;female;female - male;" Meaning "" quality of being ";male or female;" "" first recorded 1520s.";
8996;yes;X or Y;male;female;female - male; As animal rights advocates, whether we are ;male or female; or genderqueer, it is our responsibility to oppose the exploitation and oppression of all sentient beings.;
9915;yes;X or Y;male;female;female - male; Because it has a different form for each declension, it does n't lean towards following ;male or female; patterns -- patterns made very obvious when you read works about obviously male characters with female-patterned pronoun forms.;
51961;yes;X or Y;male;female;female - male;" give me a gun any day &; i do nt care if you are ";male or female; you rape anyone you deserve life without parole.;
45994;yes;X or Y;female;male;female - male; This is underlined by the wide range of such reader figures, Fictive readers may be ;female or male; and belong to different social groups and classes.;
23028;yes;X or Y;male;female;female - male; In Navajo there are thirteen genders, and none of them has anything to do with ;male or female; -- also they inflect the verbs having to do with motion, not nouns or adjectives.;
1914;yes;X or Y;male;female;female - male;" "" I now must use extra words to find out if it's ";male or female;" because we ca n't use "" actress.";
6867;yes;X or Y;male;female;female - male; All of them -- blind or disabled, young or old, ;male or female; -- seem to have found the ideal helpmate in a canine assistance dog.;
27203;yes;X or Y;male;female;female - male; It's all on @ @ @ @ @ @ @ @ @ @ asks if you're ;male or female; and what you saw first, bottom or shoulder.;
7585;yes;X or Y;male;female;female - male; And I do n't buy that i should assess what I say by whether I have ;male or female; genitals.;
25615;yes;X or Y;male;female;female - male; It is not obvious if they are ;male or female; until just at the end of the moltings when the wings appear.;
22149;yes;X or Y;male;female;female - male; If I ask you to name your top three Yuri artists, you're just as likely to come up with ;male or female; names.;
41767;yes;X or Y;male;female;female - male; The right to marry whatever person you love, ;male or female; or any other gender, and there are other categories.;
4542;yes;X or Y;male;female;female - male; -Before running the regression analyses, correlations were used to determine if age was associated with ;male or female; reports of identity and friendship closeness.;
4842;yes;X or Y;female;male;female - male; 2009/02/06 No Comments And find out if you're more ;female or male; when surfing around the internet.;
48258;yes;X or Y;female;male;female - male; We both thought by doing so, it would help subdue them when they reached puberty, already knowing what a grown ;female or male; body looked like in the nude.;
5735;yes;X or Y;male;female;female - male; A dot so small that it is n't ;male or female;" or young or old; it is just smiling.";
38779;yes;X or Y;male;female;female - male; The big question is what environmental or behavioral cues might drive the switch, and what influences ;male or female; behavior in the brain.;
48990;yes;X or Y;male;female;female - male; What @ @ @ @ @ @ @ @ @ @ seemingly physically ;male or female; but are convinced they are not?;
31547;yes;X or Y;male;female;female - male; On a separate note, if my son wees on me then I've always been told that it breaks my wudhu and I need to wash, no different if it's ;male or female; urine.;
54030;yes;X or Y;male;female;female - male;It is only natural for us, ;male or female; to have such a strong need for sex.;
37911;yes;X or Y;female;male;female - male; The AlCom user may decide to communicate through spoken or written language and may choose ;female or male; voices for the artificial mediator/companion.;
7860;yes;X or Y;male;female;female - male; And in the center of each palm, ;male or female; or slender or broad or gay or straight or bi or white or brown or black, the stigmata welled and flowed: He raised his own hands.;
12806;yes;X or Y;male;female;female - male; Consider whether the performer is ;male or female; when you choose vocal pieces to present to intermediate students.;
25790;yes;X or Y;male;female;female - male; It just seems like the entertainment industry has pushed two things- sex crazed lesbians and stereotypical gay men all because society is threatened by the idea that someone can be ;male or female; and still be gay.;
51618;yes;X or Y;female;male;female - male; also varied depending on whether or not a condom was used, ;female or male; orgasm, and if the respondent was performing or receiving the stimulation.;
33637;yes;X or Y;male;female;female - male; Recent research has shown that the environment and the health of a mother bird has a major effect on whether she has ;male or female; offspring.;
7602;yes;X or Y;male;female;female - male; And I point out that non-consensual sex is rape regardless of who is controlling the situation, ;male or female; -- even if it does n't meet a strict legal definition of rape.;
5903;yes;both X and Y;male;female;female - male; A monoecious form -- that is, with ;both male and female; flowers on the same plant -- appeared in the mid-Atlantic states years after the dioecious biotype was found in Florida.;
15135;yes;both X and Y;male;female;female - male; For ;both male and female;" basketballers, Positive Feedback, Training &; instruction, and Democratic behavior were considered to be preferred coaching behaviors (Mdn > 3.";
43721;yes;both X and Y;male;female;female - male; There were ;both male and female; gangs, and they were very exclusive.;
9636;yes;both X and Y;male;female;female - male; Avoid flowers and butterflies if you want to attract ;both male and female; readers.;
22940;yes;both X and Y;male;female;female - male; In 1984, the International Chess Federation reported on a Venezuela study of second graders that showed IQ increases in ;both male and female; chess players and across all socioeconomic levels.;
5432;yes;both X and Y;male;female;female - male; @ @ @ @ @ @ @ @ @ @ staffs (head coach and assistant coaches) with ;both male and female; coaches.;
39740;yes;both X and Y;male;female;female - male; The findings from the current study suggested that ;both male and female; coaches appear to have similar perceptions toward their overall jobs as reflected by their scores on the JIG scale.;
53778;yes;both X and Y;male;female;female - male;3 percent) report having had ;both male and female; partners during the last 12 months.;
36399;yes;both X and Y;male;female;female - male; Sports, in which ;both male and female; teachers claimed competent, were basketball, volleyball, track and field, and swimming.;
43757;yes;both X and Y;male;female;female - male; There were significant differences in the full scale and the subscales of the BSI scores between the mentally healthy and mentally unhealthy groups for ;both male and female; migrant workers.;
7034;yes;both X and Y;male;female;female - male; Almost all human beings can accept, and be altered by, ;both male and female; hormones.;
50250;yes;both X and Y;male;female;female - male; Why do we expect gifts to relate to ;both male and female; @ @ @ @ @ @ @ @ @ @ male problems?;
14568;yes;both X and Y;male;female;female - male; Examples of these relationships include female engineering students'relationships with ;both male and female; engineering students, and Black engineering students'relationships with other Black engineering students.;
39625;yes;both X and Y;female;male;female - male; The evidence from New Zealand and elsewhere suggests that the overwhelming response of ;both female and male; prisoners to their detention was compliance, adaptation and adjustment to the regime.;
5052;yes;both X and Y;male;female;female - male; <> Knowledge, attitudes, and belief connections and disconnections were constant for ;both male and female; youths.;
36649;yes;both X and Y;male;female;female - male; Studies @ @ @ @ @ @ @ @ @ @ ;both male and female;" students of all school ages have stereotypical images of science (Mason, Kahle, &; Gardner, 1991; Finson &; Beaver, 1995).";
38400;yes;both X and Y;male;female;female - male; The Youth Self-Report has high Cronbach's alpha reliability coefficients for ;both male and female; adolescents and is able to discriminate between clinical and nonclinical populations, showing its validity (Achenbach, 1991).;
28599;yes;both X and Y;male;female;female - male; Like most of the peoples of the narrow ocean, they had ;both male and female; vessels.;
4099;yes;both X and Y;male;female;female - male; (4) This observation would necessitate that hydrophilous features evolved convergently in ;both male and female; flowers.;
38430;yes;both X and Y;male;female;female - male; The actor/playwrights will recreate the stories of ;both male and female; Veterans who have returned from Iraq, Afghanistan and Vietnam.;
5783;yes;both X and Y;male;female;female - male; A good library needs ;both male and female; versions of all those sounds, plus the squawks of developing youngsters.;
22572;yes;both X and Y;male;female;female - male; If we accept the premise that we are all pschologically bisexual, it then follows that we can fantasize as and identify with ;both male and female; characters.;
19302;yes;both X and Y;male;female;female - male; However, in ;both male and female; finches, estradiol levels in plasma actually increased more than fivefold after gonadectomy.;
53291;yes;both X and Y;male;female;female - male;) This is a fallacy because the eggplant is self-pollinating, meaning it has ;both male and female; characteristics and can reproduce on its own.;
53393;yes;both X and Y;male;female;female - male;, ;both male and female; students with same-gender role models subsequently published more articles).;
45646;yes;both X and Y;female;male;female - male; This gender effect is consistent with previous research on reactions to ;both female and male; rape victims (McCaul et al.;
39319;yes;both X and Y;male;female;female - male; The data obtained from this section one were further analyzed by comparing the responses of ;both male and female; students using chi-square to satisfy objective number 2.;
20869;yes;both X and Y;male;female;female - male;" I often refer to this as a "" groinal response "", which is generally experienced equally by ";both male and female; patients.;
30003;yes;both X and Y;male;female;female - male; Much like farmers lugging bucket after bucket to fill a trough with water, ;both male and female; bearded gobie, repeatedly gulp air and transport it into the burrow, creating an underground air pocket.;
16027;yes;both X and Y;male;female;female - male;" Gerber revealed Walsh had a genetic condition known as "" mosaicism, "" in which she had only male (non-functioning) sex organs, but ";both male and female; chromosomes.;
9005;yes;both X and Y;male;female;female - male; As can be seen by studying the data, a large percentage of the observed behaviors of ;both male and female; subjects were verbal instructions (preinstruction, concurrent instruction, postinstruction).;
40683;yes;both X and Y;male;female;female - male; The means and standard deviations were established for each item in the domain for ;both male and female; students-, and were compared to satisfy objective number 3.;
44301;yes;both X and Y;male;female;female - male; These were people who embodied ;both male and female; roles, characteristics, and psyches.;
11422;yes;both X and Y;male;female;female - male; But some recent history and polling data suggest that women who campaign on a strong reform platform could strike a powerful chord among ;both male and female; voters next year.;
4902;yes;both X and Y;male;female;female - male; 3 news story @ @ @ @ @ @ @ @ @ @ with ;both male and female;" tissue possibly due to exposure to hormone disrupters are "" freak fish.";
15020;yes;both X and Y;male;female;female - male; First, the introduction of academic criteria for incoming students in 1986 seemed to have had a positive effect on the graduation rates of ;both male and female; athletes.;
46896;yes;both X and Y;male;female;female - male; Thus, the obtained overall results were applicable equally to ;both male and female; judges.;
42092;yes;both X and Y;male;female;female - male; The snake suggesting ;both male and female; energies and related complementarities, the yin/yang of heaven and earth.;
34023;yes;both X and Y;male;female;female - male; Roughly 36 percent of ;both male and female; inmates were Hispanic, a third were black, and 28 percent were white.;
47677;yes;both X and Y;male;female;female - male; Unless there are ;both male and female; factors affecting fertility -then sometimes you can go right to IVF.;
13716;yes;both X and Y;male;female;female - male; During focus group discussions, ;both male and female;" participants indicated that pornographic videos were their main source of "" sex education.";
36364;yes;both X and Y;male;female;female - male; Specifically, financial and employment difficulties and difficulties in interpersonal relationships significantly predicted the mental health of ;both male and female; migrants.;
29673;yes;both X and Y;male;female;female - male; More important, they perform well, and ;both male and female; testers counted them among their favorites.;
23177;yes;both X and Y;male;female;female - male; In addition, ;both male and female; bodies are highly regulated by religious and social codes specifying what sexual practices are and are not acceptable.;
43975;yes;both X and Y;male;female;female - male; These are monks, nuns, yogis, yoginis, and ;both male and female; Lamas, who compose the school.;
973;yes;both X and Y;male;female;female - male;" "" All his life he courted favor, from ";both male and female; sponsors, and it helped if the sponsors were rich.;
34636;yes;both X and Y;male;female;female - male; She has ;both male and female;" readers, but their questions recall what Betty Friedan, in the "" The Feminine Mystique, "" called "" the problem that has no name.";
40098;yes;both X and Y;female;male;female - male; The highest percentages of ;both female and male; respondents, 54.;
46290;yes;both X and Y;male;female;female - male; This shift occurs on ;both male and female; heads and varies in number.;
15780;yes;both X and Y;male;female;female - male;" From observing their herds and flocks, these cultures knew about the necessity of the male for breeding; therefore inheritance passed in ";both male and female; lines and both sexes took equal precedent in society.;
24478;yes;both X and Y;female;male;female - male;" Instead, a main effect &; sexual orientation revealed that, for ";both female and male; athletes, those whose sexuality was ambiguously portrayed (M = 5.;
16302;yes;both X and Y;male;female;female - male; Greendorfer and Lewko (1978) found that parents have more influence than siblings and that the lathers in particular have more influence on the sport participation of ;both male and female; children.;
7180;yes;both X and Y;male;female;female - male; Although ;both male and female; profiles were given negative personality evaluations if their first intercourse experience happened at a young age and in an uncommitted relationship, evaluations of females were slightly more negative.;
45987;yes;both X and Y;male;female;female - male; This is true for ;both male and female; samples.;
40814;yes;both X and Y;male;female;female - male; The most common causes of ;both male and female; orgasms were penile-vaginal intercourse and masturbation.;
35357;yes;both X and Y;male;female;female - male; Since Kabuki is traditionally performed only by men, it is necessary for them to perfect the skill of representing ;both male and female; characters.;
25423;yes;both X and Y;male;female;female - male; It is also important to recognize that previous research has indicated that ;both male and female; students value the varied gender interaction of coeducational physical education (Osborne et al.;
13335;yes;both X and Y;male;female;female - male; Despite these favourable attitudes, however, ;both male and female; athletes still, for the most part, personally prefer a male coach to a female coach.;
31818;yes;both X and Y;female;male;female - male; One interpretation of this passage is that although Jesus is not criticizing Martha for her preoccupation with her home, he is suggesting the importance of contemplation for ;both female and male; disciples.;
6831;yes;both X and Y;male;female;female - male; All group homes served ;both male and female; residents.;
44550;yes;both X and Y;female;male;female - male; They attribute their findings to the likelihood of ;both female and male; coaches having similar physical education programs and experiences.;
33808;yes;both X and Y;male;female;female - male; Research with ;both male and female; samples suggests that distraction from sexual cues during sexual activity decreases subjective and physiological arousal in both males and females (J.;
23178;yes;both X and Y;male;female;female - male; In addition, ;both male and female; teachers seem to perceive those same qualities that they view positively in academically talented males as negatives in females.;
52432;yes;both X and Y;male;female;female - male; paradoxus morphotype are positioned on the edge of the left elytron of ;both male and female; Laccophilus maculosus.;
4540;yes;both X and Y;male;female;female - male; -1 (Mills, 1991 a, 1991 b) examined LOC in ;both male and female; obese adult populations before the subjects entered an outpatient obesity treatment program and discovered that the subjects demonstrated an internal control orientation.;
2618;yes;both X and Y;male;female;female - male;" "" One of the most surprising things was the extent to which people shared the information with ";both male and female; family members.;
7181;yes;both X and Y;male;female;female - male; Although ;both male and female; students ranked fitness and skill domains as the top priority among the various learning objectives, female students did not wish to be assessed in these areas.;
44268;yes;both X and Y;male;female;female - male; These three crimes above, as revealed by the study attracted top ratings with ;both male and female; respondents.;
2156;yes;both X and Y;male;female;female - male;" "" It appears, then, that ";both male and female; athletes perceive considerable pressure to continue ski racing.;
12020;yes;both X and Y;male;female;female - male; By eating these leaves instead of the fruits available at this time, ;both male and female; muriquis may get an important surge in protein, fortifying them for the upcoming mating season.;
32966;yes;both X and Y;male;female;female - male; Petrie also found that ;both male and female; nonathletes felt less effective in their lives than their nonlean sport counterparts.;
53306;yes;both X and Y;female;male;female - male;) While Blade Runner features ;both female and male; replicants, the film does interrogate and articulate femininity, as Kaja Silverman points out, exclusively through the figure of the android.;
24018;yes;both X and Y;male;female;female - male; In the joking communications which occurred among women during events or in the way they dressed as men at circumcision festivities, women were able to play with ;both male and female; representations of authority.;
4213;yes;both X and Y;male;female;female - male; (The N was 166 because some cases involved ;both male and female; victims.;
44761;yes;both X and Y;male;female;female - male; They have applied for a patent on @ @ @ @ @ @ @ @ @ @ and insecticide to lure ;both male and female; moths of several insect species to their last meal.;
40148;yes;both X and Y;male;female;female - male; The hundred-plus guests were augmented by ;both male and female; instructors from the Arthur Murray Dance Studio.;
763;yes;both X and Y;male;female;female - male;" "" (n20) The backlash to the commercialization @ @ @ @ @ @ @ @ @ @ of ";both male and female; native artists.;
41744;yes;both X and Y;male;female;female - male; The results suggest that financial and employment difficulties and difficulties in interpersonal relationships significantly predicted the mental health of ;both male and female; migrant workers.;
40232;yes;both X and Y;male;female;female - male; The incomes of ;both male and female; black @ @ @ @ @ @ @ @ @ @ earnings of the average black man, in real dollars adjusted for inflation, went up 75 percent.;
20722;yes;both X and Y;male;female;female - male; I like to keep a tight circle of ;both male and female; companions with whom I can both enjoy life and commiserate over its disappointments.;
15134;yes;both X and Y;male;female;female - male; For ;both male and female; STI clinic clients, it was common to have a history of sexual contacts involving blood and to report multiple sex partners.;
33806;yes;both X and Y;male;female;female - male; Research team members included both anthropologists and anthropologically trained AIDS @ @ @ @ @ @ @ @ @ @ ;both male and female; ethnographers and outreach workers.;
7468;yes;both X and Y;female;male;female - male; An additional 16-17% reported ;both female and male; perpetrators.;
13757;yes;both X and Y;male;female;female - male; During this phase, the behaviors used the most by ;both male and female; coaches, respectively, were the same as the preseason Male coaches used concurrent instruction(21.;
40678;yes;both X and Y;male;female;female - male; The mean BMI values were in the normal range for ;both male and female; participants (National Heart, Lung, and Blood Institute, 1998).;
7118;yes;both X and Y;male;female;female - male; Also, Prince acquires a large Unwanted Harem of ;both male and female; admirers.;
6853;yes;both X and Y;male;female;female - male; All of Giant's frames are hand-welded by ;both male and female; staff welders who spend about six months in training before moving up to the primary weld line, located in Taichung, Taiwan.;
42252;yes;both X and Y;male;female;female - male; The students were from an ethnically diverse population -- African-American, White, and Hispanic, and the groups consisted of ;both male and female; students.;
28596;yes;both X and Y;male;female;female - male;" Like most flowering plants, cactuses are usually hermaphroditic; that is, their flowers have ";both male and female; organs producing pollen and ovules.;
26079;yes;both X and Y;male;female;female - male; It should also be noted that ;both male and female; students used the forum, without any identifiable gender bias.;
28996;yes;both X and Y;male;female;female - male; Male carp are making egg protein, which is usually produced only by females, making them hermaphrodites, exhibiting ;both male and female; characteristics.;
13744;yes;both X and Y;male;female;female - male; During the observed period of 1997 to 2002, the mortality among drug users was eight times higher for ;both male and female; drug users than it was for the general population.;
34704;yes;both X and Y;male;female;female - male; She is present at ;both male and female; initiation instruction, being initiated in both.;
29781;yes;both X and Y;male;female;female - male; Moreover, victimization appears undifferentiated by gender and is associated with risk behaviors for ;both male and female;" high school students (MMWR, 2006b; Gereone, Beach, &; Arias, 2005; Gray &; Foshee, 1997).";
39741;yes;both X and Y;female;male;female - male; The findings indicate that ;both female and male; PE teachers interacted with boys more often than with girls (76.;
53660;yes;both X and Y;male;female;female - male;01), and post hoc tests, indicated that male addicts revealed markedly higher levels of happiness and competence while feeling less mentally stressed than addicted females and ;both male and female; nonaddicts (p <.;
45603;yes;both X and Y;female;male;female - male; This does not change the fact that ;both female and male; spectators generally rate excitement motives higher than social motives.;
15430;yes;both X and Y;male;female;female - male; For most of the interviewees and ;both male and female; focus group participants, condoms were freely available from the local family planning clinics and pharmacies, and also from friends and classmates.;
32233;yes;both X and Y;male;female;female - male; Other shared traits include headdresses and hairdos, helmets or caps, knee-length skirts, symbols carved into the backs of heads, and the occurrence of ;both male and female; effigies.;
43914;yes;both X and Y;male;female;female - male; Therefore, this study suggests that the residence hall administration must provide ;both male and female; residence halls with equal services and consideration.;
36521;yes;either X or Y;male;female;female - male; Still to be determined, however, is the question of whether Lo stregozzo invokes the theme of ;either male or female; lust, and if so, for what purpose.;
12523;yes;either X or Y;female;male;female - male; Civilians do not appear to play a major role in sexual harassment for ;either female or male; military personnel.;
51761;yes;either X or Y;male;female;female - male; berghei 6-cys family contains a number of proteins that are ;either male or female; specific ligands that play an important role in gamete recognition and/or attachment.;
53805;yes;either X or Y;male;female;female - male;42) and responsibility for the incident in separate analyses of covariance (ANCOVA), with no appreciable change in results for ;either male or female; participants.;
19492;yes;either X or Y;male;female;female - male; Hypothesis 3 and Hypotheses 4a and 4b were not supported for ;either male or female; high school athletes.;
12639;yes;either X or Y;male;female;female - male; Colonies are composed entirely of ;either male or female; polyps.;
49310;yes;either X or Y;male;female;female - male; When ;either male or female; leaders or ward members are talking about women, quote other women.;
29183;yes;either X or Y;male;female;female - male; Many young female SFAD graduates have found it beneficial to join a group studio, with ;either male or female; colleagues from the school.;
47393;yes;either X or Y;male;female;female - male; Trees of both types usually have ;either male or female; flowers, so if pollination is needed, you must plant both a male and a female tree.;
25628;yes;either X or Y;male;female;female - male; It is now much more difficult for a family to be supported by one wage earner -- ;either male or female; -- than it was for previous generations.;
43751;yes;either X or Y;male;female;female - male; There were no significant differences in sex role orientation or attitudes toward women between aggressive sport participants and nonaggressive sport participants for ;either male or female; athletes, however.;
4854;yes;more X than Y;male;female;female - male; 22 Therefore, even if ;more male than female; members of the dual careerist couples were selected for downsizing, the female soldier would leave with the male member.;
7774;yes;more X than Y;female;male;female - male; And for the first time there were ;more female than male; junior fellows in the American College of Obstetricians and Gynecologists, a professional organization.;
20047;yes;more X than Y;female;male;female - male; I do n't know, seemed ;more female than male;.;
43735;yes;more X than Y;female;male;female - male; There were disproportionately ;more female than male; participants in the lower division course than in the upper division classes, Chi 2 (2, N = 487) = 17.;
43724;yes;more X than Y;male;female;female - male; There were ;more male than female; fans in both settings, (minor league = 58.;
41541;yes;more X than Y;male;female;female - male;" The questions are n't "" such as Koss'"" questions, and S-J did n't find ";more male than female; victims.;
34414;yes;more X than Y;male;female;female - male; Several interpretations of this may be suggested (in addition to the fact that there are ;more male than female; academics).;
35274;yes;more X than Y;male;female;female - male; Significantly ;more male than female; children had legal (52 percent compared with 11 percent)?;
12416;yes;more X than Y;male;female;female - male; Chi-square tests indicated significantly ;more male than female; bullying involvement, seventh graders reported more involvement than did eighth graders, and there were no statistically significant differences in involvement based on ethnicity.;
46895;yes;more X than Y;male;female;female - male; Thus, the experience of the respondents to this survey was to have had significantly ;more male than female; coaches in volleyball.;
19541;yes;more X than Y;female;male;female - male; I also know of no official ones at massage conventions -- but that's a ;more female than male; audience.;
29726;yes;more X than Y;female;male;female - male; More than two thirds of the sites in this survey have ;more female than male; users.;
35428;yes;more X than Y;male;female;female - male; Since there were tar more male athletes on covers than females, it is not surprising that there were ;more male than female; athletes in active poses (97.;
43723;yes;more X than Y;female;male;female - male; There were ;more female than male; respondents, and more respondents attending medical practices with more than one general practitioner.;
15307;yes;more X than Y;female;male;female - male; For example, in Zusman and Olson's (1977) study, ;more female than male; Hispanic respondents failed to answer questions regarding educational level of father and family income.;
23377;yes;more X than Y;female;male;female - male; In each location there were slightly ;more female than male; students.;
18180;yes;neither X nor Y;male;female;female - male;" Her private life remained austere; she had ";neither male nor female; lovers, and the name she took in the movement which she helped to found, Dyeva, meant virgin in Russian, her native dialect.;
40616;yes;neither X nor Y;male;female;female - male; The male nudes function to tempt ;neither male nor female; viewers but to indicate how the witch perceived the devil as attractive.;
14099;yes;neither X nor Y;male;female;female - male; Ethics would dictate negative practices should be tolerated in ;neither male nor female; sport domains, but reality is some practices are tolerated.;
37591;yes;neither X nor Y;male;female;female - male; That's not necessarily so, say Eastern Michigan University researchers who found that ;neither male nor female; students from divorced homes were more likely to look to TV for relationship guidance.;
23833;yes;separating X and Y;male;female;female - male; In some respects the school will be no different from schools built here for decades, conforming to rigid Islamic precepts ;separating male and female; students.;
25546;yes;X and Y;masculine;feminine;feminine - masculine; It is instead, weirdly enough, to recall the original configuration, the necessary cosmic dance, of the ;masculine and feminine; virtues.;
921;yes;X and Y;feminine;masculine;feminine - masculine;" "" A man needs to develop both his ";feminine and masculine; sides as strongly as he can, then distinguish between them and live in the resonating space between.;
20754;yes;X and Y;masculine;feminine;feminine - masculine; I love androgynous and @ @ @ @ @ @ @ @ @ @ the ;masculine and feminine; in a way that makes me weak.;
25973;yes;X and Y;masculine;feminine;feminine - masculine; It proposed the following: Biological sex predicts level of ;masculine and feminine; traits, @ @ @ @ @ @ @ @ @ @ adolescent girls and negatively for adolescent boys).;
15975;yes;X and Y;masculine;feminine;feminine - masculine; Gender, as Bern (1981) contended, exists on a continuum of ;masculine and feminine;.;
24581;yes;X and Y;masculine;feminine;feminine - masculine;" Interpreted as @ @ @ @ @ @ @ @ @ @ drawn, the piroboli are described as "" igneous rocks of the ";masculine and feminine;" gender "" native to the East.";
11121;yes;X and Y;masculine;feminine;feminine - masculine; But in Cuba, the word refers as well, in both its ;masculine and feminine; forms, to an ugly woman.;
39224;yes;X and Y;masculine;feminine;feminine - masculine; The correlation between masculinity and academic time structure is consistent with findings from past research that indicate that ;masculine and feminine; individuals value academic success equally but arrive at this success through different paths.;
4790;yes;X and Y;masculine;feminine;feminine - masculine;" 182), males will find a challenge to find the "" right "" balance of ";masculine and feminine; characteristics when attempting to elicit favorable impressions.;
11946;yes;X and Y;masculine;feminine;feminine - masculine; But, then again it seems like things such as ;masculine and feminine; traits are nothing but stereotypes.;
37940;yes;X and Y;masculine;feminine;feminine - masculine; The Bem SexRole Inventory (BSRI) is designed to measure a person's ability to integrate ;masculine and feminine; traits.;
27153;yes;X and Y;masculine;feminine;feminine - masculine; It's a state of consciousness that equalizes ;masculine and feminine; influence.;
46038;yes;X and Y;masculine;feminine;feminine - masculine; This law embodies the Truth that gender is manifested in everything -- the ;masculine and feminine; law is ever at work on all planes of causation.;
29088;yes;X and Y;masculine;feminine;feminine - masculine; Many feminist scholars discuss what the stereotypically ;masculine and feminine; values are, which is quite different from stating that men have some characteristics and women have others as intrinsic to their gender.;
46109;yes;X and Y;feminine;masculine;feminine - masculine; This means that these archetypes can not be understood as stable sets of ;feminine and masculine; personality traits.;
34438;yes;X and Y;masculine;feminine;feminine - masculine; Shakespeare's grand prerogative, especially @ @ @ @ @ @ @ @ @ @ His Gesamtkunst joins poetry and prose, ;masculine and feminine;, noble and commoner, magic and reality.;
52304;yes;X and Y;masculine;feminine;feminine - masculine; more In Young's novel the war to end all wars gets a ;masculine and feminine; point of view.;
44498;yes;X and Y;masculine;feminine;feminine - masculine; They are recognizing that the best decisions come from groups that balance ;masculine and feminine; ways of making decisions.;
41371;yes;X and Y;masculine;feminine;feminine - masculine; The presentation within a single frame of ;masculine and feminine; elements, oppositions of light and dark, and symbols of life and death enriched the photographs.;
32278;yes;X and Y;masculine;feminine;feminine - masculine; Others, such as the circle, some form of the cross, the sun, and the divine forms of ;masculine and feminine;, appear to be universal but still depend upon the culture for meaning.;
10910;yes;X and Y;masculine;feminine;feminine - masculine; But before he acts out the encounter in the opera house, he has lost his ability to stay above the threshold that separates the ;masculine and feminine;.;
53314;yes;X and Y;masculine;feminine;feminine - masculine;) and mixes ;masculine and feminine; language.;
5028;yes;X and Y;masculine;feminine;feminine - masculine; 8, 1973, edition @ @ @ @ @ @ @ @ @ @ women's liberationists: that conventional patterns of ;masculine and feminine; behavior can be altered.;
37198;yes;X and Y;feminine;masculine;feminine - masculine; That IS profound and we should be respectful of marriage as an institution that recognizes the unique contributions of the ;feminine and masculine;.;
27946;yes;X and Y;feminine;masculine;feminine - masculine;" Jung "" recognized the insufferable position of the American woman, psychologically overelevated and socially disenfranchised, "" (6) but even so, he saw potential for the development of a healthy balance of ";feminine and masculine; there.;
45336;yes;X and Y;masculine;feminine;feminine - masculine; Theyskens himself is beautiful, and it's the kind of beauty that transcends ;masculine and feminine; borders, even though he has recently grown a light mustache and beard.;
33189;yes;X and Y;feminine;masculine;feminine - masculine; Post hoc tests (Scheffe) showed that gender-neutral sports had significantly higher scores than ;feminine and masculine; sports.;
41308;yes;X and Y;masculine;feminine;feminine - masculine; The plural of both the noun and adjective, ;masculine and feminine;, is marked with the s ending, which is not realized in speech.;
15239;yes;X and Y;feminine;masculine;feminine - masculine; For both males and females the sex-segregation of skateboarding was typically justified as a reflection of ;feminine and masculine; behaviors.;
31917;yes;X and Y;masculine;feminine;feminine - masculine;" One set of answers was constructed to reflect stereotypical masculine activities and interests; the second set, to reflect stereotypical ";masculine and feminine; activities and interests.;
44327;yes;X and Y;masculine;feminine;feminine - masculine; They all counteract the overemphasis on yang attitudes and values, and try to reestablish a balance between the ;masculine and feminine; sides of human nature.;
53564;yes;X and Y;masculine;feminine;feminine - masculine;, see Hochschild, 1989) and include a mix of ;masculine and feminine; characteristics.;
7900;yes;X and Y;masculine;feminine;feminine - masculine; And it was a color that could go either way and reflect both a ;masculine and feminine; influence.;
53923;yes;X and Y;masculine;feminine;feminine - masculine;85 were obtained for the ;masculine and feminine; scales respectively, confirming the appropriateness of the two scales with this sample.;
39375;yes;X and Y;masculine;feminine;feminine - masculine; The degree to which athletic identification influenced ;masculine and feminine; gender role endorsement was investigated using separate independent t-tests.;
18922;yes;X and Y;feminine;masculine;feminine - masculine; His well-known characterization of the Tuscan and Castilian languages as respectively ;feminine and masculine;, especially, seem to suggest unacknowledged anxieties about cultural identity and masculinity that remain unaccounted for.;
45461;yes;X and Y;masculine;feminine;feminine - masculine; This anatomy position took the form of ;masculine and feminine;" "" psyches "" (Terman &; Miles, 1936).";
23744;yes;X and Y;masculine;feminine;feminine - masculine; In particular, a resolutely normative notion of family -- centered around a procreative marriage covenant and exhibiting differentiated ;masculine and feminine; roles -- militated against any fully pluralistic approach to social and economic arrangements.;
34034;yes;X and Y;feminine;masculine;feminine - masculine; Rudolph Valentino unmasked transvestism by appearing at once ;feminine and masculine; in robes, eyebrow pencil, and lipstick.;
13828;yes;X and Y;masculine;feminine;feminine - masculine; Each perspective, ;masculine and feminine;, is here both affirmed and yet also transcended, recognized as part of a larger @ @ @ @ @ @ @ @ @ @ fulfillment.;
42127;yes;X and Y;masculine;feminine;feminine - masculine; The songs show both the ;masculine and feminine; points of view (although the woman's perspective is shown through the male imagination, since men comprise the absolute majority of the composers).;
3581;yes;X and Y;masculine;feminine;feminine - masculine;" "" Until we redefine behavior in terms of human, rather than ";masculine and feminine;, we are locked in a dance of death.;
15865;yes;X and Y;masculine;feminine;feminine - masculine; Further analyses separated subjects'BSRI ratings of their targets into the ;masculine and feminine; scores.;
31916;yes;X and Y;masculine;feminine;feminine - masculine; One set of answers was constructed to reflect stereotypical masculine activities and interests, and the second set to reflect stereotypical ;masculine and feminine; activities and interests.;
8339;yes;X and Y;masculine;feminine;feminine - masculine; And we would all be unhappy, punishing ourselves for upsetting ;masculine and feminine; rules we were n't quite clear on.;
44598;yes;X and Y;masculine;feminine;feminine - masculine; They can not be integrated, as can spirit and matter, or the ;masculine and feminine; dimensions of the personality, which are not contradictories, but contraries.;
6261;yes;X and Y;masculine;feminine;feminine - masculine; Absorbed as she is in the New Age discovery of the body, the sensual comfort and pleasures afforded by luxury, she also strove in her fall collection to express the ;masculine and feminine; sides of woman.;
29172;yes;X and Y;masculine;feminine;feminine - masculine; Many things have already lost ;masculine and feminine; categorization.;
49597;yes;X and Y;masculine;feminine;feminine - masculine; When the harvest was ripe on the ground he marched his army into Milesia to the sound of pipes and harps, and flutes ;masculine and feminine;.;
44617;yes;X and Y;masculine;feminine;feminine - masculine; They compound their error by pretending that there are definitive ;masculine and feminine; characteristics with absolutely no crossover between.;
38004;yes;X and Y;feminine;masculine;feminine - masculine; The Constructionist approach, as presented in the literature review, alerts us against any binary positioning such as ;feminine and masculine;", or power and strength, as in the terms "" feminine strength "" and "" masculine power.";
34593;yes;X and Y;feminine;masculine;feminine - masculine; She had ;feminine and masculine; role models.;
53624;yes;X and Y;feminine;masculine;feminine - masculine;, who teaches Latina/o (which represent ;feminine and masculine; authors) Studies at The University of Northern Colorado.;
14809;yes;X and Y;masculine;feminine;feminine - masculine; Feminist theorists and cultural critics recognize that ideals of ;masculine and feminine; infuse cultural beliefs and are constructed in terms of a binary opposition.;
24279;yes;X and Y;masculine;feminine;feminine - masculine; Includes intriguing interactions with husbands, sons and other men in leadership working in tandem to acheive balance between the sacred ;masculine and feminine;.;
32858;yes;X and Y;feminine;masculine;feminine - masculine; Perceived characteristics of sports categorized as gender-neutral, ;feminine and masculine;.;
23904;yes;X and Y;masculine;feminine;feminine - masculine; In the Islamic world view, male and female, ;masculine and feminine;", represent different, complementary "" orders.";
37348;yes;X and Y;masculine;feminine;feminine - masculine;" That is, gender schematic processing involves "" sorting persons, attributes, and behaviors into ";masculine and feminine;" categories "" (Bem, 1985; p.";
22481;yes;X and Y;feminine;masculine;feminine - masculine; If the rest of us are forever trying to balance our ;feminine and masculine; sides, the great basketball players are trying to bring their Michael side into balance with their Magic side.;
33543;yes;X and Y;feminine;masculine;feminine - masculine; Rather than merely supplanting the feminine objects of haptic apprehension with transparent surfaces of optical visibility, Mies contaminates these gender distinctions with designs where ;feminine and masculine; confront one another in the same space.;
49089;yes;X and Y;masculine;feminine;feminine - masculine; What hap- pened would have destroyed his human form, had it not been that this form held in perfect balance and rapport the ;masculine and feminine; qualities and instincts inherent in human nature.;
42090;yes;X and Y;feminine;masculine;feminine - masculine; The snail has been chosen as a fitting symbol for questioning and reinterpreting our social definitions of ;feminine and masculine;, for many snail species are hermaphroditic.;
11171;yes;X and Y;masculine;feminine;feminine - masculine; But it does not mean that the differences are fixed, with males and females of every species possessing the same extreme values for ;masculine and feminine; characteristics.;
26060;yes;X and Y;masculine;feminine;feminine - masculine; It seems reasonable to suggest that identification with the athletic role may be related to the endorsement of the ;masculine and feminine; gender roles.;
53251;yes;X and Y;feminine;masculine;feminine - masculine;) Often it is a combination of ;feminine and masculine;: skirts with biker boots, a super short pixie cut (self-inflicted) with lots of glitter and bling.;
44058;yes;X and Y;feminine;masculine;feminine - masculine; These discourses from society at large are embedded in the covert curriculum of physical education, and most students comply with traditional ;feminine and masculine;" roles in the ways they participate in physical education (Chepaytor-Thomson &; Ennis, 1997).";
44519;yes;X and Y;masculine;feminine;feminine - masculine; They are the very essence of ;masculine and feminine;.;
46342;yes;X and Y;masculine;feminine;feminine - masculine; This suggests that four decades @ @ @ @ @ @ @ @ @ @ sports as ;masculine and feminine;, attitudes toward sports and gender roles may now be more nuanced.;
29252;yes;X and Y;masculine;feminine;feminine - masculine; Mary represents matter (mater, materia) while John, the Gospel writer, represents the written word or logos As materia and logos, but also as ;masculine and feminine; principles, they are transcended in the god.;
24582;yes;X and Y;masculine;feminine;feminine - masculine;" Interpreted as the carnal sins to which men and women are together drawn, the piroboli are described as "" igneous rocks of the ";masculine and feminine;" gender "" native to the East.";
2584;yes;X and Y;feminine;masculine;feminine - masculine;" "" Now with women seeking parity with men in the public sector, men suing for alimony from their ex-wives and both sexes seeking restitution for loveless unions, the definitions for ";feminine and masculine; behaviors have become blurred.;
38571;yes;X and Y;masculine;feminine;feminine - masculine; The androgynous Gioconda, the subtle mixture of the ;masculine and feminine;, takes us beyond the moral law into a realm of beauty that can only be felt as the terrifying abyss.;
19005;yes;X and Y;masculine;feminine;feminine - masculine; Hornaday even argues that this idealized spinster fuses ;masculine and feminine;" qualities since she "" often adopts an orphan "" and "" sponsors girls'clubs, campfires, and sororities "" (847).";
3384;yes;X and Y;masculine;feminine;feminine - masculine;" "" They have mannish tailoring but have a sexy quality with a lace blouse, so it's ";masculine and feminine; at the same time.;
21042;yes;X and Y;masculine;feminine;feminine - masculine; I seem to be a mix of ;masculine and feminine; qualities.;
53131;yes;X and Y;feminine;masculine;feminine - masculine;"'s (1984; 1986) descriptions of low and high self-monitors'relationship orientations appear similar to stereotypical conceptions of ";feminine and masculine; approaches to intimacy, respectively.;
52272;yes;X and Y;masculine;feminine;feminine - masculine; low) analysis of variance (ANOVA), using a median split for both the hopelessness and the ;masculine and feminine; scale scores as suggested by Bem (1977).;
18979;yes;X and Y;masculine;feminine;feminine - masculine; Honestly, the majority of @ @ @ @ @ @ @ @ @ @ of all sorts of traits (so-called ;masculine and feminine;) - and that's what makes them individuals.;
44279;yes;X and Y;feminine;masculine;feminine - masculine; These two modes correspond to the different positions of ;feminine and masculine; subjects within Mies's domestic interior.;
49006;yes;X and Y;masculine;feminine;feminine - masculine; What I love about this closure is that it marries religious and military symbolism while also mixing ;masculine and feminine;" elements, "" explains Tisci of his artful metal-and-Perspex creation.";
14006;yes;X and Y;masculine;feminine;feminine - masculine; Endorsement of ;masculine and feminine; gender roles: Differences between participation in and identification with the athletic role.;
38417;yes;X and Y;masculine;feminine;feminine - masculine; The abstract shapes also take on ;masculine and feminine; associations, and in some instances, one is reminded of artifacts found at prehistoric Indian ruins in the Southwest.;
23382;yes;X or Y;masculine;feminine;feminine - masculine; In either the ;masculine or feminine; subjects, the researchers could not account for those anomolous women who defied the study's gender-based sexual inversion paradigm.;
49950;yes;X or Y;feminine;masculine;feminine - masculine; Which sports do you believe are more ;feminine or masculine;?;
19076;yes;X or Y;masculine;feminine;feminine - masculine; How can the sexual desire of women for women be understood, if it falls outside the assumptions of what is categorized as ;masculine or feminine;?;
45349;yes;X or Y;masculine;feminine;feminine - masculine; Things we think of as masculine or feminine would no longer be associated with men or women and would no longer even be recognizable as ;masculine or feminine;.;
1468;yes;X or Y;feminine;masculine;feminine - masculine;" "" For some, the challenge to conceive strikes at the core of our ";feminine or masculine; identities.;
29489;yes;X or Y;masculine;feminine;feminine - masculine; Metheny's typology of gendered sports, formulated in 1965, seems as valid today as it was 40 years ago, although attitudes seem to have slightly shifted into acceptance of some sports as neither entirely ;masculine or feminine;.;
36376;yes;X or Y;masculine;feminine;feminine - masculine; Spence, Helmreich, and Stapp (1975) later recommended that a fourth classification be added to accommodate individuals who do not endorse either the ;masculine or feminine; dimension.;
45679;yes;X or Y;feminine;masculine;feminine - masculine; This has sensitized me to the trappings of my local congregation and prompted me to ask if they have a more ;feminine or masculine; flavor to them.;
28273;yes;X or Y;feminine;masculine;feminine - masculine; Lagoon figures are invariably the embodiment of ideal ;feminine or masculine; beauty, and do not incorporate personal physical features of a healer or a member of the clairvoyant's family.;
31084;yes;X or Y;masculine;feminine;feminine - masculine; Nouns are marked for ;masculine or feminine;" gender, and plurals are marked by the addition of -s or -es; adjectives change endings to agree with nouns.";
33824;yes;X or Y;masculine;feminine;feminine - masculine; Responses on the PAQ were coded so that higher scores on each scale indicated possession of more ;masculine or feminine; characteristics.;
2739;yes;X or Y;feminine;masculine;feminine - masculine;" "" Refuting previous claims of the existence of gender norms, Butler argues that ";feminine or masculine; performances create the ideology of gender.;
7096;yes;X or Y;masculine;feminine;feminine - masculine; Also of interest might be a comparison of competitive orientations and sport motivation among @ @ @ @ @ @ @ @ @ @ well as among participants in stereotypical gender-neutral, ;masculine or feminine; sports.;
14802;yes;X or Y;masculine;feminine;feminine - masculine; Females do not participate in contact sports, and despite Kane's (1988) labeling, sports are not truly ;masculine or feminine;.;
3388;yes;X or Y;masculine;feminine;feminine - masculine;" "" They learn to hide from themselves and others their true feelings and intentions, and they either attempt to modify their behavior to fit the ascribed ";masculine or feminine; roles or they suffer greatly.;
33856;yes;X or Y;masculine;feminine;feminine - masculine; Reversible bedspreads to make rooms look ;masculine or feminine;.;
49427;yes;X or Y;masculine;feminine;feminine - masculine; When basing gender role classification in this manner, one may be classified as ;masculine or feminine; even though femininity and masculinity scores are relatively equal.;
4629;yes;X or Y;feminine;masculine;feminine - masculine; // Never mind if it's labeled ;feminine or masculine;.;
51305;yes;X or Y;feminine;masculine;feminine - masculine; You talk about an inborn ;feminine or masculine; gender that is developed throughout life.;
49845;yes;X or Y;masculine;feminine;feminine - masculine; Whether or not they think you are ;masculine or feminine;, my mother said you have to be a confident women and confident in your femininity.;
36803;yes;X or Y;feminine;masculine;feminine - masculine; Suggestions based on theoretical considerations have been made about the features that may underlie the categorization of sports as ;feminine or masculine;.;
53352;yes;X or Y;masculine;feminine;feminine - masculine;) that there is no inherited ;masculine or feminine; psychology, but he termed this cheap biologism and continued to exalt women.;
43333;yes;X or Y;masculine;feminine;feminine - masculine; There are many hues of blue that will give the space a more ;masculine or feminine; appeal.;
18866;yes;X or Y;masculine;feminine;feminine - masculine; His touch is not ;masculine or feminine;, it's passionate.;
23667;yes;X or Y;masculine;feminine;feminine - masculine; In order to accomplish this, inner identity is thrust aside in favor of elaborate patterns of what ;masculine or feminine; nature is supposed to be.;
33695;yes;X or Y;masculine;feminine;feminine - masculine; Regardless of the sex, a person gives expression to ;masculine or feminine; traits in accordance with his sic innate tendencies to maleness or femaleness and in proportion to the opportunities for expression of these tendencies.;
42339;yes;X or Y;feminine;masculine;feminine - masculine; The symbolism of fairy tales can be used to represent the individuation process or the redemption of the ;feminine or masculine;.;
14996;yes;X or Y;masculine;feminine;feminine - masculine; First, because the gender-appropriateness of an athlete's sport is so salient, it was necessary to choose a sport that was not perceived as especially ;masculine or feminine;.;
29043;yes;X, not Y;masculine;feminine;feminine - masculine; Many African-American men of all ages are beginning to understand the importance of being there for their children and that it is ;masculine, not feminine;, to care for a child.;
40615;yes;between X and Y;masculine;feminine;feminine - masculine; The male interpretation of female dance elements undermines the womanly facade of the masquerade, so that Adamma, like other maiden spirits, confuses the division ;between masculine and feminine;.;
49058;yes;between X and Y;masculine;feminine;feminine - masculine; What can be analyzed, nonetheless, is how cultural codes of the period interpret imagination, categorizing it within different schemata, such as the distinctions ;between masculine and feminine; ways of imagining.;
11994;yes;between X and Y;masculine;feminine;feminine - masculine; By challenging outdated gender binary thinking, it opens doors to a wide spectrum of gender identities that blur the lines ;between masculine and feminine;, male and female.;
41250;yes;between X and Y;feminine;masculine;feminine - masculine; The personality of each man and each woman is not a static entity but a dynamic phenomenon resulting from the interplay ;between feminine and masculine; elements.;
768;yes;both X and Y;masculine;feminine;feminine - masculine;" "" (n36) This would have to be nuanced to be in harmony with Johnson's earlier call for ";both masculine and feminine; images of God.;
1068;yes;both X and Y;masculine;feminine;feminine - masculine;" "" Any organization needs ";both masculine and feminine; energy to be whole.;
29315;yes;both X and Y;feminine;masculine;feminine - masculine; Maybe if she had the luxury of feeling truly comfortable in her skin, she could better appreciate that ;both feminine and masculine; features are considered beautiful on individual women.;
17892;yes;both X and Y;masculine;feminine;feminine - masculine; Hence, the ideal of political and religious leadership combined ;both masculine and feminine; qualities.;
14214;yes;both X and Y;masculine;feminine;feminine - masculine; Even so he stresses the differences between them and casts ;both masculine and feminine; excellence in terms that most modern women find demeaning.;
42337;yes;both X and Y;masculine;feminine;feminine - masculine; The symbol of the Gorgon's head, which combines ;both masculine and feminine; attributes (note the superabundance of snakes), reveals phallic superiority and its denial to be one and the same.;
52778;yes;both X and Y;masculine;feminine;feminine - masculine; they can be ;both masculine and feminine;.;
52142;yes;both X and Y;masculine;feminine;feminine - masculine; is ;both masculine and feminine;, hard and vulnerable, aloof and sexy, guarded and warm, steely strong and sensitive -- the stuff that icons are made of.;
36681;yes;both X and Y;masculine;feminine;feminine - masculine; Subtle interactions include expectations to perform ;both masculine and feminine; qualities.;
9262;yes;both X and Y;masculine;feminine;feminine - masculine; As they neared the door, they heard the sound of lively conversation, followed by a burst of laughter, ;both masculine and feminine;.;
29455;yes;both X and Y;masculine;feminine;feminine - masculine; Men have ;both masculine and feminine; ways, as do women.;
53556;yes;both X and Y;masculine;feminine;feminine - masculine;, possessing ;both masculine and feminine; characteristics).;
17658;yes;both X and Y;feminine;masculine;feminine - masculine; He will look where we can not - into ;both feminine and masculine; pasts.;
38631;yes;both X and Y;masculine;feminine;feminine - masculine; The article talks about boys who exemplify ;both masculine and feminine; characteristics, such as wanting to play with trucks one day and dolls the next.;
27923;yes;both X and Y;masculine;feminine;feminine - masculine; Judaism has always maintained that G-d has ;both masculine and feminine; qualities.;
36523;yes;both X and Y;masculine;feminine;feminine - masculine; Still, ;both masculine and feminine;" sides of me agree on one thing; they are anxious for fall to arrive with its many, many games.";
47857;yes;both X and Y;masculine;feminine;feminine - masculine; Using the masculine-feminine continuum, surely all leaders are more effective if they can demonstrate ;both masculine and feminine; approaches and use the approach most effective in the circumstance.;
23337;yes;both X and Y;masculine;feminine;feminine - masculine; In conformity with English morphology, it is the only form of the adjective and the singular noun, and it is ;both masculine and feminine;.;
29698;yes;either X or Y;masculine;feminine;feminine - masculine; More recent studies, however, have identified that some sports are perceived as more neutral @ @ @ @ @ @ @ @ @ @ be ;either masculine or feminine;.;
53766;yes;either X or Y;masculine;feminine;feminine - masculine;29% of respondents could be correctly classified as ;either masculine or feminine; based on their scores on variables defining the discriminant function.;
24908;yes;either X or Y;feminine;masculine;feminine - masculine; It could also indicate that these perceptions are of different significance for men and women when they categorize a sport as ;either feminine or masculine;.;
49293;yes;either X or Y;masculine;feminine;feminine - masculine; Whatever noun we might use, ;either masculine or feminine; in gender, this creature was and would remain a human creature.;
33759;yes;more X than Y;feminine;masculine;feminine - masculine; Remember, taking away the top hair is going to create definition and begin to look ;more feminine than masculine;.;
7024;yes;neither X nor Y;feminine;masculine;feminine - masculine; Allah is a name that is ;neither feminine nor masculine;, and it can not be made plural (unlike god, gods, goddess, etc).;
24589;yes;neither X nor Y;masculine;feminine;feminine - masculine; Intriguingly, in this replaying of the classic theme, the frontier's inhabitants are ;neither masculine nor feminine;, native nor settler.;
43935;yes;neither X nor Y;masculine;feminine;feminine - masculine;" These "" neuter "" women were ";neither masculine nor feminine;", neither active nor passive, neither within nor without their culture; they stood on the margin of these dualities both within and without their works.";
18323;yes;X and Y;happy;sad;happy - sad; Here was our history, our lives, ;happy and sad;.;
35425;yes;X and Y;sad;happy;happy - sad; Since there are only ;sad and happy; faces in comics.;
713;yes;X and Y;happy;sad;happy - sad;" "" "" This xylophone can play ";happy and sad; -- you have to listen to the sound?;
51111;yes;X and Y;happy;sad;happy - sad; You do n't want to make your mother un;happy and sad;, do you, darling?;
26250;yes;X and Y;happy;sad;happy - sad; It was ;happy and sad;, wonderful and heart-wrenching.;
19269;yes;X and Y;happy;sad;happy - sad; However, because the children were free to choose the mood (either happy or sad) of the first PNar-MI story, ;happy and sad; MI could not be balanced.;
28076;yes;X and Y;happy;sad;happy - sad; Kavanagh and Hausfeld (1986) evaluated the effects of ;happy and sad; moods on self-efficacy and performance.;
2414;yes;X and Y;happy;sad;happy - sad;" "" Later she'll feel that way, ";happy and sad; all jumbled up together.;
50724;yes;X and Y;sad;happy;happy - sad; Wow, you know, I've been thinking about this ;sad and happy; time right before you leave the teen years.;
13994;yes;X and Y;happy;sad;happy - sad; Emotions is what makes me feel ;happy and sad;, and it's the same with marketing.;
4639;yes;X and Y;happy;sad;happy - sad; // She nodded and smiled and wiped her eyes and said she was okay, that sometimes she got ;happy and sad; at the same time.;
26842;yes;X and Y;happy;sad;happy - sad; It would be important to know if the gender and event differences found in this study would be replicated if participants had actually experienced ;happy and sad; events.;
35028;yes;X and Y;happy;sad;happy - sad; She was at the same time ;happy and sad;, and terrified of what to say to her husband.;
5681;yes;X and Y;happy;sad;happy - sad; A cleaner plot would suspend the audience, and the characters, between equally plausible ;happy and sad; endings.;
7467;yes;X and Y;happy;sad;happy - sad; An additional 148 undergraduate students (98 women and 50 men) provided descriptions of ;happy and sad; events.;
47047;yes;X and Y;happy;sad;happy - sad; To equate the very real pain of losing a partner with whom you have many shared memories, ;happy and sad;, to some sort of growth experience strikes me as piffle.;
36785;yes;X and Y;happy;sad;happy - sad; Suddenly ;happy and sad; at the same time, she brings her arm back and throws it, throws it just as far as she can.;
49353;yes;X and Y;happy;sad;happy - sad;" When I read your June 14 article, "" Religious Base, "" I cried ";happy and sad;.;
44222;yes;X and Y;happy;sad;happy - sad; These responses most often included tears, feelings of despair, sobbing, and being simultaneously ;happy and sad;.;
53534;yes;X and Y;happy;sad;happy - sad;, jealousy, guilt, and pride (less complex emotional states consist of feelings such as ;happy and sad;).;
16604;yes;X and Y;happy;sad;happy - sad; He came up with the name to represent ;happy and sad;" card occasions, "" says Cameron, now 15, who moved on to Business No.";
24612;yes;X and Y;happy;sad;happy - sad; Ipa's heart was ;happy and sad; at the same time.;
28925;yes;X and Y;sad;happy;happy - sad; Maggie's just put up a Valentine song that's right ;sad and happy; both at the same time.;
45481;yes;X and Y;happy;sad;happy - sad; This article made me ;happy and sad; simultaneously.;
14322;yes;X and Y;happy;sad;happy - sad; Every ;happy and sad; moment ever experienced by any human was, or will be, experienced by you.;
48984;yes;X or Y;happy;sad;happy - sad; Westerners are inundated with music that's generally classified as ;happy or sad;", so they might not be familiar with the "" sounds "" of other emotions, suggests Mohn.";
29002;yes;X or Y;happy;sad;happy - sad;" Malini had written the screenplay for Ramnath's first film; she had argued with Ramnath about the ending, whether to make it ";happy or sad;, whether to make Zahira live or die.;
32078;yes;X or Y;happy;sad;happy - sad; Or as one author put it'the person can be ;happy or sad; together with Hello Kitty'.;
53085;yes;X or Y;happy;sad;happy - sad;'In asking for the personal histories, he was interested in what contact his clients had had with things that made them ;happy or sad;.;
44818;yes;X or Y;happy;sad;happy - sad; They lack @ @ @ @ @ @ @ @ @ @ ;happy or sad;,'she says.;
50218;yes;X or Y;happy;sad;happy - sad; Who was aware if she was ;happy or sad;?;
8543;yes;X or Y;happy;sad;happy - sad; Another question: If an animal appears happy or sad, does it actually feel ;happy or sad;?;
15413;yes;X or Y;happy;sad;happy - sad; For me, a good book, or movie is something that grips me and holds my attention, whether it be ;happy or sad; or both.;
13533;yes;X or Y;happy;sad;happy - sad; Do you care if they are ;happy or sad;?;
8028;yes;X or Y;happy;sad;happy - sad; And right this second I can choose to be ;happy or sad; with the changes that have happened before.;
11411;yes;X or Y;happy;sad;happy - sad; But she's sweet --she'll notice if you're ;happy or sad; and say something about it because she cares about you.;
27172;yes;X or Y;happy;sad;happy - sad; It's about the size and shape of a fingernail cutting and it turns from white to pink when she's hot or ;happy or sad; or about to explode.;
36293;yes;X or Y;happy;sad;happy - sad; Sonny did n't know whether to be ;happy or sad;.;
24909;yes;X or Y;happy;sad;happy - sad; It could be ;happy or sad;, depending on how things turned out with the house.;
21280;yes;X or Y;happy;sad;happy - sad; I thought about how cats and dogs also expressed emotions and a basic intelligence, how if one looked into their eyes one could sense whether they were ;happy or sad;, for instance.;
16584;yes;X or Y;happy;sad;happy - sad; He blew through his clenched fist and thought: I do n't even know if I should be ;happy or sad;.;
52030;yes;X or Y;happy;sad;happy - sad; hope the rest of your life will be happy, but ;happy or sad;, you're going to live it without me.;
19994;yes;X or Y;happy;sad;happy - sad; I do n't believe we have a ;happy or sad; gene.;
13915;yes;X or Y;happy;sad;happy - sad; Eight years of arriving in the darkness just before dawn-;happy or sad; or depressed or filled with irrational anxiety.;
20164;yes;X or Y;happy;sad;happy - sad; I feel like he is conveying the idea that our lives are reduced to ;happy or sad;, and there is no significance in the individual.;
47811;yes;X or Y;sad;happy;happy - sad; Useful information is good, but random stories of other cancer patients with ;sad or happy; endings are not.;
35773;yes;X or Y;happy;sad;happy - sad; So we have to be able to show when the creature's ;happy or sad;, algorithmically.;
32135;yes;X or Y;happy;sad;happy - sad; Or we can find out the weight of a pig, but we can never know if a pig is ;happy or sad;.;
509;yes;X or Y;happy;sad;happy - sad; ;happy or sad;.;
33042;yes;X or Y;happy;sad;happy - sad; Physical environment is related to the actual surroundings of the individual with disability in regards to pleasant or unpleasant, and emotional is being ;happy or sad;.;
32605;yes;X or Y;happy;sad;happy - sad; Paradise permits no before or after, no over there or right here, no up or down, no then or now, no ;happy or sad;.;
10944;yes;X or Y;happy;sad;happy - sad;" But damn I'm starting to get "" emotional "" Like just tearing up over everything ";happy or sad;.;
14412;yes;X or Y;happy;sad;happy - sad; Everybody knows that memories can make us ;happy or sad;.;
36615;yes;X or Y;happy;sad;happy - sad;" Strong emotions seemed to be transmitted across some chemical pathway; we could tell -when the monsters were ";happy or sad;, excited or depressed, and they could pick up such things from us as well.;
1823;yes;X or Y;happy;sad;happy - sad;" "" I did n't know whether to be ";happy or sad; at the thought.;
49875;yes;X or Y;happy;sad;happy - sad; Whether the occasion was ;happy or sad;, the prescription was the same -- lots and lots of food.;
25535;yes;X or Y;happy;sad;happy - sad; It is impossible for any one with whom Helen is conversing to be particularly ;happy or sad;, and withhold the knowledge of this fact from her.;
5376;yes;X or Y;happy;sad;happy - sad; @ @ @ @ @ @ @ @ @ @ meant to be ;happy or sad;", director and co-creator Goro Taniguchi's response was "" Decide for yourself.";
37104;yes;X or Y;sad;happy;happy - sad; Tell me what makes you ;sad or happy;, you know, just tell me things.;
27033;yes;X or Y;sad;happy;happy - sad; It's ;sad or happy;, depending on your favorite band era, and proves that the musicians of Radiohead can make music for the simplicities of Top 40 radio.;
45697;yes;X or Y;happy;sad;happy - sad; This in turn affects the parts of the brain that regulate feelings, helping induce ;happy or sad; emotional states.;
14351;yes;X or Y;sad;happy;happy - sad; Every hillside, every valley, every plain and grove, has been hallowed by some ;sad or happy; event in days long vanished.;
25594;yes;X or Y;happy;sad;happy - sad; It is not a right, wrong, ;happy or sad; issue.;
22610;yes;X or Y;happy;sad;happy - sad; If we're ;happy or sad; or scared or lonely?;
53607;yes;X or Y;happy;sad;happy - sad;, un;happy or sad;), the Anxiety scale (four items) assesses nervousness or worry (e.;
24975;yes;X or Y;happy;sad;happy - sad; It does n't matter if the ending is ;happy or sad;.;
12613;yes;X or Y;happy;sad;happy - sad; Coding relied on the children's verbal explanations as to how they had made their drawings look ;happy or sad; for confirmatory purpose only.;
51713;yes;X or Y;sad;happy;happy - sad; and you have the readers: - child - man/woman - ;sad or happy; person Each person will built its own interpretation of the poem depending on their age, their past, their desires, dreams, wishes.;
16672;yes;X or Y;sad;happy;happy - sad; He did n't know the occasion and looked to me for signals about whether to act ;sad or happy;.;
32405;yes;X or Y;happy;sad;happy - sad; Our software tell us if the person likes something or not and if he is ;happy or sad; or angry.;
48296;yes;X or Y;happy;sad;happy - sad; We can talk about being angry or ;happy or sad;, but when we say such things, we do not say very much.;
45129;yes;X rather than Y;sad;happy;happy - sad; They were a happy famly @ @ @ @ @ @ @ @ @ @ powers seemed to make him see things that made him ;sad rather than happy;.;
17308;yes;X rather than Y;sad;happy;happy - sad; He seemed ;sad rather than happy; when he said this, and a cold feeling had come over Johnny.;
52349;yes;X, not Y;sad;happy;happy - sad; not ;sad, not happy;, just moving on.;
48756;yes;X, not Y;happy;sad;happy - sad; We were some place doing something, nothing special, not ;happy, not sad;, just together like we used to be.;
1378;yes;between X and Y;happy;sad;happy - sad;" "" Dyszuk urges parents and kids to explore words like frustrated, nervous and uncomfortable -- after all, there is a wide range of emotions ";between happy and sad;.;
11271;yes;both X and Y;happy;sad;happy - sad; But like everything these days, it evoked ;both happy and sad; feelings.;
1453;yes;both X and Y;happy;sad;happy - sad;" "" Flower asked, sniffling into her pink hanky, she ";both happy and sad;, thinking she'd lost him for good this time, though she'd never had a hair of him in the first place.;
25832;yes;both X and Y;sad;happy;happy - sad; It made me ;both sad and happy;.;
48635;yes;both X and Y;happy;sad;happy - sad; We roomed together at the tour school (qualifying tournament) in 1981, and we were ;both happy and sad;.;
6516;yes;both X and Y;happy;sad;happy - sad; After Le's KO of Franklin in less than 3 minutes, I'm ;both happy and sad; to report that I was wrong.;
1881;yes;both X and Y;happy;sad;happy - sad;" "" I knew she was right-and it made me ";both happy and sad;.;
25059;yes;both X and Y;happy;sad;happy - sad; It gave me plenty of memories, ;both happy and sad;, that I will look back to for the rest of my life.;
10864;yes;both X and Y;sad;happy;happy - sad; But are n't there things ;both sad and happy; in this wide, wide world?;
17447;yes;both X and Y;happy;sad;happy - sad; He was ;both happy and sad;.;
9969;yes;both X and Y;sad;happy;happy - sad; Because she looks nice, the p2 4 collar part makes me ;both sad and happy;, the way I feel when a timid fat girl tries on a new skirt and smooths out her hips.;
11960;yes;both X and Y;happy;sad;happy - sad; Buy a suit that's appropriate for ;both happy and sad; occasions.;
27842;yes;either X or Y;happy;sad;happy - sad; Jennifer is six years younger than I am, and she's ;either happy or sad;, but never in between.;
8204;yes;either X or Y;happy;sad;happy - sad; And then for the rest of the day I could make you ;either happy or sad;.;
20858;yes;from X to Y;happy;sad;happy - sad; I noticed that her character had changed: ;from happy to sad;, from expansive to reserved, from calm to nervous.;
32662;yes;from X to Y;sad;happy;happy - sad; Participants then rated the emotion inspired by the image on a one-to-nine scale ranging ;from sad to happy;.;
52808;yes;from X to Y;happy;sad;happy - sad; this problem has driven me insane and my personality changed ;from happy to sad;, but none would ever know this pain we suffer.;
25272;yes;neither X nor Y;sad;happy;happy - sad; It is ;neither sad nor happy;, it neither laughs nor weeps.;
36208;yes;neither X nor Y;happy;sad;happy - sad; Something that is ;neither happy nor sad;.;
16742;yes;neither X nor Y;happy;sad;happy - sad; He felt at ease, ;neither happy nor sad;, free of emotion, transferred into a state of limbo.;
28179;yes;neither X nor Y;happy;sad;happy - sad; Kit Carson riding up and down, ;neither happy nor sad; in his work.;
43664;yes;X and Y;soft;hard;hard - soft; There was a little bar that served sandwiches and ;soft and hard;" drinks; there also were adequate locker and shower facilities and a card room.";
49051;yes;X and Y;soft;hard;hard - soft; What are the challenges for European NATO member states and EU members regarding so-called ;soft and hard; power?;
876;yes;X and Y;hard;soft;hard - soft;" "" <p> What I knew about Annie was that she was an odd mix of ";hard and soft; - a sharp mind that did not suffer fools, but sentimental about a lot of things.;
35287;yes;X and Y;hard;soft;hard - soft; Similar changes in the ;hard and soft; palate are also characteristic of invasion.;
1594;yes;X and Y;soft;hard;hard - soft;" "" He selected several long thin rods of ";soft and hard; iron, thrusting them into the fire.;
25522;yes;X and Y;hard;soft;hard - soft; It is here that his love of gold and steel blossoms- the juxtaposition of ;hard and soft; climaxes.;
8694;yes;X and Y;hard;soft;hard - soft; Applying additional paint to focal areas and paying close attention to ;hard and soft; edges, he gradually completed the painting.;
4445;yes;X and Y;soft;hard;hard - soft; * New computer-based diagnostic tools are providing unprecedented images of ;soft and hard; tissues inside the body, eliminating much exploratory surgery.;
12826;yes;X and Y;soft;hard;hard - soft; Constructed with equal parts ;soft and hard; plastic, it excels in forgiving snow where laid-back cruising is mandatory.;
51029;yes;X and Y;hard;soft;hard - soft; You can do it, but there's room enough for ;hard and soft; sci-fi, right?;
48032;yes;X and Y;soft;hard;hard - soft; WHERE/WHEN In lakes, ;soft and hard; baits perform well when worked parallel to weed beds or riprap and around underwater humps.;
2439;yes;X and Y;hard;soft;hard - soft;" "" Like hot and cold or ";hard and soft;, inhibited and uninhibited seem to be extremes on a single spectrum, and scientists who study one trait also study the other.;
32204;yes;X and Y;soft;hard;hard - soft; Other discussions on technological determinism blend these ;soft and hard; categories.;
5614;yes;X and Y;hard;soft;hard - soft; A 7 mm, well-circumscribed oronasal fistula developed at the junction of the ;hard and soft; palates (Figure 1).;
24780;yes;X and Y;hard;soft;hard - soft;" It also helps in seeing the balance of shapes, lines, textures, and patterns; and it facilitates an evaluation of ";hard and soft; edges.;
41439;yes;X and Y;hard;soft;hard - soft; The procedure involves retracting the uvula toward the junction of the ;hard and soft; palate.;
1332;yes;X and Y;hard;soft;hard - soft;" "" Contrasts -- light and dark, warm and cool, bright and dull, as well as unexpected changes in hue and variation in ";hard and soft; edges -- are what draws your eye in.;
9369;yes;X and Y;hard;soft;hard - soft; At 2k or so I had a ridge between the ;hard and soft; compounds as the soft compound portion wears faster.;
39858;yes;X and Y;hard;soft;hard - soft; The former back lot used to be covered with concrete, but now large sandboxes filled with real sand (not plastic or rubber substitutes) balance the need for ;hard and soft; play areas.;
1927;yes;X and Y;soft;hard;hard - soft;" "" I should say we can look at solutions -- seagates, ";soft and hard; edges, new regulations and zoning codes, maybe porous streets with catchment basins, water proof vaults for power equipment on the streets.;
1805;yes;X and Y;soft;hard;hard - soft;" "" I became aware of the importance of developing a range of ";soft and hard;" edges, "" she explains, "" and how doing so contributes to the beauty of a drawing or painting.";
24587;yes;X and Y;hard;soft;hard - soft; Intraoral photograph illustrating oronasal fistula at junction of ;hard and soft; palates.;
1390;yes;X and Y;hard;soft;hard - soft;" "" Effectively using ";hard and soft; edges came later, as did a solid understanding of composition and draftsmanship.;
39354;yes;X and Y;hard;soft;hard - soft; The debate over ;hard and soft; endpoints has been rehearsed endlessly.;
9650;yes;X and Y;hard;soft;hard - soft; Awesome at speed, sweet on ;hard and soft; snow.;
46315;yes;X and Y;soft;hard;hard - soft; This soup is also very flavorful, with a sweet and sour combination, with ;soft and hard; textures from the various other components that make this complex soup a true favorite among our customers.;
32205;yes;X and Y;soft;hard;hard - soft; Other documented sites of involvement include the ;soft and hard; palates, the mental regions in the oral cavity, and the gingival, mandibular, and sublingual glands.;
46998;yes;X and Y;hard;soft;hard - soft; To be effective, though, IT auditors must acquire the right ;hard and soft; skills, get the appropriate education, and build a solid foundation of experience.;
24036;yes;X and Y;hard;soft;hard - soft; In the malls fluorescent light skids off the surfaces of ;hard and soft; designer goods: matte plastics, foams of lace and oyster satin, the precise curves of cars and shoes and shoulder pads.;
21188;yes;X and Y;hard;soft;hard - soft; I think it would be more effective if the pattern of lights and darks had been broken up a little, but I'm happy with the combination of ;hard and soft; edges and the shadows.;
50553;yes;X and Y;hard;soft;hard - soft; With this mix of ;hard and soft; power, perhaps there is a way to stabilize these broken societies without the high human and economic cost -- and political backlash -- of a long-term U.;
50922;yes;X and Y;hard;soft;hard - soft; Yet, there is a shell, a shell underneath it all, ;hard and soft; in places.;
6972;yes;X and Y;hard;soft;hard - soft; All the while the US government had resources of over a billion/week (now 2 billion/week) for ;hard and soft; intelligence to determine credible WMD threats to the US.;
15054;yes;X and Y;soft;hard;hard - soft; Fixed organisms such as tunicates, ;soft and hard; corals, and mosslike bryozoans projected their siphons, mouths, and tentacles into the nutritious water and in turn provided habitat for all manner of invertebrates and fish.;
13987;yes;X and Y;hard;soft;hard - soft; Emission of ;hard and soft; gammas from the short 24 July burst, as recorded by the Burst-Alert Telescope aboard the Swift orbiter.;
12742;yes;X and Y;hard;soft;hard - soft; Computed tomography (CT) of the sinuses identified a demarcated, lobular, soft-tissue mass of the ;hard and soft; palates (figure 1).;
37041;yes;X and Y;soft;hard;hard - soft;" Tannic acid may be added to frozen dairy desserts and mixes; ";soft and hard;" candies; baked goods and baking mixes; gelatins, puddings, and fillings; meat products; and alcoholic and non-alcoholic beverages.";
3738;yes;X and Y;hard;soft;hard - soft;" "" What can the European partners expect from the United States concerning ";hard and soft; power?;
24243;yes;X and Y;hard;soft;hard - soft; In today's world, not only do you need strong ;hard and soft; skills, but you need to develop online influence.;
48251;yes;X and Y;hard;soft;hard - soft; We balance ;hard and soft; edges in much the same way we would if we were using oil paint.;
35663;yes;X and Y;hard;soft;hard - soft; So in light of smartphones that encourage and enable more data usage, some carriers started implementing ;hard and soft; data caps.;
25903;yes;X and Y;hard;soft;hard - soft; It means that America must make use of the full panoply of its tools of ;hard and soft; power to secure itself.;
18536;yes;X and Y;hard;soft;hard - soft; His combination of ;hard and soft; is always what we need.;
34031;yes;X and Y;soft;hard;hard - soft; Ruane is careful to integrate the ;soft and hard; forms, and for this reason she is particularly careful of edges and highlights.;
39507;yes;X and Y;hard;soft;hard - soft; The drag washers underneath are alternately ;hard and soft;, with the hard washers keyed to the spool and the shaft to create the braking resistance.;
937;yes;X and Y;hard;soft;hard - soft;" "" Accessories included at no charge are ";hard and soft; carrying cases and a tabletop tripod that converts to a car-window mount.;
10395;yes;X and Y;hard;soft;hard - soft; Both ;hard and soft; power remain vital, but in the information age soft power is becoming more compelling than ever before.;
1002;yes;X and Y;hard;soft;hard - soft;" "" And I love the contrast of ";hard and soft;", and black and white, old and new, "" he added.";
51528;yes;X and Y;hard;soft;hard - soft; Your subscription helps cover the ;hard and soft; costs associated with this site.;
32200;yes;X and Y;hard;soft;hard - soft; Other cooks like all-purpose, with its mixture of ;hard and soft; wheat, because it makes a sturdier biscuit.;
25151;yes;X and Y;hard;soft;hard - soft; It has only one grating surface, but it's tough, works well for ;hard and soft; cheeses alike, and leaves plenty of money for it a hunk of Switzerland's finest.;
11985;yes;X and Y;hard;soft;hard - soft; By allowing some of the dark pigment to bleed into the light areas, I created a third value and a variety of ;hard and soft; edges flitting over the face.;
44435;yes;X and Y;hard;soft;hard - soft; They are complex divas and simple homegirls, ;hard and soft;, all at the same time.;
2875;yes;X and Y;hard;soft;hard - soft;" "" So much of what makes you successful on an assignment is a combination of ";hard and soft; skills.;
11979;yes;X and Y;hard;soft;hard - soft; By adding and subtracting paint, she arrives at a combination of opaque and transparent colors, a balance of ;hard and soft; edges, and a glowing arrangement of shapes that are at once subtle and strong.;
9621;yes;X and Y;hard;soft;hard - soft; Available in ;hard and soft; cover at the Blurb bookstore.;
52122;yes;X and Y;hard;soft;hard - soft; in the Latin American region, or downgrade the influence of American ;hard and soft; power resources.;
10394;yes;X and Y;hard;soft;hard - soft; Both ;hard and soft; corals belong to the same phylum of Cnidaria, but differ most significantly in that the former builds calcium carbonate skeletons while the latter do not.;
1814;yes;X and Y;hard;soft;hard - soft;" "" I consider the strength and beauty of the colors, the mood of the day, the range of ";hard and soft; edges, and my interest in and knowledge of the subject.;
33447;yes;X and Y;hard;soft;hard - soft; Questions of appropriate style -- when to use ;hard and soft; skills -- are equally relevant for men and women, and should not be clouded by traditional gender stereotypes.;
6373;yes;X and Y;hard;soft;hard - soft; Actually, there is a somewhat objective way to view ;hard and soft; light.;
16171;yes;X and Y;soft;hard;hard - soft; Gold Medal flours are always the same blend of ;soft and hard; wheats, so you have no surprises or variations in water quantity.;
43540;yes;X and Y;hard;soft;hard - soft; There is first the critique of mainstream modes of concept and theory formation in the so-called ;hard and soft; sciences, and, second, of traditional conceptions of the relation of theory to practice.;
27667;yes;X and Y;soft;hard;hard - soft;" It's where intellect debates sex; where ";soft and hard; duke it out.;
12213;yes;X as well as Y;soft;hard;hard - soft; Can glass look ;soft as well as hard;?;
21955;yes;X or Y;hard;soft;hard - soft; I'm not trying to come ;hard or soft;.;
50941;yes;X or Y;soft;hard;hard - soft; You also do n't have to set air pressure to patch the ;soft or hard; point.;
13416;yes;X or Y;hard;soft;hard - soft; Digital testing for a ;hard or soft; central segment to determine how to shorten a long nose.;
44014;yes;X or Y;hard;soft;hard - soft; These can be typified as ;hard or soft;, central or distributed, passive or energized, complicated or complex, synthetic or natural.;
510;yes;X or Y;hard;soft;hard - soft; ;hard or soft; g?;
27336;yes;X or Y;hard;soft;hard - soft; It's great at all speeds and gives you a secure feeling on all surfaces, ;hard or soft;.;
33532;yes;X or Y;hard;soft;hard - soft; Rather than attempting to classify them as ;hard or soft;, we've taken the easy way out and lumped them into a single category: shells.;
46294;yes;X or Y;hard;soft;hard - soft; This should help you understand how to tweak your laundry soap based on whether your water is ;hard or soft; in order to give you the best outcome.;
24943;yes;X or Y;hard;soft;hard - soft; It did n't reflect notions of ;hard or soft; or round or sharp, but I definitely felt like I'd touched something.;
28747;yes;X or Y;hard;soft;hard - soft; Look for ;hard or soft; mast or browse in a staging area where a buck can nibble unseen.;
30721;yes;X or Y;hard;soft;hard - soft; No significant ;hard or soft; plaque.;
3209;yes;X or Y;hard;soft;hard - soft;" "" The presence of ";hard or soft; water is easily detected by dropping a few drops of alcohol that has dissolved all that it can possibly hold of good soft soap.;
6450;yes;X or Y;hard;soft;hard - soft; Additionally, because its customers manufacture with such tight specifications, even small quantities of ;hard or soft; contaminants such as rubber or plastic cause defects in the finished product.;
6834;yes;X or Y;hard;soft;hard - soft; All his hands sensed was ;hard or soft;, warm or cold.;
5786;yes;X or Y;hard;soft;hard - soft; A good tractor, like a good mule, can pull ;hard or soft; depending on the situation.;
31269;yes;X or Y;hard;soft;hard - soft; Now, when braking, ;hard or soft; pedal, high or low spee.;
48909;yes;X or Y;hard;soft;hard - soft; Weighing just 6 ounces, the shovel easily moves large amounts of ;hard or soft; snow.;
5931;yes;X or Y;hard;soft;hard - soft; A number of additional boat and motor builders will be offering ;hard or soft; bottom blowups.;
53185;yes;X or Y;hard;soft;hard - soft;") By banging on objects, he'll discover new rhythms; by dropping objects, he'll learn how things fall, the sounds they make, whether they're ";hard or soft;.;
50222;yes;X or Y;soft;hard;hard - soft; Who's to say that if he pushes in too ;soft or hard; that it wo n't cause a disadvantage.;
34372;yes;X or Y;hard;soft;hard - soft; Served on a ;hard or soft;" Italian roll with sweet and/or hot peppers, lettuce, @ @ @ @ @ @ @ @ @ @ Insider lingo: "" Large Milano, light hot, tomato, soft.";
54167;yes;X or Y;soft;hard;hard - soft;"com); lessons with Mylinda Carter and Al Clements, $ 65 for two hours or $ 40 for one hour, ";soft or hard; board included.;
37974;yes;X or Y;hard;soft;hard - soft; The Case Against Language ABSTRACT Language is more dangerous than any ;hard or soft; drug, whether chemical, biological, or electromagnetic.;
12468;yes;X or Y;hard;soft;hard - soft; Choose the size and shape of your book, a ;hard or soft; cover and whether you want the cover image to wrap around the front and back.;
24760;yes;X or Y;hard;soft;hard - soft; It affects the shapes and edges, whether they are ;hard or soft;.;
29479;yes;X or Y;soft;hard;hard - soft; Merriam-Webster online says in British English it can be pronounced with either a ;soft or hard; g -- I @ @ @ @ @ @ @ @ @ @, so that's the source of my error.;
37970;yes;X or Y;soft;hard;hard - soft; The CSP uses a high-current density argon-ion beam to prepare up to 11mm x 10 mm x 2 mm samples of ;soft or hard; materials while preserving internal structures, voids between interfaces, adhesions between layers, and precipitates.;
7119;yes;X or Y;hard;soft;hard - soft; Also, Rockin'Green detergent comes in special formulas for ;hard or soft; water.;
5340;yes;between X and Y;hard;soft;hard - soft;" @ @ @ @ @ @ @ @ @ @ focus point, "" McQueen explains, "" to create a juxtaposition ";between hard and soft;.;
28829;yes;between X and Y;hard;soft;hard - soft; Lovins (1977) described it as a choice ;between hard and soft; energy paths.;
3096;yes;between X and Y;hard;soft;hard - soft;" "" The conflict ";between hard and soft; news was joined.;
53298;yes;between X and Y;hard;soft;hard - soft;) Try interval sessions where you alternate ;between hard and soft; sand or a track and grass, keeping the pace the same.;
6335;yes;between X and Y;soft;hard;hard - soft; Achieving identical appearance ;between soft and hard; copy is a difficult and unsolved problem.;
25560;yes;between X and Y;hard;soft;hard - soft; It is like the difference ;between hard and soft; water.;
24072;yes;between X and Y;hard;soft;hard - soft; In the past, snowboarders have been faced with a cut-and-dried choice ;between hard and soft; boots.;
49971;yes;between X and Y;hard;soft;hard - soft; While France has oscillated ;between hard and soft; money, Germany has built a strong, consistent coalition of bondholders and the Bundesbank.;
15491;yes;both X and Y;soft;hard;hard - soft; For spring 2005, we are introducing new seaming methods for ;both soft and hard; shells that reduce bulk, improve drape, and more significantly, improve performance in wet weather.;
37347;yes;both X and Y;soft;hard;hard - soft; That is, Mary's messages contain ;both soft and hard; aspects.;
13961;yes;both X and Y;hard;soft;hard - soft; Eliminate all debt, buy commodities, ;both hard and soft; both to have and hold as well as for investment.;
52458;yes;both X and Y;hard;soft;hard - soft; power, ;both hard and soft; @ @ @ @ @ @ @ @ @ @ fight terrorism and a plurality (48%) backs U.;
16098;yes;both X and Y;hard;soft;hard - soft; Given this, all culture, all technologies ;both hard and soft;, are prosthetic for loss of life.;
26558;yes;both X and Y;hard;soft;hard - soft; It was full and sculptured, looking ;both hard and soft; at the same time, and she could n't take her eyes off of it.;
17908;yes;both X and Y;hard;soft;hard - soft;" Her @ @ @ @ @ @ @ @ @ @ -x16 "" box of ";both hard and soft; pastels in a variety of colors and brands, and Art Spectrum sanded and toned pastel paper.;
39100;yes;both X and Y;hard;soft;hard - soft; The colors are pure and vibrant, and ;both hard and soft; pastels have distinct characteristics, which creates a wide range of textures.;
20847;yes;either X or Y;hard;soft;hard - soft; I never tried it but from the picture, it is ;either hard or soft; candy and the flavor is probably chocolate, black sesame or coffee.;
44007;yes;either X or Y;soft;hard;hard - soft; These bigticket items come in ;either soft or hard; shapes and are adorned with everything from chunky chains to bold buckles, keys, coins, and tortoiseshell.;
53976;yes;either X or Y;hard;soft;hard - soft;"; 8G FIBER Wheat Berries with Orzo and Dried Cranberries 8 SERVINGS DAIRY-FREE This savory mixture is excellent made with ";either hard or soft; wheat berries.;
16410;yes;from X to Y;soft;hard;hard - soft; Hands that can go ;from soft to hard;.;
17093;yes;from X to Y;hard;soft;hard - soft; He looked at her, his eyes immediately going ;from hard to soft; as a slight smile raised his lips.;
28601;yes;from X to Y;hard;soft;hard - soft; Like most pastelists, she often works ;from hard to soft;.;
17669;yes;from X to Y;hard;soft;hard - soft; He works ;from hard to soft; pastel, using fixative in the early stages.;
26810;yes;from X to Y;hard;soft;hard - soft; It will take just the push of a remote control and 30 to 60 seconds to adjust an air bed ;from hard to soft;.;
23789;yes;from X to Y;soft;hard;hard - soft; In retrospect, she says her early paintings lacked an understanding of the importance of varying edges ;from soft to hard;.;
40857;yes;from X to Y;hard;soft;hard - soft; The music calmed her down, especially the sonatas that swung ;from hard to soft;, from high notes in cascades down to low ones.;
4657;yes;X and Y;light;heavy;heavy - light; // There were ;light and heavy; rifles standing upright behind glass in the mahogany gun cabinet, and an empty slot where a double-barreled shotgun had fitted.;
4744;yes;X and Y;heavy;light;heavy - light; 12 The variable ;heavy and light; chains of this antibody were cloned and sequenced.;
18623;yes;X and Y;light;heavy;heavy - light; His funeral was ;light and heavy; at the same time, with laughs of good memories and the stillness while two Marines gave a flag to Esther.;
46714;yes;X and Y;heavy;light;heavy - light; Though yields are not extremely high and trees alternate ;heavy and light; bearing years, pistachios are high in fat and a good food energy value, especially given their ability to thrive in difficult climates.;
33835;yes;X and Y;light;heavy;heavy - light; Results indicate a significant difference in highest heart rate means for those carrying ;light and heavy; instruments.;
41717;yes;X and Y;light;heavy;heavy - light; The result was the appearance of a veritable military machine, a complex body of professional hired killers arranged as pikemen, light infantry, missile troops and ;light and heavy; cavalry.;
28237;yes;X and Y;heavy;light;heavy - light; LA's ;heavy and light; rail system is also surprisingly extensive.;
40681;yes;X and Y;heavy;light;heavy - light; The mean time that the activity level of subjects of both the ;heavy and light; instrument groups fit into the different zones of the Activity Pyramid is shown in Table 2.;
6330;yes;X and Y;light;heavy;heavy - light; Accordingly, this time only the heavy labeled form of the CGE1 @ @ @ @ @ @ @ @ @ @ this was again the case for both, ;light and heavy; labeled HSP70B peptides.;
29369;yes;X and Y;heavy;light;heavy - light; Mean heart rates for subjects carrying ;heavy and light; instruments were calculated and compared in an analysis of variance to determine if there was @ @ @ @ @ @ @ @ @ @ level of.;
50087;yes;X and Y;heavy;light;heavy - light; While the ;heavy and light; labeled form of the HSP70B peptide were detected at equal intensities, only the light labeled form of the CGE1 peptide (from -ATP extracts) was found.;
15126;yes;X and Y;heavy;light;heavy - light; Footsteps pound ;heavy and light; while the other kids climb on, most of them heavy and slow, a few light and skittering like bright leaves while the din of their voices goes high and low.;
24294;yes;X and Y;heavy;light;heavy - light; Increased public funding has been invested in ;heavy and light; rail, and major employers are now required to locate new facilities near transit stops.;
32587;yes;X and Y;light;heavy;heavy - light; Pairs of opposites form dual series such as sun and moon, high and low, light and dark, right and left, ;light and heavy;, hot and cold, wet and dry, male and female, superior and inferior.;
38301;yes;X and Y;heavy;light;heavy - light; The Sacred Band was now surrounded, with Macedonian ;heavy and light; cavalry at its rear and peltasts closing at its front.;
14778;yes;X and Y;heavy;light;heavy - light; Feedback provided by John, which describes the throw, enables Kevin to comprehend the flight distance of ;heavy and light; objects.;
20192;yes;X and Y;light;heavy;heavy - light; I felt ;light and heavy; at the same time, unsure if I was about to fall down or float to the ceiling.;
47332;yes;X or Y;light;heavy;heavy - light; Toss in garlic, onion, shrimp, lobster, meatballs, sausage-you name it-and you have a meal as big or small, as ;light or heavy;, as spicy or plain, as befits your appetite.;
14791;yes;X or Y;light;heavy;heavy - light; Feels solid to hold, not too ;light or heavy;.;
36225;yes;X or Y;light;heavy;heavy - light; Sometimes I write for others and sometimes I write simply to pour from my heart what is there - whether sad, happy, ;light or heavy;.;
4041;yes;X or Y;light;heavy;heavy - light; # LUGGAGE SALESMAN # Are you traveling ;light or heavy;?;
52286;yes;X or Y;light;heavy;heavy - light; markets must meet the specifications necessary to transport any oil, no matter if it's ;light or heavy;.;
28006;yes;X or Y;light;heavy;heavy - light; Just like adults, children come in many shapes and sizes and your child may well be tall, short, ;light or heavy;, compared to others his age.;
30793;yes;X or Y;light;heavy;heavy - light; None of the shoes we tested was especially ;light or heavy;, and weight seemed to matter little in overall performance.;
28809;yes;X or Y;heavy;light;heavy - light; Louis favorite - and plenty more ;heavy or light; options keeps them planted.;
40023;yes;X or Y;light;heavy;heavy - light; The groups are different, however, when you discover why members of each group had ;light or heavy; accents.;
48008;yes;between X and Y;heavy;light;heavy - light; Volume Accounting Volume accounting is a technique that is often used to discriminate ;between heavy and light; users.;
52158;yes;both X and Y;light;heavy;heavy - light; is an active protection system (APS), designed to supplement the armor of ;both light and heavy; armored fighting vehicles.;
45584;yes;both X and Y;heavy;light;heavy - light; This definition was chosen so that the sample would include a range of ;both heavy and light; Internet users.;
53389;yes;either X or Y;light;heavy;heavy - light;), which may be ;either light or heavy;.;
40650;yes;neither X nor Y;light;heavy;heavy - light; The marbles in netting were ;neither light nor heavy;, which reminded her of the way her pet hamster had felt, cradled in her hand as it was dying.;
3464;yes;neither X nor Y;light;heavy;heavy - light;" "" This is a healthy sleep, ";neither light nor heavy;.;
11676;yes;X and Y;high;low;high - low; But these sensors are n't impervious to environmental changes-;high and low; temperatures and humidity can trip the alarms.;
53981;yes;X and Y;high;low;high - low;"; It was n't what other girls or guys was doing, singing over that production, singing ";high and low; with great transitions and strong falsetto over experimental beats.;
20440;yes;X and Y;high;low;high - low; I have n't read all of the comments but I have searched ;high and low; for actual photos of Bilbo Baggins interior of his home from the movie.;
37046;yes;X and Y;low;high;high - low; Target heart rates for both the ;low and high; exercise intensity conditions were based on ventilatory threshold.;
49638;yes;X and Y;low;high;high - low; When they sent @ @ @ @ @ @ @ @ @ @ assumptions about what the parameters should be for the ;low and high; range of readings.;
50027;yes;X and Y;low;high;high - low; While it appears that ;low and high; self-monitors may differ in achieved levels of intimacy, do they differ in their capacity for intimacy?;
31909;yes;X and Y;high;low;high - low; One reason for this may be attributable to the isolation of ;high and low; quality teams in the analysis.;
15128;yes;X and Y;high;low;high - low; Footsteps pound heavy and light while the other kids climb on, most of them heavy and slow, a few light and skittering like bright leaves while the din of their voices goes ;high and low;.;
51331;yes;X and Y;high;low;high - low; You will achieve a look that you love, that is yours alone, by mixing ;high and low;, old and new, and being resourceful as you shop.;
50521;yes;X and Y;low;high;high - low; With the curve laid out symmetrically, you can see that the midpoints of these spreads, 60 degrees and 85 degrees, closely approximate the true mean ;low and high; temperatures (officially, 57 degrees and 85 degrees).;
48073;yes;X and Y;high;low;high - low; Waring Kitchen Classic Blender (WPB06) Features: 2 speeds-;high and low;.;
11658;yes;X and Y;high;low;high - low; But there was a time, and not so long ago, I remember looking ;high and low; for a decent copy of this record, Max Roach With.;
15779;yes;X and Y;high;low;high - low; From newspapers or broadcast newscasts, the class can collect local ;high and low; temperature readings for each day.;
15102;yes;X and Y;high;low;high - low; Follow up univariate-F tests and discriminant function coefficients determined that one subscale of the CSAI-2, confidence, maximally differentiated individuals with ;high and low; perceptions of parental expectations (Table 2).;
6751;yes;X and Y;high;low;high - low; Alarms were set at the ;high and low; limits of the prescribed intensity level (140-180bpm) for all participants throughout the course of the study.;
25419;yes;X and Y;high;low;high - low; It is also a matter of ;high and low;.;
10950;yes;X and Y;high;low;high - low; But did she tell us to breed the ;high and low; transparent jellyfish, to make our own telescopes and see the stars?;
33335;yes;X and Y;high;low;high - low; Profile @ @ @ @ @ @ @ @ @ @ of Coping Questionnaire (WCQ), suggest that ;high and low; hostile individuals differed in their responses to this questionnaire, as did men and women.;
11088;yes;X and Y;high;low;high - low; But if s also close to the midpoint between the all-time ;high and low;.;
17381;yes;X and Y;high;low;high - low; He suggests starting with a strongly genetically influenced trait of parents and investigating how experiences differ for individuals ;high and low; on the trait.;
3068;yes;X and Y;high;low;high - low;" "" The bass Karl Ludwig Fischer, who sang Osmin, dazzled audiences with notes extremely ";high and low; as well as phrases slow and (more remarkably) fast, capacities Mozart exploited to great comic effect.;
48520;yes;X and Y;high;low;high - low; We learned that our deck would cost us between $4,500 and $7,000, the ;high and low; estimates for the entire job.;
6053;yes;X and Y;low;high;high - low; A similar situation existed for the number of effective reactions R, which had a ;low and high; correlation before and after the data was logged.;
36975;yes;X and Y;high;low;high - low; Table V lists the proportion of planting material acquired by households with gardens in the ;high and low; quartile of diversity in each village.;
53869;yes;X and Y;low;high;high - low;5C between the IPCC ;low and high; estimates.;
20745;yes;X and Y;high;low;high - low; I looked ;high and low; and searched every inch of my suit case and all the pockets of the clothing I'd taken with me but, I never found it.;
45538;yes;X and Y;high;low;high - low; This cheerful conjunction presented visitors with an interesting disquisition on a series of questions regarding relative values: not just ;high and low;, or kitsch @ @ @ @ @ @ @ @ @ @ and art.;
26869;yes;X and Y;high;low;high - low; It would seem that the majority of both the ;high and low; CLs have difficulty in formulating responses to provocative client statements.;
16358;yes;X and Y;high;low;high - low; HIV infection and patterns of risk among women drug injectors and crack users in ;high and low; sero-prevalence sites.;
37026;yes;X and Y;high;low;high - low; Taking you deep into the ordinary world, his play of allusion alerts you to the strangeness in common objects and in the means our ;high and low; traditions have devised for coexisting.;
41947;yes;X and Y;high;low;high - low; The second panel represents respondents living in a two parent family by ;high and low; family tension and the percentage reporting marijuana use.;
10685;yes;X and Y;high;low;high - low; But ;high and low;, in this case, is to be understood by comparison to the rate that each man setteth on himself.;
14801;yes;X and Y;low;high;high - low; Female samplers had higher scores for this reason than ;low and high; level participants.;
39606;yes;X and Y;low;high;high - low; The equinoctial peaks at the ;low and high; altitudes are not related in the sense you imagine, the phase of the maxima change steadily with altitude, see Figure 16.;
9217;yes;X and Y;low;high;high - low; As the field increases, so does the peak separation, while high-order transitions gradually disappear at both the ;low and high; ends of the energy spectrum.;
52813;yes;X and Y;high;low;high - low;" those ups and downs, "" and she said "" You're being mean and a bit childish now-yes, like sex, back and forth, to and fro, ";high and low;.;
13768;yes;X and Y;low;high;high - low; Dysfunctional beliefs were negatively correlated with satisfaction but ;low and high; self-monitors did not differ in their conflict behavior.;
36480;yes;X and Y;low;high;high - low; Staying with this model, this convergence of both values (away from the ;low and high; ends of the hierarchy) appears to reflect a shift from one of clarity (conservative) to one that seems undifferentiated.;
20471;yes;X and Y;high;low;high - low; I have searched ;high and low;.;
49069;yes;X and Y;high;low;high - low;" What do you suppose you are, and he is "" -- @ @ @ @ @ @ @ @ @ @ Einstein, and all the rest of you, ";high and low;, but descendants of us Bvenisians?;
10934;yes;X and Y;high;low;high - low; But cleaning up background noise removes the ;high and low; frequencies I need to make my identification.;
13264;yes;X and Y;low;high;high - low; Depending on the strengths of synaptic connections, the model could produce a variety of different patterns of activity, including stability of ;low and high; activity states.;
16452;yes;X and Y;high;low;high - low; Hating telemarketers has become a national pastime and fodder for late-night television comics, Web sites and just about all types of humor, ;high and low;.;
29704;yes;X and Y;high;low;high - low; More specifically, the study explored the commonalities and differences of elementary preservice teachers with ;high and low; levels of mathematics teacher efficacy regarding their perceptions of their skills and abilities to teach mathematics.;
22064;yes;X and Y;high;low;high - low; I've searched ;high and low;, looked far wide, listened.;
11352;yes;X and Y;high;low;high - low; But one stood out more than the others and it looked like an EKG read out or simply strait lines with ;high and low; bumps.;
6325;yes;X and Y;low;high;high - low; According to various observes, piling behavior is exhibited equally as often during periods of ;low and high; turtle densities, and piles may include more than one species.;
53658;yes;X and Y;low;high;high - low;01) differences between median expectations and ;low and high; variation subgroups are shown for all-at-once, and not phased-in, implementations.;
39393;yes;X and Y;high;low;high - low; The desert, ;high and low;, continues to have religious connotations for many, as the home of saints and mystics, as the place where you go to contemplate death and human vanity and to commune with God.;
11996;yes;X and Y;high;low;high - low; By comparing her diagrams to models of how stars evolve, Tosi is starting to classify periods of ;high and low; star formation for individual galaxies.;
46703;yes;X and Y;high;low;high - low; Though the terminally cautious Kerry campaign would never make this argument, its cultural surrogates are bringing it to an expanding variety of venues, ;high and low;.;
34244;yes;X and Y;high;low;high - low; Searched ;high and low; but no frog to be found.;
52411;yes;X and Y;high;low;high - low; or that the line of apsides (the line connecting the ;high and low; points in the orbit) was shifted a little bit (from its planned position).;
4195;yes;X and Y;high;low;high - low;" (See "" Navigating The Materials Maze, "" page 84 for a guide to the ";high and low; points of each.;
20470;yes;X and Y;high;low;high - low; I have searched ;high and low; for resources that may be available to help someone in my situation but Nothing!;
22992;yes;X and Y;high;low;high - low; In France, culture ;high and low; is a Cabinet-level concern.;
513;yes;X and Y;high;low;high - low; ;high and low;, rich and poor, on this remarkable occasion.;
4458;yes;X and Y;high;low;high - low; * There is a need for research examining online teaching strategies along with associated ;high and low; completion rates in HRCs.;
39496;yes;X and Y;high;low;high - low; The dosimetry model accounts for species differences (rat to human) in respiratory exchange rates, particle deposition efficiency, differences in particle clearance rates at ;high and low; doses, and transport of particles to lymph nodes.;
37959;yes;X and Y;high;low;high - low; The Broker deals in trading secrets and information to ;high and low; profile clients.;
9318;yes;X and Y;high;low;high - low; As you near 40 and beyond, it's all about mixing ;high and low;"; try adding an extravagant piece like a long shearling coat or a chinchilla-fur jacket.";
45137;yes;X and Y;high;low;high - low;" They were also aware that these "" peak "" periods did not necessarily coincide with dawn and dusk (even though these are usually reasonable fishing times) or ";high and low; tides.;
37683;yes;X and Y;high;low;high - low; The ;high and low; of it is, if you've got the patience to wait it out, Carbo Ceramics is a good bet to rebound in a big way.;
24893;yes;X and Y;low;high;high - low; It combines ;low and high; brow humor with one of the Wii's more effective uses of motion control, resulting in one of the best and most memorable games of the last few years.;
37687;yes;X and Y;high;low;high - low; The ;high and low; windows, so handsome on the exterior, here make excellent sense by breaking up the long walls and varying the quality of light.;
12154;yes;X and Y;low;high;high - low; CNC Machining is a great process for manufacturing ;low and high; quantities of quality metal and plastic parts.;
53419;yes;X and Y;high;low;high - low;", "" she recalled, thinking in amazement at various moments, ";high and low;, in her decade-long career.;
47051;yes;X and Y;high;low;high - low; To examine the hypothesis that ;high and low; PFC individuals would respond similarly to influence attempts when no initial position was held, the data from the no-initial-position condition were analyzed.;
5314;yes;X and Y;high;low;high - low; @ @ @ @ @ @ @ @ @ @ attitudes from other art, ;high and low;, past and present, creating a complex chemistry.;
23391;yes;X and Y;low;high;high - low; In every social group, there are ;low and high; achievers alike.;
47609;yes;X and Y;high;low;high - low; Under worker control, sex ratio should be split among colonies with ;high and low; relatedness asymmetry.;
21020;yes;X and Y;high;low;high - low; I searched ;high and low; and confrimed that I activate admin account earlier in specialize phase, it is active, it is a member of administrators e.;
7310;yes;X and Y;high;low;high - low; Although the rushing current makes this habitat unstable ecologically, the seasonally ;high and low; water levels make it a predictable habitat in which river-weeds flourish (Philbrick and Novelo 1995).;
24590;yes;X and Y;high;low;high - low; Introduce them to a basic musical concept, such as ;high and low; qualities of pitch, fast and slow tempos, or even and uneven rhythm patterns.;
13108;yes;X and Y;high;low;high - low; Dallas Fed senior economist Jim Dolmas likens it to the judging in a skating competition -- the ;high and low; scores are tossed out, and the remaining scores are averaged.;
41361;yes;X and Y;high;low;high - low; The presence of @ @ @ @ @ @ @ @ @ @ figure expected if ;high and low; traffic posts were allocated to migrants and life-residents by chance.;
23024;yes;X and Y;high;low;high - low; In Minetta's Tavern we have come to a division in our young careers, ;high and low;, and I am not sorry.;
15919;yes;X and Y;high;low;high - low; Furthermore, these authors suggested that positive and negative moods are not simply ;high and low; points on a continuum, but rather independent constructs that should be measured as such.;
37681;yes;X and Y;high;low;high - low; The ;high and low; bandpass filters for the EEG measurement were set at 0.;
4794;yes;X and Y;high;low;high - low; 19 However, the strand of postmodernism that is perhaps most applicable is its asserted capacity to efface limits, whether they apply to gender categories, academic disciplines, ;high and low; culture, or architectural styles.;
7761;yes;X and Y;low;high;high - low; And excellent ;low and high; temperature characteristics (-22 to 480 degree Fahrenheit.;
53313;yes;X and Y;high;low;high - low;) and found a tub of Nutella after searching ;high and low; for one since Turkey!;
33544;yes;X and Y;high;low;high - low; Rather than seeking ;high and low; to gain acceptance, it's truly her who needs to accept her actual gender as a woman.;
53681;yes;X and Y;high;low;high - low;"10, as anticipated; accepted ";high and low; EFCAs were equally optimistic (Ms =.;
23927;yes;X and Y;low;high;high - low; In the actual sky, the two stars near Delta Cephei -- Epsilon Cephei and Zeta Cephei -- mark the ;low and high; ends of Delta Cephei's brightness scale.;
9363;yes;X and Y;high;low;high - low; Astronomers divided into two camps around the ;high and low; values.;
53082;yes;X and Y;low;high;high - low;'I started to sing it in the old regular Baptist way, just decorated and s;low and high;.;
4894;yes;X and Y;high;low;high - low;" 3 LEGEND HAD IT that the commoners "" gift of magic came from the gods "" anger at the separation of people into ";high and low;.;
4321;yes;X and Y;high;low;high - low; (n22) The same perceptions that emboldened the opposition worried power holders in offices ;high and low;.;
10396;yes;X and Y;high;low;high - low; Both ;high and low; self-referencing participants were more persuaded by strong than weak arguments Fs(1,154) = 14.;
43274;yes;X and Y;high;low;high - low; There are also large disparities within countries, between people with ;high and low; income and between people living in rural and urban areas.;
31942;yes;X and Y;high;low;high - low;" One trick, he said, was to "" cycle "" the input power, alternately running the current at ";high and low; levels for minutes to hours.;
6088;yes;X and Y;high;low;high - low; A steelhead river can be ;high and low; at the same time, above summer flows but below flood.;
12352;yes;X and Y;high;low;high - low;" Chances are you first decided on a "" correct "" answer and then stretched your ";high and low; estimates @ @ @ @ @ @ @ @ @ @ the real answer: 150,000.;
39149;yes;X and Y;high;low;high - low; The comparison between the ;high and low; spatial-ability students indicated insignificant difference (p > 0.;
23160;yes;X and Y;low;high;high - low; In addition and in contrast to past research, the interaction term was significant for the low fit or inactive participants for negative affect or tense arousal 15 minutes during both the ;low and high; intensity conditions.;
13322;yes;X and Y;high;low;high - low; Despite the lack of solid scientific data, It is a common over the counter remedy for ;high and low; Blood pressure, respiratory ailments, cough, irregular heartbeat, as well as rheumatoid and osteoarthritis.;
30562;yes;X and Y;high;low;high - low; Nick Kasa caught an 11-yard pass at the Utah 3 (and Jones scored on the next play) and held on after getting hit ;high and low;.;
13794;yes;X and Y;high;low;high - low; Each dish is straightforward: There's no browning meat before putting it in the slow cooker, ;high and low; temperatures are provided when applicable, and a 6-quart oval slow cooker is always used.;
46869;yes;X and Y;high;low;high - low; Thus, although these results indicate differential patterns of feedback awarded ;high and low; expectancy athletes they confute assumptions of the self-fulfilling prophecy process.;
5292;yes;X and Y alike;high;low;high - low; @ @ @ @ @ @ @ @ @ @ a teacher and to treat ;high and low alike; without restraint.;
7553;yes;X or Y;high;low;high - low; And ;high or low; temperatures do n't seem to bother regular capacitors as much as they bother batteries.;
15200;yes;X or Y;low;high;high - low; For a stronger smell, a micro-fan in the chamber blows on a ;low or high; setting.;
47309;yes;X or Y;high;low;high - low; Too many ;high or low; scores send up a red flag.;
34259;yes;X or Y;low;high;high - low; Second, I did the ZIP file but ca n't get a simple answer -- will the ZIP file contain the ;low or high; resolution photos?;
45432;yes;X or Y;high;low;high - low; This @ @ @ @ @ @ @ @ @ @ ;high or low; pitches, or loud or soft dynamics.;
5803;yes;X or Y;high;low;high - low; A high or low arch can also predispose you to certain types of injury, One out of every three people has a ;high or low; arch that could be problematic.;
9243;yes;X or Y;high;low;high - low; As the veteran of a hundred'Princes St'sprints for all manner of causes, I'm wise enough to know that marching of itself solves nothing and that turn out -- ;high or low; -- is not necessarily significant.;
22440;yes;X or Y;high;low;high - low; If the centers are too close together or far apart or too ;high or low;, your vision may be distorted.;
36015;yes;X or Y;high;low;high - low; Some models rotate and have a ;high or low; setting.;
30555;yes;X or Y;high;low;high - low; Next, you should ask yourself if your activity level is ;high or low;.;
30325;yes;X or Y;high;low;high - low; My words, and the teachings of any other member of the Church, ;high or low;, if they do not square with the revelations, we need not accept them.;
48908;yes;X or Y;low;high;high - low; Wehby, Dodge, Valente, and the Conduct Problems Prevention Research Group (1993) observed 82 first graders who had been identified as being at ;low or high; risk for developing problem behaviors.;
22885;yes;X or Y;low;high;high - low;" Immediately, the animals begin to speak "" in their different voices, ";low or high;" or thick or clear "" (Lewis 104), and their modes of discourse are as diverse and multi-accentual as those of the human characters.";
51073;yes;X or Y;low;high;high - low; You can use it to predict and avoid ;low or high; blood glucose levels.;
15320;yes;X or Y;high;low;high - low; For example, numerous studies have shown that unusually ;high or low; temperatures during larval development lead to asymmetrical adults in Drosophila fruit flies.;
5841;yes;X or Y;high;low;high - low; A line of research emerged based on expectancy theory which assumed that coaches'feedback patterns will differ according to whether their athletes are classified as ;high or low; expectancy.;
15707;yes;X or Y;high;low;high - low; French Catholic participants (N = 340) with ;high or low; religious identification read 1 of 8 scenarios presented as an interview with a female target 2 months after she had had an abortion.;
13805;yes;X or Y;high;low;high - low; Each man occupies a particular social position, ;high or low;, with a duty to fulfill his position, accepting the goodness and authority of it.;
25836;yes;X or Y;high;low;high - low; It made no difference to him whether she was of ;high or low; birth.;
17049;yes;X or Y;low;high;high - low; He knows where it lives on the racks -- ;low or high;, above what display, betwixt whatever chocolates squat there.;
49545;yes;X or Y;high;low;high - low; When renewable energy's power output fluctuates, ;high or low;, something has to compensate to prevent grid-crisis which is the excessive frequency and voltage deviations that cause brownouts, blackouts and overloads.;
37018;yes;X or Y;high;low;high - low; Taking a mean number is more accurate than taking an average, because it absorbs extremely ;high or low; quotes, just as long as you have a reasonably sized group of prices to use.;
44878;yes;X or Y;high;low;high - low; They may include positive or negative reception of unexpected behavior, ;high or low; levels of openness for surprising questions or suggestions, and the like.;
12183;yes;X or Y;high;low;high - low; Calibration of the OPMs was done at the beginning of each trial and again at the end of those trials in which any comparatively ;high or low; values were observed.;
5081;yes;X or Y;low;high;high - low;" <h> 4 Comments on "" Can you develop the ability to "" feel "" ";low or high; blood sugar?;
37049;yes;X or Y;high;low;high - low; Task and ego orientations are theoretically orthogonal in nature as an individual may express ;high or low;" levels on either goal orientation (Duda &; Whitehead, 1998).";
18370;yes;X or Y;low;high;high - low; Here, one could play for very ;low or high; stakes.;
6694;yes;X or Y;high;low;high - low; Again we do not know if this represents ;high or low; levels of possession for youth players because there is no database against which to compare the data.;
46099;yes;X or Y;high;low;high - low; This means easier regulation of temperatures during ;high or low; periods and lower monthly energy bills.;
35314;yes;X or Y;high;low;high - low; Similarly, there is no linear link between the amount of melanin and ;high or low; function of the receptor itself.;
24259;yes;X or Y;high;low;high - low; In which Joseph Gordon-Levitt, the star of two wildly different, eagerly anticipated summer movies, shows that having great style is n't a choice of formal or casual, ;high or low;, either/or.;
16220;yes;X or Y;high;low;high - low; Got so I knew @ @ @ @ @ @ @ @ @ @ I'd either give her a piece of bread or a chocolate bar, depending on whether she was ;high or low;.;
36367;yes;X or Y;high;low;high - low; Specifically, one such source may be whether the coach perceives the athlete to be a ;high or low; expectancy athlete.;
44894;yes;X or Y;high;low;high - low; They must be capable of discriminating between states of atmospheric expansion or contraction, ;high or low; charge, and stagnation or agitation.;
21354;yes;X or Y;high;low;high - low; I used some construction shims to fill gaps under the frame, and checked with @ @ @ @ @ @ @ @ @ @ any ;high or low; spots (see photo).;
10786;yes;X or Y;low;high;high - low; But I will say that as fatuous, lame, inauthentic, and cheesy as popular music often is, it manages to retain a gravity not often found in other arts, ;low or high;.;
52295;yes;X or Y;high;low;high - low; moderate, rather than ;high or low;, arousal would be expected to generate facilitative effects.;
19368;yes;X or Y;high;low;high - low; However, the above interactions were observed only among those athletes relatively ;high or low; in sport self-confidence.;
22430;yes;X or Y;low;high;high - low; If the amount of wind is too small or too large, wind plants do not operate either at all or at full output regardless of whether demand for electricity is ;low or high;.;
12664;yes;X or Y;high;low;high - low; Comments note especially long or short cycle times and especially ;high or low; water use.;
5608;yes;X or Y;low;high;high - low; A 2 (Game Outcome: won or lost) x 2 (Level of Identification: ;low or high;) ANOVA was used to compare the violence index for the four groups.;
14904;yes;X or Y;high;low;high - low; Finally, participants evaluated a hypothetical student target who publicly reported investing ;high or low; effort in order to get a good grade on an assignment.;
38667;yes;X or Y;high;low;high - low; The authors investigated word-task performance of 192 postgraduate Indian woman, grouped according to ;high or low; self-esteem, after different causal attributions for failure.;
28567;yes;X or Y;high;low;high - low; Like any muscles, those in your feet can be strengthened to do their job-namely handle high mileage and heavy loads-with greater ease, which is especially important if you have unusually ;high or low; arches.;
40562;yes;X or Y;high;low;high - low; The low Kappa values obtained appear to be related to those behaviors which occurred at ;high or low; base-rates (e.;
32519;yes;X or Y;high;low;high - low; Overall, it's hard to go ;high or low; on the special teams.;
33825;yes;X or Y;high;low;high - low; Responses were scored and used to identify volunteers who were ;high or low; in general self-efficacy.;
14575;yes;X or Y;high;low;high - low; Except for high fevers, it's just not accurate -- and it's not predictably ;high or low;.;
36369;yes;X or Y;high;low;high - low; Specifically, subjects varying in levels of perfectionism were asked to report their levels of state anxiety following the performance of a task with either a ;high or low; level of ego involvement.;
30194;yes;X or Y;low;high;high - low; My hands stayed right where they were, at about middle height where they could block ;low or high; without having to travel the full distance either way.;
24260;yes;X or Y;high;low;high - low;" In which case the rate of return you are describing is the market clearing rate and so is not "" too "" anything, ";high or low;.;
47842;yes;X or Y;low;high;high - low; Using extreme ;low or high; frequencies they can hear your thoughts as the brain acts like a transmitter and receiver.;
1093;yes;X or Y;high;low;high - low;" "" As educators, we do not pay enough attention to the ordinary student and notice the special, ";high or low;, extraordinarily good or bad.;
40453;yes;X or Y;high;low;high - low; The leakage flow changes direction, depending on whether the passage is at ;high or low; pressure.;
15326;yes;X or Y;high;low;high - low; For example, operators and maintenance technicians often work outside, where they have to contend with ;high or low; temperatures, wind, rain and snow.;
50564;yes;X or Y;high;low;high - low; With us, all of the white race, however ;high or low;, rich or poor, are equal in the eye of the law.;
47025;yes;X or Y;low;high;high - low; To control for genetic factors that can affect max VO2 levels, prospective subjects had to score in the ;low or high; physical activity category.;
26816;yes;X or Y;low;high;high - low; It works for users with ;low or high; bandwidth -- and it works in real time.;
49849;yes;X or Y;low;high;high - low; Whether prices are ;low or high;, farmers feel compelled to grow more.;
10176;yes;X or Y;low;high;high - low; Bennett warned of exceptionally ;low or high; pricing.;
49338;yes;X or Y;high;low;high - low; When I get that yield data, I can go back and correlate it with predictions from Gossym plus information from my aerial imagery to see what caused my ;high or low; yields.;
52722;yes;X or Y;low;high;high - low; the moderate-risk patients gain most from the treatment in opposition to those with ;low or high; risk.;
35964;yes;X or Y;high;low;high - low; Some common ones: too ;high or low; moisture content, or a damaged pericarp.;
24593;yes;X or Y;high;low;high - low; Intuitively, it would seem that the coach's perception of who is a ;high or low; expectancy athlete may influence the athlete's attributions for performance.;
13823;yes;X or Y;high;low;high - low; Each pen has two alarm settings configurable as process ;high or low;, deviation from setpoint, or deviation band.;
38165;yes;X or Y;low;high;high - low; The LDS light can be put on ;low or high;.;
7820;yes;X or Y;low;high;high - low; And how does this mid bend point compare to some other company's mid or ;low or high; bend point?;
33702;yes;X or Y;high;low;high - low; Regardless of whether their earlier test scores had been ;high or low;, the success-oriented students simply did not do as well as those who were more learning-oriented.;
36385;yes;X or Y;high;low;high - low; Spin the wheel when you check pad alignment, because there may be ;high or low; spots in the rim.;
35892;yes;X or Y;high;low;high - low;" Sodium has a greater effect on certain people who are "" salt sensitive "" -those whose blood pressure ping-pongs in response to ";high or low; sodium intake-but there's no easy test for this.;
5606;yes;X or Y;high;low;high - low; A 1691 French cookbook published in English in 1702 declared that once the principles of the @ @ @ @ @ @ @ @ @ @ adapted to any table, ;high or low;.;
53443;yes;X or Y;high;low;high - low;, Fourier and wavelet) and probability analyses of, for example, extremely ;high or low; flows, or of the entire range of flows expressed as average daily discharge (Dunne and Leopold 1978).;
44663;yes;X or Y;high;low;high - low; They do n't care if it's ;high or low;, they just want to be able to plan around a.;
2920;yes;X or Y;high;low;high - low;" "" Still, if you could check your blood sugar at home, you'd know right away if it was ";high or low;.;
10258;yes;X or Y;high;low;high - low; Between 1900 and 1980, the Brazilian economy expanded by 6 percent a year, regardless of whether the government was civilian or military, leftist or right-wing, or whether inflation was ;high or low;.;
29735;yes;X or Y;high;low;high - low; Moreover, I see no evidence suggesting that episodes of ;high or low; inflation are related in any systematic way to the resources accruing to labor.;
1971;yes;X or Y;low;high;high - low;" "" I was one of the first guys to come around who hit the ball big off both sides, ";low or high;.;
13265;yes;X or Y;high;low;high - low; Depending on the task or situation, individuals can possess ;high or low; measures of each or any combination in between, thus confidence does not remain stable (see DeMoulin et al.;
30702;yes;X or Y;high;low;high - low; No one told me about medication or food interactions, symptoms of ;high or low; dosage @ @ @ @ @ @ @ @ @ @ to learn them for myself.;
45485;yes;X or Y;low;high;high - low; This assertion was not borne out by Vasta's findings, in that children in either the ;low or high; initial interest group did not display decreases in the nonreinforced response rate.;
31270;yes;X or Y;high;low;high - low; Now, when braking, hard or soft pedal, ;high or low; spee.;
41704;yes;X or Y;low;high;high - low; The result is a small but powerful turbine that can be deployed in a broad range of residential, agricultural, community and commercial settings, on rooftops or poles, at ;low or high; elevations.;
5270;yes;X or Y;high;low;high - low; @ @ @ @ @ @ @ @ @ @ Is it ;high or low; tide?;
36331;yes;X or Y;high;low;high - low; Sounds can also be ;high or low;.;
44323;yes;X or Y;high;low;high - low; They agree on three musts: a skirt with volume, a platform espadrille (with a ;high or low; heel) and either a trench or a cropped jacket.;
793;yes;X or Y;high;low;high - low;" "" -- The striker gets to designate a ";high or low; strike zone.;
42256;yes;X or Y;high;low;high - low;" The study demonstrated another important result related to expectation, namely, that couples'experience of marriage preparation always exceeds their expectation of it; this was true whether they came with ";high or low; expectations.;
23029;yes;X or Y;low;high;high - low; In Nevada the relationship was sometimes turned on its head: it all depended on whether storms tended to come in ;low or high;, and on what stood in their way.;
30047;yes;X or Y;high;low;high - low; Musical notes are ;high or low;"; sour tastes are high, and bitter notes low.";
19331;yes;X or Y;high;low;high - low; However, one could easily support one approach while opposing the other or even score ;high or low; on measures of both.;
15283;yes;X or Y;high;low;high - low; For example, Tolhurst (1975) measured RTs to sinusoidal gratings of ;high or low; spatial frequencies when contrast was close to threshold.;
50268;yes;X or Y;high;low;high - low; Why not take Salmon's argument instead to be a reason for rejecting the idea that statistical theories explain individual outcomes, whether of ;high or low; probability?;
10670;yes;X or Y;high;low;high - low; Business consultants have found Edison to be a bountiful source of ideas and approaches, useful in the everyday world of companies, ;high or low; tech, large or small, technologically innovative or not.;
14773;yes;X or Y;high;low;high - low; Features include programmable reset enable/ disable, remote reset, field replaceable five-year battery and ;high or low; speed input.;
44078;yes;X or Y;high;low;high - low; These factors include poor ventilation (lack of outside air), problems controlling temperature, ;high or low; humidity, recent remodeling, and other activities in or near a building that can affect the fresh air coming into the building.;
44123;yes;X or Y;high;low;high - low; These include stocks with ;high or low; volume, penny stocks, stocks with technical indicators and much more.;
9791;yes;X or Y;high;low;high - low; Batsmen, meanwhile, were entitled to call their own pitches, ;high or low;.;
8600;yes;X or Y;high;low;high - low; Any inside pitch, ;high or low;, is fair game for this frequent Biggio charade, and I think the umpires ought to call him on it more often and deny him first base.;
41869;yes;X or Y;high;low;high - low; The same pot fired in a different place in the kiln -- ;high or low;, front or back -- will come out looking different.;
25427;yes;X or Y;high;low;high - low; It is also possible to argue that some immigrant populations may have high bonding social capital but low bridging social capital while others may have ;high or low; levels of both.;
29752;yes;X rather than Y;low;high;high - low; Moreover, leader emergence of men was more pronounced for tasks that were ;low rather than high; in social complexity.;
40092;yes;X rather than Y;high;low;high - low; The heuristic-systematic model posits that message content will have a greater impact on persuasion when outcome-relevant involvement is ;high rather than low; because an individual will have the desire to carefully analyze a communication.;
5440;yes;X rather than Y;low;high;high - low; @ @ @ @ @ @ @ @ @ @ that of an inexperienced card player who is dealt four aces but believes them to be ;low rather than high;.;
29948;yes;X rather than Y;high;low;high - low; Most trials that compare different schedules or doses of maintenance chemotherapy show fewer relapses in subjects who receive continuous rather than intermittent therapy and ;high rather than low; doses.;
39230;yes;X, not Y;high;low;high - low; The cost of creating a book or an in-depth and extensively researched article is very ;high, not low;.;
738;yes;between X and Y;high;low;high - low;" "" "" You'll notice that the graph alternates ";between high and low;" spikes, "" Malcolm said.";
4678;yes;between X and Y;high;low;high - low; //'She was always trying to figure out where she fit in ;between high and low; culture,'said Ms.;
31850;yes;between X and Y;high;low;high - low; One obvious difference ;between high and low; trait anxious individuals is that high trait anxious individuals are familiar with the experience of being state anxious, as subjects were in the second testing session.;
6202;yes;between X and Y;high;low;high - low; AND/OR NRT: To discriminate ;between high and low; achievers.;
40028;yes;between X and Y;high;low;high - low; The growth of inequality of labor @ @ @ @ @ @ @ @ @ @ implied a growing differentiation ;between high and low; incomes in this respect.;
46900;yes;between X and Y;high;low;high - low; Thus, the purpose of this study was to examine the differences ;between high and low; expectancy athletes'perceptions for the causes of their performance.;
49599;yes;between X and Y;high;low;high - low; When the input voltage is high, the VFC flips ;between high and low;" really fast; when the input @ @ @ @ @ @ @ @ @ @.";
15875;yes;between X and Y;low;high;high - low; Further, as team member involvement decreases, differences in median expectations ;between low and high; perceptual variation subgroups increase.;
42361;yes;between X and Y;high;low;high - low; The task must be presented in such a way that it assesses the use of more complex cognitive structures, thus allowing a true test of any differences ;between high and low; CL participants.;
6056;yes;between X and Y;high;low;high - low; A single 3-watt Luxeon bulb switches ;between high and low; settings (176 and 76 lumens).;
43901;yes;between X and Y;high;low;high - low; Therefore, no differences ;between high and low; PFC people are predicted when no initial position is held.;
4225;yes;between X and Y;high;low;high - low; (The sample is also about evenly divided ;between high and low; affiliation.;
32021;yes;between X and Y;high;low;high - low; Only the difference in false memory production ;between high and low; groups at the second testing session was reliable t(38) = 2.;
23705;yes;between X and Y;low;high;high - low; In other words, as in many cases of tracking in reading or mathematics, the gap ;between low and high; ability became greater rather than smaller.;
5721;yes;between X and Y;high;low;high - low; A dedicated egalitarian, he sees no distinction ;between high and low; art and @ @ @ @ @ @ @ @ @ @ Lucy rerun as a piece of Baroque music.;
12602;yes;between X and Y;high;low;high - low; Co2 capturing and re-radiating energy can not increase the the differences ;between high and low; concentrations.;
4901;yes;between X and Y;high;low;high - low; 3 While the average real income of all American families did not change very much during these years, the differences ;between high and low; incomes grew substantially.;
4376;yes;between X and Y;high;low;high - low; (n7) The energy input driving the directed motion is provided by cyclically varying the temperature ;between high and low; values.;
46921;yes;between X and Y;low;high;high - low; Tides in New York vary roughly 6 feet ;between low and high; tides.;
13370;yes;between X and Y;high;low;high - low; Diamond is Shakespearean in the way it cuts ;between high and low; comedy, between the heroes and the clowns.;
23156;yes;between X and Y;low;high;high - low; In actual fact, if the temperature DID increase, the weather would change little, as most weather is driven by the variance ;between low and high; temperatures experienced in the areas of generation.;
44227;yes;between X and Y;high;low;high - low; These results suggest that the only difference ;between high and low; self-monitors was in the type of information they chose to consider when making behavioral decisions.;
39906;yes;between X and Y;high;low;high - low; The gap ;between high and low; incomes might expand within a developed economy like the @ @ @ @ @ @ @ @ @ @.;
47054;yes;between X and Y;high;low;high - low; To facilitate comparisons ;between high and low; self-monitors, results from both regression analyses are reported in Table 7 (the low self-monitors scores are in parentheses).;
7418;yes;between X and Y;high;low;high - low; Americans2 often point out that the boundary ;between high and low; culture has exploded and this explains why the French, typical producers of elite culture, are so backward.;
5747;yes;between X and Y;high;low;high - low; A few grow in the space ;between high and low; tides, producing irregularsize oysters that are harvested in clusters.;
18349;yes;between X and Y;high;low;high - low; Here's why these analysts are wrong: WAR does not account for differences ;between high and low; leverage situations.;
16548;yes;between X and Y;high;low;high - low; He always said the gulf ;between high and low;" art is artificial; people should be able to write a Top 40 hit one year, a symphony the next --as he did.";
12371;yes;between X and Y;high;low;high - low; Characteristics conventionally thought to explain the health differential seem to offer little insight into the gap ;between high and low; infant-mortality states.;
15470;yes;between X and Y;high;low;high - low; For relationships where there was a statistically significant race difference, we further examined whether there was also a difference ;between high and low; church service attendance.;
29937;yes;between X and Y;low;high;high - low; Most remarkably, the new sensibility anticipates the mutual influences among the different fields of art and the contemporary obsession with the erosion of boundaries ;between low and high; culture or, ultimately, between art and life.;
47169;yes;between X and Y;low;high;high - low; To summarize, with only one exception, neither gender nor degree of marital satisfaction contributed to differences ;between low and high; self-monitors'relationship beliefs or conflict behavior.;
36974;yes;between X and Y;high;low;high - low; Table 4 shows a similar, but softer, distinction ;between high and low; intensity threats.;
5969;yes;between X and Y;low;high;high - low; A pneumatic actuator powered by a small on-board air compressor executes the automatic shifts ;between low and high;" gear when the car is driven in "" XR, "" or extended range, mode.";
28456;yes;between X and Y;high;low;high - low; Letteri (1980) tested whether the cognitive profile is capable of differentiating ;between high and low; academic performers using seventh and eighth graders.;
46877;yes;between X and Y;high;low;high - low; Thus, in this exploratory study, we sought answers to three questions: Are there differences in the use of vocabulary-acquisition processes ;between high and low; achievers?;
36407;yes;between X and Y;high;low;high - low; Spring tides (tides that occur during the new and full moons and that have the greatest difference ;between high and low; tides) recede as much as 6.;
34184;yes;between X and Y;high;low;high - low; Schmitt triggers prevent that because their positive feedback forces fast transitions ;between high and low; at the output.;
19259;yes;between X and Y;high;low;high - low; However, are there differences ;between high and low; academic achievers on the ILP scores.;
39689;yes;between X and Y;high;low;high - low; The farther north you venture, the more range ;between high and low; tides.;
1754;yes;between X and Y;high;low;high - low;" "" Historians and anthropologists have demonstrated the dialectical relationship ";between high and low; culture, an interdependence that undermines theories of two separate religious systems, one orthodox and one pagan.;
13406;yes;between X and Y;high;low;high - low; Differences in psychological skill response exist between gender, and ;between high and low; skilled athletes.;
4216;yes;between X and Y;high;low;high - low; (The difference ;between high and low;" is the time it takes for the cooker to bring food to 212 degrees, the ideal simmering temperature; warm is between 140 and 160 degrees.";
41976;yes;between X and Y;high;low;high - low; The severed branch is, of course, the emblem of the division ;between high and low;, between the mountains and the dwelling of the speaker.;
35909;yes;between X and Y;high;low;high - low; Solar activity repeatedly over the past 10,000 years has fluctuated ;between high and low;.;
32000;yes;between X and Y;high;low;high - low; Only in the second testing session did the difference in false memory rate ;between high and low; imagery subjects achieve significance.;
15308;yes;between X and Y;high;low;high - low; For example, individual differences in metacognition are attributed to task performance ;between high and low; IQ children (e.;
42406;yes;between X and Y;high;low;high - low; The tensions ;between high and low; art, which Lichtenstein plays like harp- strings, are just not easily sensed in Los Angeles, where the pitch of culture is lower-middlebrow or below.;
5851;yes;between X and Y;high;low;high - low; A logic analyzer collects the oscillating voltages ;between high and low;" @ @ @ @ @ @ @ @ @ @ a variety of formats, "" explained Roger Johnston, head of Argonne's Vulnerability Assessment Team.";
14254;yes;between X and Y;high;low;high - low; Even though its National Health Service offers free care at the time of service, Great Britain also has a great disparity in infant deaths ;between high and low; socioeconomic groups.;
13349;yes;between X and Y;high;low;high - low; Detterman and Daniel (1989) suggest that what may underlie these intercorrelational differences ;between high and low; IQ groups is a number of independent processes that are connected to a higher order system (e.;
50500;yes;between X and Y;low;high;high - low; With survey data, however, it is difficult to distinguish empirically ;between low and high; levels of nationalism.;
13403;yes;between X and Y;high;low;high - low; Differences ;between high and low; art, between popular and mass art, should be noticed and accommodated.;
5635;yes;between X and Y;high;low;high - low; A MANOVA was utilized to examine group differences ;between high and low; expectancy athletes and their perception of their seasonal performance (independent variables) on four attribution variables.;
39462;yes;between X and Y;high;low;high - low; The distinction ;between high and low; culture remained an abiding principle to the New York intellectuals of the postwar years.;
6705;yes;between X and Y;high;low;high - low; Again, interesting to note is the reversed pattern ;between high and low; scorers with regard to these two values.;
18853;yes;between X and Y;high;low;high - low; His subject was the injustice of relations ;between high and low;.;
46383;yes;between X and Y;high;low;high - low; This undercut the previous opposition ;between high and low; culture that was, for Williams, a reflection of class division imposed by the bourgeoisie.;
35908;yes;between X and Y;high;low;high - low; Solar activity has repeatedly fluctuated ;between high and low; during the past 10,000 years.;
23342;yes;both X and Y;low;high;high - low; In contrast, ;both low and high; parental involvement typically create a less optimal environment which is likely to increase stress and reduce enjoyment associated with sport participation.;
29756;yes;both X and Y;high;low;high - low; Moreover, our analysis suggests that SOC storage in urban ecosystems is highly variable, with ;both high and low; SOC densities present in the landscape (Pouyat et al.;
42242;yes;both X and Y;high;low;high - low; The structural path coefficients for ;both high and low; self-monitors are presented in Table 1.;
40087;yes;both X and Y;high;low;high - low; The help of ;both high and low; gods was sought at the start of the nighttime demon exorcism ceremonies that were held with increasing frequency.;
13655;yes;both X and Y;low;high;high - low; Drawing troops from ;both low and high; economic strata of society and from politically influential and noninfluential families will lead to developing just such an investment.;
36144;yes;both X and Y;high;low;high - low; Somehow we have managed to expunge ;both high and low;, both Renaissance refinement and vernacuLar energy, both eLite aspirations and Low eroticism from the practice of contemporary art.;
31081;yes;both X and Y;high;low;high - low; Notice that attitude and behavior are positively related for ;both high and low; self-monitors and that the size of this correlation (.;
18796;yes;both X and Y;high;low;high - low; His plays often contained misunderstandings, misrepresentations, people masquerading as others, theft of inheritance, and con artists of ;both high and low; caliber, and people filled with age old guilt.;
50389;yes;both X and Y;high;low;high - low;" With Superpave, explains Connecticut Department of Transportation (DOT) materials engineer Nelio Rodrigues, asphalt now has to "" jump through a hoop "" by passing performance tests at ";both high and low; temperatures.;
13889;yes;both X and Y;high;low;high - low; Economists, on the other hand, take human motives -- ;both high and low; -- for wanted.;
3191;yes;both X and Y;high;low;high - low;" "" The new Las Vegas appeals to ";both high and low; rollers.;
9460;yes;both X and Y;low;high;high - low; At low velocities, and at ;both low and high; SF/SL ratios, the waveforms were distorted and showed evidence of phase shift between the kinetic and potential energy curves.;
23407;yes;both X and Y;low;high;high - low; In fact, Hawthorn has the unique ability to help regulate ;both low and high; blood pressure.;
26143;yes;both X and Y;high;low;high - low; It takes skill and practice to pose questions that go beyond short and low-level response and to balance ;both high and low; level questions.;
11876;yes;both X and Y;low;high;high - low; But with the use of appropriate eyepieces, most telescopes can be used at ;both low and high; powers.;
19224;yes;both X and Y;low;high;high - low; However, H2BK123ub1 is present at long genes with ;both low and high; @ @ @ @ @ @ @ @ @ @ file 1, Table S2).;
15132;yes;both X and Y;high;low;high - low; For ;both high and low;" self-monitors, the R value was significantly different from 0 for "" legalization and government regulation of drugs, "" F (3,55) = 12.";
6485;yes;both X and Y;low;high;high - low; Advice to teachers on how to work with ;both low and high; achievement motivation children, was provided as a final section.;
7120;yes;both X and Y;low;high;high - low; Also, Wyoming found that areas with lots of mountain lions have ;both low and high; numbers of deer.;
47706;yes;both X and Y;high;low;high - low; Unlike some AWD systems on the market, this transfer case has ;both high and low; ranges.;
7526;yes;both X and Y;high;low;high - low; An interesting added feature of ;both high and low; gears is that they make returning to an inlet in a following sea a much more pleasant experience.;
46218;yes;both X and Y;high;low;high - low; This procedure allowed us to test the second hypothesis that states that in situations where no initial position is held, ;both high and low; PFC individuals should be equally susceptible to influence attempts.;
35124;yes;both X and Y;high;low;high - low; She worked in a family service agency @ @ @ @ @ @ @ @ @ @ taken an entire pot by winning ;both high and low;, Mother pushed back her chair.;
48548;yes;both X and Y;high;low;high - low; We must affirm life in all its diversity ;both high and low;, and affirm it to all eternity.;
32391;yes;both X and Y;high;low;high - low; Our regression analysis finds that officer support for ;both high and low; intensity missions varies with what officers believe civilians support.;
27622;yes;both X and Y;high;low;high - low; It's the gross increase in admin positions ;both high and low;.;
38032;yes;both X and Y;low;high;high - low; The DonJoy and Townsend orthoses exhibited the best control of ATD and showed no significant statistical difference at ;both low and high; forces.;
12008;yes;both X and Y;low;high;high - low; By contrast, pessimists, relative to optimists, showed a higher level of clinically significant time 2 depressive symptomatology at ;both low and high; frequencies of physical stress.;
30722;yes;both X and Y;high;low;high - low; No significant correlation was found between private self-consciousness and the accuracy of sexual arousal in ;both high and low; arousal films.;
53854;yes;both X and Y;high;low;high - low;5-meter telescope and an array of detectors operating at ;both high and low; frequencies, Planck will convert incoming microwave signals into units of temperature.;
13423;yes;both X and Y;low;high;high - low; Direct observations at ;both low and high; altitudes usually give lower values, but the higher values have been seen at altitudes of 4-6 km (see figure 3b).;
13909;yes;both X and Y;low;high;high - low; Efforts were made to include a good balance of items over the content fields as well as items from ;both low and high; cognitive levels.;
22448;yes;both X and Y;high;low;high - low; If the culturati are n't yet paying much attention, they should, because video games formalize a connection between creators and consumers whose attainability has obsessed practitioners of ;both high and low; culture for a century.;
44224;yes;both X and Y;low;high;high - low; These results indicate that children from ;both low and high; income families may receive roughly comparable educational gains from participation in high-quality preschool programs.;
7285;yes;either X or Y;high;low;high - low; Although students seemed to perceive the domains similarly at the two universities -- domains were rated ;either high or low; by each of the two groups -- differences were noted between the two institutions.;
7951;yes;either X or Y;high;low;high - low; And make sure that it's ;either high or low; enough so as not to block the view of the person across from you or of the room.;
24859;yes;either X or Y;high;low;high - low; It can be configured to detect ;either high or low; liquid levels and power failures.;
47716;yes;either X or Y;low;high;high - low; Unlike the results for attitude, the Argument Quality x Self-Referencing interaction was not significant for ;either low or high; self-attention participants Fs < 1.;
45469;yes;either X or Y;low;high;high - low; This approach accomplishes the same thing as the traditional power bar, with the added ability to purposely hit the ball ;either low or high;, thereby controlling the spin.;
37254;yes;either X or Y;high;low;high - low; That generally occurs when blood glucose levels are ;either high or low;, when the need to perform blood glucose monitoring is most crucial.;
32669;yes;either X or Y;high;low;high - low; Participants were classified as ;either high or low; athlete identifiers based on their AIMS scores.;
36643;yes;either X or Y;high;low;high - low; Students were classified as ;either high or low; in learning potential.;
14848;yes;either X or Y;high;low;high - low; Fifteen participants with ;either high or low; scores of posttraumatic growth were interviewed.;
53711;yes;either X or Y;low;high;high - low;2) 33 was used to categorize patients as ;either low or high; physical functioning.;
22988;yes;either X or Y;high;low;high - low; In Experiment 1, undergraduates (n = 158) who were induced to be ;either high or low; in self-referencing read either a strong or a weak two-sided article that discussed tuition increases.;
29519;yes;either X or Y;high;low;high - low; Midrange family adaptability and cohesion scale scores were considered most positive, whereas scores at ;either high or low; extremes were considered unfavorable (see Note 2).;
36665;yes;either X or Y;high;low;high - low; Subjects completed an anagram task that was ;either high or low; in ego involvement.;
39783;yes;either X or Y;high;low;high - low;" The first study (Carlsson, Wendt, &; Risberg, 2000) was undertaken in 12 healthy male subjects stratified by ";either high or low; scores on a creativity test.;
21441;yes;either X or Y;high;low;high - low; I was ;either high or low;.;
28065;yes;either X or Y;high;low;high - low; Kappa was found to be superior to simple percentage agreement, but produced overly conservative reliability estimates when derived from behaviors that occur at ;either high or low; base-rates.;
24076;yes;either too X or too Y;low;high;high - low; In the past, you've pitched the ball ;either too low or too high; because your poor impact position either added or subtracted loft from your clubface.;
28185;yes;either too X or too Y;high;low;high - low; Klavora (1975), for example, found that high school basketball players experienced a decrement in performance when anxiety scores were ;either too high or too low;.;
39897;yes;either too X or too Y;low;high;high - low; The gain will be unchanged from the linear value, however, when the swept tone is ;either too low or too high; in frequency to be detected by the control circuitry.;
46528;yes;from X to Y;high;low;high - low; This, in turn, accelerates the transformation of nutrient turnover and ecosystem productivity ;from high to low;, as described above (Pastor and Cohen 1997).;
36429;yes;from X to Y;high;low;high - low; Standard tests are designed to spread out pupils'scores ;from high to low;.;
36824;yes;from X to Y;high;low;high - low;" Sun &; Stars @ @ @ @ @ @ @ @ @ @ test superimposes a pressure gradient from high to low downward over the gravitational gradient, which goes ";from high to low; upward.;
53659;yes;from X to Y;high;low;high - low;01) with the proportions of joint family households declining and of nuclear households increasing as one moves down ;from high to low; castes.;
45649;yes;from X to Y;low;high;high - low; This graph gives a better idea of the relative effects of autonomy in @ @ @ @ @ @ @ @ @ @ is considerably smaller than the raise ;from low to high; autonomy.;
48876;yes;from X to Y;high;low;high - low; We've grouped these based on cost ;from high to low;.;
9308;yes;from X to Y;low;high;high - low; As with the fetish, we are following a vector, traveling ;from low to high;.;
15901;yes;from X to Y;low;high;high - low; Furthermore, pessimists did not @ @ @ @ @ @ @ @ @ @ frequency of physical stress during pregnancy changed ;from low to high;.;
10701;yes;from X to Y;low;high;high - low;" But @ @ @ @ @ @ @ @ @ @ "" and created the idea of playing ";from low to high; on the instruments in 24 bars in order to intimate chaos.;
8874;yes;from X to Y;low;high;high - low; As Lil was getting older, the shifts ;from low to high; and back again occurred more often, her moods sometimes swinging dramatically within a 24-hour period.;
10499;yes;from X to Y;low;high;high - low; Both groups ranged in academic abilities ;from low to high;, according to performance levels assigned to students on their report cards, numbered 1 to 5.;
33275;yes;from X to Y;low;high;high - low; Prices vary ;from low to high;" season; at press time, sample low-season package prices from Ski Vacation Planners ran from $1,579 to $1,779, depending on accommodations.";
42525;yes;from X to Y;low;high;high - low; The trip ;from low to high; Earth orbit takes about six months.;
30002;yes;from X to Y;low;high;high - low; Much later in the day, the Scouts hear this detailed explanation:When the Pacific Ocean goes ;from low to high; tide, it pushes water into the Columbia.;
28967;yes;from X to Y;high;low;high - low; Make sure to know the full range ;from high to low;.;
18340;yes;from X to Y;low;high;high - low; Here's how they are made and used: Lonesome Call: This is a medium cadence yip-yip-yip-owooo, rising ;from low to high; notes, with a mournful dropoff at the end.;
53558;yes;from X to Y;low;high;high - low;, quantitative amount ;from low to high;) and involvement degree (i.;
23897;yes;from X to Y;high;low;high - low; In the Chinese administrative system, cities are divided into four ranks, ;from high to low;: centrally ranked, provincially ranked, prefecturally ranked, and county-ranked.;
11204;yes;from X to Y;low;high;high - low; But it seems certain that with each change Yellowstone's uneasy terrain wreaks on the thermal plumbing, at least some creatures - ;from low to high; in the food chain - will likely be affected.;
24757;yes;from X to Y;low;high;high - low; It acts as a switch, turning current ;from low to high; and back.;
46284;yes;from X to Y;high;low;high - low; This sentence goes ;from high to low;.;
42251;yes;from X to Y;high;low;high - low; The students ranked academically ;from high to low; achievers.;
38489;yes;from X to Y;high;low;high - low; The air does n't move directly across the isobars ;from high to low; pressure as you would expect.;
7683;yes;from X to Y;low;high;high - low; And as cattle are moved ;from low to high; pasture land, he said, the weed usually goes along.;
41891;yes;from X to Y;high;low;high - low; The scale measures four types of motivation (n1), each varying in the degree of autonomy on a continuum ranging ;from high to low; autonomy.;
41381;yes;from X to Y;high;low;high - low; The pretests were scored and ranked ;from high to low;.;
10457;yes;from X to Y;high;low;high - low; Both Gilio and Aretino noted a constant transgressive logic of inversion, a descent ;from high to low;, operating in the work.;
14682;yes;from X to Y;low;high;high - low; Failing to impress was @ @ @ @ @ @ @ @ @ @ botched her bars routine with an incomplete transition ;from low to high; bar.;
42623;yes;from X to Y;low;high;high - low; The variable nozzle adjusts the pre-set water pressure ;from low to high; and the spray angle from fan to pencil point.;
8763;yes;from X to Y;low;high;high - low; Areas of focus were listed and parents were asked to rate each one on a numbered scale ;from low to high;.;
47028;yes;from X to Y;high;low;high - low; To create illustrative rankings, the committee explored several approaches to evaluate and rate programs, with the subsequent rankings reflecting an ordered list of ratings ;from high to low;.;
31793;yes;from X to Y;low;high;high - low; One common view is that parent involvement lies on continuum that ranges ;from low to high; involvement.;
8832;yes;from X to Y;high;low;high - low; As Figure 1 indicates, as strength scores decreased ;from high to low;, the percentage of nonhomelike placements increased.;
44088;yes;from X to Y;low;high;high - low; These five elements can be represented on a continuum ;from low to high;.;
33015;yes;from X to Y;high;low;high - low; Photograph Model of a variablespeed friction drive for automobiles that enables drivers to shift directly ;from high to low; speeds.;
46128;yes;from X to Y;high;low;high - low; This model, rather than assuming individuals are either rule-oriented or consequence oriented, argues individuals can range ;from high to low; in their emphasis on principles and in their emphasis on consequences.;
13710;yes;from X to Y;high;low;high - low; During an 11-year cycle, sunspots increase in number and slowly migrate ;from high to low; latitude.;
31932;yes;from X to Y;high;low;high - low; One technique that works well for this is to hum and chew at the same time while sliding ;from high to low; in pitch.;
29162;yes;from X to Y;low;high;high - low; Many researchers have examined environmental preference by using Bryan's (1979) theory of specialization, which says that as a recreator moves ;from low to high; activity involvement, the desire for specific settings and resources will vary.;
53865;yes;from X to Y;high;low;high - low;568 a gallon, ranks it 17th on the list of state averages ;from high to low;.;
31103;yes;from X to Y;low;high;high - low; Now Panasonic's new microwave ovens use an inverter to create a constant level of microwave output, ranging ;from low to high;.;
10658;yes;from X to Y;high;low;high - low; Burncoat Head, at the top of the bay, regularly sees a 40-foot tide drop ;from high to low; water and occasionally over 56 feet.;
49044;yes;from X to Y;low;high;high - low; What about the movement ;from low to high;?;
20354;yes;from X to Y;high;low;high - low; I had to change the brightness ;from high to low;, which was the same case for @ @ @ @ @ @ @ @ @ @ full brightness, the battery dies out quickly.;
38955;yes;from X to Y;low;high;high - low; The care-system for homeless youth in Western-European countries varies ;from low to high; intensity approaches.;
46356;yes;from X to Y;low;high;high - low; This theory reflects Cairns's life journey ;from low to high; church.;
17300;yes;how X or Y;high;low;high - low; He says that as collective musicians using one drum, their voices @ @ @ @ @ @ @ @ @ @, no matter ;how high or low;, resonant or soft.;
49977;yes;how X or Y;high;low;high - low; While I ca n't tell you ;how high or low; you should set your goal, I will give you a few factors that will help you make that decision for yourself.;
33692;yes;how X or Y;high;low;high - low; Regardless of the arguments of ;how high or low; EROI is on nuclear power, the main reason why it is not higher is that it has not been economically viable.;
11258;yes;how X or Y;high;low;high - low; But justices, judges, lawyers, scholars, political leaders, and members of the clergy differ over ;how high or low; that wall should be.;
49699;yes;how X or Y;high;low;high - low; When you mandate your child to pay rent -- no matter ;how high or low; -- you are giving them @ @ @ @ @ @ @ @ @ @ money.;
49424;yes;more X than Y;high;low;high - low;" When asked whether "" conscientious objection to military @ @ @ @ @ @ @ @ @ @ citizenship, "" significantly ";more high than low; scorers on patriotism (66 percent vs.;
5061;yes;neither X nor Y;high;low;high - low;" <br> "" Sato Kenji, "" he said, his voice ";neither high nor low;, but cultured, clipped, quiet.;
25415;yes;whether X or Y;high;low;high - low; It is all cumulative, ;whether high or low; frequency.;
10367;yes;whether X or Y;high;low;high - low; Bobby Ray Inman's surprising withdrawal of his nomination as secretary of defense: To almost every politician, ;whether high or low;, all criticism is hostile criticism.;
23532;yes;X and Y;large;small;large - small; In his account of ;large and small; nations Tocqueville describes a greater balance in the distribution of human goods than the Antifederalists seem to appreciate.;
8395;yes;X and Y;large;small;large - small; And while there is n't space to list all the errors and absurdities, ;large and small;, some are deserving of special mention.;
52291;yes;X and Y;large;small;large - small; mess is but one example in a pattern of bad regulation that it says has caused auto insurers ;large and small; to lose money in New Jersey for years.;
9561;yes;X and Y;small;large;large - small; At this scale, ;small and large; components fail continuously and the way persistent state is managed in the face of these failures drives the reliability and scalability of the software systems.;
46590;yes;X and Y;large;small;large - small; Those reasons adults trot out arc convenient ways to silence the ;large and small; questions a child raises.;
8713;yes;X and Y;large;small;large - small; Are ;large and small; consumers of images benefiting?;
31943;yes;X and Y;large;small;large - small; One unit is larger than the other so they are called ;large and small; subunits.;
43253;yes;X and Y;large;small;large - small; There are ;large and small; moments where our hopes fall apart, and without the foundation of God's love, it's hard to find a place to stand.;
36607;yes;X and Y;large;small;large - small; Stretch baffles provided a comfortable, efficient fit for ;large and small; testers alike.;
40211;yes;X and Y;large;small;large - small; The implication, then, is that Disney will start mining some of those seventeen thousand characters for screens ;large and small;.;
2091;yes;X and Y;large;small;large - small;" "" In addition to a multiplatinum CD, Usher recently headlined a successful 40-city tour, which featured his much-praised two-hour; highenergy show that delighted some 15,000 screaming fans each night in ";large and small; cities across the country.;
12262;yes;X and Y;large;small;large - small; Carp and cod, ;large and small;, a variety of fish food.;
42442;yes;X and Y;large;small;large - small; The thousand-and-one errands, ;large and small;, that a jeep could perform suddenly seemed less useful.;
8701;yes;X and Y;large;small;large - small; Approximately 63% of the institutions @ @ @ @ @ @ @ @ @ @ and private, those with ;large and small; enrollment.;
28616;yes;X and Y;small;large;large - small; Like the Texans, the Redskins kill themselves with penalties and mistakes, ;small and large;.;
19009;yes;X and Y;small;large;large - small; Hospitals in ;small and large; MSAs were also restoring in-patient capacity that had been converted to other purposes, such as nursing or administrative offices, and converting existing capacity from less- to more-needed services.;
49004;yes;X and Y;small;large;large - small; What I learned is that many other ;small and large; cities are experiencing similar funding issues.;
10669;yes;X and Y;small;large;large - small; Businesess ;small and large;.;
52867;yes;X and Y;large;small;large - small; va, who was Jewish, recorded events ;large and small; in an increasingly desperate Europe.;
6821;yes;X and Y;large;small;large - small; All enterprises ;large and small; are recognizing the need for a community site, and Vovici is a company who can help them decide what works best.;
38834;yes;X and Y;large;small;large - small; The bones of their prey, ;large and small;, were abundant.;
17171;yes;X and Y;large;small;large - small; He never tired of directing the ;large and small; matters of state.;
32061;yes;X and Y;large;small;large - small; Opposite the bar is a line of booths, ;large and small; (the large ones comfortable, the small ones not).;
15377;yes;X and Y;large;small;large - small; For his part, Jimmy remained deferential to his father, consulting him on decisions ;large and small;.;
46986;yes;X and Y;large;small;large - small; To avoid disproportionately ;large and small; clusters, the data are presented in four-year periods except for the very early years (1800-19) and the last period of heavy Irish immigration (1840-41).;
1338;yes;X and Y;large;small;large - small;" "" Couples have differences ";large and small; -- some trivial, some fundamental, many complicated and interesting.;
16800;yes;X and Y;small;large;large - small; He had appreciated too many vistas, ;small and large;, had been struck by each as if each were an event.;
37435;yes;X and Y;large;small;large - small; That school board member then proceeded to try to block everything, ;large and small;, that I had before the school board.;
2264;yes;X and Y;large;small;large - small;" "" It was no big deal to him, but he figured since he was 61 it was best to bring up every ailment, ";large and small;.;
33025;yes;X and Y;large;small;large - small; Photograph Spiral galaxies sketched through telescopes ;large and small;.;
38824;yes;X and Y;large;small;large - small; The blower comes with two adapters for ;large and small; inflation holes and sells for $3.;
16241;yes;X and Y;large;small;large - small; Governments set boundaries which enabled cohesive growths of various scales of resources to tackle ;large and small; challenges.;
24383;yes;X and Y;large;small;large - small; Information has been provided by a series of interviews that were conducted with twenty-seven music educators who represented a cross section of Vermont schools -- elementary and secondary, rural and suburban, ;large and small;.;
46209;yes;X and Y;large;small;large - small; This portfolio of Post covers is a colorful reflection of the courage, pathos, humor dedication and fun repeated every autumn on thousands of fields, ;large and small;, over the years.;
36963;yes;X and Y;large;small;large - small; TOS are being aggressively interpreted, and or changed outright, pulling the rug out from underneath companies ;large and small; that have a made a serious commitment to and investment in a given platform.;
52810;yes;X and Y;large;small;large - small; those details, ;large and small;, can really ratchet up the stress.;
42921;yes;X and Y;large;small;large - small; The young aide quickly immersed himself in White House issues ;large and small; -- from overseeing the evacuation of Americans trapped in Lebanon to making Betty Ford more comfortable on the presidential helicopter.;
8255;yes;X and Y;large;small;large - small; And they must handle all issues, ;large and small;, in a manner that establishes and retains the trust of their senior administration colleagues.;
19184;yes;X and Y;large;small;large - small; How would you build a career like that when I think to be successful you need both, ie to feel just as comfortable with ;large and small; groups.;
28244;yes;X and Y;large;small;large - small; LIBOR and Euribor are relied upon by countless ;large and small; businesses and individuals who trust that the rates are derived from candid and reliable submissions made by each of the banks on the panels.;
33402;yes;X and Y;large;small;large - small; Punish women, ;large and small;, So war-men can stand up tall Force more children on a globe Overburdened, pain untold.;
48425;yes;X and Y;small;large;large - small; We have a friend who does something similar but its a combination of ;small and large; goals.;
13633;yes;X and Y;large;small;large - small; Doug Johnson, 40, has made big bets in stocks ;large and small; throughout his 10-year tenure at the helm of $470 million Safeco Equity.;
45586;yes;X and Y;large;small;large - small; This denominational machine provided services and identity for churches rural and urban, ;large and small;.;
16173;yes;X and Y;large;small;large - small; Goldacre proposes remedies ;large and small;, ways that all of us could do something to help solve this problem.;
9250;yes;X and Y;large;small;large - small; As these companies prosper, they pay more in taxes (yes, even at lower rates), enabling governments ;large and small; to start paying their bills better again.;
38186;yes;X and Y;large;small;large - small; The Make it in America Challenge builds on the administration's efforts to encourage companies -- ;large and small;, foreign and domestic, manufacturers @ @ @ @ @ @ @ @ @ @ States.;
41273;yes;X and Y;large;small;large - small; The pilot tests were administered to senior music education majors at nine sites, including ;large and small; public and private colleges.;
53504;yes;X and Y;small;large;large - small;", explained: "" Given the potential for high-speed, contactless, no-wear, stable levitation of ";small and large; rotors, superconducting magnetic bearings may become the first'sleeper'application of the high-temperature (superconductor) revolution.;
4813;yes;X and Y;small;large;large - small; 2 In passing the RFA, Congress found that federal regulations were applied uniformly to ;small and large; businesses regardless of the size of the regulated entities.;
23745;yes;X and Y;large;small;large - small; In particular, conduct ;large and small; group interventions that will help students develop their ability to self-regulate (i.;
51301;yes;X and Y;small;large;large - small; You should look at how to minimize this by considering the use cases for ;small and large; PLCs separately.;
49921;yes;X and Y;large;small;large - small;" Which brings me to the best @ @ @ @ @ @ @ @ @ @ Net "" Upwards of 10,000 real estate brokers, ";large and small;", are advertising homes on "" the Net.";
2167;yes;X and Y;small;large;large - small;" "" It has 12 speeds and comes with ";small and large; stainless steel bowls, plus beaters, wire whisks, and dough hooks.;
53171;yes;X and Y;large;small;large - small;) Bostick was especially proud of an ingenious transparent overlay that showed profiles of ;large and small; landing craft.;
34056;yes;X and Y;large;small;large - small; Russell, recently named 2006 Georgia Philanthropist of the Year -- who make donations, ;large and small;, to help African-American students further their education.;
11111;yes;X and Y;large;small;large - small; But if you open it a little more, so that there's a bit of turbulence in the flow, then you'll get alternating ;large and small; drops.;
44636;yes;X and Y;large;small;large - small; They could well be one of the primary ways many species adapt to their environments, outcompete their rivals, @ @ @ @ @ @ @ @ @ @ are pervasive in creatures ;large and small;.;
38719;yes;X and Y;large;small;large - small; The battles took on highly symbolic meaning for both sides, as victories, ;large and small;, were viewed as determining who were the rightful representatives of American culture and institutions.;
14559;yes;X and Y;large;small;large - small; Ewasyshyn, Chrysler's general manager of ;large and small; platform assembly.;
24834;yes;X and Y;large;small;large - small; It brings together nations ;large and small; and opens the house of democracy -- the commonwealth of free nations I have spoken about -- to all of Europe's peoples.;
33241;yes;X and Y;large;small;large - small; Preserving the world authority of the United Nations requires the fullest consultation, participation and engagement of all states, ;large and small;.;
8712;yes;X and Y;small;large;large - small; Arduino, Lynxmotion, Servocity are names and websites that you have probably never heard of are part of a an evolving ecosystem of ;small and large; companies like Analog devices, Maxim, and Intel.;
53543;yes;X and Y;large;small;large - small;, more ;large and small; events, and fewer of intermediate size) but not the event frequency or temporal distribution.;
8126;yes;X and Y;large;small;large - small; And the anecdotal evidence shows that all but @ @ @ @ @ @ @ @ @ @ of the budget cuts in ways ;large and small;.;
47600;yes;X and Y;large;small;large - small; Under the name GO-BIZ, we now have a point of contact at the highest level for businesses ;large and small;.;
45884;yes;X and Y;small;large;large - small; This is in fact the most amazing place to be - where great and simple truths are being tested and played out in ;small and large; ways every day.;
38410;yes;X and Y;large;small;large - small; The ability to trade goods and services online has helped companies ;large and small; to reach a global marketplace.;
28591;yes;X and Y;large;small;large - small; Like many working women, she is hard to pigeonhole, but perhaps the best way to understand her is as a survivor who has, for the most part, overcome adversities ;large and small;.;
13113;yes;X and Y;large;small;large - small;" Damchin has the honour to inform the Public, that she has just furnished this Hotel in the most modern and elegant style; it consists of ";large and small; suits of rooms, with coachhouses, stables, and every convenience.;
9192;yes;X and Y;large;small;large - small;" As such, SMBs, also called "" middle-market companies "" are halfway between the two extremes of ";large and small; businesses in terms of their desirability as clients.;
13954;yes;X and Y;large;small;large - small; Electricians and builders of old simply did not fathom the number of ;large and small; appliances found in most kitchens today.;
35382;yes;X and Y;large;small;large - small; Since its inception in the fall of 2010, Killer Infographics has produced over 750 viral infographics for companies ;large and small;.;
21120;yes;X and Y;large;small;large - small; I substituted the adjectives ;large and small; for those signs.;
7827;yes;X and Y;small;large;large - small; And i hope we will all be saying a prayer of contrition for the ways, ;small and large;, we have contributed to the dehumanization of everyone who does not agree with us.;
24895;yes;X and Y;small;large;large - small; It comes from ;small and large; businesses, public interest groups, state and local governments, and countless individual citizens.;
7455;yes;X and Y;large;small;large - small; An 11-member enforcement policy committee was formed that included a ;large and small; hauler, a small business owner, a multifamily tenant, a landlord, and representatives from two landfill facilities and Bluestem.;
23723;yes;X and Y;large;small;large - small; In our best days, we can feel the vibrancy of America's communities, ;large and small;.;
21142;yes;X and Y;large;small;large - small; I tell students that I will drop both, and that by combining two equations they have learned, they can predict how the acceleration of the ;large and small; masses will compare.;
9358;yes;X and Y;small;large;large - small; Assortment of 14,000 ;small and large; lights contributes to a larger 18-home display of more than 100,000 lights on Troy Street.;
18377;yes;X and Y;large;small;large - small; Here, too, then, intermittency will be the result of the direct interaction of ;large and small; scales.;
5358;yes;X and Y;large;small;large - small; @ @ @ @ @ @ @ @ @ @ in Europe and spent 22 days walking, and walking, and walking through cities ;large and small;.;
9497;yes;X and Y;large;small;large - small; At the end of the day, what really creates the wealth you need to retire is the long-term growth potential of companies ;large and small;.;
16285;yes;X and Y;large;small;large - small; Gray Davis wants to rush 5,000 megawatts of capacity into service by July through construction of ;large and small; power plants.;
522;yes;X and Y;large;small;large - small; ;large and small;, foreign and domestic, manufacturers and services firms?;
2365;yes;X and Y;large;small;large - small;" "" It's still a tug of war between the ";large and small;" caps, "" says S &P; analyst Massimo Santicchia.";
46717;yes;X and Y;large;small;large - small; Thousands of companies, ;large and small;, are pitching cost-saving ideas that range from electronic patient records to new medical devices.;
3677;yes;X and Y;large;small;large - small;" "" We try and understand molecules ";large and small;, why they behave the way they do, and then use that to our advantage.;
37359;yes;X and Y;large;small;large - small; That it had the substantive support of many ;large and small; non-aligned countries in its efforts to protect Indian national interest, is undeniable.;
10274;yes;X and Y;large;small;large - small; Bicycle companies ;large and small; have lately stepped in to meet that desire with bikes that are fun to ride and look stylish, no matter what you're wearing.;
9889;yes;X and Y;large;small;large - small; Because computers can not represent arbitrarily ;large and small; numbers without loss of precision, some limit is placed on how large a value of N f can be accurately computed.;
14053;yes;X and Y;small;large;large - small;" Equally importantly, the "" universal validity of the laws for ";small and large;" objects "" is an important consideration, indeed.";
29427;yes;X and Y;large;small;large - small; Members are faced with hundreds of decisions in both recorded and unrecorded votes, on the floor and in committee, on matters ;large and small;.;
13428;yes;X and Y;large;small;large - small; Directors of music programs were powers in the political and social structure of ;large and small; cities, towns, and villages.;
39350;yes;X and Y;large;small;large - small; The deal arms AOL and Sun with the soup-to-nuts means to build online businesses for merchants ;large and small;, while delivering millions of potential customers to their commercial clients'virtual shop doors.;
12952;yes;X and Y;large;small;large - small; Courtyards ;large and small;, at midlevel apartment buildings designed by Smith, Lapidus, Weese, and Pei and lined with now-mature trees by Sazaki and Kiley, make the neighborhood verdant and unique, Thom says.;
43739;yes;X and Y;large;small;large - small; There were kingfishers ;large and small;.;
3229;yes;X and Y;large;small;large - small;" "" The right of every businessman, ";large and small;, to trade in an atmosphere of freedom from unfair competition and domination by monopolies at home and abroad.;
29594;yes;X and Y;small;large;large - small; Mix and match ;small and large; plates (polenta with mushroom sauce, pickled vegetables, bi bim bop), but always order a slider.;
44755;yes;X and Y;large;small;large - small; They had to remove parts of her ;large and small; intestines.;
21793;yes;X and Y alike;large;small;large - small; I'll bet there are lots of stockbrokers, lawyers and business owners - ;large and small alike; - who often work 80-hour weeks.;
13863;yes;X and Y alike;large;small;large - small; Early stage money is critical to any new project -- ;large and small alike;.;
9061;yes;X as well as Y;small;large;large - small; As he did so it struck him that he had begun to imitate the behavior of his wife in ;small as well as large; matters.;
16060;yes;X as well as Y;small;large;large - small; Ghost influences on surviving species are particularly important in New Zealand because a horde of ;small as well as large; animals perished there in a catastrophe only a thousand years ago.;
24191;yes;X as well as Y;small;large;large - small; In this determination the group in question can be ;small as well as large;: international, transnational, national, regional, occupational, familial, or personal.;
16692;yes;X as well as Y;large;small;large - small; He discovered that most companies he dealt with, ;large as well as small;", wanted to avoid having a "" me-too "" product.";
23508;yes;X as well as Y;small;large;large - small; In general, shallowing-upward (subtidal to supratidal) sequences are very abundant and occur on ;small as well as large; scales (meters to hundreds of meters).;
19383;yes;X as well as Y;large;small;large - small; However, the final model, as approved by the regulators, could serve public as well as private, and ;large as well as small;, institutions.;
45496;yes;X or Y;large;small;large - small; This because restaurants will pick it up as a data point, ;large or small;.;
38304;yes;X or Y;small;large;large - small;" The Science of Morality, of Right Conduct, "" lays down the conditions of harmonious relations between individuals, and their several environments ";small or large;, families, societies, nations, humanity as a whole.;
44736;yes;X or Y;small;large;large - small; They grow ;small or large;, depending on what works best.;
19286;yes;X or Y;large;small;large - small; However, every town, ;large or small; has safe, reliable, 24 hour public transportation as far away is the outer suburbs and even the country.;
32991;yes;X or Y;large;small;large - small; Photograph // On water ;large or small;, the lipless crankbait has a reputation for quantity over quality, but it is a mistake to assume that large bass will not intercept a random cast.;
10697;yes;X or Y;small;large;large - small; But ;small or large;, we threw them away.;
51861;yes;X or Y;large;small;large - small; differences, however ;large or small;, into invidious social differences.;
16636;yes;X or Y;large;small;large - small; He could charm his way through an audience ;large or small;, then segue effortlessly to the intricacies of education reform and national health insurance.;
34448;yes;X or Y;small;large;large - small; Sharing the experience affords everyone the chance to glean some ;small or large; thing of immeasurable worth.;
49605;yes;X or Y;large;small;large - small; When the page loads, all files are rewritten to their original forms, and only the ;large or small; images are loaded as necessary.;
8381;yes;X or Y;large;small;large - small; And whether these allocations were ;large or small; would largely be a matter of constitutional indifference.;
30737;yes;X or Y;large;small;large - small; No subject is too ;large or small; for Lowe.;
7042;yes;X or Y;large;small;large - small; Almost everything that happened -- good or bad, ;large or small; -- had its direct source in the Creator.;
23719;yes;X or Y;large;small;large - small; In other words, we use either bigbinary or bigdecimal arithmetic, depending on whether we are converting ;large or small; magnitudes.;
9941;yes;X or Y;large;small;large - small; Because most ranges feature one big baking compartment, they eat up the same amount of power while heating up a dish, be it ;large or small;.;
10965;yes;X or Y;large;small;large - small; But equality of opportunity does not say whether the gap between the top rung of society and the bottom rung should be ;large or small;.;
44808;yes;X or Y;large;small;large - small; They knew that discomfort -- ;large or small; -- was a call to action.;
36030;yes;X or Y;small;large;large - small; Some of the exchangers noted that every contribution, ;small or large;, provided a temporary respite from prostitution activities.;
50850;yes;X or Y;large;small;large - small; Yet he is equally devoted to the direct encounter with a single object, ;large or small;.;
7500;yes;X or Y;large;small;large - small; An even bigger obstacle to worry-free shopping is the scarcity of sites, ;large or small;, that fully inform consumers about their security practices.;
28429;yes;X or Y;large;small;large - small; Let them go their separate ways, and each creates his own empire, ;large or small;, and devotes more time to the role of emperor than to the role of problem solver.;
8065;yes;X or Y;small;large;large - small; And so each example of African American resistance has represented a basic challenge, however ;small or large;, to the system.;
5687;yes;X or Y;small;large;large - small; A combination of deposit insurance and central bank intervention had effectively guaranteed that all of a commercial bank's liabilities, however ;small or large;, would be made whole.;
5084;yes;X or Y;small;large;large - small; <h> Agility -- Responsive / Minimal / HTML5 <h> Bromo @ @ @ @ @ @ @ @ @ @ clean, modern and Powerful Professional Premium HTML + CSS template suitable for ;small or large; businesses.;
11114;yes;X or Y;large;small;large - small; But if you're a business, ;large or small;, the license is even more important.;
51647;yes;X or Y;large;small;large - small; and all companies, no matter if they are ;large or small;, they all have the potential to do things right and things wrong.;
33435;yes;X or Y;large;small;large - small;" QUICK PICKS Best for most; fine for ";large or small; cleaning jobs: 1 Craftsman $110, CR Best Buy 2 Ridgid $150 6 Ridgid $100, CR Best Buy All three models are competent choices.;
19309;yes;X or Y;large;small;large - small; However, independent self-construal and idiocentric responses from the TST were not significantly correlated, and interdependent self-construal was not significantly related to percentage or to ;large or small; group responses as expected.;
45475;yes;X or Y;large;small;large - small; This arrangement should also work well whether you're right- or left-handed and whether your hand is ;large or small;.;
52923;yes;X or Y;small;large;large - small; were taught in ;small or large; groups).;
46753;yes;X or Y;small;large;large - small; Through arrangements with dozens of golf courses and lodging establishments along the Eastern Seaboard, the company customizes golf vacations and outings for ;small or large; groups.;
29016;yes;X or Y;large;small;large - small; Management, ;large or small;, can see what's profitable and what's causing the business to lose money.;
19633;yes;X or Y;large;small;large - small; I am by NO means ;large or small;.;
30714;yes;X or Y;large;small;large - small; No request is too ;large or small;.;
1478;yes;X or Y;large;small;large - small;" "" Founding a company gives you the opportunity to create an enterprise, be it ";large or small;, in which you know you are personally making a difference.;
32712;yes;X or Y;large;small;large - small; Patrick's, ;large or small;, gone unreported.;
14652;yes;X or Y;large;small;large - small; FUNDING MATTERS * Think Locally: Whether ;large or small;, businesses are often looking for opportunities to do good deeds in the community.;
13984;yes;X or Y;large;small;large - small; Emeriti offers one possible solution for nonprofit colleges and universities, public or private, ;large or small;"; HSAs are another.";
24881;yes;X or Y;small;large;large - small; It can illustrate zero, positive and negative numbers, and ;small or large; numbers.;
51055;yes;X or Y;large;small;large - small; You can read the reviews to see if the sizes run ;large or small;, which helps a lot.;
10636;yes;X or Y;large;small;large - small; Build some energizing activities, ;large or small;, into your life.;
47721;yes;X or Y;large;small;large - small; Unregulated disposal and transportation of medical waste, in ;large or small; quantities, ultimately affects everyone.;
39429;yes;X or Y;small;large;large - small; The difference: All CGI participants must sign a commitment, ;small or large;, outlining specific actions they'll take in the upcoming year.;
32170;yes;X or Y;small;large;large - small; Organic foods, whether from ;small or large; companies, are certainly a better choice than nonorganic, both for your family and the environment.;
45028;yes;X or Y;large;small;large - small; They then indicate, by pointing to a ;large or small; circle, whether they are a lot or just a little like that child or children.;
13389;yes;X or Y;large;small;large - small; Did the production function (the combination of factors needed to produce a given unit of output) favor ;large or small; holdings?;
30484;yes;X or Y;large;small;large - small; Nevertheless, the one point that Lucas stresses is that agents act rationally, but will still make mistakes (random) that can be ;large or small;.;
8588;yes;X or Y;large;small;large - small; Any donation, ;large or small;, will help.;
42200;yes;X or Y;large;small;large - small; The stock market was the magic solution to any problem, ;large or small;, and few problems were bigger than Social Security.;
24605;yes;X or Y;large;small;large - small; Invitations quickly went out, and on the day appointed a dozen ladies of 1220 Alpha arrived at Milly's, bearing gifts done up in ;large or small; boxes tied with white ribbons.;
33163;yes;X or Y;large;small;large - small; Politics is about change, or to speak frankly, let us say revolution -- ;large or small;, active or latent.;
5677;yes;X or Y;small;large;large - small; A child who seems otherwise healthy and energetic, however, is most likely to be ;small or large; for her age due to heredity and normal variations in growth rates.;
23378;yes;X or Y;large;small;large - small; In each of these places, ;large or small;, a few localisms might have been noted?;
30739;yes;X or Y;large;small;large - small; No tax in any amount, ;large or small;, can be levied to support any religious activities or institutions, whatever they may be called, or whatever form they may adopt to teach or practice religion.;
4579;yes;X or Y;small;large;large - small; // And Miss Lockwell always had some book about her, be it ;small or large; or thin or fat, with gilt-edged pages or a cracked leather cover or letters writ in gold down the spine.;
10671;yes;X or Y;large;small;large - small; Business consultants have found Edison to be a bountiful source of ideas and approaches, useful in the everyday world of companies, high or low tech, ;large or small;, technologically innovative or not.;
28708;yes;X or Y;large;small;large - small; Local ingredients and method are used across Europe to make a variety of ;large or small; dumplings, plain or flavoured with herbs, vegetables, spices or other ingredients.;
47988;yes;X or Y;large;small;large - small; Virginia Plan supporters wanted Congress's membership based on a state's population or @ @ @ @ @ @ @ @ @ @ ;large or small;, to have the same number of members.;
13574;yes;X or Y;large;small;large - small; Does it matter if the exposed population is ;large or small;?;
13849;yes;X or Y;large;small;large - small; Each will improve your life in some ;large or small; way.;
3724;yes;X or Y;large;small;large - small;" "" Weekends, after school, any job ";large or small;.;
46566;yes;X or Y;large;small;large - small; Those effects may be ;large or small;, but they are there nevertheless.;
11549;yes;X or Y;large;small;large - small; But the invention of the World Wide Web is creating a new digital economy, a globe-spanning network of information and services for almost every conceivable market, ;large or small;.;
49416;yes;X or Y;large;small;large - small; When and from where do Earth is poured into wooden forms, simple structures which can be as ;large or small; s you wish.;
36782;yes;X or Y;small;large;large - small; Such writers can model the healthy desire to affiliate oneself with a region -- named or unnamed, ;small or large;, cultivated or wild, lush or dry.;
24745;yes;X or Y;small;large;large - small; Israel undoubtedly has these weapons and can easily shut down electricity over a ;small or large; area in Iran or Egypt.;
5247;yes;X or Y;large;small;large - small; @ @ @ @ @ @ @ @ @ @ ;large or small;, has the capacity to fight the threat of drug smuggling by itself, international cooperation is essential.;
33159;yes;X or Y;large;small;large - small; Politicians ;large or small; can register their support in a public way through social media.;
37007;yes;X or Y;large;small;large - small; Take the time to investigate before making any purchases, ;large or small;.;
524;yes;X or Y;large;small;large - small; ;large or small;.;
41341;yes;X or Y;small;large;large - small; The possibility, however ;small or large;, that the US and Israel were, jointly, directly or indirectly responsible for this catastrophe exists.;
41815;yes;X or Y;large;small;large - small; The room is furnished with comfortable chairs, easily arranged in ;large or small; groups.;
23059;yes;X or Y;large;small;large - small; In Tucumin and Santiago del Estero, an important share of the land is also in large tracts, but it is not clear whether the ;large or small; farms have produced the environmental degradation.;
14569;yes;X or Y;large;small;large - small; Excellent conference facilities are designed to accommodate groups, ;large or small;.;
49810;yes;X or Y;large;small;large - small; Whether a shortage is ;large or small;, increasing or decreasing, the harms it creates will continue to expand as long as any shortage remains.;
10688;yes;X or Y;large;small;large - small; But ;large or small;, simple or complex, no organism lives alone.;
13793;yes;X or Y;small;large;large - small; Each disaster has stories about people from far away who did some ;small or large; thing that was meaningful to the people who are suffering.;
38290;yes;X or Y;large;small;large - small; The Romney campaign and the RNC had hoped to avoid this kind of floor flight, ;large or small;, during the convention.;
10092;yes;X or Y;small;large;large - small; Behind every decorating decision, ;small or large;", is the philosophy that informs all of her work: "" Use what you have.";
8731;yes;X or Y;small;large;large - small; Are there any disposals you can do, ;small or large;?;
39817;yes;X or Y;large;small;large - small; The flying @ @ @ @ @ @ @ @ @ @ inconceivable speed and become ;large or small;.;
30400;yes;X or Y;large;small;large - small; Nearly all of the more than twelve thousand graves, ;large or small;, ornate or simple, are distinctly Chinese in style.;
29925;yes;X or Y;large;small;large - small; Most people become happier with their lives when they take a risk, ;large or small;, and decide to enjoy themselves along the way.;
13791;yes;X or Y;large;small;large - small; Each day @ @ @ @ @ @ @ @ @ @ ;large or small;.;
31319;yes;X or Y;small;large;large - small; Obama has not been a friend to ANY businesses, ;small or large;, you dunce.;
36729;yes;X or Y;small;large;large - small; Such animals are frequently overlooked, yet ;small or large;, elder statesdogs prefer leisurely walks to aerobic exercise and prove ideal pets for people who have slowed down as well.;
52239;yes;X or Y;small;large;large - small; its so easy to get swept up with negative emotions when times are tough or just harde, and we forget to appreciate so many things, ;small or large;.;
45988;yes;X or Y;large;small;large - small; This is true for every business owner, be it on a ;large or small; scale or on an international or local scale.;
15344;yes;X or Y;large;small;large - small; For example, the students decided whether a nation was relatively ;large or small;, democratic or undemocratic, multicultural or monocultural, and reckless or cautious.;
41914;yes;X or Y;large;small;large - small; The school which the parents'children attend could be public or private, coeducational or single sex, ;large or small;", elementary or middle school; the specifics are not the important point.";
19840;yes;X or Y;small;large;large - small; I can find studies that support ;small or large; class sizes.;
27313;yes;X or Y;small;large;large - small; It's free, flexible, and easy to maintain for ;small or large; volume sites.;
11850;yes;X or Y;large;small;large - small; But whether your pores start out ;large or small;, cumulative sun exposure can affect their ultimate size, particularly once you reach your 40s, explains Mary P.;
37882;yes;X or Y;large;small;large - small; The 4500 is used on Ram 2500 and 3S00 models using the ;large or small; V8.;
40269;yes;X or Y;small;large;large - small; The instructor can model a project or present previously completed student projects to the class, which is divided into ;small or large; groups.;
42999;yes;X or Y;large;small;large - small; Their identities are intimately interwoven with a recognition of their condition as past and potential victims of some injury, ;large or small;, based on their race.;
21949;yes;X or Y;small;large;large - small; I'm not sure if that is ;small or large;.;
53200;yes;X or Y;large;small;large - small;) GHRI is constantly on the lookout for products that are life changers, in ways ;large or small;.;
34313;yes;X or Y;small;large;large - small; Selected works will be performed at the MENC national @ @ @ @ @ @ @ @ @ @ instrument, and ;small or large; vocal or instrumental ensemble.;
35770;yes;X or Y;small;large;large - small; So try to get an eye-grabbing, iconic image that can represent your project well whether it's ;small or large;.;
28952;yes;X rather than Y;small;large;large - small; Make hers personal rather than trendy, ;small rather than large;, silly rather than serious -- something only she can appreciate.;
7266;yes;between X and Y;small;large;large - small; Although national and district level plans suggest slight differences in building densities ;between small and large; Arab localities, nevertheless local outline plans apply the same building densities, which effectively convert the villages into urban localities.;
11542;yes;between X and Y;small;large;large - small; But the hard feelings ;between small and large; farmers date back to the industry's early days, according to Scowcroft.;
44797;yes;between X and Y;large;small;large - small; They increase the range of options for the millions of poor for whom the choice may not even be ;between large and small; livestock, but between microlivestock and no livestock at all.;
13006;yes;between X and Y;large;small;large - small; Critics charged that the railroads discriminated between communities and ;between large and small; shippers.;
41600;yes;between X and Y;large;small;large - small; The reason they ca n't exist in the real world is well known to biologists, who have made countless comparisons ;between large and small; organisms.;
15925;yes;between X and Y;large;small;large - small; Future economic growth will come from small companies and microenterprises, in part due to communications technologies that level the playing field ;between large and small; businesses.;
53657;yes;between X and Y;small;large;large - small;"001; I2 45%) but no clear difference in effects ";between small and large; trials (symmetrical funnel plot).;
44226;yes;both X and Y;small;large;large - small; These results suggest that Nmb is expressed in ;both small and large; diameter DRG neurons, but most Nmb + neurons have small-diameter somata.;
28290;yes;both X and Y;small;large;large - small; Large snags, however, accommodate ;both small and large; creatures.;
37096;yes;both X and Y;small;large;large - small; Telescopes ;both small and large; show M85 as an oval, silvery blur that suddenly brightens to an intense stellar core.;
23179;yes;both X and Y;small;large;large - small; In addition, ;both small and large; displacement* formulations have been attempted.;
22907;yes;both X and Y;large;small;large - small; In ;both large and small; ways, their social utterances are speech acts that express their own sense of places -- and also, inextricably, their own understandings of who they are.;
19020;yes;both X and Y;large;small;large - small; Houghton, who had lived in the building since 1947, had been the arts'biggest patron, founding organizations and donating millions to art institutions ;both large and small;.;
10136;yes;both X and Y;large;small;large - small; Being out-negotiated and out right scammed by stock agencies ;both large and small;"; 2.";
43392;yes;both X and Y;large;small;large - small; There are several simple and inexpensive steps you can take that will provide basic protection for your business and its infrastructure in the case of misadventures ;both large and small;.;
5263;yes;both X and Y;large;small;large - small; @ @ @ @ @ @ @ @ @ @ God creates all plant life ;both large and small;.;
942;yes;both X and Y;large;small;large - small;" "" Ad-supported ventures, ";both large and small;, will fail because they do n't connect with people.;
9332;yes;both X and Y;large;small;large - small; Aside from that other thing we do between the sheets, sharing a bed involves countless negotiations on matters ;both large and small;.;
14775;yes;both X and Y;large;small;large - small; Featuring pockets ;both large and small;, Scottevest's coat comfortably fits phones, tables, bluetooths and any other device necessary to stay connected.;
38983;yes;both X and Y;large;small;large - small; The cells are multipolar, ;both large and small;"; those of the lentiform nucleus contain yellow pigment.";
15238;yes;both X and Y;large;small;large - small; For better or worse, companies ;both large and small; are doing more with lless.;
48569;yes;both X and Y;large;small;large - small; We need a new, larger, more flexible space where groups ;both large and small; can practice.;
2331;yes;both X and Y;large;small;large - small;" "" It's critical that Congress and the President act quickly on the issues related to the fiscal cliff -- and do so in a way that returns confidence for consumers, ";both large and small;.;
41925;yes;both X and Y;large;small;large - small; The sea at the mouth of the strait was filled with ships ;both large and small;, vying with one another for room to fight.;
41951;yes;both X and Y;large;small;large - small; The second track was the Committee of the Whole, consisting of meetings of ;both large and small; groups of NGOs and others.;
7395;yes;both X and Y;small;large;large - small; American Express and Dreyfus earn As for innovative new programs that offer ongoing counsel to ;both small and large; investors at competitive prices.;
14817;yes;both X and Y;small;large;large - small; Ferrous and nonferrous metals are recovered from ;both small and large; fractions.;
28774;yes;both X and Y;large;small;large - small; Looking for ways to cut costs, companies ;both large and small; are turning to telemarketing.;
48036;yes;both X and Y;large;small;large - small; WIRE BASKET: BAGLEY @ @ @ @ @ @ @ @ @ @ felt in ways ;both large and small;.;
12214;yes;both X and Y;large;small;large - small; Can it be that more of us are more aware of time in ;both large and small; dimensions than ever before?;
21485;yes;both X and Y;large;small;large - small; I was an MBA grad not too long ago and have worked for high tech and not-so-tech-oriented organizations, ;both large and small;.;
36735;yes;both X and Y;small;large;large - small; Such civically motivated behavior is consistent with ;both small and large; anonymous contributions to charity.;
8989;yes;both X and Y;small;large;large - small; As an educator that has had 100% his students pass state tests with excellence on the first attempt, I have had similar results with ;both small and large; classes.;
19614;yes;both X and Y;large;small;large - small; I am afraid that a change would, in effect, become a popularity contest between the arts organizations, ;both large and small;, for funding.;
53515;yes;both X and Y;large;small;large - small;, has been found to be applicable to ;both large and small; process improvement efforts.;
4999;yes;both X and Y;large;small;large - small; 6-8), as well as his family of people in ;both large and small; versions, since our children were then quite small themselves and wanted a play set (Figs.;
38645;yes;both X and Y;large;small;large - small; The associated shame has at times controlled their lives, impacting decisions ;both large and small;, from whether to venture outside on a windy day to whether to marry.;
6509;yes;both X and Y;large;small;large - small; After 1974, ;both large and small; tags were used to tag juveniles.;
24254;yes;both X and Y;large;small;large - small; In ways ;both large and small;, each and every one of you has cast your light upon this house and left it and our country brighter for it.;
46467;yes;both X and Y;large;small;large - small; This widespread distribution makes them available to fishermen in boats ;both large and small;.;
14583;yes;both X and Y;large;small;large - small; Excessive regulations have driven many businesses, ;both large and small;, out of State.;
53208;yes;both X and Y;large;small;large - small;) His opinionated and entertaining diary records events ;both large and small;.;
4633;yes;both X and Y;large;small;large - small; // PESTS We share this planet with billions of creatures ;both large and small;.;
35385;yes;both X and Y;small;large;large - small; Since most schools and many classrooms have access to a television set, the @ @ @ @ @ @ @ @ @ @ the television screen, ;both small and large; classes can be accommodated.;
34551;yes;both X and Y;large;small;large - small; She exhibits ;both large and small; works regularly in the Kneeland Gallery, in Sun Valley, Idaho, and at her own gallery, Molly Martin Gallery, in Jackson, Wyoming.;
15922;yes;both X and Y;small;large;large - small; Furthermore, we find limited evidence for geometric similarity of limb robusticity in ;both small and large; size class samples.;
9129;yes;both X and Y;large;small;large - small; As more workers reach the official retirement age in the coming years, companies ;both large and small; will face the prospect of a serious memory drain.;
25687;yes;both X and Y;large;small;large - small; It is so absolutely REFRESHING in this day and age of rip-off artists, ;both large and small;, to find an ethical company that does quality work, stands by its product, and gives awesome'after care!;
15519;yes;both X and Y;small;large;large - small;" For the first decade or so, we experimented; we made various kinds of grants, ";both small and large;, and for different lengths of time.;
4867;yes;both X and Y;small;large;large - small; 25 There is the sea, great and wide, in which are innumerable living things, ;both small and large; animals.;
53308;yes;both X and Y;large;small;large - small;) While river systems ;both large and small; in the northeastern two-thirds of the continent appear to exemplify the tendency of low latitudes to be species rich, other South American rivers do not.;
12805;yes;both X and Y;large;small;large - small; Consider ways of making the most of visits to permanent collections and special exhibitions in ;both large and small; museums.;
9653;yes;both X and Y;large;small;large - small; Ayer, and General Motors, I had the opportunity to study selling with many organizations ;both large and small;, either as an employee, advertising-agency executive, or consultant.;
43819;yes;both X and Y;large;small;large - small; There's certainly no shortage of disagreements ;both large and small; within feminism.;
11307;yes;both X and Y;small;large;large - small; But much remains to be done, despite the privatization auction of ;both small and large; firms.;
32335;yes;both X and Y;large;small;large - small; Our government, accounting system, tax system is set up to benefit mainly corporations, ;both large and small;!;
7739;yes;both X and Y;large;small;large - small; And despite that fiscal crisis, he has been successfully partnering with companies, ;both large and small;, to help Illinois reach our economic potential.;
10883;yes;both X and Y;large;small;large - small; But as you leave here today, remember the lessons of Cardinal Bernardin, of Father Hesburgh, of movements for change ;both large and small;.;
1592;yes;both X and Y;large;small;large - small;" "" He says the vast majority of organic manufacturers, ";both large and small;", make their products "" with a high degree of integrity.";
9305;yes;both X and Y;small;large;large - small; As with foreshadowing, parallelisms occur on ;both small and large; scales in the novel.;
18763;yes;both X and Y;large;small;large - small; His night vision was excellent and the moonlight and lightening skies allowed ;both large and small; details to be revealed.;
4954;yes;both X and Y;large;small;large - small; 43 As long as industrial society remains dependent on petroleum, oil spills ;both large and small; will continue to exist.;
42125;yes;both X and Y;large;small;large - small;" The songs and stories in the round event promises to prescribe in venues "" ";both large and small;, grand and humble.;
4749;yes;both X and Y;large;small;large - small; 124), we chose employers, ;both large and small;, who have policies geared specifically towards working parents.;
33408;yes;both X and Y;large;small;large - small; Purchase inexpensive empty cans, ;both large and small;, from a home-improvement store.;
16502;yes;both X and Y;large;small;large - small;" Having spent the last 30 years working within and with "" Innovation "" oriented companies ";both large and small;, here are a few observations on the differences.;
48388;yes;both X and Y;large;small;large - small; We had conversations with about a thousand of our member companies, ;both large and small;.;
28855;yes;both X and Y;small;large;large - small;" Ludwick calls the new mix "" an all-channel strategy, "" meaning it will give Bay Networks a broad reach to ";both small and large; customers.;
54075;yes;both X and Y;large;small;large - small;There is the sea, vast and spacious, teeming with creatures beyond number -- living things ;both large and small;.;
28418;yes;both X and Y;small;large;large - small; Let it just be said that the book contains a perplexing number of such factual errors, ;both small and large;.;
22127;yes;both X and Y;large;small;large - small; If ;both large and small; particles are distributed within the same area, it is likely that the debris is old, and has been dispersed by the gravitational pull of planets the comet has passed.;
25789;yes;both X and Y;large;small;large - small; It just needs sweepers, ;both large and small;, and threats that are persistent, yield immediate advantage, or have the potential to get bananas.;
35400;yes;both X and Y;large;small;large - small; Since that time, well over a hundred have been built in American cities, ;both large and small;.;
23541;yes;both X and Y;small;large;large - small; In his more recent career he has coached many senior executives in ;both small and large; organisations in areas such as strategy, human resources, organisational design and performance improvement.;
36435;yes;both X and Y;small;large;large - small; Standing in awe, my body felt ;both small and large;.;
31555;yes;both X and Y;large;small;large - small; On average, undeveloped reserves among ;both large and small; oil drillers followed by Spohn's outfit come in at 23% of total reserves.;
53794;yes;both X and Y;large;small;large - small;4 million men hoisted barbells, lifting things ;both large and small; at a gym or at home.;
42959;yes;both X and Y;large;small;large - small; Their data show a long, gradual decline of ;both large and small; animals, with no signs of hunting.;
20475;yes;both X and Y;large;small;large - small; I have seen this in practice in ;both large and small; companies.;
30781;yes;both X and Y;small;large;large - small; Noisemakers wearing garish costumes of papier mache and crepe paper and extravagant headdresses sway and dance in groups ;both small and large;.;
24255;yes;both X and Y;large;small;large - small; In ways ;both large and small;", then, Hassall's presentation of Moulsworth in the sermon sometimes departs from Moulsworth's own presentation of herself in the "" Memorandum.";
54047;yes;both X and Y;large;small;large - small;Pennsylvania is the headquarters of ;both large and small; tech firms, including computer software company NextGen Healthcare Information Systems, and 3D laser-scanning company Quantapoint.;
29712;yes;both X and Y;large;small;large - small; More than 450 computer models from ;both large and small; manufacturers have met the EPA standards.;
40221;yes;both X and Y;small;large;large - small; The in-situ inspection transmits real-time color video in ;both small and large; diameter pipelines or tunnels.;
15133;yes;both X and Y;large;small;large - small; For ;both large and small; operators, their advantages are unescapable.;
53267;yes;both X and Y;small;large;large - small;) So, the idea that it's only been 50 years, and I'm turning 30 in just two years, seems ;both small and large; at the same time.;
31243;yes;both X and Y;large;small;large - small; Now, it is a routine occurence, in vessels ;both large and small;, and of astonishing variety.;
32436;yes;both X and Y;large;small;large - small; Out in the ocean, though, reefs are constantly being picked at by other organisms, ;both large and small;.;
44665;yes;both X and Y;small;large;large - small; They do n't have to be big, but you have to have milestones ;both small and large; that will show you that you're on the right track.;
16538;yes;both X and Y;large;small;large - small; He also is a brilliant inventor of all sorts of gadgets, ;both large and small;, that help them out of threatening situations.;
14721;yes;both X and Y;large;small;large - small; Far more important has been the growing international demand for Canadian cultural goods and services, and acceptance by individual artists and companies, ;both large and small;, of the challenge of the global marketplace.;
959;yes;both X and Y;large;small;large - small;" "" After the success of the Micra, Nissan is considering CVT for ";both large and small;" cars, "" he noted.";
27721;yes;both X and Y;small;large;large - small; Its deteriorating appearance results from abandoned buildings, vacant parcels and parking lots, yet there are many sound buildings, ;both small and large;, some of architectural and historic significance.;
10084;yes;both X and Y;large;small;large - small; Before you ask, I have run businesses ;both large and small;.;
1319;yes;both X and Y;large;small;large - small;" "" Combinations of forts, swings, slides, and playhouses are available nationwide from ";both large and small; manufacturers.;
10808;yes;both X and Y;large;small;large - small; But MongoDB was one of a few NoSQL databases designed to be used in ;both large and small; projects.;
47083;yes;both X and Y;large;small;large - small;" To his surprise, the agency got back to him fairly quickly with a candidate who on paper seemed ideal; he even had experience at companies ";both large and small;.;
48709;yes;both X and Y;small;large;large - small; We wait for the cues and signals, ;both small and large;, that will reveal the intentions, proclivities, and (dare I say it?;
39470;yes;both X and Y;large;small;large - small; The dividends to ;both large and small; districts were substantial.;
46477;yes;both X and Y;large;small;large - small; This will happen at ;both large and small; scales.;
44131;yes;both X and Y;large;small;large - small; These ionic nutrients came from the groundwater that such plants soaked up and that wild game, ;both large and small;, drank when thirsty.;
9741;yes;both X and Y;small;large;large - small; Banks, ;both small and large;, need experienced vendors that can provide a web portal solution with a short time-to-market.;
31290;yes;both X and Y;large;small;large - small; Numerous other lithium-polymer battery makers - ;both large and small; - are joining the race to develop affordable, energy-dense packs for a wide range of portable electronic applications, including the next generation of power tools.;
38140;yes;both X and Y;small;large;large - small; The Japanese are experts at tucking and skewering fillets and whole fish, ;both small and large;.;
8413;yes;both X and Y;large;small;large - small; And with the numerous bodies of water -- ;both large and small; -- New York State has to offer anglers, there are plenty of opportunities to go it alone or take the family.;
50045;yes;both X and Y;large;small;large - small; While many may view internet based applications as an established field, its really in its infancy giving entrepreneurs ;both large and small; an amazing opportunity to see their ideas reach fruition.;
27141;yes;both X and Y;large;small;large - small; It's a rather dry, textbook-like chronicle of historical events ;both large and small;.;
4903;yes;either X or Y;small;large;large - small; 3 steel proved the best all-around duck load (for hunting where ;either small or large; species may come over) and that BBB is best for most sizes and species of geese.;
38427;yes;either X or Y;small;large;large - small; The action is also intended to achieve a specific positive environmental outcome, ;either small or large; (Emmons, 1994).;
4262;yes;either X or Y;large;small;large - small; (b) Small sandboxescan be located in ;either large or small; playrooms.;
30821;yes;either X or Y;small;large;large - small; Nonlinear theory says that @ @ @ @ @ @ @ @ @ @ push can produce ;either small or large; oscillations.;
43158;yes;either too X or too Y;large;small;large - small;" Then said he to himself, "" Whose ever foot this shoe exactly fits, without being ";either too large or too small;, I will take her for my wife.;
6305;yes;either too X or too Y;large;small;large - small; According to the 2010 census, there are 5912 people over 18 in San Miguel (which is ;either too large or too small; today).;
2903;yes;from X to Y;large;small;large - small;" "" Soon after, she began to vary her steps ";from large to small;", and little mincing steps were "" very small.";
40115;yes;from X to Y;large;small;large - small; The horizontal axis represents a continuum from physical to social structure and processes, and the vertical axis represents a continuum of scale ;from large to small;.;
33709;yes;from X to Y;large;small;large - small; Regions are much more complex arrangements than the one-way progression ;from large to small;.;
9644;yes;from X to Y;small;large;large - small; Award amounts range ;from small to large; sums, so @ @ @ @ @ @ @ @ @ @ tuition costs, or bear the brunt of your costs.;
41865;yes;from X to Y;small;large;large - small; The same is true for governments, which have a different set of capabilities and constraints from individuals, households and businesses that also vary ;from small to large; and from the local to the federal level.;
20559;yes;from X to Y;large;small;large - small; I imagine all manner of these reactors ;from large to small;, integrated into our cities and industrial facilities.;
47547;yes;from X to Y;small;large;large - small; UNLIKE WATER OR SPACE HEATING, a home's total electrical usage is the sum of many footprints, ;from small to large;.;
36631;yes;from X to Y;small;large;large - small; Students copy stars (in pencil) and patterns ;from small to large; map section by section.;
16361;yes;from X to Y;large;small;large - small; HOW TO MEET IN THE MIDDLE To get him to reminisce with you, start by recalling the factual parts of the event, ;from large to small;.;
18033;yes;from X to Y;large;small;large - small; Her gardens range ;from large to small;, from Buckhead mansions to Midtown terraces, all with one thing in common: They must be not only beautiful but also practical.;
42632;yes;from X to Y;small;large;large - small; The vast social and moral significance attached to the temporary shift ;from small to large; female waists around 1913 has always been laughable.;
36959;yes;from X to Y;small;large;large - small; TIN CANISTERS Painted containers from the 1930s and'40s usually came in sets ranging ;from small to large;.;
43071;yes;from X to Y;small;large;large - small; Their wavering reflections grew ;from small to large; as they all approached the mirrored windows.;
42319;yes;from X to Y;small;large;large - small; The surface of the table unfolds like a puzzle and goes ;from small to large; with @ @ @ @ @ @ @ @ @ @ underneath the main tabletop.;
15288;yes;from X to Y;small;large;large - small; For example, a catching station should have balls ranging in size ;from small to large;, from light to heavy, and from foam to rubber.;
34214;yes;from X to Y;small;large;large - small; Scientists call the rate at which these fluctuations change ;from small to large;" scales the "" spectral index.";
48270;yes;from X to Y;small;large;large - small; We came to the conclusion that you must cover the full segment of cars and trucks, ;from small to large;.;
33645;yes;from X to Y;small;large;large - small; Recipes progress from simple to complex, and ;from small to large; dishes.;
34584;yes;from X to Y;small;large;large - small; She got right back in the groove and for two solid years she has been in our community at every event ;from small to large;.;
41054;yes;from X to Y;large;small;large - small; The ones listed in the chart give a range of sizes ;from large to small;.;
44612;yes;from X to Y;small;large;large - small; They come in different sizes, too, ;from small to large;.;
32981;yes;from X to Y;large;small;large - small; Photograph // Build your tower of couplings ;from large to small;.;
2160;yes;how X or Y;large;small;large - small;" "" It did not matter ";how large or small; the business, it should be good for society as a whole.;
10333;yes;how X or Y;large;small;large - small; Blessings to each and every one of you, no matter ;how large or small; your contribution!;
25949;yes;how X or Y;large;small;large - small; It obviously elicited a response from you -- no matter ;how large or small; -- so I did my job.;
19672;yes;how X or Y;large;small;large - small; I am not gon @ @ @ @ @ @ @ @ @ @, or ;how large or small; is your peer group.;
13524;yes;how X or Y;small;large;large - small; Do they exercise good decision-making skills no matter ;how small or large; the decision?;
46267;yes;how X or Y;large;small;large - small; This result is, as we have emphasized, independent of ;how large or small; P(FN) is.;
50478;yes;how X or Y;large;small;large - small; With oblique light, every ridge casts shadows in its adjacent valley, no matter ;how large or small; the subject is.;
49711;yes;how X or Y;large;small;large - small; When you think about it, no business no matter ;how large or small; will stay in business if the consumer does not support it by purchasing its goods or services.;
36951;yes;how X or Y;large;small;large - small; THE WATCHDOGS THAT DID N'T BARK Every mutual fund, no matter ;how large or small;", has a board of directors (or "" trustees "").";
12014;yes;how X or Y;large;small;large - small; By dividing the estimate of the between-schools variance by that of the total variance, an intraclass correlation rho was obtained (Kish, 1965) that signified ;how large or small; the differences between schools were proportionally.;
28388;yes;how X or Y;large;small;large - small; Left to its own devices, the economy -- no matter ;how large or small; -- always inflicts some unfairness on those who do n't own a lot of stock.;
51337;yes;how X or Y;large;small;large - small; You will increase your search engine rankings by including a site map, no matter ;how large or small; your site.;
17129;yes;how X or Y;large;small;large - small; He loves to give recognizion, no matter ;how large or small;.;
37557;yes;how X or Y;small;large;large - small; That's a formula for defeat if there ever was one, no matter ;how small or large; the scale of operation.;
24804;yes;how X or Y;large;small;large - small; It always feels good when you stick with something because each success, no matter ;how large or small;, helps to keep you moving towards your goal.;
30533;yes;how X or Y;large;small;large - small; Newtonian gravity describes the force of attraction between any two objects anywhere in the universe, no matter where they are found, what they are made of, or ;how large or small; they may be.;
49670;yes;how X or Y;large;small;large - small; When we speak sincerely to Him, He will answer us through His Spirit and help us through our problems, no matter ;how large or small;.;
19673;yes;how X or Y;large;small;large - small; I am not gon na be a dick and speculate about who you know, or ;how large or small; is your peer group.;
26992;yes;more X than Y;large;small;large - small; It's ;more large than small;.;
42334;yes;neither X nor Y;large;small;large - small; The swell of her breasts was ;neither large nor small;.;
29847;yes;whether X or Y;large;small;large - small; Most meteoroids, ;whether large or small; @ @ @ @ @ @ @ @ @ @ velocity needed to escape from the Solar System, 42 kilometers per second (26 miles per second).;
53421;yes;whether X or Y;large;small;large - small;", "" topolect "" -- ";whether large or small;).;
4665;yes;whether X or Y;small;large;large - small; // Whatever tasks Yette sets out to perform, ;whether small or large;, require her to exercise an enormous amount of patience.;
54010;yes;whether X or Y;large;small;large - small;Every girl ought to have a lozenge pattern Juicy Couture package ;whether large or small;.;
30485;yes;whether X or Y;small;large;large - small; Nevertheless, the success of any group that has experienced oppression must develop communities around the principle of business enterprise, ;whether small or large;.;
48570;yes;whether X or Y;small;large;large - small; We need a one size fits all ;whether small or large; system as in the end we must support them all.;
34321;yes;whether X or Y;large;small;large - small; Seminaries, ;whether large or small;, conservative or liberal, have more in common with each other than with the churches they serve.;
54001;yes;whether X or Y;small;large;large - small;As if everyone had a part in it ;whether small or large;.;
6127;yes;X and Y;long;short;long - short; A three-day weekend of autumn bicycling on rolling hills with ;long and short; ride options each day.;
13405;yes;X and Y;long;short;long - short; Differences between the 1-bridle/long and short, 2-bridle/;long and short;, and between the 1-bridle/long and 2-bridle/long treatments were not remarkable.;
47016;yes;X and Y;short;long;long - short; To better facilitate the conversation between us, she has developed a system of ;short and long; bursts of electrical charge in groups of four to represent letters and numerals.;
37715;yes;X and Y;long;short;long - short; The ;long and short;" of it being we were not necessarily talking about our own area of "" expertise "".";
44160;yes;X and Y;short;long;long - short; These methods can produce MA in under two hours, but as John indicated, result in @ @ @ @ @ @ @ @ @ @ detailed contrast of ;short and long; methods.;
5123;yes;X and Y;long;short;long - short; <p> A warm August weekend At the early morning trailheads, casual hikers are setting off on ;long and short; loops.;
7173;yes;X and Y;long;short;long - short; Alternating rhythms of ;long and short; are an important facet of Hemingway's and Chandler's styles beyond the scope of this article but worth pursuing.;
26560;yes;X and Y;short;long;long - short; It was generally believed that the economy would stabilize at a level consistent with full employment of these resources in both the ;short and long;" run; there would be little cyclical unemployment.";
37721;yes;X and Y;long;short;long - short; The ;long and short;" of it is, "" pay enough so that money is n't an issue, then give your employees high recognition, autonomy, and the opportunity to learn and grow, "" and watch them excel.";
36726;yes;X and Y;short;long;long - short; Such an assessment could be helpful in tailoring ;short and long; term career plans.;
36655;yes;X and Y;short;long;long - short; Study after study have shown that it @ @ @ @ @ @ @ @ @ @ too much there are ;short and long; term consequences.;
49156;yes;X and Y;short;long;long - short; What is your ;short and long; term goal?;
26780;yes;X and Y;long;short;long - short; It will be available in ;long and short; versions, but even the longer version -- which will have the third row of seats -- will be shorter than the best-selling minivans.;
52683;yes;X and Y;long;short;long - short; the ;long and short; truth is simple: we do not really know.;
14034;yes;X and Y;long;short;long - short; Entry fees for the ;long and short; distances are US$190 (AED 695) and US $130 (AED 475) respectively, while Sprint course rates are @ @ @ @ @ @ @ @ @ @ (AED440) for a team.;
5459;yes;X and Y;long;short;long - short; @ @ @ @ @ @ @ @ @ @ tools, such as ;long and short; blades, three screwdrivers, can opener, wire cutter, needle-nose pliers, and more.;
17672;yes;X and Y;short;long;long - short; He would be a big upgrade on a declining Shane Victorino in both the ;short and long; term.;
10188;yes;X and Y;long;short;long - short; Bernie and I have been inspecting our books - and the ;long and short; of it is, we can not survive with our current losses, so.;
32680;yes;X and Y;long;short;long - short; Parties would prepare by reflecting on ;long and short; term goals for their country and for Asia.;
21327;yes;X and Y;long;short;long - short; I try every day to stay organized but the ;long and short; of this.;
49237;yes;X and Y;short;long;long - short; What were the ;short and long; @ @ @ @ @ @ @ @ @ @ a role did changes in ownership structure, such as the rise of township and village enterprises play?;
39052;yes;X and Y;long;short;long - short; The climate is getting unbearable, that's the ;long and short; of it.;
43933;yes;X and Y;short;long;long - short; These ;short and long; wires, skewed and seemingly tangled, suggest the chaos of windblown movement.;
8112;yes;X and Y;long;short;long - short; And that's the ;long and short; of it.;
2901;yes;X and Y;long;short;long - short;" "" Soon I spent nights in the postal relay tower on a hill above the village, typing Morse code, jerky alterations of ";long and short; beeps, and talking on the radio.;
39179;yes;X and Y;long;short;long - short; The concurrent validity comparing the ;long and short; forms across each of the five scales was strong (rs =.;
23090;yes;X and Y;short;long;long - short; In a contact map representation of the protein 3D structure, all the ;short and long; range interactions promoting protein stability emerge to different extent depending on the threshold value adopted to compute the 2D projection.;
6066;yes;X and Y;short;long;long - short; A small Virginia firm that Zadeh describes as up-and-coming, RTA hedges by owning ;short and long; positions-in different stocks, of course.;
52037;yes;X and Y;short;long;long - short; how about health insurance and liability coverage and ;short and long; term disability insurance costs that US employers are avoiding?;
37717;yes;X and Y;long;short;long - short; The ;long and short;" of it is playing the game means taking the risks; avoiding the risks means avoiding the game.";
30516;yes;X and Y;long;short;long - short; New software lets you read ;long and short; works online.;
20203;yes;X and Y;long;short;long - short; I felt a pattern of ;long and short; pulses like a simple code I had learned in childhood.;
37723;yes;X and Y;long;short;long - short; The ;long and short;" of why she chose it: "" It's simple.";
40943;yes;X and Y;long;short;long - short; The next days are crucial, @ @ @ @ @ @ @ @ @ @ more ;long and short; range missiles, we are obliged to put our boots in Gaza again.;
25446;yes;X and Y;short;long;long - short; It is an indication of the child's present level of performance, ;short and long; term goals and objectives, additional services and supports for the child within the regular education environment and criteria for determining progress.;
8111;yes;X and Y;long;short;long - short; And that's probably the ;long and short; of it.;
53097;yes;X and Y;long;short;long - short;'Or invent different letters for the ;long and short; sounds of vowels, so that the'a'in'cat'and the'a'in'cake'would be different letters.;
24896;yes;X and Y;long;short;long - short; It comes in ;long and short; versions from.;
25927;yes;X and Y;short;long;long - short; It must be noted that legal intervention is not precluded but views such intervention in the context of the child's overall, ;short and long; term needs, as well as the needs of other children in the community.;
8448;yes;X and Y;short;long;long - short; And you'll see how a fund did in comparison with others over both the ;short and long; terms.;
3740;yes;X and Y;long;short;long - short;" "" What does it mean to you both for the ";long and short; term?;
13357;yes;X and Y;short;long;long - short; Development cooperation should promote, in the ;short and long; terms, the development of more integrative, community-based programs to benefit the local people and enhance their abilities to be self-reliant and productive.;
41102;yes;X and Y;long;short;long - short; The oral methods of assessment include oral examination/viva, observed and unobserved ;long and short; cases, objective structured clinical examination (OSCE), objective structured practical examination, portfolios and logbooks.;
33840;yes;X and Y;short;long;long - short; Results show that both the ;short and long; axes of the catalytic bipyridine ring tilt further toward the TiO 2 (001) surface as the number of methylene groups in the anchoring groups increases.;
44118;yes;X and Y;short;long;long - short; These include goal setting, ;short and long; term planning, projecting and defining rewards.;
37463;yes;X and Y;short;long;long - short; That suspension is reportedly being updated on the 1995 Explorer by an independent front suspension that uses ;short and long; arms, which likely will be shared with most Ford light trucks and sport utilities.;
37713;yes;X and Y;long;short;long - short; The ;long and short; beeps.;
10525;yes;X and Y;long;short;long - short; Both pieces of evidence suggest that ;long and short; bursts come from different sources.;
37803;yes;X and Y;short;long;long - short; The ;short and long; of it is, looking historically, you'll find that scientists take a pinch of data, paint a big picture and hold their hands out for more grants and funds to continue research.;
36481;yes;X and Y;short;long;long - short; Steadiness, inserting ;short and long; pins correlated positive with the average Fmax when tested on the right, the left and on both hands simultaneously.;
31026;yes;X and Y;long;short;long - short; Note that the names of the primitive types (boolean, byte, char, double, float, int, ;long and short;) are all keywords.;
48051;yes;X and Y;long;short;long - short; WalMart will ALWAYS have the best price on low-line work @ @ @ @ @ @ @ @ @ @ ;long and short; sleeve shirts in tan, blue, and green.;
922;yes;X and Y;short;long;long - short;" "" A mix of ";short and long; layers is an absolute must for movement.;
40319;yes;X and Y;short;long;long - short;" The job market is tough, but I'm confident you can find something with the degree you have that will pay dividends in defining "" who you are "" over both the ";short and long; term.;
14661;yes;X and Y;long;short;long - short; Faced with several ;long and short; term network management options, the MITRE ULANA specification team initiated an effort with substantial vendor participation called the NETMAN working group.;
52544;yes;X and Y;short;long;long - short; see this as an opportunity for businesses to work toward building customer value in both the ;short and long; term.;
46621;yes;X and Y;long;short;long - short; Those who enter the stock market's friend, I once again remind you: always the ;long and short; forever, sooner or later the market would be eliminated, only the market's slick, can ever survive.;
33261;yes;X and Y;short;long;long - short; Pretty clearly in the USA monetary policy has been aimed to reduce ;short and long; term interest rates and has been very successful at that.;
45446;yes;X and Y;short;long;long - short; This additional energy in the oceans has all sorts of implications for not just the Arctic, but general climate and weather over the ;short and long; term.;
7635;yes;X and Y;long;short;long - short; And I, too, have done many miles of ;long and short; distance hiking.;
47859;yes;X and Y;short;long;long - short; Using the regional curve standardization (RCS) technique, pine-growth variability on ;short and long; time scales was retained and subsequently summer (June -- August) temperatures were reconstructed yielding information on temperature variability during the last 3600 years.;
53231;yes;X and Y;short;long;long - short;) In practice I often find myself configuring Apache at the far end to recognize both the ;short and long; names.;
37719;yes;X and Y;long;short;long - short; The ;long and short; of it is that because of this point and shoot cameras need to work at slower ISO levels which means that they produce'noisier'(or more grainy) shots.;
31385;yes;X and Y;long;short;long - short; Of course, ;long and short; intervals also represent comparable fractions of their respective past lives.;
10255;yes;X and Y;short;long;long - short; Between ;short and long; pants came those dopey pants called knickers.;
39266;yes;X and Y;short;long;long - short; The critical problems are uncertainty about the ;short and long; run degree of monopoly power and difficulties in creating and maintaining collusion.;
7112;yes;X and Y;short;long;long - short; Also, I say this as someone who regularly reads both the ;short and long; versions of several'pedias and knows their pros and cons.;
37615;yes;X and Y;long;short;long - short; That's the whole story as far as the ;long and short; of it, squinching too much down.;
38710;yes;X and Y;short;long;long - short; The basic concept is that we must give our military men and women time and tools to adjust, both before and after combat, both in the ;short and long; term.;
37718;yes;X and Y;long;short;long - short; The ;long and short; of it is that Behe accepts most of what the science tells us, including common ancestry of species.;
3698;yes;X and Y;long;short;long - short;" "" We're ";long and short;", but still we match, "" she said.";
53930;yes;X and Y;short;long;long - short;9% for ;short and long; time delays, respectively), but response time was not affected by the different time delays, F< 1.;
43903;yes;X and Y;long;short;long - short; Therefore, some ;long and short; term strategic planning designed to help make the most productive use of one's time and talent is well worth the effort.;
1413;yes;X and Y;long;short;long - short;" "" Every city I'd visited in my so far so ";long and short; life was full of small cells containing people sitting alone on their beds.;
7637;yes;X and Y;long;short;long - short; And Japan had the ;long and short; nose versions of both the Hatch and Sedan.;
35471;yes;X and Y;short;long;long - short; Skin resistance, like other physiological measures, varies greatly from person to person and over ;short and long; periods.;
1246;yes;X and Y;long;short;long - short;" "" But the ";long and short; of it is these buildings can be saved.;
8581;yes;X and Y;short;long;long - short; Any attack on Iran of sufficient scale to significantly damage its nuclear program would have rolling consequences both in the ;short and long; term.;
36828;yes;X and Y;short;long;long - short; Sunlight consists of energies in the form of the electromagnetic waves and part of this electromagnetic energy includes cosmic rays, gamma rays, x-rays, visible light rays, infrared rays, micro waves and ;short and long; waves (radio waves).;
43380;yes;X and Y;short;long;long - short; There are paths that lead students to experience tangible progress in the ;short and long; terms as well as more frequent feelings of accomplishment.;
37040;yes;X and Y;short;long;long - short; Tancredo, Head Start has shown to be effective in the the ;short and long; term.;
51378;yes;X and Y;long;short;long - short; You'll see that the ;long and short; of it is they are not required by OSHA but they lean towards diligence in safety.;
3003;yes;X and Y;long;short;long - short;" "" That's why Olympic hopeful and former world junior champion Jennifer Kirk, 17, not only practices her ";long and short; programs repeatedly but also does weight work and plyometrics at a gym.;
37722;yes;X and Y;long;short;long - short; The ;long and short; of it?;
40286;yes;X and Y;short;long;long - short; The internal format has a 56-bit fraction, which is the same as the HFP format, and the BFP ;short and long; formats can easily be supported.;
561;yes;X and Y;short;long;long - short; ;short and long; sleep duration -- the energy disruptive one will prove to cause MetS, and the energy supportive one to serve as a fellow adaptive consequence.;
41966;yes;X and Y;long;short;long - short; The sequence was composed of multiple series of ;long and short; pulses divided by mere seconds of silence.;
26782;yes;X and Y;short;long;long - short; It will be interesting to see how each States policy's on clean energy will elvolve in both the ;short and long; term.;
36476;yes;X and Y;short;long;long - short; Stay low and cover every section of the pool with ;short and long; casts.;
24536;yes;X and Y;long;short;long - short; Instructions for HFP short operands are not necessary, as conversion between HFP ;long and short; is trivial.;
13539;yes;X and Y;short;long;long - short; Do you have the information to help you be prepared for the ;short and long; term?;
46140;yes;X and Y;short;long;long - short;" This not only breaks a promise; it is potentially counterproductive, in both the ";short and long; term.;
7643;yes;X and Y;short;long;long - short; And Nielson advocated a balance of ;short and long; -- depending on your frequency.;
11821;yes;X and Y;long;short;long - short; But when discussing trades involving assets like Niese or Dickey, you have to look at things in both the ;long and short; term.;
43217;yes;X and Y;long;short;long - short; Then, cut the template at the joint line between the ;long and short; blocks.;
43288;yes;X and Y;long;short;long - short;" There are big animals and little ones; ";long and short; ones, multicolored and drab ones, and those that just sit while others that never stop swimming.;
7286;yes;X and Y;short;long;long - short; Although such losses are to be expected, failed presidencies make for graver @ @ @ @ @ @ @ @ @ @ the best selection for the ;short and long; term.;
7128;yes;X and Y;short;long;long - short; Also, caffeine can help you keep focused - but there are potential side effects, and addiction can hurt you in the ;short and long; term.;
41457;yes;X and Y;long;short;long - short; The process of reconciliation is just as important of an antidote to decreasing violence as law enforcement, both in the ;long and short; term.;
32288;yes;X and Y;short;long;long - short; Otherwise, tell the interviewer about your overall career goals and sales goals, and include goals for both the ;short and long; term, giving a time period for each.;
42413;yes;X or Y;long;short;long - short; The test can be as ;long or short;" as you wish; make the questions fit the things you would want them to know.";
51226;yes;X or Y;long;short;long - short; You may have a pair of pants that look great on the booty, but are too ;long or short; for your legs.;
3007;yes;X or Y;long;short;long - short;" "" The ";long or short; version?;
37558;yes;X or Y;long;short;long - short; That's a free market and it has a lot of risk, but there is nothing illegal about it and there is no justification to punish anyone for betting ;long or short;.;
8525;yes;X or Y;short;long;long - short; Another choice you'll need to make on some machines is whether to co for a ;short or long; track.;
51464;yes;X or Y;long;short;long - short; Your blog posts can be ;long or short;.;
17824;yes;X or Y;long;short;long - short; Health psychology for example, promotes the notion that a person's behavior can prevent and regulate not only mental well-being but also somatic problems over ;long or short; time periods.;
14692;yes;X or Y;short;long;long - short; Falls, motor vehicle accidents, and household injuries also may limit musical activities for ;short or long; periods.;
53650;yes;X or Y;long;short;long - short;0-liter V-8, will be offered only in extended cab configurations but can be ordered with the ;long or short; bed in two- or four-wheel drive.;
27969;yes;X or Y;short;long;long - short; Just as in the case with physical aggression, neither relational bullies nor their victims do well in the ;short or long; haul.;
30665;yes;X or Y;short;long;long - short; No matter what the length, what the outcome, what the ;short or long; of it is, this series has captured my heart and will always own it.;
12646;yes;X or Y;long;short;long - short; Columbines come in a range of forms, including single and double flowers with (or without) ;long or short; spurs.;
36822;yes;X or Y;long;short;long - short; Sumner, however, proposed limiting the Fed's and the speculators'risk by giving the Fed discretion to make open market operations in whatever amount it believed necessary to offset its own ;long or short; position.;
15257;yes;X or Y;short;long;long - short; For evening, pale tortoise-colored sequined blouses are worn with brown leather halter vests and brown velvet ;short or long; skirts and perhaps a backpack that looks for all the world like a wooden carved head.;
31010;yes;X or Y;long;short;long - short; Not too shallow or deep, wide or narrow, ;long or short;.;
23172;yes;X or Y;long;short;long - short; In addition to the standard WindTunnel product features, it contains a powered pet hair tool, which attaches to the eight-foot stretch hose, made to clean up after animals with ;long or short; hair.;
6659;yes;X or Y;long;short;long - short; After the prerecording of the interval lengths, each interval received a random target assignment, ;long or short;, specifying the direction of the PK effort.;
19045;yes;X or Y;long;short;long - short; How ;long or short; will depend on how they manage their assets from here on out.;
33787;yes;X or Y;long;short;long - short; Reports can be created in ;long or short; HTML format or in a plain text format.;
12051;yes;X or Y;long;short;long - short; By nulling the X and Z residuals, they are trying to avoid landing ;long or short; of the target.;
8811;yes;X or Y;long;short;long - short; As ;long or short; as you like, just so I can personally thank you on your site.;
53401;yes;X or Y;long;short;long - short;, ;long or short;), the nature of the contact (i.;
6953;yes;X or Y;long;short;long - short; All the bug's action comes from your lefthand line pulls-;long or short;, fast or slow.;
38722;yes;X or Y;long;short;long - short; The beans that Po-Po grew, as well as many others that are equally colorful and tasty, are readily available in farmers'markets and well-stocked supermarkets: ;long or short;, thin or wide, rounded or flat.;
31341;yes;X or Y;long;short;long - short; Observe the entire course of each in- and out-breath, noting whether it is ;long or short;, deep or shallow, slow or fast.;
19534;yes;X or Y;long;short;long - short; I also do n't think anyone has an obligation to read my comments, whether they are ;long or short;, and I only expect those who are interested to read them.;
42993;yes;X or Y;long;short;long - short; Their hair is loose or bound together, ;long or short;, dark or blonde.;
48101;yes;X or Y;long;short;long - short; Was the last book you read ;long or short;?;
43237;yes;X or Y;short;long;long - short; There appears to be no real ;short or long; term solution without the proper data to support and justify the cost increases.;
40661;yes;X or Y;long;short;long - short; The marks or strokes are usually kept to a uniform size, whether they are thick or thin, ;long or short;, and they are generally formed in one consistent direction.;
28233;yes;X or Y;long;short;long - short; Kyle could n't know if her nose had been ;long or short;, a pug nose or narrow at the tip.;
37290;yes;X or Y;short;long;long - short;" That is 11 "" or 12 "" head size, ";short or long; scale (now referred to as A/D or G/C scale,) welding rod tone rod or just plain wood.;
52928;yes;X or Y;long;short;long - short; what I did n't consider in my decision was that ;long or short;, the thickness would still be there.;
17214;yes;X or Y;long;short;long - short; He propose that the Fed set low margin requirements and use parallel open market operations to avoid taking any significant ;long or short; position.;
24864;yes;X or Y;long;short;long - short; It can be fulfilled by staying in the mosque with the intention of making itikaf for a ;long or short; time.;
23478;yes;X or Y;short;long;long - short; In fact, there is no reason to expect that all investments will pay off in either the ;short or long; term.;
22669;yes;X or Y;long;short;long - short; If you do not meet that time limit but have a gain on the sale, you would report the gain as a capital gain, ;long or short; term, depending on the holding period.;
38063;yes;X or Y;short;long;long - short; The Fed would then be required to use open market operations to offset its ;short or long; position.;
13269;yes;X or Y;long;short;long - short; Depending on your child's age and personality, the conversation may be ;long or short;.;
28673;yes;X or Y;long;short;long - short; Listeners do not deliberately attend to the durations of the sounds and silences that make up the speech stream unless those durations are unusually ;long or short;.;
48887;yes;X or Y;long;short;long - short; We, or clients we advise, may hold ;long or short; positions in securities mentioned in the blog.;
37574;yes;X or Y;short;long;long - short; That's an issue that wo n't be resolved in the ;short or long; term, regardless of which party or elected official commands the reigns.;
31921;yes;X or Y;long;short;long - short; One simply observes the breath moving in and out, observing it as closely as possible, noting whether the breath is ;long or short;.;
26874;yes;X or Y;long;short;long - short; It would then simultaneously buy and sell treasury securities with the goal of preventing the public (and Federal Reserve) from having a substantial net ;long or short; position in the CPI futures market.;
36928;yes;X or Y;long;short;long - short;" TESTER'S TAKE: "" Precise in ";long or short; turns.;
40590;yes;X or Y;long;short;long - short; The main quest in TES V should be as ;long or short; as the interestingly different content you can make for it.;
4791;yes;X or Y;short;long;long - short; 1895), having lost his father at an early age, consequently followed his mother as @ @ @ @ @ @ @ @ @ @ lent elsewhere as a hired hand for ;short or long; periods of time.;
20742;yes;X or Y;long;short;long - short; I look good with ;long or short; hair, but I keep it like this because when you're rushing into a fire scene you do n't need to be worrying about tucking your hair up into your helmet.;
5943;yes;X or Y;long;short;long - short; A pair of sandals or flip flops is essential for any holiday, ;long or short;.;
41634;yes;X or Y;short;long;long - short; The relative prosperity of American universities enables them to attract graduate students and faculty from Europe, whether for ;short or long; periods.;
33186;yes;X or Y;long;short;long - short;" Positions in contracts can be of two types; a ";long or short; position.;
31048;yes;X or Y;long;short;long - short; Nothing else will work ;long or short; term.;
22223;yes;X or Y;long;short;long - short; If any of the 3 legs (physical, mental and spiritual) is too ;long or short;, he falls over.;
42776;yes;X or Y;long;short;long - short; The white magazine pages lay out the print articles, ;long or short;, with clarity and space to breathe.;
12663;yes;X or Y;long;short;long - short; Comments note especially ;long or short; cycle times and especially high or low water use.;
21604;yes;X or Y;short;long;long - short; I went onto the bench seventeen years after graduating from law school, not an unusually ;short or long; time.;
19214;yes;X or Y;long;short;long - short; However, ;long or short;, there are some things that you can do to increase the value of your to-do list.;
45375;yes;X or Y;short;long;long - short; Thinking only in terms of ;short or long; terms is counterproductive.;
32472;yes;X or Y;long;short;long - short; Over a ;long or short; time, the chair will eventually change and become something other than it appears.;
20495;yes;X or Y;long;short;long - short; I have warned about Apple's macro and business conditions - yes, but whether to go ;long or short; on the stock, I only opined in public once.;
12041;yes;X or Y;short;long;long - short; By mid-decade, miniskirts or hot pants, often worn with go-go boots, were revealing legs, bodywear was revealing curves, and women's hair was either very ;short or long; and lanky.;
36921;yes;X or Y;long;short;long - short; T3 requires traders to disclose whether they are ;long or short; and which stocks they are trading to ensure that the community is fully informed and that traders substantiate their opinions.;
17144;yes;X or Y;short;long;long - short; He makes unacknowledged modifications, ;short or long; omissions, and he adds phrases, sometimes altering the effect of a passage.;
26814;yes;X or Y;long;short;long - short; It wo n't be long before the Hornets begin to think about whether or not Gordon can actually help them ;long or short; term.;
41016;yes;X or Y;short;long;long - short; The offset tools are also available in handheld versions with choice of ;short or long; trigger.;
14916;yes;between X and Y;long;short;long - short; Finally, they were committed to education, and especially capable of distinguishing ;between long and short; term educational goals (pp.;
32677;yes;between X and Y;long;short;long - short; Particular attention was paid to helping students correctly discriminate ;between long and short; vowel sounds (e.;
50044;yes;between X and Y;short;long;long - short; While many languages have a distinction ;between short and long; vowels on the civilized level, I am not aware of any language with three distinctive vowel lengths.;
38725;yes;both X and Y;long;short;long - short; The beauty is it does n't matter whether markets go up or down -- you're ;both long and short; -- just that the prices actually converge.;
25985;yes;both X and Y;long;short;long - short; It provides the ability for ;both long and short; term planning.;
6076;yes;both X and Y;short;long;long - short; A solid philosophical foundation enables ;both short and long; term vibrancy within the profession and a degree of compatibility with life outside.;
25629;yes;both X and Y;short;long;long - short; It is now only masked by tribal @ @ @ @ @ @ @ @ @ @ which will maximize profit and return on ;both short and long; term investment.;
39529;yes;both X and Y;long;short;long - short; The durable steel frame absorbs vibrations from the road, keeping you comfortable on commutes ;both long and short;.;
30025;yes;both X and Y;long;short;long - short; Multiple negatives of ;both long and short; exposures made with an Astro-Physics 7inch f/7 refractor were combined for this view of the Great Orion Nebula.;
6099;yes;both X and Y;short;long;long - short; A successful AIDS response must tackle ;both short and long; term impacts, as well as immediate risks and underlying causes of risk.;
32398;yes;both X and Y;long;short;long - short; Our scouting has revealed the hostile fleet to be a mix of ;both long and short; range guns, but are likely fit for shield buffer with max DPS.;
16505;yes;both X and Y;long;short;long - short; Having the flexibility to invest ;both long and short;, hedge funds do not set out to beat the market.;
7006;yes;both X and Y;long;short;long - short; All videos, ;both long and short;, are hosted on Blip.;
28412;yes;both X and Y;long;short;long - short; Lesson plans crafted to teach critical thinking, evaluating sources, and deceptive arguments are included in ;both long and short; versions.;
45993;yes;both X and Y;short;long;long - short; This is twice the yield of @ @ @ @ @ @ @ @ @ @ growing during ;both short and long; days.;
7507;yes;both X and Y;short;long;long - short; An experienced organization like Pittsburgh recognizes this and exercises patience with team development ;both short and long; term.;
13931;yes;both X and Y;short;long;long - short; Either that or the writers have problems with ;both short and long; term memory.;
41997;yes;both X and Y;short;long;long - short; The short answer is that we do n't know, although it happens at ;both short and long; time scales.;
39142;yes;both X and Y;short;long;long - short; The company has been performing poorly ;both short and long;" term but year after year the CEO "" -- W.";
50879;yes;both X and Y;short;long;long - short; Yet superimposed on this was a deep sense of linear time on ;both short and long; scales.;
53503;yes;both X and Y;short;long;long - short;, ensuring that ;both short and long; trips within a country are captured.;
22253;yes;both X and Y;short;long;long - short; If exercises are performed incorrectly, the load on the muscles and stress on the joints of these repeated movements causes ;both short and long; term damage to your body.;
27792;yes;both X and Y;long;short;long - short; JULIAN ROBERTSON Tiger Management Some of Robertson's favorite current ideas include ;both long and short; positions on Japanese equities, a bundle of Korean and Indian stocks, and a short on copper.;
38135;yes;both X and Y;long;short;long - short; The Italian houses-Blumarine, Etro and Emilio Pucci-led the homage to Talitha Getty with cheerful billowy pieces ;both long and short;.;
43291;yes;both X and Y;long;short;long - short; There are blogs for long articles, Twitter for shorter statements, and Tumblr for ;both long and short;.;
18875;yes;both X and Y;long;short;long - short; His two-year-old fund, which invests ;both long and short;, is up 36% so far this year.;
13271;yes;either X or Y;long;short;long - short; Depending upon the length of time and resources available, this disciplined study period might be ;either long or short;.;
35209;yes;either X or Y;long;short;long - short; Shirts are $ 15 each for ;either long or short; sleeves or @ @ @ @ @ @ @ @ @ @ year's logo are $ 10 for a set of 10.;
6107;yes;either X or Y;long;short;long - short; A synopsis can be ;either long or short;.;
50507;yes;either X or Y;long;short;long - short; With the 1-bridle/ light and the 2-bridle/heavy treatments, trawl performance was consistent with ;either long or short; scope.;
17880;yes;either X or Y;long;short;long - short; Hempton may hold ;either long or short; positions in securities of various companies discussed in the blog based upon Mr.;
34424;yes;either X or Y;long;short;long - short; Several steps, short cuts really, toward mastering ;either long or short; turns.;
24421;yes;either X or Y;short;long;long - short; Inside you have everything you need to stay for ;either short or long; term.;
41198;yes;either X or Y;long;short;long - short; The passages could be ;either long or short; and ranges from 100 to 850 @ @ @ @ @ @ @ @ @ @ social science, humanities, fiction and the sciences.;
39217;yes;either too X or too Y;long;short;long - short; The cooking times on the rabbit seemed off--;either too long or too short;!;
32984;yes;either too X or too Y;long;short;long - short; Photograph // If a shade you like seems ;either too long or too short;, a few tricks can change where it falls on the base.;
33341;yes;from X to Y;long;short;long - short;" Progressive "" micro cavity "" technology (decreases in size ";from long to short; irons) fosters control throughout the set.;
51769;yes;from X to Y;long;short;long - short; blockflte, trumpet, piccolo) -there was a separate row of pipes, arranged in a line ;from long to short;.;
23043;yes;from X to Y;short;long;long - short; In September 1954, at age fourteen, he published his first article at the very moment of official passage from boyhood to young man -- his transition ;from short to long; pants.;
42395;yes;from X to Y;short;long;long - short; The telomerase will bind in a successive order ;from short to long; telomeres.;
5952;yes;how X or Y;long;short;long - short; A path, no matter ;how long or short;, creates interest, surprise, and the illusion of greater space in the garden.;
9359;yes;how X or Y;long;short;long - short; Assume that ovulation usually happens fourteen to sixteen days before the beginning of menses, no matter ;how long or short; one's usual cycle.;
22425;yes;how X or Y;long;short;long - short; If the North does decide to engage in a military clash as it dies, ;how long or short; can they keep up the fight?;
17960;yes;neither X nor Y;long;short;long - short; Her coat, ;neither long nor short;, was a pleasant honey-brown color, tipped with black, pied with white irregularly on her legs, throat, chest, and a stripe down the middle of her face.;
27777;yes;whether X or Y;long;short;long - short; Its waves, ;whether long or short;, can shift to be longer or shorter.;
47610;yes;X and Y;major;minor;major - minor; Undermining of ;major and minor;.;
752;yes;X and Y;major;minor;major - minor;" "" (I'm paraphrasing, of course) The ";major and minor; prophets have made many predictions that certainly appear to have come true, but there's always an element of mystery to it.;
45688;yes;X and Y;major;minor;major - minor; This homes needs some ;major and minor; updates here and there, actually everywhere.;
13540;yes;X and Y;major;minor;major - minor; Do you know how many years it has been since she has had to think of all the ;major and minor; details @ @ @ @ @ @ @ @ @ @.;
6783;yes;X and Y;major;minor;major - minor; All HPVs have an 8 kb circular genome enclosed in a capsid shell composed of the ;major and minor; capsid proteins L1 and L2, respectively.;
36355;yes;X and Y;minor;major;major - minor; Special attention must be paid to the safety of programs @ @ @ @ @ @ @ @ @ @ There are a variety of ;minor and major; risks associated with dieting.;
6480;yes;X and Y;major;minor;major - minor; Advanced ensembles may begin singing from ;major and minor; scales written on the blackboard.;
10051;yes;X and Y;major;minor;major - minor; Beeston points out that 40 percent of the players on baseball's current ;major and minor; league rosters are foreign-born, that 20 percent of major-leaguers hail from outside the U.;
3547;yes;X and Y;major;minor;major - minor;" "" Together they ate muffins in the kitchen in their pajamas, Mariel halfheartedly reading the paper, nothing but ";major and minor; disasters everywhere, and pushing aside the dirty dishes from the night before.;
43408;yes;X and Y;major;minor;major - minor;" There are striations in levels of access and power; ";major and minor; signifiers.;
38080;yes;X and Y;major;minor;major - minor; The German people also saw their history destroyed in the firebombings of Dresden and every other ;major and minor; city.;
40588;yes;X and Y;major;minor;major - minor; The main points of the report were that ;major and minor; health problems are diet-related, causing unnecessary medical costs @ @ @ @ @ @ @ @ @ @ can be found in good nutrition.;
32704;yes;X and Y;major;minor;major - minor; Patients were asked to complete the Rhinosinusitis Symptom Inventory to arrive at scores for ;major and minor; CRS symptoms.;
46756;yes;X and Y;major;minor;major - minor; Through him, @ @ @ @ @ @ @ @ @ @ but a panoply of ;major and minor; actors in the history of evolutionary biology.;
38196;yes;X and Y;major;minor;major - minor; The Mayan calendar is full of ;major and minor; cycles, and 2012 is the end of a minor cycle.;
43255;yes;X and Y;minor;major;major - minor; There are ;minor and major; sins and there usually are n't any good excuses for one to commit major sins.;
19477;yes;X and Y;major;minor;major - minor; Hungerford and Volk (1990) used this work to develop a model of ;major and minor; variables of environmental citizenship.;
49001;yes;X and Y;major;minor;major - minor; What I found was a better laid-out facility for the employees, with ;major and minor; refinements, and a more efficient allocation of the daily working hours.;
33749;yes;X and Y;major;minor;major - minor; Remember that music comes in ;major and minor; keys, and slow movements as well as fast.;
46606;yes;X and Y;major;minor;major - minor; Those transcripts are enlightening in their own right, offering a peek at scores of ;major and minor; Wiki wars being fought behind the scenes.;
6605;yes;X and Y;major;minor;major - minor; After demonstrating competency for those tasks, the instructors asked the students during their regular instruction periods to travel routes that required them to ask for assistance in crossing ;major and minor; streets.;
18546;yes;X and Y;major;minor;major - minor; His daughter told me he and his wife liked to celebrate every single holiday, religious and secular, ;major and minor;, with their children.;
23221;yes;X and Y;major;minor;major - minor;" In addition, students become aware of the "" pull "" of a V7 chord, @ @ @ @ @ @ @ @ @ @, and of the effect of ";major and minor; modes.;
15547;yes;X and Y;major;minor;major - minor; For the past eight years the school has encouraged students to ;major and minor; in foreign languages by offering majors a $500-per-semester scholarship and minors $250.;
6455;yes;X and Y;major;minor;major - minor; Additionally, the report is ambiguous about how its proposal to restrict a teacher's field of instruction to his or her ;major and minor; fields is to be translated at the elementary level of instruction.;
42436;yes;X and Y;major;minor;major - minor; The things that give rise to ;major and minor; sufferings are all affairs of defilement.;
4278;yes;X and Y;major;minor;major - minor; (n1) According to combined reports of four large series of ;major and minor; salivary gland tumors, sinonasal mucoepidermoid @ @ @ @ @ @ @ @ @ @ of all mucoepidermoid carcinomas.;
22348;yes;X and Y;minor;major;major - minor; If not managed, ;minor and major; manifestations can result.;
18849;yes;X and Y;major;minor;major - minor; His strategies for coping with ;major and minor; life problems rest firmly on reaching out to others.;
21182;yes;X and Y;minor;major;major - minor; I think it is possible to identify two streams of criticism, ;minor and major;, weak and strong, that have been leveled against the ethnography in Sex and Temperament.;
29612;yes;X and Y;major;minor;major - minor; Modifications over rectangular regions, defined by the nodes on the ;major and minor; axes of rectangle, can also be interactively introduced by the prosthetist in the patching mode.;
28911;yes;X and Y;major;minor;major - minor; Made from Northern White Ash trees grown in New York and Pennsylvania (colder climates lead to harder wood), the bats are one of only a few bats approved for on-field play in the ;major and minor; leagues.;
8246;yes;X and Y;major;minor;major - minor; And these decisive geometric gestures are followed up in myriad details, ;major and minor;.;
24940;yes;X and Y;major;minor;major - minor; It did n't know the words for them, but they were alternating ;major and minor; chords, wheeling on the flatted third.;
20596;yes;X and Y;minor;major;major - minor; I just noticed an increasing number of very annoying but seemingly unrelated changes in all sorts of things ;minor and major;", that my (former) internist attributed to "" getting old "".";
5056;yes;X and Y;major;minor;major - minor; <> Relationships among ;major and minor; characters indicate the people's natures.;
31519;yes;X and Y;major;minor;major - minor; On Broadway the pink of Clara's nude flesh in the opening scene contrasted as dramatically with Fosca's coffin pallor as the two women's songs contrast in ;major and minor; keys.;
52340;yes;X and Y;major;minor;major - minor; nished keying in her request for general Rebel data, then added a search for ;major and minor; traf?;
10089;yes;X and Y;major;minor;major - minor; Begin with one-chord songs and progress gradually to three-chord songs in ;major and minor;.;
52993;yes;X and Y;major;minor;major - minor; x, who have been subjected to a steady stream of ;major and minor; bug fixes.;
14648;yes;X and Y;major;minor;major - minor; FOODS SUPER-CHARGED WITH IONIC MINERALS In the foods we eat, the water we drink, and the supplements we consume may be found all of the essential ;major and minor; minerals our bodies need, and then some.;
31049;yes;X and Y;major;minor;major - minor; Nothing except a lot offinefeatbers, a lot offine birds who chirped in captivating triads, ;major and minor;, and the occasional suspended fourth.;
6950;yes;X and Y;major;minor;major - minor; All the ;major and minor; trimers dissociate during the cross-linking reaction.;
14124;yes;X and Y;major;minor;major - minor; Even a basic team logo ball cap is used in ;major and minor; league ballparks to boost attendance.;
3165;yes;X and Y;major;minor;major - minor;" "" The lessons are chunked up into ";major and minor; categories and finally down into individual posts that either sell a pack of lessons.;
9772;yes;X and Y;major;minor;major - minor; Basically a Napoleonic heritage, its implementation went through some ;major and minor; changes.;
22046;yes;X and Y;major;minor;major - minor; I've had a very long time to spend at learning, and I've read almost every work, ;major and minor;, of the world's philosophers.;
6428;yes;X and Y;minor;major;major - minor; Add your own here -- add the ;minor and major; hopes that go into the fishing passion and so unite us once and for all.;
44212;yes;X and Y;major;minor;major - minor; These reactions are delineated as ;major and minor;.;
4688;yes;X and Y;major;minor;major - minor; 1 For these beginning students of jazz improvisation, the performance of all ;major and minor;" scales is critical in establishing a foundation of sounds "" under the fingers "" and "" in the ears.";
34690;yes;X and Y;major;minor;major - minor; She is an independent reader/reviewer, uncompensated for ;major and minor; publishers.;
21502;yes;X and Y;minor;major;major - minor; I was going through the list of the ;minor and major; issues addressed that have been either reported by customers or came through the integration we have been doing.;
48686;yes;X and Y;major;minor;major - minor; We take them through diatonic melodies in ;major and minor; keys with difficult leaps and, in time, chromatic and modulating melodies.;
53572;yes;X and Y;major;minor;major - minor;, subdominant and subtonic functions in ;major and minor;", and Dorian and Mixolydian tonalities; sixteenth-note, dotted, and syncopated rhythms in duple, triple, and even 5/8 and 7/8 meters).";
27150;yes;X and Y;major;minor;major - minor; It's a smart investment for Boras, 56, a onetime minor leaguer who is lauded and loathed as the agent for 150 ;major and minor; leaguers, among them Manny Ramirez, Johnny Damon, Mark Teixeira, and Alex Rodriguez.;
31961;yes;X and Y;major;minor;major - minor;" One, Egwene is no more a "" favorite character "" than any of the other main characters or most of the ";major and minor; ones.;
29947;yes;X and Y;major;minor;major - minor; Most thrived, as they generally do in ;major and minor; floods.;
53342;yes;X and Y;major;minor;major - minor;) on ;major and minor; planets are discovered.;
7478;yes;X and Y;major;minor;major - minor; An approach that is working quite well for us at the moment is to design using ;major and minor; breakpoints.;
44590;yes;X and Y;major;minor;major - minor; They can begin with familiar songs in ;major and minor; with tonic and dominant harmony, e.;
15253;yes;X and Y;major;minor;major - minor; For each patient, ;major and minor; symptom scores were added together to arrive at a total symptom score.;
23616;yes;X and Y;major;minor;major - minor; In media outlets ;major and minor;, people were incredulous.;
36640;yes;X and Y;minor;major;major - minor; Students of ;minor and major; seminaries are aspirants to the priesthood.;
15192;yes;X and Y;major;minor;major - minor; For a moment, Boulez was in profile, appearing almost hypnotized by the music, a puppetmaster pulling out ;major and minor; keys from his players so that you could almost see them.;
31216;yes;X and Y;major;minor;major - minor; Now you need to select your ;major and minor;.;
48217;yes;X and Y;major;minor;major - minor; We are not officially recognized by the Pope because we have an LGBTQ Studies ;major and minor; program, as well as many, many faculty who are deeply involved in progressive activism.;
36450;yes;X and Y;major;minor;major - minor; Start with tonic and dominant patterns in ;major and minor; keys.;
19387;yes;X and Y;minor;major;major - minor; However, the incidence of ;minor and major; bleeding episodes was lower at all levels of platelet counts in our study clan in earlier ones.;
49564;yes;X and Y;minor;major;major - minor; When students master that pattern, expand to intervals of ;minor and major; thirds.;
37727;yes;X and Y;major;minor;major - minor; The ;major and minor; salivary glands represent the most common sites of primary clear cell carcinoma of the head and neck.;
40068;yes;X and Y;major;minor;major - minor; The harmonic series is in everybody -- the octave, the fifth, the fourth, the third, the ;major and minor; seconds.;
49230;yes;X and Y;major;minor;major - minor; What we have just learned is that our hearts are exquisite pumps that deliver enriched blood into arteries, a network of ;major and minor; thoroughfares which feed every cell in the body.;
21512;yes;X and Y;major;minor;major - minor; I was involved in channels of dialogue in one way or other, in ;major and minor; roles, as of 1973-1974, when I served here in Washington, D.;
15555;yes;X and Y;major;minor;major - minor; For the remainder of the'77 season as well as 1978-79, Donnie would be shuttled back and forth between the Cubs ;major and minor; league teams.;
2260;yes;X and Y;minor;major;major - minor;" "" It was in a way absurd, but I was quite happy developing this project, "" says the physicist and author, whose career helped shape many landmarks - ";minor and major; - of the nuclear age.;
32654;yes;X and Y;major;minor;major - minor; Participants completed a short informational survey, reporting their age, ethnic affiliation, academic standing, year on team, academic ;major and minor;, year of high school graduation, and prior college attendance.;
12990;yes;X and Y;major;minor;major - minor; Creation of seawater begins with fresh water to which salt and various ;major and minor; elements are added -- an artificial medium that is cleaner and safer than natural seawater.;
2856;yes;X and Y;major;minor;major - minor;" "" Simply casting more Black actors and actresses in the countless ";major and minor; character roles that routinely go to Whites would go far in getting beyond the same old tired clichs.;
13842;yes;X and Y;minor;major;major - minor; Each team begins the game with six behavior points, and each ;minor and major;" penalty results in the loss of one point until the team exceeds the limit determined by league administrators (Gilbert, Trudel, &; Bloom, 1995).";
49449;yes;X and Y;major;minor;major - minor; When establishing the shapes of ;major and minor; variations, make @ @ @ @ @ @ @ @ @ @ the object.;
46794;yes;X and Y;major;minor;major - minor; Throughout the nineteen-nineties, a number of Chinese herbalists had established themselves in the ;major and minor;" cities of Ivory Coast; Wu's cousin was one of these, and he'd urged Wu to join him.";
10206;yes;X and Y;major;minor;major - minor; Besides learning life-saving techniques, such as CPR, you'll also learn how to recognize and treat ;major and minor; backpacking emergencies.;
37984;yes;X and Y;major;minor;major - minor; The Chinese government estimates that ;major and minor; flooding has cost more than 1 million lives this century.;
46390;yes;X and Y;major;minor;major - minor; This use of phrase cadence pitches alternately, suggesting a ;major and minor; tonality, is another feature based on the highland wayno.;
7469;yes;X and Y;major;minor;major - minor;" An additional twenty-three units were required for completion in the lower division; however, these units could be either "" general electives or courses in the ";major and minor;" fields "" (Fresno State College 1950, 37).";
32225;yes;X and Y;major;minor;major - minor; Other pieces ;major and minor; similarly evolved over time.;
22934;yes;X as well as Y;major;minor;major - minor; In 1971, the USDA issued a report** noting that ;major as well as minor; health problems are diet-related.;
49835;yes;X or Y;minor;major;major - minor; Whether it's a ;minor or major; one depends whether the EU or fiscal cliff issues turn ugly.;
33314;yes;X or Y;major;minor;major - minor; Problems that they encounter may be unstructured or structured, complex or simple, ;major or minor;, urgent or not, and involve varying degrees of cost, risk, and uncertainty.;
34450;yes;X or Y;major;minor;major - minor;" Sharp called his critics the "" ain't-it-awful crowd, "" and they seemed to howl at everypolicy or personnel shift, ";major or minor;.;
52409;yes;X or Y;major;minor;major - minor; or master's ;major or minor;).;
46120;yes;X or Y;major;minor;major - minor; This metaphoric expression alludes to the leagues of baseball clubs, categorized as ;major or minor;.;
51068;yes;X or Y;major;minor;major - minor; You can teach thirds by singing up a portion of the scale and then outlining the interval of the ;major or minor; third-as in the pattern do-re-mi-redo-mi-do.;
9187;yes;X or Y;major;minor;major - minor; As students learn a particular ;major or minor; key, ask them to write a melody for their instrument in that key.;
19151;yes;X or Y;major;minor;major - minor; How often do we have the students think specifically about warm-up patterns, whether stepwise or skipping and ;major or minor;?;
14339;yes;X or Y;minor;major;major - minor; Every day we feel the soul's ;minor or major; discomforts, but because we habitually overlook these signals of soul pain, we may fail to respond.;
7036;yes;X or Y;major;minor;major - minor; Almost all the female cast wants him, ;major or minor; characters.;
13666;yes;X or Y;minor;major;major - minor; Drinking water: There are 10 facilities with ;minor or major; problems, but there is not yet a risk to public health.;
32246;yes;X or Y;major;minor;major - minor; Other wise it will depend upon the installer to determine if it is a ;major or minor; alteration.;
41916;yes;X or Y;major;minor;major - minor; The science foundation reported in 2000 that 31 percent of math teachers and 20 percent of science teachers in grades 7-12 lack a ;major or minor; in their subjects.;
28841;yes;X or Y;major;minor;major - minor; Lower-achieving classes are more often taught by teachers without a ;major or minor; in the field than are higher-achieving classes.;
25892;yes;X or Y;minor;major;major - minor; It may have a ;minor or major; birth defect, or the man may have expressed or implied he does not want the child.;
19968;yes;X or Y;major;minor;major - minor; I did nt ;major or minor; in them, @ @ @ @ @ @ @ @ @ @ my future would be impressed by a double major in music!;
51238;yes;X or Y;major;minor;major - minor; You mentioned that you needed a operation, is it a ;major or minor; operation that you need?;
24532;yes;X or Y;major;minor;major - minor; Institutions adapt these models to meet their intended focus, which may be on freshman programs, general education, specialized courses, developmental and basic studies, honors programs, and/or work in students';major or minor; (ASHE-ERIC, 1999).;
15172;yes;X or Y;major;minor;major - minor; For Third World nations, missiles offer a deterrence value against ;major or minor; powers.;
24557;yes;X or Y;minor;major;major - minor; Inter-religious and intra-religious contradictions, conflicts, prejudices that are not resolved, which could be ;minor or major;, in nature, exist everywhere.;
48107;yes;X or Y;minor;major;major - minor;" Watch for "" crawling along "" or repeated bumping of ";minor or major; trend lines and prepare to see such trend lines broken.;
38437;yes;X or Y;major;minor;major - minor; The additional requirement of a ;major or minor; in education may also severely limit aspiring undergraduate generalists in the subjects with which they are acquainted outside of their arts and sciences majors.;
36065;yes;X or Y;major;minor;major - minor; Some offer a ;major or minor; emphasis in adapted physical education as part of an undergraduate degree program.;
3928;yes;X or Y;major;minor;major - minor;" "" and "" Is the piece in a ";major or minor; key?;
37349;yes;X or Y;major;minor;major - minor; That is, if they were an English ;major or minor;"; otherwise, this may not have been a viable option.";
36642;yes;X or Y;major;minor;major - minor; Students tended to enroll in the SFHP for sport, fitness, and health-related reasons, rather than merely seeking to fulfill an elective requirement in their ;major or minor; area of study.;
12237;yes;X or Y;minor;major;major - minor; Car problems or maybe even car accidents are sometimes inevitable, and these will require ;minor or major; car repairs.;
16967;yes;X or Y;minor;major;major - minor; He is able to see what part the sickness has lodged itself, whether it's ;minor or major;.;
42440;yes;X or Y;major;minor;major - minor; The third is an opportunity: I shoot anyway and chance, but plan for, no detail in ;major or minor; areas of the photograph.;
4683;yes;X or Y;minor;major;major - minor; 1 2 Whether genetic drift is a ;minor or major; contributor to speciation is the subject matter of much ongoing discussion.;
49872;yes;X or Y;major;minor;major - minor; Whether the laparoscopic procedure is classified as ;major or minor;, the IACUC must ensure that the appropriate analgesia, sterile technique, and perioperative monitoring is employed.;
29655;yes;X or Y;minor;major;major - minor;" More and more "" eyewitnesses "" began emerging @ @ @ @ @ @ @ @ @ @ among themselves or were prodded by journalists, and then wove new tales inserting themselves as ";minor or major; characters.;
6926;yes;X or Y;major;minor;major - minor; All students in that institute are supposed to have either a ;major or minor; in metallurgy, but graduates of that institute can find a job in any field, not just in organizations related to metallurgy.;
44582;yes;X or Y;major;minor;major - minor; They can also check your teeth and see some ;major or minor; defects.;
30419;yes;X or Y;major;minor;major - minor; Negro studies existed, if not as a full-fledged ;major or minor;, or even a legitimately recognized set of courses, in some form or fashion at many black colleges.;
47787;yes;X or Y;major;minor;major - minor; Use another color for each additional ;major or minor;.;
16135;yes;X or Y;major;minor;major - minor; Go to a ball field and wait during the winter, and the chances are that a ;major or minor; leaguer will soon appear and play alongside the boys who wish to join him in baseball's promised land.;
29919;yes;X or Y;minor;major;major - minor; Most older consumers will face ;minor or major; health problems.;
27139;yes;X or Y;major;minor;major - minor; It's a pure elective there, or a class for a ;major or minor; in religious studies.;
53934;yes;X or Y;minor;major;major - minor;91 on the SCL-90-R, indicating increased risk of a possible ;minor or major; depressive disorder.;
29125;yes;X or Y;major;minor;major - minor; Many of the teachers I work with now take this same idea of student solos and teach students to improvise over the harmonic structure (beginning with a I/V/I progression in ;major or minor; tonality).;
14087;yes;X or Y;major;minor;major - minor; Establish ;major or minor; tonality, for example, by playing tonic-dominant-tonic on a keyboard @ @ @ @ @ @ @ @ @ @ tonality).;
23655;yes;X or Y;minor;major;major - minor; In nonviolent action the distinction between a tactical objective and a strategic objective may be partly indicated by whether the chosen objective of the action is ;minor or major;.;
36628;yes;X or Y;major;minor;major - minor; Students at any CUNY campus could ;major or minor; in space science by taking cross-listed courses at colleges throughout the system.;
49834;yes;X or Y;minor;major;major - minor; Whether it's a ;minor or major; difference, a mini-competition to get the next taxi, a disagreement as to who can be served next in line, large or small, we all experience it.;
1261;yes;between X and Y;major;minor;major - minor;" "" But we will never gain a decent understanding of excellence if we continue to use this standard distinction ";between major and minor; forms of art as our primary taxonomic device.;
11995;yes;between X and Y;major;minor;major - minor; By clicking on chord names, students can see fingerings and hear differences ;between major and minor; chords.;
48539;yes;between X and Y;major;minor;major - minor; We made no attempt to differentiate between historical and current threats, nor ;between major and minor; threats, as this information was almost always unavailable.;
12437;yes;between X and Y;major;minor;major - minor; Children need to be taught to hear and label the differences ;between major and minor; tonality, duple and triple meters, tonic and dominant harmonic functions, and so forth.;
46281;yes;between X and Y;major;minor;major - minor; This seems like a good place to draw the lower mass limit for planets, although we could still draw a distinction ;between major and minor;" planets (see "" Major vs.";
29566;yes;between X and Y;major;minor;major - minor; Minor tonality can then be taught by having students sing the song in the minor key and asking them to identify the differences ;between major and minor;.;
53498;yes;between X and Y;major;minor;major - minor;, differences ;between major and minor; seventh scale degrees).;
23356;yes;both X and Y;major;minor;major - minor; In contrast, the parasympathetic nervous system helps us repair and rebuild from the wear and tear of life's daily battles, whatever they may be, ;both major and minor;.;
36917;yes;both X and Y;major;minor;major - minor; Symptom scores for ;both major and minor;" symptoms indicated that nine patients had improved following antileukotriene therapy; three other patients reported some overall benefit from therapy, despite no improvement in their symptom scores.";
13223;yes;both X and Y;major;minor;major - minor; Delinquency, for example, ;both major and minor;, begins for most youth in early adolescence and reaches its height during later adolescence.;
47352;yes;both X and Y;minor;major;major - minor; Tradition holds a very harsh outcome in regard to many of the prophets, ;both minor and major;.;
25063;yes;both X and Y;major;minor;major - minor; It gets @ @ @ @ @ @ @ @ @ @ Indians in ;both major and minor; roles.;
34224;yes;both X and Y;major;minor;major - minor; Scores for ;both major and minor; symptoms of chronic rhinosinusitis improved significantly after antileukotriene therapy.;
29529;yes;both X and Y;major;minor;major - minor; Mike and Linna went to Grodulan's quarters, where ;both major and minor; were confined.;
44560;yes;both X and Y;major;minor;major - minor; They begin with a business destination and then lay out a map for getting there, examining ;both major and minor; thoroughfares as well as roads not taken.;
48627;yes;either X or Y;major;minor;major - minor; We reclassified each complication as ;either major or minor; in order to allow for a meaningful comparison among the findings of the various papers.;
12272;yes;either X or Y;minor;major;major - minor; Carrying too much is an impediment, ;either minor or major;, yet most of us persist in it.;
30643;yes;how X or Y;major;minor;major - minor; No matter ;how major or minor; the car accident, it is important that the police always be notified.;
53838;yes;X and Y;old;new;new - old;5 refers to people who emigrate during their adolescent years, whose identity is shaped by both their ;old and new; cultures.;
4518;yes;X and Y;old;new;new - old; -- Thou, that art, and wast, and wilt be in the ;old and new; convenant!;
15630;yes;X and Y;old;new;new - old;" Former Governors were first in line to greet us; after them came the State House officials, legislators, and ";old and new; friends.;
8796;yes;X and Y;old;new;new - old; Artist/architect Adam Kalkin, another young explorer, has created a surrealist mix of ;old and new; for his own house in New Jersey's horse country.;
9588;yes;X and Y;old;new;new - old; Attendees enjoyed food and music, as well as the opportunity to visit with ;old and new; friends.;
13653;yes;X and Y;old;new;new - old; Drawing from various traditional Chinese genres, artistic director Doudou Huang seeks to reinvent Chinese dance, skillfully weaving East and West, ;old and new;, and interpreting history through a modern filter.;
32535;yes;X and Y;new;old;new - old; Owners ;new and old; are sprucing up their properties, and investors are snapping up run-down houses in hopes of making a killing.;
22807;yes;X and Y;old;new;new - old; If you're determined to buy a laser-disc player now, there should be plenty of ;old and new; movies to watch.;
30342;yes;X and Y;old;new;new - old; NBW became one of the more than 500 banks in the past three years to overdose on this lethal mix of ;old and new; banking attitudes, of country-club chumminess and free-market fever.;
1733;yes;X and Y;new;old;new - old;" "" His players, ";new and old;, have come to understand Larry Bowa.;
37208;yes;X and Y;old;new;new - old; That appears to be where the industry is -- straddling both sides, ;old and new; media.;
36989;yes;X and Y;new;old;new - old; Take a look at the tables below for more exact numbers, it is a fairly large gap between the ;new and old;.;
32895;yes;X and Y;old;new;new - old; Perhaps it is time to start talking about ;old and new; avant-gardes.;
53207;yes;X and Y;old;new;new - old;) His new story is a blend of ;old and new;, recasting pulp elements for the electronic age.;
10423;yes;X and Y;old;new;new - old; Both ;old and new; experiences are present, and modified in integration.;
50101;yes;X and Y;old;new;new - old; While the downtown area is still a work in progress, you'll find a vibrant mix of ;old and new; shops and restaurants, and during the holidays Utah's festive capital is infectiously appealing.;
3844;yes;X and Y;new;old;new - old;" "" Works in two-dimensional mediums ";new and old; by Alan Xie, Oliver Smith and Richard Gess.;
12142;yes;X and Y;old;new;new - old; CATHOLIC readers as they talk about saints, ;old and new;.;
46904;yes;X and Y;old;new;new - old; Thus, the text was ;old and new; spliced together (with some changes in the narrative), while the music was Handel's and Johnsen's, with pieces inserted from several other composers, as well.;
21870;yes;X and Y;old;new;new - old; I'm also looking forward to saying hi to ;old and new; friends.;
40079;yes;X and Y;old;new;new - old; The heart of @ @ @ @ @ @ @ @ @ @ the district's seven counties, Mason is rapidly splitting into two separate and distinct political blocs: ;old and new;.;
29240;yes;X and Y;old;new;new - old; Marshall's philosophy of mixing ;old and new; dovetailed with that of his preservation-minded but practical clients.;
20755;yes;X and Y;new;old;new - old; I love both sides of Carlin, ;new and old;.;
42480;yes;X and Y;old;new;new - old; The town is a mix of ;old and new;, with a historic 1902 train depot as one of its landmarks and low-priced subdivisions sprouting up all over.;
542;yes;X and Y;old;new;new - old; ;old and new;" The living-room hearth (opposite page) looks original to the house but, Laura reveals, "" we made it from scratch, "" replete with a wellpatinaed surround she bought at auction and left untouched.";
39293;yes;X and Y;old;new;new - old; The current fever and passion for Italian food was caused largely by the sheer number of Italian restaurants that opened, giving these restaurants -- ;old and new; -- a presence as imposing as Mt.;
1867;yes;X and Y;old;new;new - old;" "" I have consciously used an architectural vocabulary that is b";old and new;, and (hope the building will become a dramatic landmark for Cleveland and music fans around the world.;
11206;yes;X and Y;old;new;new - old; But it should stabilize at some price with the mix of ;old and new; generations.;
51239;yes;X and Y;new;old;new - old; You might also consider joining the American Orchid Society, whose monthly bulletin is a superb source of up-to-date information on ;new and old; orchids and their cultural requirements.;
24042;yes;X and Y;new;old;new - old; In the meantime, he is bringing a series of ;new and old; works to Chelsea's C24 Gallery for his first solo show in New York.;
31277;yes;X and Y;new;old;new - old; Nowhere is the contrast between the ;new and old; administrations any more stark than in the backing they provide to nominees who require Senate confirmation.;
22304;yes;X and Y;old;new;new - old; If it was n't for this site I might not have saved it (having some decorating difficulty) but seeing the ;old and new; retro pictures has swayed me.;
47584;yes;X and Y;old;new;new - old; Under both the ;old and new; Norwegian terms the levels of take are higher than in MOD terms and the systems are more regressive.;
25802;yes;X and Y;new;old;new - old; It lends itself to such a horrible fanbase (I'm sorry, but it's true), that you ca n't take it seriously, let alone compare it with so many other amazing vampire movies, ;new and old;.;
6530;yes;X and Y;old;new;new - old; After a big, centralized cocktail party, groups of partners and associates, ;old and new;, headed for dinner parties at various partners'homes.;
27745;yes;X and Y;old;new;new - old; Its medieval look is just a pretty mask for its modernity, with a wonderful mix of ;old and new;.;
2214;yes;X and Y;old;new;new - old;" "" It packages some ";old and new;" self-help initiatives under the theme that government should, as one adviser puts it, "" get people to accept responsibility for themselves, and we have to give them the tools.";
48840;yes;X and Y;new;old;new - old; We're not Mayberry, we're just a mix of ;new and old;, growing more diverse and sometimes more progressive, and sometimes stubbornly clinging to old ways.;
18364;yes;X and Y;new;old;new - old; Here, behind crafted gates and walls softened with greenery, landscape architect Robert Chesnut has created a hidden jewel where garden and abode, ;new and old;, blend seamlessly.;
9312;yes;X and Y;old;new;new - old; As workers assemble cars with Sweet Child @ @ @ @ @ @ @ @ @ @ that Tesla offered him a chance to do something b;old and new;.;
4931;yes;X and Y;old;new;new - old; 37 Cultural intercourse and confrontation, all types of sexual encounters, different cultures and classes creating ;old and new; associations -- such is the celebratory narrative of the Persiles and Sigismunda, of Don Quixote, and most of Cervantes'fiction.;
47310;yes;X and Y;new;old;new - old; Too many ;new and old; friends alike.;
20777;yes;X and Y;old;new;new - old; I love the blend of ;old and new; I picked up those same chargers at World Market but have n't decided how to use them yet.;
53950;yes;X and Y;new;old;new - old;99 for ;new and old; titles.;
10099;yes;X and Y;old;new;new - old; Behind the fish factory in the overgrown dumping ground there were many footprints ;old and new; as well as tire tracks and bicycle tracks.;
45789;yes;X and Y;new;old;new - old; This is a point I make to ;new and old; teachers alike.;
44507;yes;X and Y;old;new;new - old; They are suspended between the ;old and new;.;
10776;yes;X and Y;new;old;new - old;" But I want to avoid gentrification, "" he adds, echoing almost every business owner, ";new and old;.;
38348;yes;X and Y;old;new;new - old; The Trail Blazers'blend of ;old and new; should serve them well in the West.;
29017;yes;X and Y;old;new;new - old; Managers appear to have balanced the needs of both sets of users by adopting guide requirements for external purposes while utilizing a mix of ;old and new; reporting practices for internal purposes.;
35214;yes;X and Y;old;new;new - old; Shop her favorite sources for items ;old and new;.;
9406;yes;X and Y;old;new;new - old; At development costs of $4 per barrel the HV field is non-viable under the ;old and new; terms.;
37152;yes;X and Y;old;new;new - old; Th e Great Wall of Lucy Wu by Wendy Wan-Long Shang is a fine first novel that poignantly and humorously paints a picture of two worlds -- ;old and new;, Chinese and American.;
24011;yes;X and Y;old;new;new - old; In the gymnasium, visitors will have the opportunity to catch up with friends and colleagues, look at ;old and new; photos and view items that will be placed in the 2012 time capsule.;
24900;yes;X and Y;old;new;new - old; It comes with audiotape, color wheels and reproductions of ;old and new; masters-but the best thing is when you turn a page and suddenly, a little Renaissance @ @ @ @ @ @ @ @ @ @!;
20756;yes;X and Y;old;new;new - old; I love collecting ;old and new; china and I do this by visiting a thrift store or two ever so often.;
9002;yes;X and Y;old;new;new - old; As both the ;old and new; welfare systems have demonstrated, financial incentives can change family patterns.;
48383;yes;X and Y;old;new;new - old; We had a good look at part of the northern part of the peninsular city as we wound through ;old and new; areas of Dalian.;
53795;yes;X and Y;old;new;new - old;4 million-member union has never been so sharp - or embarrassing - as during recent meetings of Carey's General Executive Board, where the ;old and new; leaders have clashed.;
27556;yes;X and Y;new;old;new - old; It's similar to the feeling of getting to know your friends, ;new and old;.;
16071;yes;X and Y;new;old;new - old; Giro brought 10 helmets that could be tested in 18 configurations, while Nike engineers brought ;new and old; versions of the company's aerodynamic Spin Suit.;
9501;yes;X and Y;old;new;new - old; At the first staff meeting, we all felt at home, ;old and new; staffers alike.;
7423;yes;X and Y;new;old;new - old; Amin maps these oppositional formations, ;new and old;, critically assessing their potential and limitations for the revolutionary project today.;
32794;yes;X and Y;old;new;new - old; People have told us that this ca n't happen, but it can, by combining ;old and new; technology.;
18296;yes;X and Y;old;new;new - old; Here images of ;old and new; displays are compared -- the new cases revealing a more symmetrical, linear, less cluttered approach to exhibition design.;
35720;yes;X and Y;old;new;new - old; So she combined ;old and new; window treatments.;
8475;yes;X and Y;old;new;new - old; And, like public choice theorists, marxists -- ;old and new; -- explain the origins of the state within a preexisting capitalist order.;
42455;yes;X and Y;new;old;new - old; The time when prior comparisons were made, just after the expansion in the late 1970s, involved comparisons of new (rural) and ;new and old; (urban/suburban) school psychologists, leading to findings of lower rural experience and professional preparation.;
38751;yes;X and Y;new;old;new - old; The best defense for products -- ;new and old; -- is to offer a real improvement, not an advertised improvement (New!;
45890;yes;X and Y;new;old;new - old; This is just the combination of ;new and old; that these populations need - proven winners and young folks bringing fresh ideas into the mix.;
34230;yes;X and Y;new;old;new - old; Scott Ryan presents a new word, Chosinness, to describe a ;new and old; metaphysic that justifies criminality.;
54059;yes;X and Y;new;old;new - old;The feedback has been supporting our ;new and old; customers, all our goods are at the lowest discount sales.;
52698;yes;X and Y;old;new;new - old; the creation and the sharing of happiness and happy times with Eli, your many ;old and new; friends and family.;
38002;yes;X and Y;old;new;new - old; The Community Party The renaissance in Mobile's spirit has engendered a year full of tricentennial events to bring the community together in cherished ;old and new; venues.;
47424;yes;X and Y;old;new;new - old; True, thanks to British Prime Minister Tony Blair, a number of ;old and new; allies across Europe did stand by Washington.;
2122;yes;X and Y;new;old;new - old;" "" In the aggregate, such behavior destroys public finances because ";new and old; subsidies alike must be paid for (Weyland 1994).;
51583;yes;X and Y;new;old;new - old; a proponent of mixing and matching materials -- wood, metal, upholstrey -- as well as ;new and old; furnishings, Jan chose reproduction seating to surround the 1830's French shoefoot, tilt-top table.;
41661;yes;X and Y;old;new;new - old; The researchers again measured the women's fear, of both the ;old and new; spider, to see how sleep affected fear.;
2547;yes;X and Y;new;old;new - old;" "" No new Member of the Senate is put at a disadvantage, "" he argued, because all members, ";new and old;", had the same rights "" in dealing with changes in the rules.";
51569;yes;X and Y;old;new;new - old; a certain man of Ramathaim-zophim-The first word being in the dual number, signifies the double city-the ;old and new; town of Ramah (1Sa 1:19).;
36929;yes;X and Y;old;new;new - old; THANK YOU EVERYONE who came to say hello, friends ;old and new;.;
6907;yes;X and Y;new;old;new - old; All reports are that quarterback Joe Flacco is in control of the offense and he is developing great chemistry with his receivers ;new and old;.;
25988;yes;X and Y;old;new;new - old; It puts the ;old and new; theories together in context with each other.;
29592;yes;X and Y;old;new;new - old; Mix ;old and new; -- even some reproductions -- for a more interesting decor.;
36350;yes;X and Y;new;old;new - old; Spatial and symbolic alignments of ;new and old; draw historical parallels between events.;
12410;yes;X and Y;new;old;new - old; Chen, a study in perpetual motion, is onto every ;new and old; restaurant in the city.;
18458;yes;X and Y;old;new;new - old; His Sangre de Cristo (Blood of Christ), 1992, is an exquisite blend of ;old and new;.;
46064;yes;X and Y;old;new;new - old; This magazine is exclusively for women who want to look more beautiful and sexy wearing ;old and new; fashion.;
3109;yes;X and Y;old;new;new - old;" "" The delicious outcome is a garden courtyard that elegantly mixes ";old and new;, French and American, in the best Creole style.;
43486;yes;X and Y;old;new;new - old; There is a garden mostly of roses, ;old and new;, which shines not only in summer but also in autumn when hips dangle from the branches and masses of Sedum Autumn Joy'billow around their bases.;
37353;yes;X and Y;old;new;new - old; That is, the old memory is eliminated and the new one involves a collage of ;old and new; information.;
16242;yes;X and Y;new;old;new - old; Governments, ;new and old;, have their ears to the ground and are more responsive to their public's unrest.;
5346;yes;X and Y;new;old;new - old; @ @ @ @ @ @ @ @ @ @ greatest-hits overview of productions ;new and old;.;
29195;yes;X and Y;old;new;new - old; Marching in to Jeff Landrock's studio to hang with friends ;old and new;, catch up on the times, and, for me, witness private concerts -- the product of which wound up on the record.;
43768;yes;X and Y;old;new;new - old; There will be changes to the organization both with ;old and new; OnLive staff that will be bringing new features and games to the service.;
33271;yes;X and Y;old;new;new - old; Previously I was talking about my digging out some ;old and new; work and turning them into a book of monologues.;
25601;yes;X and Y;old;new;new - old; It is not as if her prayers were to somehow escape from the pain, ;old and new; at the same time.;
24929;yes;X and Y;old;new;new - old; It demonstrated the architectural possibilities of melding ;old and new;.;
48725;yes;X and Y;old;new;new - old; We wanted to reflect those values in this house by mixing ;old and new;" pieces, "" Faye says.";
36013;yes;X and Y;old;new;new - old;" Some meticulously mimic the original architecture; others create strikingly contemporary additions, sharply contrasting ";old and new;.;
53645;yes;X and Y alike;new;old;new - old;0 software for use on all iPhones, an incredible amount of new functionality is introduced to the millions of users ;new and old alike;.;
536;yes;X or Y;new;old;new - old; ;new or old;.;
4864;yes;X or Y;new;old;new - old; 25 At present there is no active support for ;new or old; agents in the PEts to prospect actively for new markets in Eastern Europe.;
28897;yes;X or Y;new;old;new - old; Machiavelli sees regimes primarily as ;new or old;, not as good or evil.;
13591;yes;X or Y;old;new;new - old; Does the iPod5 have the ;old or new; lightning connector?;
34847;yes;X or Y;old;new;new - old; She sank into a steady, mindless rhythm, the part of swimming she'd always liked best-no words, no time, no losses, ;old or new;.;
53602;yes;X or Y;old;new;new - old;, to get money out of ;old or new; husbands.;
25873;yes;X or Y;old;new;new - old; It may be ;old or new;, in the city or in the country, large or efficient.;
29525;yes;X or Y;old;new;new - old;" Miguez-Bonino spoke of "" our rejection of a universal and unreformable doctrinal teaching which definitely blocks the path to pretending we can become the religious actor of "" Christendom, "" be it ";old or new;.;
49800;yes;X or Y;new;old;new - old; Whether ;new or old;, if the people are n't there to watch, the shows will have a hard time.;
12195;yes;X or Y;old;new;new - old; Call them ;old or new; money.;
49831;yes;X or Y;new;old;new - old; Whether it's ;new or old;", you all still have the same common ground, "" she says.";
2911;yes;X or Y;new;old;new - old;" "" Start out at 50 percent for a couple of weeks and introduce your body to a ";new or old; sport.;
49071;yes;X or Y;old;new;new - old; What does Moses have to do with any kind of feminism, ;old or new;?;
23501;yes;X or Y;old;new;new - old; In general it does not matter to me if a track is ;old or new;, as long as it's good.;
8444;yes;X or Y;old;new;new - old; And you have n't contributed squat in any language, ;old or new;.;
21229;yes;X or Y;new;old;new - old; I think that most people in business, ;new or old;, started out that way - the trick is making sure that we stay that way, even in the face of fame and riches.;
4976;yes;X or Y;old;new;new - old; 5, can choose the ;old or new; law.;
3195;yes;X or Y;new;old;new - old;" "" The next day when I came to the Mother House in the morning, I walked through the front door where two Sisters always sit to greet ";new or old; arrivals.;
43649;yes;X or Y;new;old;new - old; There still had been no confirmation of the launch dates, ;new or old;, however, and Wotan was still adamant about turning the beam drivers off, as Hilda was about keeping them on.;
22122;yes;X or Y;old;new;new - old; Ido n't know if ;old or new;.;
38459;yes;X or Y;new;old;new - old; The afternoon passed, with still no sign from the visitors, ;new or old;.;
49871;yes;X or Y;new;old;new - old; Whether the house is ;new or old;, buy tools and one of those Reader Digest books on how to fix everything.;
41302;yes;X or Y;old;new;new - old; The pleasures of Las Vegas, ;old or new;, however, hold little attraction for CDI.;
52953;yes;X or Y;old;new;new - old; whether they're ;old or new;!;
16709;yes;X or Y;new;old;new - old; He embellished almost all objects that he collected, ;new or old;, with his writing.;
10693;yes;X or Y;old;new;new - old; But ;old or new;, hard or easy to push, mellow or offensive to the ear, reel mowers were not dangerous.;
20517;yes;X or Y;new;old;new - old; I hope every blogger, ;new or old;, reads this post!;
23451;yes;X or Y;new;old;new - old; In fact, not a single coal plant of any type in America, ;new or old;, is currently capturing and storing a single ton of CO2 underground.;
33777;yes;X or Y;new;old;new - old; Rent a ;new or old; classic-the kind that only gets better with every viewing-and serve a meal that takes its cue from the film.;
53301;yes;X or Y;old;new;new - old;) We're always looking for guest articles, news items or reviews/commentary on books, ;old or new;"; if you'd like to <h> Pages <h> Friday, October 26, 2012 <h> "" Do you want to do something weird?";
51896;yes;X or Y;new;old;new - old; eithere ;new or old;.;
23466;yes;X or Y;old;new;new - old; In fact, the author often brings Rabbit's memories of a more innocent America to a screeching halt with one of Rabbit's crude, anti-erotic descriptions of ;old or new; passion.;
10989;yes;X or Y;new;old;new - old; But finally it seems to me that whether journalism, ;new or old;, can ever attain to the status of high art is a question that calls for, indeed demands, throwing out the baby with the bathwater.;
29533;yes;X or Y;new;old;new - old; Mile High Stadium is no @ @ @ @ @ @ @ @ @ @ This new stadium will never be Mile High Stadium, ;new or old; or otherwise.;
51742;yes;X or Y;new;old;new - old; au Polished chrome hardware adds a sleek touch to ;new or old; cabinets.;
49946;yes;X or Y;old;new;new - old; Which news organizations, ;old or new;, are inclined toward this type of news.;
27333;yes;X or Y;new;old;new - old; It's good music for good people whether it be ;new or old;, major or indie.;
44669;yes;X or Y;old;new;new - old; They do n't look like other ;old or new; photographs.;
1051;yes;X or Y;old;new;new - old;" "" And to fans like @ @ @ @ @ @ @ @ @ @ no idea what this is, ";old or new;, but it's fucking good!;
22441;yes;X or Y;old;new;new - old; If the choice is between ;old or new; props, I prefer to include objects with historical interest and character.;
2190;yes;X or Y;old;new;new - old;" "" It is not ";old or new; but a primordial element.;
49091;yes;X or Y;new;old;new - old; What has a critic's gender and/or race have to do with anything of importance in the matter of reviewing classical music, ;new or old;?;
43428;yes;X or Y;new;old;new - old; There coloreds had no hope -- ;new or old;", and he saw no reason that they would even bother to have those bi-weekly "" freedom "" meetings.";
35371;yes;X or Y;new;old;new - old; Since everything went downhill we let dealers run whatever sales they want and have made one of our three rooms into a 50/50 consignment room (where you can sell ;new or old;).;
22803;yes;X or Y;old;new;new - old; If you're a fan of Underoath, ;old or new;, I'd recommend checking into this release immediately.;
49820;yes;X or Y;old;new;new - old; Whether in dealing with ;old or new; issues, the basic idea would be to develop a G-2 between the United States and China to steer the global governance process.;
10921;yes;X or Y;new;old;new - old; But buildings, ;new or old;, have never cured anyone of anything.;
22496;yes;X or Y;old;new;new - old; If the vehicle has been well maintained, ;old or new;, it should have no trouble passing the test.;
21806;yes;X or Y;old;new;new - old; I'll most likely preface each update with an explanation of whether a fic is ;old or new;, was posted elsewhere, why it's here and not a story of its own.;
54026;yes;X or Y;old;new;new - old;If we were to create a ;old or new; honey bee from fossil record like amber fossils.;
22386;yes;X or Y;new;old;new - old; If she was angry she would shut them in the closet door with more force than was perhaps necessary, because whether they were ;new or old;, their damage could only help her dance with less pain.;
7039;yes;X or Y;old;new;new - old; Almost any book about lawns, ;old or new;, promotes keeping a lawn healthy as the best way @ @ @ @ @ @ @ @ @ @ and shade or out-compete weeds.;
48506;yes;X or Y;old;new;new - old; We just recorded whatever we excited about playing, whether it was ;old or new;, an influence or not.;
14098;yes;X or Y;old;new;new - old; Ethics justifies a different treatment of criminal offenders depending on whether our legal and social policy is based on the ;old or new; assumption.;
26834;yes;X or Y;new;old;new - old; It would be a mistake, however, for government, at whatever level, to wholly fund settlements, ;new or old;, on its own, as it did with the community-action and Model Cities programs of the 1960s.;
51872;yes;X or Y;new;old;new - old; doc runs across a patient who has a heart murmur, the patient often wo n't know what type it is, how long they've had it, if it's ;new or old;", "" Dr.";
41530;yes;X or Y;old;new;new - old; The question is not whether I have properly classified these techniques as ;old or new;, that is immaterial.;
36656;yes;X rather than Y;old;new;new - old;" Study of imperial constitutions on marriage, adultery and inheritance shows how late Roman laws "" reflect ";old rather than new;" sexual values "" (p.";
3208;yes;X rather than Y;old;new;new - old;" "" The potentials met with are ";old rather than new; because they are the very same potentials that, at the pre-egoic level, constituted the original environment of the ego's existence.;
31918;yes;X, not Y;new;old;new - old; One should note, though, that McNealy's other sport is hockey, and computer money is ;new, not old;.;
11682;yes;X, not Y;old;new;new - old; But they are actually ;old, not new; at all.;
23198;yes;between X and Y;old;new;new - old; In addition, as in the HSMP, the relationship ;between old and new; Catholicism has been a significant factor in the hermandad's development.;
44870;yes;between X and Y;old;new;new - old; They may also suggest unexplored complexities within the traditional, and even paradoxical lines of affiliation ;between old and new;.;
49698;yes;between X and Y;new;old;new - old; When you make a link ;between new and old; information, it makes it much easier to remember new information.;
15735;yes;between X and Y;old;new;new - old; From 650 to 600, no adjustment is made, and the scores are unaltered ;between old and new;.;
45718;yes;between X and Y;new;old;new - old; This involved exaggerating the differences ;between new and old; law by portraying the new law as something that required a total transformation in day to day life in the village.;
8537;yes;between X and Y;old;new;new - old; Another option is to work the fringe ;between old and new; growth, which can appear anywhere in a clear-cut.;
19386;yes;between X and Y;old;new;new - old; However, the government believes that the surcharge strategy will create a level playing field ;between old and new; operators.;
53232;yes;between X and Y;old;new;new - old;) In some cases, the difference in serving size ;between old and new; is staggering.;
5454;yes;between X and Y;old;new;new - old; @ @ @ @ @ @ @ @ @ @ thick line drawn ;between old and new;.;
40813;yes;between X and Y;old;new;new - old; The most basic difference ;between old and new; technology is the speed in the distribution of information.;
17193;yes;between X and Y;old;new;new - old; He plans to offer a bridge ;between old and new; if the customers go only halfway.;
12129;yes;between X and Y;old;new;new - old; By using DSMs to document the architecture of the product for every generation of a product family, managers can identify key differences ;between old and new; architectures.;
31179;yes;between X and Y;old;new;new - old; Now the neighborhood maintains a delicate balancing act ;between old and new;, one that plays 24 hours a day.;
9489;yes;between X and Y;old;new;new - old; At the 1955 meeting of the American Astronomical Society, it was suggested that differences ;between old and new; Martian maps were the result of volcanism.;
41779;yes;between X and Y;old;new;new - old; The rivalry was pretty clear ;between old and new; money, To The Manor Born.;
5696;yes;between X and Y;old;new;new - old; A concluding section focuses on the intensified tug-of-war ;between old and new; relational ideals and sources of power, and concomitant feelings of ambivalence in both women and men.;
42245;yes;between X and Y;new;old;new - old; The struggle ;between new and old; groups is inevitable in modernization.;
28927;yes;between X and Y;new;old;new - old; Magistrates'motivations for exaggerating differences ;between new and old; law were clear.;
45966;yes;between X and Y;old;new;new - old; This is the ability to analyze specific differences ;between old and new; versions of a file, and save only what has changed, rather than copying the entirety of a new file over the old one.;
40921;yes;between X and Y;old;new;new - old; The new homeowners were able to get the attention of the city government and the police, and relations ;between old and new; residents have evened out, she said.;
53049;yes;between X and Y;old;new;new - old;'145 The volatile interaction ;between old and new; ideas that led to diplomatic change in the late Qing era occurred through a slow and circuitous process.;
18315;yes;between X and Y;old;new;new - old; Here the organizational forms are considerably less clear and subject to considerably more tension ;between old and new;.;
12459;yes;between X and Y;old;new;new - old; Chip Kelly's offense works not because it's a gimmick, but because rather than choose sides ;between old and new;, Kelly's teams straddle history.;
19240;yes;between X and Y;old;new;new - old; However, Perez de Hita draws important distinctions ;between old and new; ballads.;
38769;yes;between X and Y;old;new;new - old; The best way for the state is to constrain these old groups and support new forces as much as possible, and to attain a balance ;between old and new; forces.;
41930;yes;between X and Y;old;new;new - old; The seamless transition ;between old and new; provides testimony to Rebecca and Robert Parker's careful planning and concern for preserving the character of the home they bought in 1993.;
30983;yes;between X and Y;old;new;new - old; Not that every encounter ;between old and new; goes smoodily.;
14239;yes;between X and Y;old;new;new - old; Even the most nuanced theatre-historical analyses cling to the idea that the play kicked off a'cultural contest';between old and new; in which Marlowe eventually'prevailed'.;
3359;yes;between X and Y;old;new;new - old;" "" These new observations allow us to unambiguously differentiate ";between old and new; lava flows, locate fissures @ @ @ @ @ @ @ @ @ @ formed as the lava flowed and cooled.;
49685;yes;between X and Y;old;new;new - old; When you build a new home, the distinctions are n't ;between old and new;, contemporary and classical, or even good and bad.;
33003;yes;between X and Y;new;old;new - old; Photograph Arches provide a transition ;between new and old;.;
40572;yes;between X and Y;new;old;new - old; The magistrates demonstrated their usual concern with informing those involved about the differences ;between new and old; law, suggesting that Samama had not yet mastered the new, and better, way.;
44016;yes;between X and Y;new;old;new - old; These cases also, however, illustrated the ways that magistrates, in fact, drew on a local tradition of dispute settlement in some ways, while rhetorically emphasizing the radical differences ;between new and old; law.;
38189;yes;between X and Y;old;new;new - old; The Marriott says its employees prefer to divide shifts equally ;between old and new; employees.;
47092;yes;between X and Y;old;new;new - old; To keep the gap ;between old and new;" schools from becoming too wide, the school system employs a renovation schedule and a "" technology equalization plan "" to provide schools with up-to-date computers.";
4368;yes;between X and Y;old;new;new - old; (n55) It is crucial, however, that Chernyshevskii uses it deliberately only as a provisional metaphor, as an outdated commonplace that actually highlights the difference ;between old and new; science.;
23691;yes;between X and Y;new;old;new - old; In other ways, the boundary ;between new and old; media has become porous.;
4734;yes;between X and Y;new;old;new - old; 11) and adds coils, compressing them on either side of the edge to insure a tight bond ;between new and old; clay.;
44656;yes;between X and Y;new;old;new - old; They did this by sometimes stressing the opposition ;between new and old; law and sometimes by stressing the continuities between the two.;
41849;yes;between X and Y;new;old;new - old; The rustic sideboard (below) strikes an authentically rural note in this transitional space ;between new and old; areas of the house.;
24560;yes;between X and Y;new;old;new - old;" Interest here is in the compositional structure and human interest with the three "" nuns "" and two tiny people walking past the contrast ";between new and old;.;
50451;yes;between X and Y;old;new;new - old; With its contrast between past and present, ;between old and new;, between the accustomed and the novel, tradition provides an ideal metaphor for expressing personal and social transformations (cf.;
14236;yes;between X and Y;old;new;new - old; Even the home-entertaining conundrum was solved by creating a dialogue ;between old and new;.;
24450;yes;between X and Y;new;old;new - old; Instead of dramatizing the difference ;between new and old; buildings, they began to take design cues from the existing cityscape.;
22255;yes;between X and Y;old;new;new - old; If for Gehry there is no conflict ;between old and new;, there is some conflict for the Basques trying to recast Basque cultural identity in terms of industries of art and communication.;
53695;yes;between X and Y;old;new;new - old;186) is crucial for librarians who are at the cross-roads of choosing ;between old and new; metadata paradigms.;
23452;yes;between X and Y;old;new;new - old; In fact, nothing had changed in the nature of the Church or its sanctity, but it had become more deeply conscious of the dichotomy ;between old and new; in its earthly life.;
9666;yes;between X and Y;old;new;new - old; BICYCLING: We have a resident bike geek who noticed a switch ;between old and new; components on bikes in some of the shots.;
45550;yes;between X and Y;old;new;new - old; This complex relationship ;between old and new; Catholicism has been a central element in the development of the brotherhoods in Paterson, including the HSMP.;
17218;yes;between X and Y;old;new;new - old; He publishes the Surface to Air blog to share lessons learned in the process and to triangulate among issues and events along the line ;between old and new; media.;
35600;yes;between X and Y;old;new;new - old; So as the birds shuttle ;between old and new; lakes, the eggs fall off and hatch.;
42573;yes;between X and Y;old;new;new - old; The unbridgeable gap ;between old and new; is shrinking.;
4197;yes;both X and Y;old;new;new - old; (See separate review) @ @ @ @ @ @ @ @ @ @ revival of interest in Kerouac's work by ;both old and new; generations has yet to be seen.;
25121;yes;both X and Y;new;old;new - old; It has an amazing array of ;both new and old; architecture with over 4,500 listed buildings for you to see!;
7954;yes;both X and Y;old;new;new - old; And many basements, ;both old and new;, have no below-floor drainage piping at all.;
746;yes;both X and Y;new;old;new - old;" "" (1) Gap officials acknowledge past mistakes and look to the future with new store layouts and merchandise they hope will appeal to ";both new and old; customers.;
32177;yes;both X and Y;new;old;new - old; Originally printed by Marvel Comics, these stories have been meticulously re-colored and are sure to please ;both new and old; Star Wars fans.;
32344;yes;both X and Y;old;new;new - old; Our house leaks about 30 percent of its intake, which @ @ @ @ @ @ @ @ @ @ (circa 1907), you'll typically find a similar rate in ;both old and new; construction.;
47761;yes;both X and Y;new;old;new - old; Upon launching the Websites app, you're greeted by a paginated list of kid-friendly websites, like Barney and Friends, Blue's Clues, Dora, Miss Spider, and other well know characters, ;both new and old;.;
38010;yes;both X and Y;old;new;new - old; The Covenant Blu/Grand Center neighborhood has done a great job with exciting signs ;both old and new;.;
34390;yes;both X and Y;old;new;new - old; Setting up in equatorial mode is well covered, and the exercises deal with ;both old and new; Meade field tripods.;
19470;yes;both X and Y;new;old;new - old; Hundreds of people had donated items ;both new and old;, and they were tightly boxed away in many different areas on the ship.;
49960;yes;both X and Y;old;new;new - old; While ;both old and new; Vancouver residents are still struggling to adjust, the net effects of the immigration wave are still unknown.;
52876;yes;both X and Y;old;new;new - old; very familiar with ;both old and new; philosophy as it relates to the freedom of men.;
11647;yes;both X and Y;new;old;new - old; But there are still plenty of funky shops and tempting restaurants, ;both new and old;, and plenty of customers for all of them.;
9680;yes;both X and Y;new;old;new - old; BTW, my clients are ;both new and old;.;
43778;yes;both X and Y;old;new;new - old; There's ;both old and new;, mostly gentle retellings of Messianic births in low places.;
24144;yes;both X and Y;old;new;new - old; In their keynote addresses, leaders, ;both old and new;, appeared to strike a conciliatory tone.;
7797;yes;both X and Y;new;old;new - old; And he undoubtedly took the considerable opportunities there were in Manchester and London to see other art, ;both new and old;.;
4805;yes;both X and Y;old;new;new - old; 2 As the military confronted insurgencies in the 1980s, ;both old and new; conflicts emerged that seriously challenged efforts to maintain unity.;
24774;yes;both X and Y;old;new;new - old; It also agrees with the optimists that changes in family structures are inevitable and here to stay, and that ;both old and new; family forms should receive more community support.;
13414;yes;both X and Y;old;new;new - old; Digital modems, ;both old and new;, can offer superior speeds over telephone lines.;
20780;yes;both X and Y;old;new;new - old; I love to make reviews and share some records, ;both old and new;.;
29746;yes;both X and Y;old;new;new - old; Moreover, if this period saw the dissemination, across a number of fields, of Italian and Spanish humanist models, it also experienced the newly widespread availability of ;both old and new; material.;
28859;yes;both X and Y;new;old;new - old; Luke Burrage reviews ;both new and old; science fiction books.;
11310;yes;both X and Y;old;new;new - old; But nay, the both of them still glistening in the mist of their intimacy, ;both old and new;, Manuel simply laughed it off.;
47674;yes;both X and Y;old;new;new - old; Unless the LSD therapist is equally at home with ;both old and new; ideas he may overlook creative aspects of the patient @ @ @ @ @ @ @ @ @ @ psychotic.;
40472;yes;both X and Y;new;old;new - old; The lesson that freedom is not the license to exploit others nor is it without restraint is one most relevant to ;both new and old; democracies.;
21895;yes;both X and Y;new;old;new - old; I'm honored to be hosting this week, and thrilled to have to many diabetes bloggers, ;both new and old;, representing!;
5627;yes;both X and Y;new;old;new - old;" A Court confined to policing a "" no discrimination "" inquiry could condemn distinctions in punishment, ";both new and old;, on the ground that those distinctions had been drawn for morally insufficient reasons.;
46927;yes;both X and Y;new;old;new - old; Tim, I now have bought ;both new and old; versions.;
31446;yes;both X and Y;old;new;new - old; Official acceptance of the ordination of women will happen, some have argued, only after women serve as priests, in ;both old and new; ways.;
51978;yes;both X and Y;old;new;new - old; hahaha) and making memories with my family ;both old and new;.;
34329;yes;both X and Y;new;old;new - old; Sending coupons via MMS is an effective marketing strategy that will appeal to ;both new and old; customers.;
54144;yes;both X and Y;old;new;new - old;com offers an Advent calendar composed of images from the Hubble Telescope, ;both old and new;.;
12647;yes;both X and Y;old;new;new - old; Combine ;both old and new; in your interiors.;
47594;yes;both X and Y;old;new;new - old; Under such an assumption the aggregate annual debt service is a combination of ;both old and new; debts as were calculated above.;
18275;yes;both X and Y;old;new;new - old; Here Kathy and Sissy share some of their favorites -- ;both old and new; -- in this Bluegrass celebration menu.;
31041;yes;both X and Y;old;new;new - old;" Nothing "" new "" ever happens with God, who dwells in eternity outside ";both old and new;.;
10509;yes;both X and Y;old;new;new - old; Both have wildly successful economies and verdant landscapes that are green with money ;both old and new;.;
40520;yes;both X and Y;old;new;new - old; The list below is far from comprehensive and represents a sampling of ;both old and new; items that are available to classroom teachers, interested in the Bill of Rights.;
3960;yes;both X and Y;old;new;new - old;" "" is to explain why courts should "" reject the nondelegation doctrine, ";both old and new;, as a way of ensuring better and more transparent policy analysis by EPA and other agencies.;
11639;yes;both X and Y;old;new;new - old; But there are also plenty of works - ;both old and new; - that contain plausible universes working entirely within physics as we understand them.;
27774;yes;both X and Y;new;old;new - old; Its use in plant/rock filters should be encouraged in ;both new and old; systems.;
7029;yes;both X and Y;new;old;new - old; Allow the same Domino executables to run on ;both new and old; S/390 hardware processors.;
46172;yes;both X and Y;new;old;new - old; This page: Sarah collects Victorian oil paintings (top) and gardening and design books ;both new and old; (right).;
5025;yes;both X and Y;old;new;new - old; 8 In Jordan, many of the labor demands are linked to wider grievances about neoliberal economic policies, corruption and government accountability that are central concerns of political reform groups, ;both old and new;.;
26563;yes;both X and Y;new;old;new - old; It was great to be back in Durham and reconnect with the Fuqua community, ;both new and old;!;
50504;yes;both X and Y;old;new;new - old; With that in mind, here are 21 more TV shows -- ;both old and new; -- that could make great movies.;
42051;yes;both X and Y;old;new;new - old; The sketch on page 118 illustrates how her plan incorporates ;both old and new; furnishings to create an inviting atmosphere perfect for many functions.;
32270;yes;both X and Y;new;old;new - old; Others would include ;both new and old; cultures in multicultural education.;
53631;yes;both X and Y;old;new;new - old;,'which is at once ;both old and new;.;
10911;yes;both X and Y;old;new;new - old; But before proceeding further it should be noted that the new period in American manners included ;both old and new; strains.;
18376;yes;both X and Y;old;new;new - old; Here, then, is another reason for choosing ;both old and new; repertoire.;
30091;yes;both X and Y;new;old;new - old;" My blog http: **32;11438;TOOLONG highlights technologies, techniques and methods, ";both new and old; which can be applied to agriculture for the all around development of the sector.;
18287;yes;both X and Y;old;new;new - old; Here are some of our favorite stories of love, ;both old and new;.;
33744;yes;both X and Y;old;new;new - old; Relying on ;both old and new; international institutions for maintaining stability @ @ @ @ @ @ @ @ @ @ liberal philosophical tradition established by a string of Democratic presidents.;
16291;yes;both X and Y;old;new;new - old; Great books - ;both old and new; - stand the test of time and they're satisfying for readers and listeners of all ages.;
31312;yes;both X and Y;old;new;new - old; OUR RESULTS We tested with ;both old and new; slow cookers and found that cook times vary between models.;
50126;yes;both X and Y;old;new;new - old; While their male counterparts were upping the ante with increasingly explicit (and controversial) rhymes, female rappers -- ;both old and new; -- offered a different, welcome perspective, speaking out with unprecedented candor and force.;
43612;yes;both X and Y;old;new;new - old; There is room for ;both old and new; game dynamics.;
8684;yes;both X and Y;old;new;new - old; Apple could couple the introduction of a new screen resolution with a much awaited UI redesign for iOS 6, one that makes best use of screen space in ;both old and new; resolutions.;
24140;yes;both X and Y;old;new;new - old; In their collaboration for the July 23 Democratic debate in South Carolina, CNN/YouTube recorded the largest number of voters in campaign history to use ;both old and new; media.;
50726;yes;both X and Y;old;new;new - old; Wrapped in a new package and graced with the talent of top photographers, Mother Earth News'sane, planet-saving, lifesaving, cost-saving how-to themes attracted ;both old and new; readers and advertisers alike.;
44121;yes;both X and Y;new;old;new - old; These include new tags, new form fields, and new attributes on ;both new and old; tags alike.;
47494;yes;both X and Y;old;new;new - old; Twice a week he climbs one hundred steps up a spiral stairway to perform ;both old and new; music.;
48039;yes;both X and Y;old;new;new - old; Wabash Avenue) is an excellent resource for ;both old and new; timepieces.;
27653;yes;both X and Y;new;old;new - old; It's unclear if any of the backup guard brigade, ;both new and old;, is ready to play heavy productive minutes.;
20770;yes;both X and Y;new;old;new - old; I love stores that combine ;both new and old; so this was totally a plus for me.;
760;yes;both X and Y;new;old;new - old;" "" (n16) What are the implications of this buried rhetoric of privation for the sundry practices of art history, ";both new and old;?;
36499;yes;both X and Y;new;old;new - old; Step 3: Watch a good movie -- libraries have plenty to choose from, ;both new and old;!;
13036;yes;both X and Y;old;new;new - old; Cumulation takes place when one such set is markedly more successful than its rivals in accounting for ;both old and new; observations.;
782;yes;both X and Y;new;old;new - old;" "" * Lodgings of Note At the Atllon, next to the Brandenburg Gate, the bellboys wear pillbox hats and the operatic lobby buzzes with ";both new and old; money taking tea.;
14645;yes;both X and Y;old;new;new - old; FIP, in turn, is managed by a council chosen by the president, and funds ;both old and new; initiatives.;
12946;yes;both X and Y;old;new;new - old; Coupled with this idea was an increased consciousness of form and a searching examination of ;both old and new; techniques.;
44547;yes;both X and Y;old;new;new - old; They asked a waitress to turn it down, for despite the casualness of their talk, something seemed to be happening between them - something ;both old and new;.;
50511;yes;both X and Y;old;new;new - old; With the Smithsonian's vast collection of astronomical equipment, ;both old and new;", "" we can show the real thing, "" says DeVorkin.";
10585;yes;both X and Y;old;new;new - old; Bridgens shows English infantry of the mid-16th century with ;both old and new; weaponry-from left, a billman, pikeman, harquebusier and archer.;
34641;yes;both X and Y;old;new;new - old; She has about 50 in all, ;both old and new;.;
42284;yes;either X or Y;old;new;new - old; The success rate by ;either old or new; school is about the same, 85 percent, Olgin says @ @ @ @ @ @ @ @ @ @ doing it.;
26461;yes;from X to Y;old;new;new - old; It was a transition of power ;from old to new;.;
45631;yes;from X to Y;old;new;new - old; This feature allows for a graceful transition ;from old to new; key, and removes the key renegotiation sequence from the critical path of tunnel data forwarding.;
37354;yes;from X to Y;old;new;new - old; That is, the total living biomass stays roughly constant, there is a cyclic flow of materials ;from old to new; life, and there is an irreversible flow of energy from captured sunlight into dissipated heat.;
4568;yes;from X to Y;old;new;new - old;" // "" We want to show that our neighborhood is transitioning ";from old to new;", "" said Richards.";
37999;yes;from X to Y;old;new;new - old; The Colts hope they have switched ;from old to new; in a few key positions for the last time for a long time.;
46005;yes;how X or Y;new;old;new - old; This is what I believe in - color can make relationships between all things, making them appear perfect, no matter ;how new or old;, Schauffler writes in a soon-to be released book.;
44271;yes;how X or Y;new;old;new - old; These tips will help you get more use out of your laptop, no matter ;how new or old;.;
26993;yes;more X than Y;new;old;new - old; It's ;more new than old;.;
3973;yes;more X than Y;new;old;new - old;" "" said he, returning my embrace with ";more new than old;" emotion as it seemed to me, -- "" you are a sister of whom a fellow may be proud.";
42409;yes;neither X nor Y;old;new;new - old; The term annoys me, for to us who lived then't was ;neither old nor new;, but simply the world-our world.;
12190;yes;the very X and the very Y;old;new;new - old; Call it an amalgam of ;the very old and the very new;, a cross between ancient Samaria and SoHo.;
7604;yes;whether X or Y;new;old;new - old; And I really believe that where two are gathered in community, ;whether new or old; or middle-life, there is Another who also communes.;
40333;yes;X and Y;optimistic;pessimistic;optimistic - pessimistic; The judges were trained to the point where at least two of the three judges agreed with the experimenter's criteria for ;optimistic and pessimistic; content 90% of the time.;
5379;yes;X and Y;optimistic;pessimistic;optimistic - pessimistic; @ @ @ @ @ @ @ @ @ @ middle-aged and older adults fill out questionnaires that assessed ;optimistic and pessimistic; thinking.;
36366;yes;X and Y;optimistic;pessimistic;optimistic - pessimistic; Specifically, on the assumption that optimism and pessimism are pervasive personality characteristics, evidence of ;optimistic and pessimistic; attitudes should be present in the metaphors subjects generate.;
4448;yes;X and Y;optimistic;pessimistic;optimistic - pessimistic; * Project multiple futures based on ;optimistic and pessimistic; projections from recent trends.;
53629;yes;X and Y;optimistic;pessimistic;optimistic - pessimistic;, yet policymakers remain ambivalent over ;optimistic and pessimistic; models that stress economic interests and the balance of military power, respectively.;
7142;yes;X and Y;optimistic;pessimistic;optimistic - pessimistic; Also, modest relationships were found between the themes of optimism contained within their metaphors and scores on an optimism scale of a questionnaire designed to evaluate the ;optimistic and pessimistic; orientations.;
34314;yes;X and Y;optimistic;pessimistic;optimistic - pessimistic; Selecting individual descriptors, compared with making global categorical judgments, may have provided judges with a more sensitive vehicle for identifying ;optimistic and pessimistic; themes in the metaphors.;
16977;yes;X and Y;optimistic;pessimistic;optimistic - pessimistic; He is both troubled and enlightened, dramatic and comedic, and ;optimistic and pessimistic;.;
39419;yes;X and Y;optimistic;pessimistic;optimistic - pessimistic; The difference between the ;optimistic and pessimistic; reading of the current situation is @ @ @ @ @ @ @ @ @ @ recession, then the markets will recover quickly and strongly.;
19111;yes;X or Y;optimistic;pessimistic;optimistic - pessimistic; How do you respond to this old question about the positive thinking May reflect your vision of life, your attitude towards himself, and if you ;optimistic or pessimistic;.;
670;yes;X or Y;optimistic;pessimistic;optimistic - pessimistic;" "" "" If you're asking if I'm ";optimistic or pessimistic;, I'd have to say it depends on what day and what time of day.;
35513;yes;X or Y;optimistic;pessimistic;optimistic - pessimistic; Smaller variations appeared between the number of times metaphors generated for family and work were judged as ;optimistic or pessimistic;.;
45459;yes;X or Y;optimistic;pessimistic;optimistic - pessimistic;" This analysis involved a correlation between an "" ";optimistic or pessimistic;" metaphor category score "" for each metaphor a subject produced and @ @ @ @ @ @ @ @ @ @.";
8720;yes;X or Y;optimistic;pessimistic;optimistic - pessimistic; Are most people in Western Nations ;optimistic or pessimistic; about the future?;
6642;yes;X or Y;optimistic;pessimistic;optimistic - pessimistic; After that, L is a matter of whether one is ;optimistic or pessimistic; about the survival of civilization.;
29151;yes;X or Y;optimistic;pessimistic;optimistic - pessimistic;" Many people think that you are "" born "" ";optimistic or pessimistic;.;
19108;yes;X or Y;optimistic;pessimistic;optimistic - pessimistic; How do you guard against being overly ;optimistic or pessimistic;?;
26551;yes;X or Y;optimistic;pessimistic;optimistic - pessimistic; It was expected that metaphors that were independently judged to be ;optimistic or pessimistic; would correlate with the O/P scale scores.;
15314;yes;X or Y;optimistic;pessimistic;optimistic - pessimistic; For example, locus of control (LOC) and sensation seeking have been extensively researched constructs and might be present in many of the metaphors not classified as expressly ;optimistic or pessimistic;.;
19998;yes;X or Y;optimistic;pessimistic;optimistic - pessimistic; I do n't care about what my eyes see or nose smells or any ;optimistic or pessimistic; junk.;
12834;yes;between X and Y;optimistic;pessimistic;optimistic - pessimistic; Consumers responding to the survey in the Albany area are right on the line ;between optimistic and pessimistic;, SRI reported, while New York City and Rochester consumers are optimistic.;
4346;yes;both X and Y;optimistic;pessimistic;optimistic - pessimistic; (n4) What ;both optimistic and pessimistic; views share, however, is a conventional notion of self-portraiture as a mere reflection of the artist's inner self.;
24002;yes;either X or Y;optimistic;pessimistic;optimistic - pessimistic; In the first experiment, by contrast, the degree to which participants were ;either optimistic or pessimistic; about various scenarios was determined indirectly through the judgments of trained judges.;
5887;yes;either X or Y;optimistic;pessimistic;optimistic - pessimistic; A mean of zero would indicate no bias, ;either optimistic or pessimistic; on the group level.;
21259;yes;how X or Y;optimistic;pessimistic;optimistic - pessimistic;" I think this is the type of thing that commenter James @ @ @ @ @ @ @ @ @ @ ignoring "" ";how optimistic or pessimistic;" an idea makes us feel "".";
50022;yes;neither X nor Y;optimistic;pessimistic;optimistic - pessimistic; While his religion teaches him to be ;neither optimistic nor pessimistic;, some of his writings sound pessimistic to the untrained ear.;
21690;yes;neither X nor Y;optimistic;pessimistic;optimistic - pessimistic; I would be ;neither optimistic nor pessimistic;.;
42185;yes;X and Y;temporary;permanent;permanent - temporary; The states or provinces alone can not make the changes required to facilitate ;temporary and permanent; licensing of professionals.;
42570;yes;X and Y;permanent;temporary;permanent - temporary; The ultimate goal of the protective intelligence program is the identification and mitigation of threats that could pose a danger to Secret Service protectees, ;permanent and temporary; protected sites, and protected events.;
829;yes;X and Y;temporary;permanent;permanent - temporary;" "" 5 The Abenaki claim that their ancestors maintained ";temporary and permanent; settlements on the banks of the Missisquoi River and Lake Champlain in what is now northwestern Vermont.;
48028;yes;X and Y;permanent;temporary;permanent - temporary; WHAT'S RIGHT FOR YOU Like their synthetic counterparts, natural colors come in three different categories: permanent, semi-;permanent and temporary;.;
15424;yes;X and Y;temporary;permanent;permanent - temporary; For more information about the film or about ;temporary and permanent; exhibits at the museum, educators can write to the Museum of Science, Science Park, Boston, MA 02114-1099 or call (617) 589-0250.;
29601;yes;X and Y;temporary;permanent;permanent - temporary; Mobilization of young men in World War Two also contributed to ;temporary and permanent; outmigration.;
6208;yes;X and Y;permanent;temporary;permanent - temporary; ARKANSAS FORT SMITH - Fort Chaffee is notifying 280 ;permanent and temporary; civilian workers that they might lose their jobs when the post reorganizes by Sept.;
4592;yes;X and Y;temporary;permanent;permanent - temporary; // Brooke was asking for ;temporary and permanent; alimony, the house, the Porsche and the Mercedes 600, use of the boats and the plane, and money to pay the salaries of the chef, the maids, the groundskeeper.;
50472;yes;X and Y;temporary;permanent;permanent - temporary; With nearly 100 ;temporary and permanent; staff, the work is being done in several sequential steps.;
14556;yes;X and Y;permanent;temporary;permanent - temporary; Evoking a wise ethnocentrism,'he cheerily imagines a world in which the glorious hodgepodge of inequalities of ethnic groups -- genetic and environmental, ;permanent and temporary; -- can be not only accepted but celebrated.;
28355;yes;X and Y;temporary;permanent;permanent - temporary; Learn about co-ops, internships, summer @ @ @ @ @ @ @ @ @ @ and plenty of ;temporary and permanent; part-time and full-time jobs.;
42519;yes;X and Y;temporary;permanent;permanent - temporary; The tribunal judges, appointed by three successive ;temporary and permanent; Iraqi governments, were culled from other courts around the country.;
7031;yes;X and Y;temporary;permanent;permanent - temporary; Allusions to these watching-places, ;temporary and permanent;, are frequent in Scripture.;
24742;yes;X and Y;temporary;permanent;permanent - temporary; Isolated sector studies have suggested that the ;temporary and permanent; loss of skilled people is having a negative impact.;
45582;yes;X or Y;temporary;permanent;permanent - temporary; This definition also includes instances in which the victim is incapable of giving consent because of ;temporary or permanent; mental or physical incapacity.;
31544;yes;X or Y;temporary;permanent;permanent - temporary; On a more serious note, staring at a solar eclipse without protective eye gear can cause ;temporary or permanent; loss of vision.;
32230;yes;X or Y;temporary;permanent;permanent - temporary; Other risks involved in all three of these procedures include ;temporary or permanent; pigment changes, infections or scarring.;
44593;yes;X or Y;temporary;permanent;permanent - temporary; They can escape into oblivion, ;temporary or permanent;.;
42091;yes;X or Y;temporary;permanent;permanent - temporary; The snake aims for the predator's eyes -- the venom cause ;temporary or permanent; blindness.;
46888;yes;X or Y;temporary;permanent;permanent - temporary; Thus, several package deals have been introduced to suspend or eliminate provisions of Amendment 23 as well as offering ;temporary or permanent; revisions of the TABOR ratchet clause.;
6036;yes;X or Y;permanent;temporary;permanent - temporary; A select committee may be ;permanent or temporary;.;
9341;yes;X or Y;temporary;permanent;permanent - temporary; Ask your creditors to lower your monthly payments on a ;temporary or permanent; basis, reduce the interest rate on your debts, or let you make interest-only payments for a limited period of time.;
8235;yes;X or Y;temporary;permanent;permanent - temporary; And there must be a relatively severe schedule of penalties for cheating, such as loss of catch, fines, and ;temporary or permanent; revocation of fishing privileges.;
4377;yes;X or Y;temporary;permanent;permanent - temporary; (n7, n8) Blast injuries may cause disruption of the round or oval window membranes and result in sensorineural loss, but noise-induced ;temporary or permanent; threshold shifts have also been described with these injuries.;
7159;yes;X or Y;temporary;permanent;permanent - temporary; Also, the health provisions of the Social Security Act are now inadequate to cover the costs of medical care and provide for ;temporary or permanent; disability.;
33677;yes;X or Y;temporary;permanent;permanent - temporary; Reflected glory from prestige funding is traded for commitment to the agenda of the funder, whether rented or transcendent, ;temporary or permanent;.;
39768;yes;X or Y;temporary;permanent;permanent - temporary; The first is the extent to which the civil liberties abuses are ;temporary or permanent;.;
16236;yes;X or Y;temporary;permanent;permanent - temporary; Government programs that permit entry of foreigners to fill ;temporary or permanent;" jobs are a "" sham "" and harmful to US workers, the draft says.";
15053;yes;X or Y;temporary;permanent;permanent - temporary;" Fixation means "" a ";temporary or permanent;" arrestment of psychological maturation resulting from unresolved formative issues which persist and underlie the organization of subsequent phases of development "" (Groth &; Birnbaum, 1978, p.";
14076;yes;X or Y;permanent;temporary;permanent - temporary; Especially if your PuddleDuck will be carrying small kids, you should consider ;permanent or temporary; sponsons for your boat.;
47543;yes;X or Y;temporary;permanent;permanent - temporary; UD opposes design that assumes the user is a healthy young adult, and never considers the bad backs, poor vision, and all the ;temporary or permanent; differences among us.;
14581;yes;X or Y;temporary;permanent;permanent - temporary; Except when responding to a HEAD request, the server SHOULD include an entity containing an explanation of the error situation, and whether it is a ;temporary or permanent; condition.;
8632;yes;X or Y;temporary;permanent;permanent - temporary; Anyone who is unable to read or use standard printed materials as a result of ;temporary or permanent; visual or physical limitations may receive service.;
14582;yes;X or Y;temporary;permanent;permanent - temporary; Except when responding to a HEAD request, the server should include an entity containing an explanation of the error situation, and whether it is a ;temporary or permanent; condition.;
39193;yes;X or Y;permanent;temporary;permanent - temporary; The constitutional role of the vice-president is to wait for ;permanent or temporary; replacement of the president.;
32875;yes;X or Y;permanent;temporary;permanent - temporary;" Perhaps I should have said "" Residents of Canada with no residence, ";permanent or temporary;", in the US "".";
1436;yes;X or Y;permanent;temporary;permanent - temporary;" "" Farm stands "" are ";permanent or temporary; structures located beside a road or highway where farm products are sold retail.;
38568;yes;X or Y;temporary;permanent;permanent - temporary; The amount of ;temporary or permanent; hearing loss can be reduced by lowering the body temperature.;
50703;yes;X or Y;temporary;permanent;permanent - temporary; Would prohibit placement of a ;temporary or permanent; hunting blind or wildlife feeder within 150 yards of a fence serving as a property boundary.;
6083;yes;X or Y;temporary;permanent;permanent - temporary; A standing order to keep quiet about detentions, however, could be the first step of a routine of ;temporary or permanent;?;
9153;yes;X or Y;temporary;permanent;permanent - temporary; As political scientists, can we do no more than observe and record the decline -- ;temporary or permanent;, short-term or long-term -- of the phenomena we study?;
40587;yes;X or Y;temporary;permanent;permanent - temporary; The main need right now is ;temporary or permanent; housing for these people.;
2669;yes;X or Y;temporary;permanent;permanent - temporary;" "" Patients of color who undergo COsub2 laser surgury will have ";temporary or permanent; discoloration.;
46293;yes;X or Y;temporary;permanent;permanent - temporary; This should help them to understand whether the fault was ;temporary or permanent;, whether they should retry the attempt to access the content and how they may be able to escalate the problem.;
22247;yes;X or Y;temporary;permanent;permanent - temporary; If efforts fail then UN steps in and rescues the citizens for ;temporary or permanent; relocation.;
4202;yes;X or Y;temporary;permanent;permanent - temporary; (Some illnesses can also cause ;temporary or permanent; colour - blindness.;
41969;yes;X or Y;temporary;permanent;permanent - temporary;" The server responds to each command with a reply; replies may indicate that the command was accepted, that additional commands are expected, or that a ";temporary or permanent; error condition exists.;
30616;yes;X or Y;temporary;permanent;permanent - temporary; No indication is given of whether the condition is ;temporary or permanent;.;
44022;yes;X or Y;temporary;permanent;permanent - temporary; These changes can be ;temporary or permanent;.;
8699;yes;X or Y;temporary;permanent;permanent - temporary; Approval is based on need, income, and the level of disability, mainly, is it ;temporary or permanent;.;
26007;yes;X or Y;temporary;permanent;permanent - temporary; It remains to be seen if the colleges, schools, and departments of education will respond to student and public interest in the environment and whether those responses will be ;temporary or permanent;.;
15291;yes;X or Y;permanent;temporary;permanent - temporary; For example, adultery and stealing are punished by extremely severe public flogging and/or ;permanent or temporary; banishment from the village.;
50718;yes;X or Y;permanent;temporary;permanent - temporary; Woven cotton cloth is the flexible interface between the paper panels, raising an important question: Are the hipparis ;permanent or temporary;?;
19408;yes;X or Y;temporary;permanent;permanent - temporary; However, there is clearly a considerable slills pool in other countries that is extremely interested in making South Africa a ;temporary or permanent; home.;
8127;yes;X or Y;temporary;permanent;permanent - temporary; And the answer may depend on whether consumers new penchant for self-service is ;temporary or permanent;.;
14078;yes;X or Y;temporary;permanent;permanent - temporary; Especially severe infractions (like driving recklessly or drunkenly) lead to a ;temporary or permanent; loss of driving privileges all together.;
35339;yes;X or Y;temporary;permanent;permanent - temporary; Since 1996, nine ;temporary or permanent; superintendents have run the public schools, according to Picard.;
45583;yes;X or Y;temporary;permanent;permanent - temporary; This definition also includes instances in which the victim is unable to give consent because of ;temporary or permanent; mental or physical incapacity.;
44353;yes;X, not Y;temporary;permanent;permanent - temporary; They also said that tax changes should be ;temporary, not permanent;, or else the government would run the risk of running a deficit and thus affect long-term interest rates.;
9017;yes;X, not Y;permanent;temporary;permanent - temporary; As everyone lives longer and as kids stay home longer, integrating family and work becomes a ;permanent, not temporary;, challenge.;
47753;yes;between X and Y;temporary;permanent;permanent - temporary; Upcountry Tamil women are able to make clear choices ;between temporary and permanent; methods of birth control.;
13099;yes;both X and Y;permanent;temporary;permanent - temporary; DOME DOMICILES For hundreds of years, the Inuit (native people) of eastern Canada and Greenland built igloos for ;both permanent and temporary; shelter.;
43292;yes;both X and Y;permanent;temporary;permanent - temporary; There are both permanent and temporary shocks to aggregate demand, and there are ;both permanent and temporary; shocks to aggregate supply.;
47341;yes;both X and Y;temporary;permanent;permanent - temporary; Tourism and construction, the emerging sectors for intraregional migration, display ;both temporary and permanent; migration features.;
8994;yes;either X or Y;permanent;temporary;permanent - temporary; As an orthopedic surgeon, I see patients on a daily basis whose livelihood and quality of life depend upon receiving an implanted orthopedic device, ;either permanent or temporary;.;
16364;yes;either X or Y;temporary;permanent;permanent - temporary; Habitat Corridor - Linear landscape element that provides for survivorship, natality, and movement, and may provide ;either temporary or permanent; habitat.;
41702;yes;either X or Y;temporary;permanent;permanent - temporary; The result is a loss of visual function, which may be ;either temporary or permanent; depending on the severity of the damage.;
16531;yes;either X or Y;temporary;permanent;permanent - temporary; He advocates granting ;either temporary or permanent; settlement to citizens of Rwanda and Burundi who suffer from severely limited space in their countries.;
41701;yes;either X or Y;temporary;permanent;permanent - temporary; The result is a loss of visual function which may be ;either temporary or permanent;, depending on the severity of the damage.;
25088;yes;either X or Y;temporary;permanent;permanent - temporary; It had been loosely composed of professional experts in many fields, all with clandestine experience, most with military backgrounds, and all essentially unencumbered-without family, home ties, or obligations, ;either temporary or permanent;.;
48309;yes;either X or Y;temporary;permanent;permanent - temporary; We contrasted the proportion of male versus female respondents who reported ;either temporary or permanent; harm and found that females perceived significantly greater harm from these experiences than males, z = 3.;
28973;yes;from X to Y;temporary;permanent;permanent - temporary; Make the right impression on them, and you can go ;from temporary to permanent;.;
3323;yes;more X than Y;permanent;temporary;permanent - temporary;" "" There is nothing ";more permanent than temporary;" workers, "" says Martin.";
13424;yes;whether X or Y;permanent;temporary;permanent - temporary; Direct sterilization of either men or women, ;whether permanent or temporary;, is not permitted in a Catholic health care institution.;
8879;yes;X and Y;rich;poor;poor - rich;" As Michael Parenti detailed in BLACKSHIRTS &; REDS, there is no @ @ @ @ @ @ @ @ @ @ big middle class with a few unimportant ";rich and poor;.;
46144;yes;X and Y;rich;poor;poor - rich; This observation, I will assert, applies to everyone, ;rich and poor;, famous and obscure, citizens of Moscow or of Washington.;
23303;yes;X and Y;rich;poor;poor - rich; In any society in any country, it has to be accepted that there will be lazy and hard working people, ;rich and poor;, young and old.;
51696;yes;X and Y;rich;poor;poor - rich; and then the technocracy will @ @ @ @ @ @ @ @ @ @ and small, ;rich and poor;"; those who refuse, will be left without the necessities to live.";
15262;yes;X and Y;rich;poor;poor - rich; For example, ;rich and poor; families in Iraq's capital that once held wedding parties in hotels now hold them at home.;
41584;yes;X and Y;rich;poor;poor - rich; The reality of ;rich and poor; in Mexico comes into stark relief at the sight.;
12566;yes;X and Y;rich;poor;poor - rich;" Clendenin suggests, "" Education had traditionally represented the path to economic opportunity, "" for ";rich and poor;.;
48048;yes;X and Y;rich;poor;poor - rich; Wake County has ;rich and poor; socioeconomic schools in the same school district.;
3618;yes;X and Y;rich;poor;poor - rich;" "" We are the church - clergy and laity, men and women, children, ";rich and poor;, people of all ethnic and economic backgrounds.;
50920;yes;X and Y;rich;poor;poor - rich; Yet, the poor are 3-5 times more likely to contract infectious diseases as chronic illnesses (which affect the ;rich and poor; equally).;
37634;yes;X and Y;rich;poor;poor - rich; That's why there are ;rich and poor; people.;
48282;yes;X and Y;rich;poor;poor - rich; We can frame our obligations so that ;rich and poor; Americans serve the nation together.;
53166;yes;X and Y;rich;poor;poor - rich;) And he is well aware that cost-benefit analysis can produce misleading evaluations when the ;rich and poor; have different valuations for regulatory benefits.;
33879;yes;X and Y;rich;poor;poor - rich; Rich and poor states and ;rich and poor; nations, have been rather indiscriminately susceptible to the ethnonational virus.;
4875;yes;X and Y;rich;poor;poor - rich; 28 In view of the enormous differences in per-capita income levels across the 24 nations, 29 dramatic differences were expected between residents of the ;rich and poor; countries in willingness to pay for environmental protection.;
21094;yes;X and Y;rich;poor;poor - rich; I still believe in the fundamental injustice of the profit system and do not accept the proposition there will be ;rich and poor; for all eternity.;
44558;yes;X and Y;rich;poor;poor - rich; They began to talk about ;rich and poor;, about doing something to improve the situation, about riots and rebellion.;
5169;yes;X and Y;rich;poor;poor - rich; <p> It is an idiosyncrasy of Egyptian life that for much of the last century the ;rich and poor; have lived virtually side by side.;
45116;yes;X and Y;rich;poor;poor - rich; They were ;rich and poor;, young and old, people from all social classes and occupations.;
25800;yes;X and Y;rich;poor;poor - rich; It lay deeper, beyond the Constitution, in the division of society into ;rich and poor;.;
21864;yes;X and Y;poor;rich;poor - rich; I'm afraid the way the United States is heading, we will be in a similar state as Brazil with just ;poor and rich; with no middle class.;
14219;yes;X and Y;rich;poor;poor - rich; Even so, they are not enough to explain away what is clearly a growing divide between the nation's ;rich and poor;.;
39450;yes;X and Y;rich;poor;poor - rich; The disaffection is greatest among the youth, ;rich and poor;, who formerly loved anything American.;
30383;yes;X and Y;rich;poor;poor - rich; Nations ;rich and poor; would quickly recognize the vulnerabilities of their citizens, economies, public health systems, and armed forces.;
30292;yes;X and Y;rich;poor;poor - rich; My sisters and brothers in Christ are a lot of things: ;rich and poor;, liberal and conservative, educated and illiterate, straight and gay, easy to get along with and hell-on-wheels.;
38399;yes;X and Y;rich;poor;poor - rich;" The Yankees were "" not only fighting hostile armies, but a hostile people, "" Sherman explained; as a result, they needed to "" make old and young, ";rich and poor;, feel the hard hand of war.;
7389;yes;X and Y;rich;poor;poor - rich; America started off as a society of ;rich and poor;, people with enormous grants of land and people with no land.;
33718;yes;X and Y;rich;poor;poor - rich; Rehab was an eye @ @ @ @ @ @ @ @ @ @ kinds of people in there -- ;rich and poor;, young and old, black and white, Christians and atheists.;
4993;yes;X and Y;rich;poor;poor - rich; 6 Climate change may widen the gap between the world's ;rich and poor; countries.;
46213;yes;X and Y;poor;rich;poor - rich; This preacher promised nothing less than a new future in which there was to be no ;poor and rich; a new government, under his command, that would take care of every need.;
50052;yes;X and Y;rich;poor;poor - rich; While most variance in individual earnings understandably occurs between the ;rich and poor; within each labor market, Table 2 demonstrates that the average earnings of women across markets differ as well.;
19096;yes;X and Y;rich;poor;poor - rich; How countries, ;rich and poor;, frame HIV/AIDS within their national security debates today may well determine how well they respond to the massive grief, demographic destruction, and security threats that the pandemic will present tomorrow.;
28044;yes;X and Y;rich;poor;poor - rich; Justice is rarely meted out equally to ;rich and poor;.;
17437;yes;X and Y;poor;rich;poor - rich; He wants to tax the ;poor and rich;" at the same level, and says people should buy "" used "" if they do n't have much money.";
28891;yes;X and Y;rich;poor;poor - rich; MWE: I have a book of letters from blacks and whites and ;rich and poor; and Latinos and Jews.;
37209;yes;X and Y;rich;poor;poor - rich; That approach seemed appropriate in a city where ;rich and poor;, black and white have long lived side by side.;
47758;yes;X and Y;rich;poor;poor - rich;" Upon acquiring the entire island shortly thereafter, Wrigley vowed "" to leave no stone unturned to make it a refuge from worry and work for ";rich and poor;.;
26152;yes;X and Y;rich;poor;poor - rich; It then reveals grave threats that the disparity in taxes presents for ;rich and poor;, alike, along with an elegant solution.;
22980;yes;X and Y;rich;poor;poor - rich;" In Daniel Altman's recent book on the "" neo-conomy, "" he describes a place without taxes or a social safety net, where ";rich and poor; live in different financial worlds.;
42894;yes;X and Y;rich;poor;poor - rich; The world will become smaller, more aged, more city-focused, more cautious and more polarised between the ;rich and poor;.;
51432;yes;X and Y;rich;poor;poor - rich;" Young and old; ";rich and poor;"; educated and not.";
43823;yes;X and Y;rich;poor;poor - rich; There's no ;rich and poor; part.;
40228;yes;X and Y;rich;poor;poor - rich; The income disparity between the ;rich and poor; is increasing.;
26170;yes;X and Y;rich;poor;poor - rich; It took two hours and 40 minutes to sink, during which people -- ;rich and poor;, young and old -- had to make choices, whether to save themselves or go down with the ship.;
51726;yes;X and Y;rich;poor;poor - rich; are eminently affordable if ;rich and poor; countries alike follow through on their commitments.;
18362;yes;X and Y;rich;poor;poor - rich; Here, at the table over rocky terrain, they served, listened, shared and sacrificed, ;rich and poor; elbows bumping, young and old hands gripping.;
41719;yes;X and Y;rich;poor;poor - rich; The result would be a two-tiered society divided into ;rich and poor;.;
23546;yes;X and Y;poor;rich;poor - rich; In his scheme, it becomes the responsibility of all those with incomes greater than subsistence -- the rich in both the ;poor and rich; states -- to assist those whose condition falls below subsistence.;
27587;yes;X and Y;rich;poor;poor - rich; It's staggering, the chasm between the ;rich and poor; of the world.;
11805;yes;X and Y;rich;poor;poor - rich; But what happens to ;rich and poor; people?;
7319;yes;X and Y;rich;poor;poor - rich; Although there is a great deal of wealth in the Valley, the disparity between the ;rich and poor; is dramatic and growing.;
48068;yes;X and Y;rich;poor;poor - rich; Wanting to tear the country down and start over, they kill ;rich and poor; impartially.;
32334;yes;X and Y;rich;poor;poor - rich; Our government has always had a double standard when it comes to doling out money to ;rich and poor;.;
8517;yes;X and Y;rich;poor;poor - rich; Annan noted, this evil phenomenon is found in all countries, ;rich and poor;.;
5582;yes;X and Y;rich;poor;poor - rich; A ;rich and poor; person are inherently unequal, not just because of the difference between their account balances, but in the degree of liberty they have access to as a result.;
37472;yes;X and Y;rich;poor;poor - rich; That together young and old, black and white, ;rich and poor;, pro-war and anti-war, we could come together as one people and make America the true land of opportunity and liberty?;
37786;yes;X and Y;rich;poor;poor - rich; The ;rich and poor; use the same system.;
17325;yes;X and Y;rich;poor;poor - rich; He sells himself in person, mixing easily with ;rich and poor;.;
17293;yes;X and Y;rich;poor;poor - rich; He saw young and old, ;rich and poor;, pretty and plain, and could not meet with one to his mind.;
2743;yes;X and Y;rich;poor;poor - rich;" "" Religion was a single but multifaceted and resonant symbolic house, within which ";rich and poor;, simple and sophisticate could kneel side by side, using the same prayers and sharing the same hopes.;
39371;yes;X and Y;rich;poor;poor - rich; The defining characteristic common to these groups is that they became middlemen in a pre-capitalist world, resented alike by ;rich and poor;.;
14466;yes;X and Y;rich;poor;poor - rich; Everyone was forced to interact and mingle, ;rich and poor;, included.;
26187;yes;X and Y;rich;poor;poor - rich; It unites young and old, ;rich and poor;, strangers and friends, and people with disabilities.;
34646;yes;X and Y;rich;poor;poor - rich;" She has been interested in urban education for some time, particularly since reading Jonathan Kozol's landmark 1991 book "" Savage Inequalities, "" which highlights the disparity among schools in ";rich and poor; communities.;
22457;yes;X and Y;rich;poor;poor - rich; If the gap between baseball's ;rich and poor; neighborhoods was a creek when they were winning in 1987 and 1991, it's now a canyon.;
52825;yes;X and Y;rich;poor;poor - rich; to examine whether ;rich and poor; economies converge, i.;
53580;yes;X and Y;rich;poor;poor - rich;, the ;rich and poor; have always lived in close proximity.;
9081;yes;X and Y;rich;poor;poor - rich; As in the past, people needing services are a diverse population characterized by ;rich and poor;, and multi-ethnic groups.;
4438;yes;X and Y;poor;rich;poor - rich; * Indexing of wealth of ;poor and rich;" on a global level; that is, economic democracy.";
10539;yes;X and Y;rich;poor;poor - rich; Both the ;rich and poor; have the power to make that change and make the world a better place.;
7948;yes;X and Y;rich;poor;poor - rich; And little research has been done to examine differences in attitudes between suburban and urban areas, ;rich and poor;, or even between different regions of the US.;
12110;yes;X and Y;rich;poor;poor - rich; By the way the percentage of wealth owned by the middle class rapidly grew and the gap between the ;rich and poor; closed in seven years starting in late thirties.;
31618;yes;X and Y;rich;poor;poor - rich; On the first Tuesday of each quarter, peasants ;rich and poor;, clerics corrupt and less corrupt, and tradesmen of diverse en deavors assembled in the great hall of the mansion house.;
27118;yes;X and Y;rich;poor;poor - rich; It's a diagnosis that I share with about 29,999 other people in this country, people who are ;rich and poor;, young and middle-aged (yay!;
38421;yes;X and Y;rich;poor;poor - rich; The achievement gap between the ;rich and poor;", and between whites and minorities, has not closed; it may even be growing.";
13499;yes;X and Y;rich;poor;poor - rich; Do n't the majority of Americans, ;rich and poor;, want much more than that?;
32692;yes;X and Y;rich;poor;poor - rich; Pastry, a breakfast food for ;rich and poor;, could double as an elegant dessert.;
45978;yes;X and Y;rich;poor;poor - rich; This is the politics of ;rich and poor;.;
22113;yes;X and Y;rich;poor;poor - rich; Ideally, ;rich and poor;, high- and low-risk, employed, unemployed, and self-employed people can join the same alliance.;
11917;yes;X and Y;rich;poor;poor - rich; But, as it turns out, it is just as important to provide high quality care and education for all young children -- ;rich and poor;, black, brown and white, and from all communities and religions.;
52500;yes;X and Y;rich;poor;poor - rich; s ;rich and poor; is growing, and more than a billion people still live in poverty.;
22416;yes;X and Y;rich;poor;poor - rich; If that paper on the table gets no alteration, the militia of the future day may not consist of all classes, high and low, and ;rich and poor;.;
33550;yes;X and Y;rich;poor;poor - rich; Rather they should reclaim the ancient vision in which the gift of God was the land for all, young and old, ;rich and poor;"; even strangers and foreigners would share in it.";
7801;yes;X and Y;rich;poor;poor - rich; And he would have @ @ @ @ @ @ @ @ @ @ relying on FDR-style quick strikes, and on citations from the politics of ;rich and poor;.;
37787;yes;X and Y;rich;poor;poor - rich; The ;rich and poor; would basically be paying the same taxes, but it would cripple the poor while not affecting the richest.;
47253;yes;X and Y;rich;poor;poor - rich; Today, in small towns and big cities, in areas ;rich and poor;, in the global North and South, innovative communities are making real progress toward the goal of zero waste.;
33173;yes;X and Y;poor;rich;poor - rich; Poor will be ;poor and rich; will be rich.;
1773;yes;X and Y;rich;poor;poor - rich;" "" However, close to half perceived "" great disparities between the ";rich and poor;" "" in the territory.";
22295;yes;X and Y;rich;poor;poor - rich; If it is not, both the ;rich and poor; are doomed.;
12766;yes;X and Y;rich;poor;poor - rich; Congratulations to all of you ;rich and poor;, black and white entitlement dependents.;
34140;yes;X and Y;rich;poor;poor - rich; Saudis ;rich and poor; responded with donations at thousands of zakat boxes in mosques, supermarkets, and schools, doling out support for besieged Muslims in Algeria, Bosnia, Kashmir, the West Bank, and Gaza.;
31017;yes;X and Y;rich;poor;poor - rich; Not writing black and white, red and white, up and down, ;rich and poor;, good and bad, spirit and flesh.;
25111;yes;X and Y;poor;rich;poor - rich; It happens to people who are White, Black, male, female, ;poor and rich;.;
23469;yes;X and Y;rich;poor;poor - rich; In fact, the long-term prospects are for widening conflict between the ;rich and poor; nations of the world, for widening conflict among the poor nations themselves, and for increasing destabilization worldwide.;
37964;yes;X and Y;rich;poor;poor - rich; The CBO study examined the differences between the rich and poor in 1979 and the ;rich and poor; in 2007, but not whether people who were rich or poor in 1979 remained so in 2007.;
10940;yes;X and Y;rich;poor;poor - rich; But continuing the present patterns of the enormous and growing disparity between the world's ;rich and poor; peoples will lay the groundwork for worldwide conflict and eventual social carnage.;
32726;yes;X and Y;rich;poor;poor - rich; Paul speaks constantly of the ;rich and poor;.;
15431;yes;X and Y;rich;poor;poor - rich;" For most of the nineteenth century, "" Mexican "" was the name by which the newcomers knew virtually all Spanish-speaking people, ";rich and poor;.;
6250;yes;X and Y;rich;poor;poor - rich; Above all, we can work to ensure that global institutions are honest and fair and that they hold all countries-;rich and poor;, strong and weak-to the same high standards.;
37785;yes;X and Y;rich;poor;poor - rich; The ;rich and poor; sure are n't doing it.;
45944;yes;X and Y alike;rich;poor;poor - rich; This is precisely why we should call for a national health plan that will give everyone, ;rich and poor alike;, adequate health care from the cradle to the grave.;
31276;yes;X and Y alike;rich;poor;poor - rich; Nowhere else does freedom grow so vigorously, and nowhere else are ;rich and poor alike;" treated with such equality "" (173).";
31336;yes;X and Y alike;rich;poor;poor - rich; Obesity is a rare phenomenon in the world's history, and even throughout most of the modern world, both ;rich and poor alike;.;
45681;yes;X and Y alike;poor;rich;poor - rich; This heightened sense of the security dilemma prompted the Middle Eastern countries, ;poor and rich alike;, to borrow money to satisfy their growing appetite for advanced weapons.;
44821;yes;X and Y alike;rich;poor;poor - rich; They last three days, and during that period everybody stops work, ;rich and poor alike; flocking to the race-course.;
47843;yes;X and Y alike;rich;poor;poor - rich;" Using false sets of books ("" quadernos desaforrados "" 397) they rob ";rich and poor alike;.;
4866;yes;X and Y alike;rich;poor;poor - rich; 25 The right to keep and bear arms would henceforth belong to all English subjects, ;rich and poor alike;.;
14470;yes;X and Y alike;rich;poor;poor - rich; Everyone, ;rich and poor alike;, pays sales tax.;
10209;yes;X and Y alike;rich;poor;poor - rich; Besides the springs there were lakes, where the ;rich and poor alike; went swimming and fishing-the South's great unifier, cutting across gender, race and class.;
2386;yes;X and Y alike;poor;rich;poor - rich;" "" Jesus is thirsting for our love, and this is the thirst of everyone, ";poor and rich alike;.;
6627;yes;X and Y alike;rich;poor;poor - rich; After mass manufacturing drove costs down, everyone, ;rich and poor alike;, used them to manage the small businesses that dictated their lives.;
35363;yes;X and Y alike;rich;poor;poor - rich; Since all real wealth comes from production, the real enrichment of ;rich and poor alike; depends on real saving.;
42742;yes;X and Y alike;poor;rich;poor - rich; The wealthy of each country, ;poor and rich alike;, certainly are more fully qualified to identify and finance their own poor without going through the state and the international bureaucracies.;
24407;yes;X and Y alike;rich;poor;poor - rich; Innovative, high-quality medicine can be practiced in a clink that can care for the ;rich and poor alike;.;
23782;yes;X and Y alike;poor;rich;poor - rich; In representing both the conservatives and revolutionaries as noble and just, the film seems to plead for justice for ;poor and rich alike;, argue against personal revenge, and foster national unity for contemporary Mexico.;
16524;yes;X and Y alike;rich;poor;poor - rich; He ALWAYS advocated for lower taxes IN CONJUNCTION with reduced government spending, thereby leaving more money with the wage earners, ;rich and poor alike;.;
48593;yes;X and Y alike;rich;poor;poor - rich; We need true leaders who value the ;rich and poor alike;.;
18735;yes;X and Y alike;poor;rich;poor - rich; His messages warmed the hearts of ;poor and rich alike;, even during the chill winter.;
11287;yes;X and Y alike;poor;rich;poor - rich; But maybe the simple fact of inequalities is itself a toxic influence on public health, for ;poor and rich alike;.;
19064;yes;X and Y alike;rich;poor;poor - rich; How about exponentially more opportunity to defraud the system by ;rich and poor alike;.;
41091;yes;X and Y alike;rich;poor;poor - rich; The only way we are going to get first class care for ;rich and poor alike; is to separate health care from the profit motive and make it into the vocation it should be.;
33470;yes;X and Y alike;rich;poor;poor - rich; RENE FAVALORO RAN A HEART clinic in Argentina that treated the ;rich and poor alike;.;
550;yes;X and Y alike;rich;poor;poor - rich; ;rich and poor alike; running out of safe passages.;
38203;yes;X and Y alike;poor;rich;poor - rich; The Minute was observed on land, air and sea, on the battlefields, in air-raid shelters, hospitals and prison camps, and in the homes of ;poor and rich alike;.;
50014;yes;X and Y alike;rich;poor;poor - rich; While globalization threatens to concentrate power and increase division, it also has the economic and technological potential to transform the lives of ;rich and poor alike;.;
4949;yes;X and Y alike;rich;poor;poor - rich; 4), where they were enjoyed by ;rich and poor alike;.;
14430;yes;X and Y alike;rich;poor;poor - rich; Everyone does it, ;rich and poor alike; and all do right, for nobody owes any public duty to pay more than the law demands.;
43198;yes;X and Y alike;rich;poor;poor - rich; Then we will have peace and a great Country for all of us ;rich and poor alike;.;
551;yes;X and Y alike;rich;poor;poor - rich; ;rich and poor alike;?;
50582;yes;X and Y alike;rich;poor;poor - rich; Within the false, classifications of ;rich and poor alike;", there is after all, a very simple, common thread; we all need accurate, information to survive and prosper.";
27965;yes;X and Y alike;rich;poor;poor - rich; Just as Oedipus curses Polyneices and his rival Eteocles alike, so Max prefers the annihilation of ;rich and poor alike; in Spain, with its universal barbarism.;
1303;yes;X and Y alike;rich;poor;poor - rich;" "" Children of ";rich and poor alike; are growing up amid family breakdown, divorce, and easy access to drugs and sex, without any sense of direction.;
44307;yes;X and Y alike;rich;poor;poor - rich; These women, ;rich and poor alike;, take pride in their excessive sense of shame which they believe is ostensibly lacking or minimal among other, non-Fulbe peoples.;
29367;yes;X and Y alike;rich;poor;poor - rich;" Mead is also right when he argues that this is a good thing; new technologies in medical care make all of our lives healthier both ";rich and poor alike;.;
45514;yes;X and Y alike;rich;poor;poor - rich; This bubble threatens the future of everyone, ;rich and poor alike;.;
13392;yes;X and Y alike;rich;poor;poor - rich; Did we -- ;rich and poor alike; -- pay more taxes in the past?;
29158;yes;X and Y alike;rich;poor;poor - rich; Many people, ;rich and poor alike; have no entrepreneurship or creativity to stifle.;
23972;yes;X and Y alike;rich;poor;poor - rich;" In the early 1940s, such "" germs "" as streptococci, staphylococci and pneumococci laid low ";rich and poor alike;.;
25119;yes;X and Y alike;rich;poor;poor - rich; It has also brought an undeniable current of beauty, kindness, and goodness into the lives of ;rich and poor alike;.;
7844;yes;X and Y alike;rich;poor;poor - rich; And if we want to keep our national soul intact, we'd better confront the hollowness that permeates our culture, afflicting the ;rich and poor alike;.;
17060;yes;X and Y alike;rich;poor;poor - rich;" He liked the Catholic Church because "" of its treatment of the ";rich and poor alike;.;
35430;yes;X and Y alike;poor;rich;poor - rich; Since they are collected at the same rate from the ;poor and rich alike;, in an ideal world, they should be abolished at once.;
47251;yes;X and Y alike;rich;poor;poor - rich; Today, eaten by ;rich and poor alike;, it is consumed worldwide.;
2059;yes;X as well as Y;poor;rich;poor - rich;" "" If the targets are right it could benefit ";poor as well as rich; farmers.;
26852;yes;X as well as Y;rich;poor;poor - rich; It would challenge Americans -- ;rich as well as poor; -- to whine less and do more.;
31155;yes;X as well as Y;rich;poor;poor - rich; Now my message, I'm sure, is for the ;rich as well as poor; Take a rich man when he's growin'old His relations'round him stand?;
13784;yes;X or Y;rich;poor;poor - rich;" Each and every indvidual has equal worth and value; regardless of the color of their skin or ethnic origin; being ";rich or poor;.;
33286;yes;X or Y;rich;poor;poor - rich; Printing more money, cheapening the value of the dollar and triggering inflation (a hidden tax on everyone, ;rich or poor;).;
32216;yes;X or Y;rich;poor;poor - rich; Other moneys were NOT received by ;rich or poor; - they just paid less taxes for the government to redistribute to themselves and others.;
25499;yes;X or Y;rich;poor;poor - rich; It is fair to insist that teachers approach their jobs with the assumption that every single child, ;rich or poor;, can succeed.;
22787;yes;X or Y;poor;rich;poor - rich; If you were ;poor or rich;, as long as you lived your life safely and down-to-earth, happiness was in contentment.;
50275;yes;X or Y;rich;poor;poor - rich; Why then do we let some jackleg musician(s) - ;rich or poor;, old or young - call their work our National Anthem?;
49903;yes;X or Y;rich;poor;poor - rich; Whether you are ;rich or poor;, playing big or playing small, problems do not go away.;
23385;yes;X or Y;rich;poor;poor - rich; In equality and mutual trust, we should observe the purposes and principles of the Charter of the United Nations, and support equality among all countries, big or small, strong or weak, ;rich or poor;.;
5794;yes;X or Y;rich;poor;poor - rich; A guest could be ;rich or poor;, male or female, young or old, a familiar face or a total stranger.;
552;yes;X or Y;rich;poor;poor - rich; ;rich or poor;?;
8257;yes;X or Y;rich;poor;poor - rich; And they never knew whether their patient was ;rich or poor;.;
14330;yes;X or Y;rich;poor;poor - rich; Every business deserves an online presence whether there ;rich or poor;.;
49171;yes;X or Y;rich;poor;poor - rich; What matters for success is less whether your father was ;rich or poor; than whether you knew your father at all.;
50711;yes;X or Y;poor;rich;poor - rich; Would we be pissed if we were interviewing for a job and got eliminated because we were ;poor or rich;?;
41417;yes;X or Y;rich;poor;poor - rich; The problem is that Romney's full statement declared he was n't concerned with the ;rich or poor; -they are covered -- he's only concerned with helping the middle class.;
2758;yes;X or Y;rich;poor;poor - rich;" "" Ritual abuse can be perpetrated by family members or strangers, men or women, ";rich or poor;, educated or uneducated people.;
42534;yes;X or Y;rich;poor;poor - rich; The truth about it is, whether we is ;rich or poor; or somethin in between, this earth ai n't no final restin place.;
14585;yes;X or Y;poor;rich;poor - rich; Excessive taxation is oppression to everyone ;poor or rich;.;
6262;yes;X or Y;rich;poor;poor - rich; Absorbing academic content can wait until first grade begins, but the early years are full of experiences that affect the way the mind works and whether it will be ;rich or poor; in creative forces.;
12086;yes;X or Y;rich;poor;poor - rich; By the mid-1800s, most white men, ;rich or poor;, could vote.;
51436;yes;X or Y;rich;poor;poor - rich; Young or old, ;rich or poor;, human beings love to beat the hell out of each other.;
26675;yes;X or Y;rich;poor;poor - rich; It was shocking because you could n't tell people's rank -- I mean nobody looked ;rich or poor;" when they were naked; they just looked, you know, like naked people.";
10320;yes;X or Y;poor;rich;poor - rich; Black or White, known or unknown, ;poor or rich;, there was apparently only one role for a man in her life -- and that was a supporting role, behind the scenes.;
40514;yes;X or Y;rich;poor;poor - rich; The linkage, however, is much broader, because most countries, ;rich or poor;, large or small, depend heavily on the global economy for their prosperity and their stability.;
21917;yes;X or Y;rich;poor;poor - rich; I'm not ;rich or poor;, pay my bills.;
37965;yes;X or Y;rich;poor;poor - rich; The CBO study examined the differences between the rich and poor in 1979 and the rich and poor in 2007, but not whether people who were ;rich or poor; in 1979 remained so in 2007.;
7007;yes;X or Y;rich;poor;poor - rich; All walks of life, ;rich or poor; seem to want a good chip and ours appeals to them.;
19829;yes;X or Y;rich;poor;poor - rich; I ca n't tell you much about it because I'm not in it, I'm not ;rich or poor;.;
18755;yes;X or Y;rich;poor;poor - rich;" His name has raised millions of dollars for the Joe DiMaggio Children's Hospital here at Memorial Regional Hospital, where the motto is, "" Whether ";rich or poor;, no child is turned away.;
4493;yes;X or Y;rich;poor;poor - rich; -;rich or poor; (mostly poor people).;
47417;yes;X or Y;rich;poor;poor - rich; True love for country means helping each and every American -- ;rich or poor;.;
6092;yes;X or Y;rich;poor;poor - rich; A strong man can be ;rich or poor;, just as a weak guy.;
54091;yes;X or Y;rich;poor;poor - rich;To the hard working, wheather ;rich or poor; go the spoils, it's not for the goverment to take and give to where they see fit.;
41691;yes;X or Y;rich;poor;poor - rich; The result could become a prototype for a new style of American public high school - and a model for dealing with adolescents, ;rich or poor;, who may have given up on life.;
13585;yes;X or Y;rich;poor;poor - rich; Does n't matter if you're white or black, ;rich or poor;.;
41764;yes;X or Y;rich;poor;poor - rich; The right of all Americans, whether urban or rural, ;rich or poor;, to access the information infrastructure @ @ @ @ @ @ @ @ @ @ others from abusing personal information gained in product transactions.;
2853;yes;X or Y;rich;poor;poor - rich;" "" Signs of hope According to Rutherford, Catholic cemeteries also have a responsibility to bury the dead-";rich or poor;.;
30720;yes;X or Y;rich;poor;poor - rich; No shame in honest kinfolk, ;rich or poor;.;
27281;yes;X or Y;rich;poor;poor - rich; It's cost neutral for anyone to live-;rich or poor;.;
18455;yes;X or Y;rich;poor;poor - rich; His Gotham is not one in which anyone can peaceably live, ;rich or poor;.;
15395;yes;X or Y;rich;poor;poor - rich; For it makes no difference whether you are ;rich or poor;, a homeless beggar or an ex-president, like Ronald Reagan.;
7174;yes;X or Y;rich;poor;poor - rich; Alternative viewpoints hold about whether the ;rich or poor; nations have held excessive political power in the negotiations, depending upon how one views the fairness of the outcome.;
33689;yes;X or Y;rich;poor;poor - rich; Regardless of one's intellectual ability, ;rich or poor;, one recognizes unfairness when one sees it.;
14760;yes;X or Y;rich;poor;poor - rich; Favaloro had worked at the Cleveland Clinic, where, as I pointed out a few months ago, physicians are paid a salary and do not know if the patient they're treating is ;rich or poor;.;
3487;yes;X or Y;rich;poor;poor - rich;" "" This provoked a debate about whether it was better to be ";rich or poor; in Inca society.;
20544;yes;X or Y;rich;poor;poor - rich; I hope this young lady, married or not, ;rich or poor;, educated or not (maybe for having no means), forgive us, but know that what she did was right.;
34165;yes;X or Y;rich;poor;poor - rich;" Says Easterly: "" These shocks of nature, or climate, even of a global recession are not reasons countries wind up ";rich or poor;.;
36061;yes;X or Y;rich;poor;poor - rich; Some of us were divided by being ;rich or poor;, by being Jewish or Gentile, by being good athletes or not, by being famous or not.;
12713;yes;X or Y;poor;rich;poor - rich;" Comparing the middle class across countries can be extraordinarily difficult; someone who counts as middle class in one country could be ";poor or rich; in another.;
8430;yes;X or Y;rich;poor;poor - rich; And yet the data tells us that everyone, ;rich or poor; or in the middle, prefers to think of themselves as middle class.;
46498;yes;X or Y;rich;poor;poor - rich; This would be a win - win for all of us, ;rich or poor;.;
12063;yes;X or Y;rich;poor;poor - rich; By setting uniform, minimum standards for learning during each grade, Japan's national Ministry of Education ensure that all students -- ;rich or poor;, urban or rural -- are exposed to the basics.;
39238;yes;X or Y;rich;poor;poor - rich;" The country is about taking care of everyone, whether white, black, yellow or brown; whether male or female; gay, straight, or transgendered; sick or healthy; ";rich or poor;.;
24141;yes;X or Y;rich;poor;poor - rich; In their dying breath they thank us, all of them, ;rich or poor;, because we seem to be the only ones who give a damn.;
6268;yes;X or Y;rich;poor;poor - rich; Accessible to ;rich or poor;?;
11726;yes;X or Y;rich;poor;poor - rich; But this time millions of Americans can expect to feel the pinch of a big tax increase regardless of the ;rich or poor;.;
2546;yes;X or Y;rich;poor;poor - rich;" "" No matter who we are -- old or young, ";rich or poor; -- our lives are changed by events and others'actions in ways we may never have foreseen.;
7700;yes;X or Y;rich;poor;poor - rich; And as they have grown older, they have carried with them the kind of memories of their fathers that any child-;rich or poor;, Black or White -- would also remember about their fathers.;
17148;yes;X or Y;poor;rich;poor - rich; He may be ;poor or rich;", Catholic or Baptist, educated or not; but if he speaks Cajun, loves Cajun music, kept the old ways, then he should be called a Cajun.";
4307;yes;X or Y;rich;poor;poor - rich; (n16) Investment remains concentrated within roughly a dozen developing countries, and it significantly impacts sectors previously protected or subsidized by states, ;rich or poor;.;
42575;yes;X or Y;rich;poor;poor - rich; The unfairness of everyone, ;rich or poor;, paying the same amount bothered some people.;
3421;yes;X or Y;rich;poor;poor - rich;" "" They're Americans, too, whether people are ";rich or poor;", on the top rung or bottom, "" said Ezra Krieg, a staff member at the shelter.";
33698;yes;X or Y;rich;poor;poor - rich; Regardless of the type of human species, ;rich or poor;", he treated them the same, "" said Raul Reyna, a district court bailiff who years ago was Marmolejo's supervisor at the Edinburg Police Department.";
15585;yes;X or Y;rich;poor;poor - rich; For those starving poets join the crowd, I think silent here on earth, In heaven God will grace me with applause, All us here ;rich or poor; sit beside another at the heavenly door.;
49843;yes;X or Y;poor;rich;poor - rich; Whether or not they are ;poor or rich;, young or old, Kimchi has to be in their refrigerator or people will take pity on you.;
44674;yes;X or Y;rich;poor;poor - rich; They do not build the houses very close together, and whether of ;rich or poor;, the architecture is the same.;
25998;yes;X or Y;poor;rich;poor - rich; It recognizes that whatever their circumstance -- female or male, ;poor or rich;, rural or urban, south or north -- children have indivisible human rights buttressed by a set of guiding principles.;
24490;yes;X or Y;rich;poor;poor - rich; Instead, he has gone about public service in a way that few would, ;rich or poor;.;
36148;yes;X or Y;rich;poor;poor - rich; Someone else, ;rich or poor;, still would have come before them.;
22804;yes;X or Y;rich;poor;poor - rich; If you're a kid, it's the first thing we want to know, are you ;rich or poor;?;
52075;yes;X or Y;rich;poor;poor - rich; i think we as a nation should have to fight a war that at that point and time is going on ;rich or poor;.;
30661;yes;X or Y;rich;poor;poor - rich; No matter if you are Dem or Rep, what counts is YOUR COUNTRY and what is best for your country as a whole with the warts, losers, winners, sinners and spinners, ;rich or poor;.;
52341;yes;X or Y;rich;poor;poor - rich; no country, ;rich or poor;, is immune to bad design.;
51155;yes;X or Y;rich;poor;poor - rich; You have no idea of the odds that are stacked against you, whether you're ;rich or poor;.;
18976;yes;X or Y;rich;poor;poor - rich; Homeowners pay state and local property taxes regardless of whether they're ;rich or poor;.;
29045;yes;X or Y;rich;poor;poor - rich; Many GOP candidates make excellent policy propositions that would benefit the country and all demographics -- black or white, undocumented or documented, ;rich or poor;, union or nonunion.;
23406;yes;X or Y;rich;poor;poor - rich; In fact, Gail will attest to the fact that I do n't think the word'American'is a very helpful description -- things like';rich or poor;'or'farmer versus banker'being a lot more informative.;
49174;yes;X or Y;rich;poor;poor - rich; What most Americans ;rich or poor; do not realize is we are already paying a consumption tax already it is just worded differently.;
28270;yes;X or Y;poor;rich;poor - rich; Lack of structural parenting in the family is a bigger problem regardless ;poor or rich;.;
39889;yes;X or Y;rich;poor;poor - rich; The fundamental difference is that in Singapore, the government did not tolerated excuses for bad behaviour from anyone be they ;rich or poor;, black or white.;
14344;yes;X or Y;rich;poor;poor - rich; Every family needs child care, ;rich or poor;, working or notworking, of every color and every sexual orientation.;
51161;yes;X or Y;rich;poor;poor - rich; You have the universal health-care program-you get it whether you're black or white, you get it whether you're ;rich or poor;.;
30433;yes;X or Y;rich;poor;poor - rich; Neither of these assertions about the tendency of the ;rich or poor; to abuse the environment is supported by careful quantitative research.;
30794;yes;X or Y;rich;poor;poor - rich; None of the tons of paperwork that is routine in this country is required in Canada, where everyone, ;rich or poor;, expects the same treatment.;
52881;yes;X or Y;rich;poor;poor - rich; want to serve the people and peoples welfare, then immediate remit all the bail out money to directly to all its citizen of America, whether he/she ;rich or poor;, everybody need to get benefit.;
16436;yes;X or Y;poor;rich;poor - rich;" Harriet is obsessed with class ("" what makes people ";poor or rich;?;
13781;yes;X or Y;rich;poor;poor - rich;" EXCERPT: "" For a long time, climate change was treated by environmentalists as a great equalizer, the one issue that affected everyone, ";rich or poor;.;
1103;yes;X or Y;rich;poor;poor - rich;" "" As recently as the mid-1990s, few people in Latin America, ";rich or poor;, owned a computer, and fewer than a million had access to the Web.;
24979;yes;X or Y;rich;poor;poor - rich; It does n't matter if you are black or white, young or old, ;rich or poor;.;
10129;yes;X or Y;rich;poor;poor - rich; Being brought up here, it never mattered if a person was ;rich or poor;, if they lived in a croft or a castle.;
2403;yes;X or Y;rich;poor;poor - rich;" "" Katya had no mother, ";rich or poor;, but she would cheerfully invent a whole family to satisfy this big busybody.;
11132;yes;X or Y;rich;poor;poor - rich; But in our situation today whether you are ;rich or poor; riding in public transportation will be the best option.;
48917;yes;X or Y;rich;poor;poor - rich; Welfare for ;rich or poor;.;
50565;yes;X or Y;rich;poor;poor - rich; With us, all of the white race, however high or low, ;rich or poor;, are equal in the eye of the law.;
39693;yes;X or Y;rich;poor;poor - rich; The fate of the world's children -- ;rich or poor; -- is intertwined.;
48156;yes;X or Y;rich;poor;poor - rich; We all suck, young, old, ;rich or poor;, hipster or university professor.;
42650;yes;X or Y;rich;poor;poor - rich; The victims can be illiterate or educated, ;rich or poor;", young or old; they're all over the economic and social strata.";
9821;yes;X or Y;rich;poor;poor - rich; Be we ;rich or poor;, we all must strive to be more beautiful than we can be.;
30594;yes;X or Y;rich;poor;poor - rich; No checking whether you are ;rich or poor;, whether you come with a job prospective or hoping to get some money from the government?;
36540;yes;X or Y;rich;poor;poor - rich; Still, it is possible to point to broad similarities within groups of nations-;rich or poor;, old or young, modern or traditional.;
45462;yes;between X and Y;rich;poor;poor - rich; This and the booming economy will start making gaps ;between rich and poor; a little smaller.;
39914;yes;between X and Y;rich;poor;poor - rich; The gap ;between rich and poor; was rising.;
44006;yes;between X and Y;rich;poor;poor - rich; These benefits explain in part the income gap ;between rich and poor;" countries, why poor countries fail to "" catch up, "" and why they may even be falling further behind.";
17208;yes;between X and Y;rich;poor;poor - rich; He prefers to talk to reporters about weightier topics, such as world peace, human rights and closing the gap ;between rich and poor;.;
35915;yes;between X and Y;rich;poor;poor - rich; Solidarity ;between rich and poor; will benefit both.;
11311;yes;between X and Y;rich;poor;poor - rich; But neither is the peace of a world community (like that of a local community) harshly divided ;between rich and poor; likely to be sustained.;
52302;yes;between X and Y;rich;poor;poor - rich; more Fast food has hastened the malling of our landscape, widened the chasm ;between rich and poor;, fueled an epidemic of obesity, and propelled American cultural imperialism abroad.;
15897;yes;between X and Y;rich;poor;poor - rich; Furthermore, inequality ;between rich and poor; has increased in far too many countries in recent years.;
38119;yes;between X and Y;rich;poor;poor - rich;" The Indonesians, he said, "" are experiencing massive contractions in the economy from an already-low base, with extensive discrepancies ";between rich and poor;.;
48747;yes;between X and Y;rich;poor;poor - rich; We were happy, despite not knowing where we really stood ;between rich and poor;.;
8367;yes;between X and Y;rich;poor;poor - rich; And when the going gets rough again, we will notice that the gap ;between rich and poor; has widened into a chasm, nobody has job security, and there is no safety net.;
29827;yes;between X and Y;rich;poor;poor - rich; Most gaps ;between rich and poor; nations are shrinking.;
7167;yes;between X and Y;rich;poor;poor - rich; Also, worries about a computer literacy gap ;between rich and poor; may quickly dissolve.;
23402;yes;between X and Y;rich;poor;poor - rich; In fact the study @ @ @ @ @ @ @ @ @ @ the inequality ;between rich and poor;.;
9616;yes;between X and Y;rich;poor;poor - rich; Authorities were also concerned that uneven economic growth, especially a conspicuous gap ;between rich and poor;, would provoke jealousy, envy, and social disorder.;
11456;yes;between X and Y;rich;poor;poor - rich; But that effort fell apart amid squabbling ;between rich and poor; countries and sometimes violent street protests against globalization.;
44023;yes;between X and Y;rich;poor;poor - rich; These changes in hours worked are exacerbating preexisting income gaps ;between rich and poor;.;
39459;yes;between X and Y;rich;poor;poor - rich; The disparity ;between rich and poor; was most glaringly apparent at the extreme points of measurement.;
50773;yes;between X and Y;rich;poor;poor - rich; Yes I think that has a lot to do with the increased gap ;between rich and poor;.;
7868;yes;between X and Y;rich;poor;poor - rich; And is n't there a continuum of people running ;between rich and poor;?;
24594;yes;between X and Y;rich;poor;poor - rich; Inundated by global media and tourism, millions of people in underdeveloped regions become resentful of the immense differences in lifestyle ;between rich and poor;.;
8152;yes;between X and Y;rich;poor;poor - rich; And the growing wage inequity ;between rich and poor; has affected families'ability to finance college.;
6422;yes;between X and Y;rich;poor;poor - rich; Add this to the increasing divide ;between rich and poor;, and @ @ @ @ @ @ @ @ @ @ the power structure that exists here.;
5024;yes;between X and Y;rich;poor;poor - rich; 79 came into being, the relationships ;between rich and poor;, and how the masses earned a living.;
11649;yes;between X and Y;rich;poor;poor - rich; But there is a big disparity ;between rich and poor;.;
51838;yes;between X and Y;rich;poor;poor - rich; continues on the trend towards a service-based economy, it could end up with wealth concentrated on the two coasts and bigger discrepancies ;between rich and poor;.;
36723;yes;between X and Y;rich;poor;poor - rich; Such agreements are important for maintaining domestic support for contributing to internationalist goals, whether international peacekeeping, reducing the gap ;between rich and poor;, protecting the international environment, or preventing violations of human rights.;
19223;yes;between X and Y;rich;poor;poor - rich; However, Chavez would not be in power if neo-liberal policies had not created a substantial gap ;between rich and poor; in the first place.;
44980;yes;between X and Y;rich;poor;poor - rich; They seem emblematic of this rising disparity ;between rich and poor; in America.;
53276;yes;between X and Y;rich;poor;poor - rich;) The divide ;between rich and poor; is extreme, however, and the residents live in fear of crime, with elaborate gates and with grilles over their windows.;
46473;yes;between X and Y;rich;poor;poor - rich; This will create huge political pressure in a country where people have over the past 25 years @ @ @ @ @ @ @ @ @ @ the gulf ;between rich and poor; remains wide.;
25887;yes;between X and Y;rich;poor;poor - rich; It may be the most cosmopolitan of Pakistan's cities, but it is among the most dangerous as well-a place where Pakistan's widening gap ;between rich and poor; is on full display.;
19794;yes;between X and Y;rich;poor;poor - rich; I believe there is a connection between these numbers and the gap ;between rich and poor;.;
29724;yes;between X and Y;rich;poor;poor - rich; More than most previous expansions, the jobs and larger digits on the paychecks have also filtered down to the poorest levels of society - though the gap ;between rich and poor; is still growing.;
1555;yes;between X and Y;rich;poor;poor - rich;" "" He is acutely conscious of gaps ";between rich and poor;.;
35843;yes;between X and Y;rich;poor;poor - rich; So, in fact, what you are going to do is often make what appears to be the gap ;between rich and poor; actually bigger.;
14058;yes;between X and Y;rich;poor;poor - rich; Equitable Access Licensing works by dividing the world pharmaceutical market ;between rich and poor; countries.;
13356;yes;between X and Y;rich;poor;poor - rich; Developing countries are a total mess in the early stages, with huge disparities ;between rich and poor;, chaotic economies, and systems where no one pays taxes.;
24046;yes;between X and Y;rich;poor;poor - rich; In the meantime, the gap ;between rich and poor; is widening.;
50927;yes;between X and Y;rich;poor;poor - rich; Yet, when James warns against showing favoritism ;between rich and poor;", he cites, not Proverbs, but "" our glorious Lord Jesus Christ.";
10703;yes;between X and Y;rich;poor;poor - rich; But @ @ @ @ @ @ @ @ @ @ main body, accounting for a total tax amount is satisfied about 70% the gap ;between rich and poor; widening trend.;
46798;yes;between X and Y;rich;poor;poor - rich; Throughout the region, the most notable social phenomenon is the huge economic and cultural divide ;between rich and poor;.;
39980;yes;between X and Y;rich;poor;poor - rich; The government measures the gap ;between rich and poor; using the Gini index, a widely accepted measure for studying inequalities in many disciplines.;
34024;yes;between X and Y;rich;poor;poor - rich; Roughly 79 percent of Americans think the gap ;between rich and poor; has grown in the past two decades, according to a Public Religion Research Institute/RNS Religion News survey from November 2011.;
44623;yes;between X and Y;rich;poor;poor - rich; They contain all the ingredients of a cultural explosion: nonstop social change, stark contrasts, unprecedented freedoms, huge gaps ;between rich and poor;, countryside and city, men and women.;
12585;yes;between X and Y;rich;poor;poor - rich; Close the knowledge gap ;between rich and poor; countries and between science and policy makers.;
28745;yes;between X and Y;rich;poor;poor - rich; Look at the divisions ;between rich and poor;.;
9220;yes;between X and Y;rich;poor;poor - rich; As the gap ;between rich and poor; grows, the perception of relative deprivation felt by rural Thais will increase accordingly.;
42161;yes;between X and Y;rich;poor;poor - rich; The spread ;between rich and poor; has gotten wider over the decades.;
23558;yes;between X and Y;rich;poor;poor - rich; In it the writer, @ @ @ @ @ @ @ @ @ @ that of course he fosters hatred ;between rich and poor;, mestizos and Indians.;
36658;yes;between X and Y;poor;rich;poor - rich; Study the characteristics of the logistic function and investigate its implications for the future of relationships ;between poor and rich; nations.;
6007;yes;between X and Y;rich;poor;poor - rich; A recent report by the Organization for Economic Cooperation and Development found that Mexico had the largest divide ;between rich and poor; of the group's 30 member nations, virtually assuring that wealthy targets stand out.;
23286;yes;between X and Y;rich;poor;poor - rich;" In another Gallup survey, only 2% of Americans listed the "" divide ";between rich and poor;" "" as the most important economic issue facing the country.";
30506;yes;between X and Y;rich;poor;poor - rich; New business models involving medical expertise remotely will emerge so that the divide between healthcare ;between rich and poor; areas will flatten.;
4413;yes;between X and Y;rich;poor;poor - rich; * 1ontrary to popular belief, the United States is not becoming increasingly polarized ;between rich and poor;, and it is not losing the middle class.;
11138;yes;between X and Y;rich;poor;poor - rich; But in spite of hundreds of governmental and nongovernmental agencies working for the relief of the poor and the vulnerable, the gap ;between rich and poor; individuals, as well as countries, continues to grow.;
24683;yes;between X and Y;rich;poor;poor - rich; Is n't it unethical and immoral to support a plan that will widen the gap ;between rich and poor;?;
47593;yes;between X and Y;rich;poor;poor - rich; Under such a system, localities ultimately get to @ @ @ @ @ @ @ @ @ @ ;between rich and poor; districts is not so wide.;
12601;yes;between X and Y;rich;poor;poor - rich; Co-responsibility cries out for solidarity, mutual efforts to restore balance in relationships ;between rich and poor; countries.;
13320;yes;between X and Y;rich;poor;poor - rich; Despite the fact that foreign threats to Thailand have ended, the Chuan administration has not attacked the problems of rural poverty and the growing gap ;between rich and poor; in a structural or systematic manner.;
2456;yes;between X and Y;rich;poor;poor - rich;" "" Major daily newspapers are running series on the growing gap ";between rich and poor;", with such titles as "" Divided Japan "" and "" Light and Darkness.";
46444;yes;between X and Y;rich;poor;poor - rich; This was partly to make sure that people could n't accumulate wealth over a long period, and such that the gap ;between rich and poor; did n't grow too large.;
11842;yes;between X and Y;rich;poor;poor - rich; But whereas Dionne perceived a significant commonality of interests ;between rich and poor;, Reich considered the reality less important than the perception.;
48460;yes;between X and Y;rich;poor;poor - rich; We have seen the epidemic knock decades off countries'national development, widen the gulf ;between rich and poor; nations and push already stigmatised groups closer to the margins of society.;
39908;yes;between X and Y;rich;poor;poor - rich; The gap ;between rich and poor; countries worsens as the technological divide widens.;
24024;yes;between X and Y;rich;poor;poor - rich; In the last three decades, the gap ;between rich and poor; countries has doubled.;
5642;yes;between X and Y;rich;poor;poor - rich; A USA Today /Gallup poll this summer found that Hispanic registered voters prioritized health care, unemployment, economic growth, and the gap ;between rich and poor; over immigration.;
35950;yes;between X and Y;rich;poor;poor - rich; Some are spurred by concern about the war in Iraq and by what they see as a growing gap ;between rich and poor;.;
39910;yes;between X and Y;rich;poor;poor - rich; The gap ;between rich and poor; in America is growing.;
821;yes;between X and Y;rich;poor;poor - rich;" "" 26 There is every indication that the gap ";between rich and poor; is increasing rapidly as new budget cuts to social services are announced almost daily.;
40991;yes;between X and Y;rich;poor;poor - rich; The number of African-American donors is rising, largely because of increased wealth in our community and a widening of the gap ;between rich and poor;, philanthropy experts say.;
41329;yes;between X and Y;rich;poor;poor - rich; The poor and middle class might think that by leveling the playing field ;between rich and poor;, that things will improve.;
23120;yes;between X and Y;rich;poor;poor - rich; In a multiyear survey of more than 30,000 respondents in 31 countries, almost 90 percent agreed or strongly agreed that the differences ;between rich and poor; countries are too great.;
13867;yes;between X and Y;rich;poor;poor - rich; Ease the gulf ;between rich and poor; and keep the middle class from hollowing out.;
49200;yes;between X and Y;rich;poor;poor - rich; What started as a land dispute has turned into an open struggle ;between rich and poor;.;
11141;yes;between X and Y;rich;poor;poor - rich; But in the 2012 presidential election -- one of the most consequential contests in decades -- the divide ;between rich and poor; in America promises to be a focal point.;
13315;yes;between X and Y;rich;poor;poor - rich; Despite such improvements, it is imperative for us to keep in mind that the gap ;between rich and poor; is still increasing.;
39913;yes;between X and Y;rich;poor;poor - rich; The gap ;between rich and poor; is widening.;
10492;yes;between X and Y;rich;poor;poor - rich; Both developments may have helped level disparities ;between rich and poor; nations.;
9514;yes;between X and Y;rich;poor;poor - rich; At the same time the income distribution has become even more polarized ;between rich and poor;.;
40247;yes;between X and Y;rich;poor;poor - rich; The inequality ;between rich and poor; is the greatest it has ever been in our history due to the political power of wealthy plutocrats who donate billions of dollars to politicians.;
28309;yes;between X and Y;rich;poor;poor - rich; Last year, the IMF and World Bank launched a global crusade against corruption, which economists blame for slowing down growth and widening the gap ;between rich and poor;.;
26760;yes;between X and Y;rich;poor;poor - rich; It widens the income gap ;between rich and poor; Americans and discourages unskilled workers from looking for jobs.;
12921;yes;between X and Y;rich;poor;poor - rich; Could it be because the gap ;between rich and poor; is widening by the foot every minute?;
32201;yes;between X and Y;rich;poor;poor - rich;" Other costs associated with the drive for more and more material goods include "" overwork, personal stress, the erosion of family and community, skyrocketing debt, and the growing gap ";between rich and poor;.;
39907;yes;between X and Y;rich;poor;poor - rich; The gap ;between rich and poor; @ @ @ @ @ @ @ @ @ @ respondents citing it, up from 41 percent in 2008.;
52705;yes;between X and Y;rich;poor;poor - rich; the gap ;between rich and poor;, between government and people -- -- the area is desolate, depopulated, an economic wasteland.;
46329;yes;between X and Y;rich;poor;poor - rich; This story was mesmerizing because of the historical nature of the women's movement in its infancy, and attitudes towards ethnic groups and nationalities and the divide ;between rich and poor;.;
14203;yes;between X and Y;rich;poor;poor - rich; Even more unsettling are the margins ;between rich and poor;, which are as wide and disconcerting as at any time in our supposedly less enlightened past.;
41629;yes;between X and Y;rich;poor;poor - rich; The relationship ;between rich and poor;" is a toxic mixture of hatred and envy; people are forced to pick sides, and as Steve Olson explained, the outcome is n't pretty.";
20136;yes;between X and Y;rich;poor;poor - rich; I expect to see the gap in living standards ;between rich and poor; grow steadily wider.;
24349;yes;between X and Y;rich;poor;poor - rich; India is likely to gain strength as a regional power, but there are significant limits to its prospects-including problems of internal governance and an increasing gap ;between rich and poor;.;
12428;yes;between X and Y;rich;poor;poor - rich; Child labor, industrial conditions @ @ @ @ @ @ @ @ @ @ divide ;between rich and poor;, and blended families are all issues that are discussed in Samantha's books.;
39911;yes;between X and Y;rich;poor;poor - rich; The gap ;between rich and poor; is enormous.;
40346;yes;between X and Y;rich;poor;poor - rich; The key to reducing economic inequalities ;between rich and poor; countries, argues Lewis, is productivity and its links to competition and consumption.;
42324;yes;between X and Y;rich;poor;poor - rich;" The survey found that some two-thirds of Americans believe that there are "" strong conflicts "" ";between rich and poor;, about a 50% increase since a 2009 survey.;
21470;yes;between X and Y;rich;poor;poor - rich; I was a child during Vietnam, then there was Watergate, the Iran Contra scandal, the widening gap ;between rich and poor; exacerbated by tax policy, and now the Iraq War.;
53579;yes;between X and Y;rich;poor;poor - rich;, that would probably be the first thing they will mention -- the need to be more aggressive on reducing the gap ;between rich and poor;, and making a real dent in poverty.;
38049;yes;between X and Y;rich;poor;poor - rich; The Eucharist fails if it does not resist the discrimination ;between rich and poor; that exists in the larger society.;
39431;yes;between X and Y;rich;poor;poor - rich; The differences in attitudes toward work and marriage ;between rich and poor; have been steadily increasing, with disturbing implications for the children of the poor.;
3189;yes;both X and Y;rich;poor;poor - rich;" "" The nations of the earth, ";both rich and poor;, must learn to conserve what supplies they can obtain, and find ways of switching over to dependence on alternative sources of energy.;
4084;yes;both X and Y;rich;poor;poor - rich; (1989) have suggested that ;both rich and poor; farmers play prominent roles in the environmental degradation of Chaco province.;
29366;yes;both X and Y;rich;poor;poor - rich;" Mead is also right when he argues that this is a good thing; new technologies in medical care make all of our lives healthier ";both rich and poor; alike.;
11336;yes;both X and Y;rich;poor;poor - rich; But obstacles loom too, notably the lack of teacher training and the problem of equitably spreading the new tools around to ;both rich and poor;.;
4634;yes;both X and Y;rich;poor;poor - rich; // Peru's economic boom has buoyed the country, ;both rich and poor;.;
44592;yes;both X and Y;rich;poor;poor - rich; They can drive up prices and threaten the living standards of workers in ;both rich and poor; countries, as well as provide cover for protectionists.;
51692;yes;both X and Y;rich;poor;poor - rich; and the National Urban League draw criticism from ;both rich and poor; blacks.;
49961;yes;both X and Y;poor;rich;poor - rich; While ;both poor and rich;" gamble, the "" recreational cost "" is a much higher percentage of the poor's overall income than it is for the rich.";
33837;yes;both X and Y;rich;poor;poor - rich; Results of the survey allow for an in-depth examination of possible differences in citizens'views of environmental issues among ;both rich and poor; nations.;
4211;yes;both X and Y;rich;poor;poor - rich;" (The Baron laughs drunkenly and moves toward Bird, who @ @ @ @ @ @ @ @ @ @ "" Old death is a busy man, He serves ";both rich and poor;.;
31335;yes;both X and Y;rich;poor;poor - rich; Obesity is a rare phenomenon in the world's history, and even throughout most of the modern world, ;both rich and poor; alike.;
52454;yes;both X and Y;rich;poor;poor - rich; population conference are being taken seriously by ;both rich and poor; nations.;
7550;yes;both X and Y;rich;poor;poor - rich; Anatole France once bitterly remarked: @ @ @ @ @ @ @ @ @ @ ;both rich and poor; to sleep under bridges.;
39421;yes;both X and Y;poor;rich;poor - rich; The difference for the black groups can be explained by geography: Wealthy white neighborhoods were mostly on high ground, but black neighborhoods ;both poor and rich; were on lowland that flooded.;
24389;yes;both X and Y;rich;poor;poor - rich; Infotech will create ;both rich and poor;: Bill Gates's rise from college dropout to America's richest man offers a vivid example of the opportunities in the cyber society for amassing great wealth.;
32171;yes;both X and Y;rich;poor;poor - rich; Organization officials insist they are making the world a better place for ;both rich and poor; by drawing underdeveloped nations into global markets and increasing access to goods.;
45989;yes;both X and Y;rich;poor;poor - rich; This is true in ;both rich and poor; countries.;
22090;yes;both X and Y;rich;poor;poor - rich; ICT is promoting new economic and social opportunities for ;both rich and poor;.;
51445;yes;either X or Y;rich;poor;poor - rich; Your ;either rich or poor;.;
36138;yes;either X or Y;rich;poor;poor - rich; Somehow I do n't see this occasional price gouging as having much effect on ;either rich or poor;.;
31311;yes;from X to Y;rich;poor;poor - rich; OPEC was pulling off the greatest wealth transfer ;from rich to poor; in history.;
3206;yes;from X to Y;rich;poor;poor - rich;" "" The pizza of today is something you can eat all around the world, ";from rich to poor;.;
47150;yes;from X to Y;poor;rich;poor - rich; To see her go ;from poor to rich;, via hard work, had a major impact on me.;
53496;yes;from X to Y;rich;poor;poor - rich;, describing her slide ;from rich to poor; as she filled out aid forms at a county center.;
17265;yes;from X to Y;rich;poor;poor - rich;" He said he and Clinton "" have the same instinct "" on health care and praised the notion of a health-care "" transfer of finances "" ";from rich to poor;.;
8019;yes;from X to Y;rich;poor;poor - rich; And poof they went ;from rich to poor;.;
44919;yes;from X to Y;rich;poor;poor - rich; They oppose domestic spending in general, and programs that either impinge upon business or redistribute income ;from rich to poor; in particular.;
24947;yes;from X to Y;poor;rich;poor - rich; It did not address many key issues, such as the world economic system and the problem of financial flows ;from poor to rich; countries.;
39685;yes;from X to Y;poor;rich;poor - rich;" The famous "" uphill "" flow of capital ";from poor to rich; is entirely the result of official capital flows.;
20439;yes;from X to Y;poor;rich;poor - rich; I have n't heard anyone say the balance of taxes ;from poor to rich; is the way it should be.;
38092;yes;from X to Y;rich;poor;poor - rich; The Greens want a massive wealth transfer ;from rich to poor; -- not bloody likely.;
13827;yes;how X or Y;rich;poor;poor - rich; Each person, no matter ;how rich or poor;, makes use of the wealth he or she has been able to accumulate.;
43418;yes;how X or Y;rich;poor;poor - rich; There are very few things more important than clean fresh water for the health and welfare of the people of any country, no matter ;how rich or poor; that country is.;
11608;yes;how X or Y;rich;poor;poor - rich; But the thing I remember most was that it did n't matter ;how rich or poor; they were they always ate fresh produce from their gardens and fresh meat from their live stock and chickens.;
41048;yes;how X or Y;rich;poor;poor - rich; The one sure thing about it is that it's all your money and all your time, no matter ;how rich or poor; you are.;
4512;yes;more X than Y;poor;rich;poor - rich; -- Lots of stuff about disobedient children and the value of being poor, confirmed in your own experience: there are many ;more poor than rich; people, and children often do n't listen to their parents.;
8194;yes;neither X nor Y;rich;poor;poor - rich; And their Audis and magical toothbrushes and all possible contraptions and then burglar alarms to protect against slaughter and all neigh ;neither rich nor poor; have any peace in their souls.;
17476;yes;neither X nor Y;rich;poor;poor - rich; He was ;neither rich nor poor;, but lived plainly and was a respectable man.;
5178;yes;neither X nor Y;rich;poor;poor - rich; <p> My grandmother's house was ;neither rich nor poor;, and it also contained my grandfather (called Pop), @ @ @ @ @ @ @ @ @ @ my younger first cousin, and me.;
9094;yes;neither X nor Y;rich;poor;poor - rich; As it stands, the system bears unduly on those who are ;neither rich nor poor;.;
29657;yes;the very X and the very Y;rich;poor;poor - rich; More and more we are creating the institutions of a society divided between ;the very rich and the very poor;.;
39915;yes;the very X and the very Y;rich;poor;poor - rich; The gap between ;the very rich and the very poor; is growing.;
34394;yes;the very X and the very Y;rich;poor;poor - rich; Settlement boards do not link only ;the very rich and the very poor;, however.;
17239;yes;the very X and the very Y;rich;poor;poor - rich; He really nailed the difference between ;the very rich and the very poor; in that section.;
37054;yes;the very X and the very Y;rich;poor;poor - rich; Tax cutts, tax increases, Tax insentives only impact ;the very rich and the very poor;.;
25935;yes;whether X or Y;rich;poor;poor - rich; It must punish evil in all, ;whether rich or poor;, high or low.;
4600;yes;whether X or Y;rich;poor;poor - rich; // FOR ALMOST 2,000 YEARS Christianity has intimately touched the personal lives of millions of individuals, ;whether rich or poor;, powerful or powerless, famous or unknown.;
13704;yes;whether X or Y;rich;poor;poor - rich; During Obama's first presidential election, his main response to the serious and growing economic crisis was to maintain the fiction that the interests of all economic classes, ;whether rich or poor;, were identical.;
978;yes;whether X or Y;rich;poor;poor - rich;" "" All people, ";whether rich or poor;, can be victims in these tragedies.;
41231;yes;whether X or Y;rich;poor;poor - rich; The people of every country suffer ;whether rich or poor;, but those who understand Buddhist teachings can find true happiness.;
8316;yes;whether X or Y;rich;poor;poor - rich; And under those words, to vote for a Democratic will not bring peace as touted in psalms, but it will give those of us who respect and accept differences, ;whether rich or poor;, etc.;
12483;yes;whether X or Y;rich;poor;poor - rich; Christianity held all persons to one ethic, ;whether rich or poor;, male or female, free or servile.;
10124;yes;whether X or Y;poor;rich;poor - rich; Being a looter is immoral, ;whether poor or rich;.;
14418;yes;whether X or Y;rich;poor;poor - rich; Everybody, ;whether rich or poor;, acts on that information every day.;
50306;yes;X and Y;private;public;private - public; Will has won many regional and national awards, and her work can be found in numerous ;private and public; collections.;
8781;yes;X and Y;public;private;private - public; Around the world, civil services were shrunk, ;public and private; sectors deregulated, markets released, taxes cut, public budgets balanced.;
33726;yes;X and Y;public;private;private - public; Reject your sense of injury, and the @ @ @ @ @ @ @ @ @ @ for past misdeeds, ;public and private;, legitimate and otherwise, in a new light.;
16188;yes;X and Y;public;private;private - public; Good intentions, ;public and private; funding, testing, teacher accountability, more testing - traits of a systematic institutionalized learning environment - have failed to meet the single most important goal: preparing students for the real world.;
37769;yes;X and Y;private;public;private - public; The ;private and public; lives of Lithuanians were once again beginning to merge.;
21894;yes;X and Y;private;public;private - public; I'm honored to be here with leaders of both the ;private and public; sectors and particularly @ @ @ @ @ @ @ @ @ @.;
14595;yes;X and Y;private;public;private - public; Existing lists of all known ;private and public; hospitals were compiled, and hospitals that were not on these lists but that were identified through the reporting forms they had submitted were added.;
7056;yes;X and Y;public;private;private - public; Along with Tax Increment Financing (TIF) and other tools I've described before, big changes in our Constitution in Washington could lead to more ;public and private; development around light rail stations in the region.;
35969;yes;X and Y;private;public;private - public; Some countries that use land taxes are using tax policies in innovative ways to encourage the expansion of ;private and public; protected areas.;
2463;yes;X and Y;public;private;private - public;" "" Many ";public and private; commissions followed and inukshuit now stand on elegant urban properties and near many public buildings.;
10436;yes;X and Y;public;private;private - public; Both ;public and private; investments around the world are accelerating this shift from lab research to mass production and large-scale applications of solar cells.;
19887;yes;X and Y;private;public;private - public; I conducted fieldwork in five different ;private and public; dialysis centers there.;
26154;yes;X and Y;private;public;private - public; It thrives on innovative problem-solving in the ;private and public; sectors, and, when possible, harnesses market forces to drive better environmental performance.;
18818;yes;X and Y;public;private;private - public; His responsibility is to ensure that all ;public and private; educational agencies within his region recruit, train, and/or employ qualified Mexican Americans.;
10433;yes;X and Y;public;private;private - public; Both ;public and private; health expenditures are growing at rates which outpace comparable countries.;
31551;yes;X and Y;public;private;private - public; On any day, nearly 35,000 patients can be found on wards in the city's 70 ;public and private; hospitals, whose combined budgets exceed $ 9 billion a year.;
49783;yes;X and Y;public;private;private - public; Where to Dock: Dockage is available at several ;public and private; marinas, but most do n't accept reservations.;
4857;yes;X and Y;private;public;private - public; 23 Although he does not explicitly say so, it seems that his unwitting intention is to reinvent skid row (replete with a casual day labor market to induce ;private and public; employment for the homeless).;
12937;yes;X and Y;public;private;private - public; Countering this increase, ;public and private; school contributors decreased in the same time periods from 28.;
53480;yes;X and Y;private;public;private - public;, at the Global Impact Economy Forum, a two-day State Department confab focused on steering ;private and public; investment toward enterprises that address systemic economic woes across the globe.;
47074;yes;X and Y;public;private;private - public; To help overcome these barriers, the New York State Department of Economic Development (DED) initiated a project designed to combine ;public and private; resources for developing beneficial use technologies.;
30811;yes;X and Y;private;public;private - public;" Nonetheless, she conceded, "" certain trends and commonalities come through, "" among them preoccupations with architecture and reciprocal definitions of ";private and public; space.;
53674;yes;X and Y;public;private;private - public;1 million students in some 12,000 ;public and private; schools in 45 states watch the Channel One broadcasts each school day.;
8733;yes;X and Y;public;private;private - public; Are there differences between larger and smaller, rural and urban, or ;public and private; healthcare facilities, as suggested by comments from several respondents?;
7775;yes;X and Y;private;public;private - public; And for the real-life counterparts of students like these, government-guaranteed student loan programs are essential to paying for ;private and public; universities alike.;
10135;yes;X and Y;private;public;private - public; Being more daring, one may imagine that BioCreative could become a foundation that could receive funds from ;private and public; enterprises, which in turn could be given as prizes for certain grand challenges.;
40795;yes;X and Y;private;public;private - public; The more that ;private and public; consumption expenditures increase in developed nations the more @ @ @ @ @ @ @ @ @ @ by wealthy Western consumers -- increases in developing nations.;
52551;yes;X and Y;private;public;private - public; sellout crowds, banquets at the Bismarck Hotel sponsored by the mayor's office, firemen selling tickets, grammar schools and high schools supporting the ;private and public; champions.;
9116;yes;X and Y;private;public;private - public; As loose associations rather than targeted economic engines, they interact with many levels of the ;private and public; sectors.;
7997;yes;X and Y;public;private;private - public; And officials say they tried to reduce the health care costs that are driving up the deficit when they offered Clinton's plan to overhaul the entire health care system, ;public and private;.;
48152;yes;X and Y;private;public;private - public; We all need to work together, both the ;private and public; sector, to make this change an opportunity for us.;
9083;yes;X and Y;private;public;private - public; As indicated by workplace policies around the United States, a large and growing number of ;private and public; employers do not perceive a problem with hiring gay and bisexual people as employees or managers.;
13093;yes;X and Y;public;private;private - public; DHS also operates the National Operations Center, which collects and fuses information from more than thirty-five ;public and private; agencies.;
1140;yes;X and Y;public;private;private - public;" "" Based in 14 communities around the state, it seeks to bring ";public and private; agencies together to address problems identified by local families.;
53463;yes;X and Y;public;private;private - public;, a student-run conference on the greening of local schools, with students, parents and faculty members from more than 150 ;public and private; schools.;
9178;yes;X and Y;public;private;private - public; As someone who had ;public and private; school experience in similarly situated good schools @ @ @ @ @ @ @ @ @ @ of the week.;
22332;yes;X and Y;private;public;private - public; If localities wo n't act on their own, then the feds should force them to, because it's Uncle Sam who will ultimately be socked with the reconstruction costs of both uninsured ;private and public; property.;
16978;yes;X and Y;private;public;private - public; He is considered one of the most important artists in the country today, with his paintings included in major ;private and public; collections.;
50654;yes;X and Y;private;public;private - public; Women's demands allowed for the emergence of a new public space where the traditional bifurcation of ;private and public; realms had to be redefined.;
33943;yes;X and Y;private;public;private - public; Rises in aggregate demand and prices led to wage demand in both the ;private and public; sectors.;
18934;yes;X and Y;private;public;private - public; His work is in many permanent ;private and public; collections, including those of the Whitehead Institute at M.;
54201;yes;X and Y;public;private;private - public;org claims that for less than the cost of the Bush tax cuts 5 million ;public and private; jobs can be created.;
5029;yes;X and Y;private;public;private - public; 80 Thus, analysis of this specific area of ;private and public; pollution law should provide meaningful observations for other areas of pollution law.;
34177;yes;X and Y;private;public;private - public; Schauss has been recognized for numerous outstanding achievements in both the ;private and public; sectors.;
547;yes;X and Y;private;public;private - public; ;private and public; foundations and corporate giving programs.;
2506;yes;X and Y;private;public;private - public;" "" My daughter has attended ";private and public; schools, and both have been rewarding experiences.;
37370;yes;X and Y;private;public;private - public; That knowledge, those skills and the will or necessary traits of ;private and public; character are the products of a good civic education.;
15681;yes;X and Y;public;private;private - public; Fourthly, all ;public and private; credit should be frozen and lastly, in order to prevent mass deprivation, cross-border emergency relief and rehabilitation operations to Ethiopia, Sudan and Somalia should stepped up.;
9281;yes;X and Y;public;private;private - public; As usual, the objective of ensuring more and better conflicts with the objective of minimizing ;public and private; costs, and policymakers must find the appropriate balance.;
23886;yes;X and Y;private;public;private - public; In the 1970s, ;private and public; lenders alike had vast sums of petro-dollars to invest.;
46564;yes;X and Y;public;private;private - public; Those corpses that were intact or could be identified were given ;public and private; reburials.;
36574;yes;X and Y;private;public;private - public; Stone's Nixon is appalling and strangely moving, a man whose ;private and public; demons bring him down with an almost Shakespearean thud.;
46043;yes;X and Y;private;public;private - public; This legislation authorizes grant funds for new construction of transitional housing for those veterans, as well as matches funds from ;private and public; sources for such housing, with annual reports from VA due to Congress.;
10879;yes;X and Y;public;private;private - public; But as the tax base diminished and ;public and private; money dried up, the museum, inevitably, was hurt: in the early 1990s, half the staff was fired and nearly half the galleries closed.;
3636;yes;X and Y;public;private;private - public;" "" We examined ";public and private; schools (Montessori and Waldorf).;
43455;yes;X and Y;private;public;private - public; There have been examples in both the ;private and public; sectors of exaggerated claims.;
45672;yes;X and Y;public;private;private - public; This has brought increased attention - particularly from those working to preserve the country's remaining old-growth trees, some of whom see Collins Pine as a model for logging ;public and private; forests.;
53675;yes;X and Y;private;public;private - public;1 percent in August even though just 114,000 jobs were added to ;private and public; payrolls, the Bureau of Labor Statistics reports.;
25354;yes;X and Y;private;public;private - public; It is a 728-page tale rendered nearly seamless by Goodwin's skills as a reporter and writer, and by the immense entanglement of her subjects';private and public; lives.;
29709;yes;X and Y;public;private;private - public; More than 200 ;public and private; agencies in the Fort Collins area offer services to retirees, including free public transportation and installation of wheelchair ramps and shower grab bars.;
42049;yes;X and Y;public;private;private - public; The sixteen highways and seven mighty bridges, the Coliseum, Shea Stadium, Co-Op City, the United Nations complex, Lincoln Center, hundreds of parks, ;public and private; housing -- all would be there.;
5703;yes;X and Y;private;public;private - public; A corporate empire, whose founders arrogantly blurred the boundaries of ;private and public; interests, flourished without regulation for decades.;
49592;yes;X and Y;private;public;private - public; When the figures are adjusted for inflation, America's ;private and public; colleges and universities finished the 1980s in a triumphant surge of spending.;
29173;yes;X and Y;public;private;private - public; Many things seem to be ;public and private; at the same time in varying degrees or in different ways.;
51492;yes;X and Y;public;private;private - public;" Your information is being sold to financial institutions and marketing firms, to generate junk mail, spam, and credit card offerings, etc; Every company does it, ";public and private;.;
14051;yes;X and Y;public;private;private - public; Equal to a FED Reserve Note for all debts, ;public and private; by law.;
53707;yes;X and Y;private;public;private - public;2 million the wholesale price of water it sells to ;private and public; agencies -- the largest rate increase in its 72-year history.;
8393;yes;X and Y;private;public;private - public; And while sustained ;private and public; support has made near-universal child immunization one of the shining medical success stories of the past century, adult immunization has languished in sometimes fatal neglect.;
29727;yes;X and Y;private;public;private - public; More workshops are planned for judges, lawyers, government officials, and the ;private and public; sectors in the coming months.;
25896;yes;X and Y;private;public;private - public; It may seem ironic for ;private and public; funds to be spent to defeat the government-created error in SPS -- all the more so when, because the U.;
53550;yes;X and Y;public;private;private - public;, offers the CollegeSure Certificate of Deposit, a Federally insured savings vehicle with a rate of return tied to an index of the tuition inflation at 500 ;public and private; colleges and universities.;
12650;yes;X and Y;private;public;private - public; Combining ;private and public; funds allows us to do a wider range of things in a more timely fashion than would be possible if we had to rely solely on one or the other.;
10005;yes;X and Y;public;private;private - public; Because there are fewer districts per county in this area, ;public and private; middle schools and high schools from 21 counties were invited to participate in the collection.;
8009;yes;X and Y;public;private;private - public; And other than following instructions from air traffic controllers when they were flying, the pilots did not have to follow any of the other federal aviation safety rules governing ;public and private; flight.;
53662;yes;X and Y;public;private;private - public;02 million in revenue, collecting payments totaling $1,022,729 during a five-year period ending in 2001, ;public and private; records show.;
25374;yes;X and Y;public;private;private - public; It is a nonprofit organization, ruled by the norms of science and technology It has various members including the Ministry of the Environment, the Scientific Agency of Colombia, ;public and private; universities, local government, and nongovernmental organizations.;
24106;yes;X and Y;private;public;private - public;" In the same year, the National Park Service reported "" that as much as 50% of all ";private and public;" sites nationwide have been looted "" (Smith and Ehrenhard 1991, xxv).";
9169;yes;X and Y;public;private;private - public; As she sees it, MSW-to-ethanol production needs nothing more than a good public relations campaign to drive ;public and private; interest into developing new facilities.;
9229;yes;X and Y;private;public;private - public; As the private letters of Diana corroborate thereafter, the secretary is a servant holding a privileged position regarding the ;private and public; information of the household.;
24303;yes;X and Y;public;private;private - public; Indeed public enterprise reform is a vast and complex multiparty negotiating game, involving such players as ;public and private; firms, government ministries, political parties, labor unions, regulators, and other relevant actors.;
35603;yes;X and Y;private;public;private - public; So blurred is the line between his ;private and public; lives that he announced his desire for a legal separation from his wife, Donna Hanover, at a news conference.;
53350;yes;X and Y;public;private;private - public;) that dramatically limited elective abortions by prohibiting ;public and private; insurers from covering them.;
12480;yes;X and Y;private;public;private - public; Christian witnesses also include pastoral ministers, teachers, health care workers and others who seek in Catholic, ;private and public; organizations to serve God's children and not just make money.;
48281;yes;X and Y;private;public;private - public; We can encourage the ;private and public; sectors to recognize the role of parents.;
41955;yes;X and Y;public;private;private - public; The seemingly contradictory evidence is reconciled by the difference between what I call ;public and private; speaking.;
11970;yes;X and Y;private;public;private - public; By 1988, the percentage of ;private and public; employees covered by such plans was 29 percent.;
38240;yes;X and Y;public;private;private - public; The Oklahoma Marriage Initiative, as it's called, involves churches, counselors, ;public and private; social agencies, schools - and the state's top husband.;
46681;yes;X and Y;public;private;private - public; Though public and private GDP are in free fall, ;public and private; debt serivce are fixed.;
12124;yes;X and Y;public;private;private - public; By this time railroads had mostly left the agricultural development fields, allowing ;public and private; groups to assume these activities and to employ new approaches and technologies.;
29015;yes;X and Y;private;public;private - public; Management in such an environment relies on a relatively more rigid hierarchical structure and division of line and staff authorities than many ;private and public; organizations that fill the records of success on reinvention.;
41500;yes;X and Y;private;public;private - public; The public community college that was the focus of the study serves four counties and one urban area, with 15 ;private and public; high schools.;
9490;yes;X and Y;public;private;private - public; At the National Conference of State Legislatures convention in Milwaukee in July, Harvard University researchers reported the results of a two-year study of nine ;public and private; choice plans.;
8946;yes;X and Y;public;private;private - public; As a result, ;public and private; payers have tended to view @ @ @ @ @ @ @ @ @ @ one with uncertain effects on the total cost of care.;
47544;yes;X and Y;public;private;private - public; UGA offers admission to every salutatorian and valedictorian from the 369 ;public and private; high school programs accredited by the Southern Association of Colleges and Schools.;
3458;yes;X and Y;private;public;private - public;" "" This includes the implementation of @ @ @ @ @ @ @ @ @ @ of resources used to pay for ";private and public; lawsuits.;
43973;yes;X and Y;public;private;private - public; These are important and they come to us free of charge, compliments of our natural landscapes, ;public and private;.;
41863;yes;X and Y;public;private;private - public; The same is generally true for the extraordinarily large and diverse sector of local and regional faith-based social programs, including those that work through interfaith, ecumenical, ;public and private;, or religious and secular partnerships.;
3658;yes;X and Y;private;public;private - public;" "" We have six trillion dollars in ";private and public;" pension funds, "" Jackson thundered.";
48875;yes;X and Y;private;public;private - public; We've got to keep ;private and public; separate.;
36848;yes;X and Y;public;private;private - public; Supports ;public and private; Wi-Fi networks or hotspots that use the 802.;
23592;yes;X as well as Y;private;public;private - public; In layman's terms, the large debt burden becomes too much of a heavy load on the shoulders of both the ;private as well as public; sectors.;
29942;yes;X as well as Y;private;public;private - public; Most states have imposed minimum academic standards on ;private as well as public; schools.;
4927;yes;X as well as Y;private;public;private - public; 36 Nineteenth-century inmates of ;private as well as public; institutions were usually destitute, but conditions may have changed by the late 1920s.;
45687;yes;X as well as Y;private;public;private - public; This holds for hopes and fears related to ;private as well as public; concerns (p.;
24230;yes;X as well as Y;private;public;private - public; In this, as in many other matters, the Progressive era laid the foundations for ;private as well as public; forms of organization.;
29837;yes;X as well as Y;private;public;private - public; Most important, the core population of national policy domains consists of large numbers of ;private as well as public; organizations.;
29775;yes;X as well as Y;private;public;private - public; Moreover, they actively sought ;private as well as public; association with a winning team.;
33376;yes;X as well as Y;public;private;private - public; Public companies are those where a greater number of persons are concerned, and the stock is divided into a considerable number of shares, the object embracing generally ;public as well as private; interests.;
23271;yes;X or Y;public;private;private - public; In an arbitrary government, where the will of the sovereign is law, and the passions are uncontrolled, ;public or private; resolve is sudden, and execution summary.;
14667;yes;X or Y;public;private;private - public; Facing cuts in academic departments and programs, its students andfaculty members are trying something rarely done in higher education, ;public or private;.;
7162;yes;X or Y;private;public;private - public; Also, the new law allows cremated remains to be scattered on ;private or public; land with the landowner's permission.;
10766;yes;X or Y;public;private;private - public; But I just do n't think that any system, ;public or private;, is going to be able to cut back on this kind of care.;
47788;yes;X or Y;public;private;private - public; Use any tool, ;public or private;, to help people transform their lives.;
23392;yes;X or Y;private;public;private - public; In fact @ @ @ @ @ @ @ @ @ @ is attracting many foreign based ;private or public; investment companies, sovereign wealth funds and even pension funds gradually.;
26862;yes;X or Y;public;private;private - public; It would make it much easier for you to choose from a wide range of schools, ;public or private;.;
41913;yes;X or Y;public;private;private - public; The school which the parents'children attend could be ;public or private;", coeducational or single sex, large or small, elementary or middle school; the specifics are not the important point.";
32751;yes;X or Y;public;private;private - public; Pennsylvania is deliberating a proposal, sponsored by Democratic House Speaker Robert O'Donnell, that would institutionalize school choice and offer a $900 scholarship to any student who chooses to attend ;public or private; school.;
8631;yes;X or Y;private;public;private - public; Anyone who becomes a member of a ;private or public; golf club or men's club in this state automatically becomes a member of either the CGA (approximately 43,000 members) or CWGA (17,000).;
39611;yes;X or Y;private;public;private - public; The essential issue in American Campaign Academy was whether political campaigns or parties are ;private or public; beneficiaries.;
8688;yes;X or Y;public;private;private - public; Application In summary, and unless otherwise noted, the proposed amendments for classes and schools would apply to elementary and secondary education and to both ;public or private; 10 recipients.;
25173;yes;X or Y;public;private;private - public; It impartially transmits all kinds of content, one-way or two-way or broadcast, ;public or private;, text or video or sound or data.;
825;yes;X or Y;public;private;private - public;" "" 34 In Jamaica the sponsor or patron has been defined as "" ";public or private; sector institutions or individuals that utilize the soap opera as a vehicle to publicize or promote their goods, services and programs.;
40434;yes;X or Y;private;public;private - public; The latter provision exempts ICWA application from voluntary religious or school placements, as well as voluntary placements with ;private or public; agencies where the parent or custodian can regain custody at any time.;
41298;yes;X or Y;public;private;private - public; The platform favors a voucher system that would allow students to attend any school, ;public or private;.;
13139;yes;X or Y;public;private;private - public; Data on students who were formerly enrolled in community colleges and transferred to another community college or ;public or private; four-year college or university in Washington State were provided by the Office of Financial Management.;
32617;yes;X or Y;public;private;private - public;" Parents of school-age children would receive government scrip that could be "" spent "" on tuition at any school, ";public or private;.;
38696;yes;X or Y;private;public;private - public; The bad news is that the United States does not have, either in the ;private or public; sectors, satisfactory ways of helping people anticipate and pay for nursing home care and home care.;
34025;yes;X or Y;public;private;private - public; Routine economic activity generates incidental emission reductions and increases all the time, even with no environmental efforts going on, ;public or private;.;
6492;yes;X or Y;public;private;private - public; Affiliation categories used were: university, ;public or private; school system, professional organization (NAGC, CEC), government official (state department director), consultant, and other.;
4093;yes;X or Y;public;private;private - public; (2006, 2011) permits a mother to breastfeed in any location, ;public or private;, that the mother is authorized to be, and prohibits local governments from criminalizing or restricting breastfeeding.;
49879;yes;X or Y;private;public;private - public; Whether the power is ;private or public; or some combination of both, we will still be abused.;
4427;yes;X or Y;public;private;private - public; * Find out whether the beach is ;public or private;.;
51700;yes;X or Y;private;public;private - public; and those who bring the least money to the country and come most quickly upon ;private or public; charity for support.;
17552;yes;X or Y;public;private;private - public; He was democratic about it: He'd take on anyone, any time, big or small, ;public or private;.;
27268;yes;X or Y;private;public;private - public; It's bound to be either a ;private or public; insurer, or it's going to be the patient who is paying the bill.;
31428;yes;X or Y;public;private;private - public;" Of the first sort are collectors, receivers, and treasurers; of the second are the treasurers again, and the officers appointed for payment of several ";public or private; ministers.;
18792;yes;X or Y;public;private;private - public; His party platform calls for an outright ban on all embryo research, ;public or private;.;
548;yes;X or Y;private;public;private - public; ;private or public; property where posted is not a criminal act.;
4624;yes;X or Y;public;private;private - public; // Lease them the space for $1 a year and leave them alone to do what no other entity, ;public or private;, has been willing or able to do.;
16431;yes;X or Y;private;public;private - public; Hardly studied, however, have been cases of financial innovation that are not primarily related to regulation of ;private or public; financial flows.;
53770;yes;X or Y;public;private;private - public;3 (1997) allows a mother to breastfeed her child in any location, ;public or private;, except the private home or residence of another, where the mother and the child are otherwise authorized to be present.;
8587;yes;X or Y;public;private;private - public; Any doctor, ;public or private;, may prescribe any of the French medicines.;
25866;yes;X or Y;public;private;private - public; It matters little if your child attends ;public or private; school.;
45488;yes;X or Y;private;public;private - public; This asynchronous tool can be used for ;private or public; interactions.;
36716;yes;X or Y;public;private;private - public; Such a program, ;public or private;, would not violate the 14th amendment unless men were denied comparable opportunities.;
5623;yes;X or Y;private;public;private - public; A California secondary school is a ;private or public; high school, technical school, or adult school.;
31252;yes;X or Y;public;private;private - public; Now, one possible reason for these lopsided figures could be the obvious one: Any enterprise, ;public or private; sector, needs to have a solid virtualization infrastructure before considering a move to VDI.;
8481;yes;X or Y;public;private;private - public; And, therefore, the question comes down to whether the distribution is ;public or private;.;
17272;yes;X or Y;private;public;private - public; He said that those costs were passed on in higher charges to the insured, otherwise Hopkins -- and virtually every other ;private or public; hospital -- would go out of business.;
25428;yes;X or Y;public;private;private - public; It is also pushing the formerly competing companies to synchronize their operations and is working to create common standards and processes for issuing mortgage-backed securities that could be adopted by any entity, ;public or private;.;
40409;yes;X or Y;private;public;private - public; The largest problem with ;private or public; colleges is that they are too big to really personalize learning and help everyone.;
10612;yes;X or Y;private;public;private - public; Brooks is correct to call for the use of any ;private or public; sector program that works to increase opportunity and success.;
24920;yes;X or Y;public;private;private - public; It could spread the word, soothe rivalries, help find ;public or private; cash and promote tourism.;
51538;yes;X or Y;public;private;private - public; Youths placed in these hospitals vary widely with respect to their socioeconomic status and racial and ethnic backgrounds, usually, but not always, depending upon whether the institution is ;public or private;.;
3848;yes;X or Y;public;private;private - public;" "" Written in part as a company policy manual, Koch said the book describes principles that other companies, ";public or private;, could use to succeed.;
12581;yes;X or Y;public;private;private - public; Clinton weighed in with a proposal for making ;public or private; higher education more affordable: a tuition tax credit of up to $ 10,000 a year.;
25846;yes;X or Y;private;public;private - public; It makes it a crime for undocumented workers to seek work or trespass on ;private or public; lands, and also criminalizes hiring workers from a stopped car.;
8610;yes;X or Y;public;private;private - public; Any person may enforce this right against any party, ;public or private;, through appropriate legal proceedings, subject to reasonable limitations and regulation as provided by law.;
48352;yes;X or Y;public;private;private - public; We face this dilemma whether the data sets and algorithms are ;public or private; (corporate) controlled, for any societal feedback-control theory is an anathema to individual liberties.;
8717;yes;X or Y;public;private;private - public; Are all ;public or private; schools to be avoided?;
40606;yes;X or Y;private;public;private - public; The majority of expenditures were related to ;private or public; transportation, including car repairs, tires, gas, bus tickets, and taxi service.;
52763;yes;X or Y;public;private;private - public; there were fewer than ten ;public or private; elementary school immersion programs in either Standard Chinese or Cantonese.;
22387;yes;X or Y;public;private;private - public; If so is n't that use of chalk in violation of the city's law against the intent to mark ;public or private; property with intent to do damage to such property.;
1240;yes;X or Y;private;public;private - public;" "" But once it's dug, there's no way to tell whether it came from ";private or public; land.;
26470;yes;X or Y;private;public;private - public; It was acknowledged that many ;private or public; applicants would have to be highly motivated and able to find additional capital on their own to complete this task.;
29661;yes;X or Y;public;private;private - public; More children are able to choose the public school they attend, and in a handful of cities they can even use ;public or private; vouchers to help pay for private school.;
13983;yes;X or Y;public;private;private - public; Emeriti offers one possible solution for nonprofit colleges and universities, ;public or private;", large or small; HSAs are another.";
19620;yes;X or Y;private;public;private - public; I am also not interested in the employer, ;private or public; sector having to collect the dues.;
12809;yes;X or Y;private;public;private - public; Consider: Obama did not have any resume of executive experience in the ;private or public; sector.;
5998;yes;X or Y;public;private;private - public; A rabbit warren of over four thousand shops, restaurants, ;public or private; rooms.;
51622;yes;X or Y;public;private;private - public; among them), the Woodruff-related foundations have more discretionary money - money with the potential to dramatically reshape the city - than any other single local agency, ;public or private;.;
12689;yes;X or Y;private;public;private - public; Community gardeners often work simultaneously with NGO staff members, the Toronto Community Housing Corporation, the TFPC, property-management companies, and ;private or public; funders.;
34142;yes;X or Y;private;public;private - public; Saunders suggesting that my child is less capable or deserving than children attending any ;private or public; high school in the area simply because she lives in Crockett?;
2552;yes;X or Y;private;public;private - public;" "" No other major ";private or public; museum has ventured into any similar arrangements, although New York's Metropolitan Museum of Art has successfully launched a nationwide chain of museum gift stores carrying its logo.;
16768;yes;X or Y;public;private;private - public; He found that the home-schooled children did not lag behind children attending ;public or private; schools in social development.;
30613;yes;X or Y;public;private;private - public; No hospital, ;public or private;", can deny you emergency care; doing so is called patient dumping and it's against the law.";
41573;yes;X or Y;private;public;private - public; The real debate is between ;private or public; ownership of the media.;
44986;yes;X or Y;public;private;private - public; They shall not be leased, sold or exchanged, or be taken by any corporation, ;public or private;, nor shall the timber thereon be sold, removed or destroyed.;
3302;yes;X or Y;public;private;private - public;" "" Then, ";public or private; health insurance steps in to cover any additional procedures needed to resolve or treat the abnormality.;
4883;yes;X or Y;private;public;private - public; 298-329) -- that is, unless an association wishes to acquire the status of a ;private or public; association, or wishes to adopt a name which signifies a recognized status such as'Catholic'or'third order,'for example.;
39469;yes;X or Y;public;private;private - public; The divide is not simply ;public or private;, government or academic, the challenge is how their digital access is enhanced.;
811;yes;X or Y;public;private;private - public;" "" 152 The question in every case was whether the speech was ";public or private;, unabridgable or abridgable.;
6451;yes;X or Y;public;private;private - public; Additionally, cases that consider whether the National Airspace System (NAS) is ;public or private; are highly relevant.;
13253;yes;X or Y;private;public;private - public; Department of Education does not have the authority to accredit private or public elementary or secondary schools, and the Department does not recognize accrediting bodies for the accreditation of ;private or public; elementary and secondary schools.;
29416;yes;X or Y;public;private;private - public; Meiklejohn, and those who followed his interpretation, proceeded as if everyone knew which types of expressions qualified as ;public or private;, higher or lower value speech.;
41325;yes;X or Y;public;private;private - public; The politicians now talk about more saving but we will know that they are serious when they are willing to talk about less consumption, ;public or private;.;
1827;yes;X or Y;public;private;private - public;" "" I do n't charge churches the same amount of money that I charge my corporate, ";public or private;" accounts, "" she says.";
33949;yes;X or Y;public;private;private - public; Roads are ;public or private;.;
45382;yes;X or Y;public;private;private - public; Third, do ;public or private; suppliers of information fare better across the period of available data?;
45577;yes;X or Y;private;public;private - public; This data is welcome to be used by anyone for ;private or public; consumption (so yes, you can include it in your internal reporting/slide decks if you'd like), but of course, we'd appreciate source citation.;
22431;yes;X or Y;public;private;private - public; If the area is perceived to have a high incidence of AIDS, they argue, it would be easier for her to obtain ;public or private; funding.;
21024;yes;X or Y;private;public;private - public; I see a 6 year old expressing her artistic talent with sidewalk chalk, not damaging ;private or public; property.;
49216;yes;X or Y;public;private;private - public; What this suggests is that religion is something other then ;public or private; -- or rather that the distinction is flawed in matters such as this.;
17826;yes;X or Y;public;private;private - public; Healthcare spending is all expenditures, ;public or private;.;
44249;yes;X or Y;public;private;private - public; These students with previous postsecondary experience had attended public or private universities, public or private two-year colleges, or ;public or private; technical/vocational institutes.;
24655;yes;X or Y;public;private;private - public; Is it ;public or private; when a spy is oblivious to his assassin's presence and intention?;
51847;yes;X or Y;private;public;private - public; crowds of fewer than 2,000 people, little support from the mayor's office, no support from other ;private or public; schools, no longer a matchup between the best private and public teams.;
31703;yes;X or Y;private;public;private - public; Once ;private or public; authorities make decisions in open societies, the results become known and corrective action, if needed, can be taken.;
50208;yes;X or Y;public;private;private - public; Who is any one individual, ;public or private;, given the right to judge anyone else?;
38113;yes;X or Y;public;private;private - public; The ISAPREs provide outpatient and inpatient services through their own clinics and hospitals or by contracting with ;public or private; facilities.;
16007;yes;X or Y;private;public;private - public; Genuine confession, a ;private or public; acknowledgement of the feeling, can resolve the tension because it involves an acknowledgement that the envied person is not the source of a troubled feeling which lies inside ourselves.;
24017;yes;X or Y;private;public;private - public; In the joint venture sector, 66% of the capital was owned by Egyptian ;private or public; companies, which meant that the fresh capital contributed by foreign interests was small.;
37245;yes;X or Y;private;public;private - public; That employs everyone from union organizers to sensitivity trainers, consultants, administrators, suppliers, lawyers, managers and anyone whose job in the ;private or public; sector is tied into the government.;
19120;yes;X or Y;public;private;private - public; How else would @ @ @ @ @ @ @ @ @ @ they target thei audience just as anyone else would: ;public or private;.;
36214;yes;X or Y;public;private;private - public; Sometimes ;public or private; or charter schools are better options.;
44999;yes;X or Y;private;public;private - public; They simultaneously resist growth that is too rapid and at the same time welcome ;private or public; actions that might create additional jobs.;
23832;yes;X or Y;private;public;private - public; In some pressing emergencies, the citizen was authorized to avenge his ;private or public; wrongs.;
29915;yes;X or Y;private;public;private - public; Most of us ricochet wildly from thinking about Paula Jones to thinking about whether our kids ought to go to ;private or public; school.;
47972;yes;X rather than Y;private;public;private - public; Victories are rare and more often the function of ;private rather than public; labors.;
23183;yes;X rather than Y;private;public;private - public; In addition, ;private rather than public; recognition of students'efforts and improvement helps to promote a mastery-oriented learning environment.;
11383;yes;X, not Y;public;private;private - public; But radio and television in west Germany - which is the system the east Germans must adopt - are primarily ;public, not private;, and have a structure all their own.;
25277;yes;X, not Y;public;private;private - public; It is ;public, not private;.;
40061;yes;X, not Y;private;public;private - public; The happiness they long for is ;private, not public;"; they make few demands on society as a whole, and even when troubled they seem content with the existing institutional order.";
17336;yes;between X and Y;private;public;private - public; He shuttled ;between private and public; schools and by fifteen had become an accomplished furniture maker.;
31869;yes;between X and Y;private;public;private - public; One of the key distinctions for Schaumann is ;between private and public;" distribution: "" The important difference is that the Joe?";
767;yes;between X and Y;private;public;private - public;" "" (n36) Further, when the government has determined upon a policy, the difference ";between private and public; good is likely to be relatively small.;
47900;yes;between X and Y;private;public;private - public; VMware's strategy appears to be based on making it easy for applications to migrate between cloud providers, and creating an easy interface ;between private and public; clouds.;
23971;yes;between X and Y;private;public;private - public; In the dynamic relationship ;between private and public; flamenco, pea aficionados imply gender complementarity by means of performance contrasts.;
23786;yes;between X and Y;private;public;private - public; In rethinking the division of responsibilities ;between private and public; bodies, we must go further than what is typically proposed for other regions of the world faced with the same problem.;
27149;yes;between X and Y;private;public;private - public; It's a single homogenous, uniform space that does n't even make much distinction ;between private and public; space.;
838;yes;between X and Y;private;public;private - public;" "" 9 In the process, conflicts have arisen among neighboring property owners, between adjacent political jurisdictions, ";between private and public; claims to the shoreline, and between human activities and natural coastal processes, such as erosion.;
46824;yes;between X and Y;private;public;private - public; Thus immutably bound up with others and the material world through which he moves, Komunyakaa closes his dialogue ;between private and public; history.;
10294;yes;between X and Y;private;public;private - public; Bill as a precedent for not distinguishing ;between private and public; universities.;
3343;yes;between X and Y;private;public;private - public;" "" There's no need for the bedroom to open directly into the main rooms, "" Chris says, explaining how the smaller hall provides needed separation ";between private and public; rooms.;
25026;yes;between X and Y;private;public;private - public; It feels like yet another way they've messed with the line ;between private and public; information.;
29653;yes;between X and Y;private;public;private - public; More @ @ @ @ @ @ @ @ @ @ gory that entails a symbiotic relationship ;between private and public; strategies, obstacles and methodologies.;
7686;yes;between X and Y;private;public;private - public; And as for civil-rights laws, as I said, distinctions are made ;between private and public; when it comes to the extent to which religious freedom trumps civil rights.;
9160;yes;between X and Y;private;public;private - public; As recommended by Jan Vansina (1987), further studies on the discrepancies ;between private and public; sources of information are needed to gain an accurate picture of the multitudinous aspects of colonial life in Africa.;
45077;yes;between X and Y;private;public;private - public; They went back upstairs, and she discovered that he had already arranged the files ;between private and public; realms.;
39612;yes;between X and Y;private;public;private - public; The estimation results point to the existence of important complementarities between private and government consumption and, to a lesser extent, ;between private and public; capital.;
45883;yes;between X and Y;private;public;private - public; This is in contrast to results from the alcohol and marijuana models where similar effects are observed ;between private and public; school respondents.;
40903;yes;between X and Y;private;public;private - public; The neo-feudal paradigm suggests a clear-cut separation ;between private and public; orders of policing.;
53684;yes;between X and Y;private;public;private - public;11 @ 2:48PM# I've yet to see an apples to apples comparison that shows much of a disparity ;between private and public; employees.;
41413;yes;between X and Y;private;public;private - public; The problem is exacerbated with the difference ;between private and public; institutions.;
13651;yes;between X and Y;private;public;private - public; Dramatic differences ;between private and public; schools exist on these measures.;
23925;yes;between X and Y;private;public;private - public; In the absence of conflict ;between private and public;" interests regarding cultural and language considerations, the American programming structure of cable has been acknowledged as the "" great potential "" of the medium.";
27886;yes;between X and Y;private;public;private - public; John Edwards, @ @ @ @ @ @ @ @ @ @ CIA director David Petraeus, the media has often blurred the line ;between private and public; lives when it comes to public officials'extramarital affairs.;
40995;yes;between X and Y;private;public;private - public; The number of private school students in the theatre assessment was too small to analyze the difference ;between private and public; school students.;
10350;yes;between X and Y;private;public;private - public; Bloom makes a useful distinction ;between private and public; private diaries.;
5005;yes;both X and Y;public;private;private - public; 67 More and more places-;both public and private; -- will be under constant surveillance by video cameras.;
10311;yes;both X and Y;public;private;private - public; Birmingham's active use of urban design principles for ;both public and private; projects sets it apart.;
44280;yes;both X and Y;private;public;private - public; These two orientations, however, are not absolute: rather, ;both private and public; school sectors combine elements of private and public purposes.;
23002;yes;both X and Y;private;public;private - public; In Houston, 11 girls'teams from ;both private and public; schools compete at the district level.;
42163;yes;both X and Y;public;private;private - public; The spring waters spread with indifference between rich and poor, over ;both public and private; land.;
4817;yes;both X and Y;public;private;private - public; 2 The virtual saturation of the transport system, ;both public and private;, is extending ever further into the suburbs.;
5705;yes;both X and Y;public;private;private - public; A cost-of-living adjustment is used by ;both public and private; employers to compensate employees for these fluctuations.;
18974;yes;both X and Y;public;private;private - public; Home schoolers have higher average ACT scores than ;both public and private; school students.;
33090;yes;both X and Y;public;private;private - public; Planning thus is important in ;both public and private; activities.;
36509;yes;both X and Y;private;public;private - public; Stewartt and the rest try to avoid the arrogance, perceived and real, that sometimes characterizes ;both private and public; U.;
27344;yes;both X and Y;public;private;private - public; It's hard to overstate just how big a feature this is, as SDN is an important component of ;both public and private; clouds.;
45824;yes;both X and Y;public;private;private - public; This is advantageous since ;both public and private; schools will be more ready to hire @ @ @ @ @ @ @ @ @ @ to teach.;
19212;yes;both X and Y;public;private;private - public; However, ;both public and private; policing have important features in common.;
41673;yes;both X and Y;public;private;private - public; The responding institutions represented the entire spectrum of institutions, from very small to very large schools and ;both public and private; schools.;
12143;yes;both X and Y;public;private;private - public;" CBO projections have shown how leaving the health care "" system "" intact as of 2009 would bust ";both public and private; budgets, making health care something that NEEDS to be addressed.;
4860;yes;both X and Y;public;private;private - public; 233 Several regional and national meetings and conferences later, Costa Rica consolidated under one organization the fragmented biodiversity programs then in ;both public and private; hands.;
13979;yes;both X and Y;public;private;private - public; Emergency departments of ;both public and private; hospitals play an increasingly important -- and often uncompensated -- role in local disaster response.;
37379;yes;both X and Y;public;private;private - public; That makes them the fastest-growing IT segment tracked by research firm IDC -- and the demand is coming from ;both public and private; sectors.;
28216;yes;both X and Y;private;public;private - public; Koenig (2007) explored the influence of ;both private and public; religiosity on depressive symptomotology among older medical inpatients.;
15478;yes;both X and Y;public;private;private - public; For six months now we have been hoping, like all parents of kindergarteners I know in ;both public and private; schools, that we made the best decision for our children.;
29052;yes;both X and Y;private;public;private - public; Many agencies -- ;both private and public; -- use fees to cover the cost of a mother's medical expenses, the child's previous foster care costs or administrative expenses.;
36724;yes;both X and Y;public;private;private - public; Such alliances can be worthy investments for ;both public and private; sector resources.;
41873;yes;both X and Y;public;private;private - public; The sample for the music assessment was about 2,000 students, ;both public and private;, enough to obtain statistically valid results.;
6382;yes;both X and Y;private;public;private - public; Adams frequently expressed in ;both private and public; statements the belief that political liberty required religious virtue.;
4260;yes;both X and Y;public;private;private - public; (a) There shall be a pharmaceutical cost containment commission established to study methods to reduce the cost of prescription drugs for ;both public and private; payers.;
51680;yes;both X and Y;public;private;private - public; and of endangered species on ;both public and private; land, in order to preserve community character.;
16093;yes;both X and Y;public;private;private - public; Given the rising costs of a college education, ;both public and private;, it is not difficult to understand some parents'eagerness to accept a label for their child.;
4964;yes;both X and Y;private;public;private - public; 49 OSHA requirements apply to lead-based paint hazard evaluation and control activities, and remodeling and renovation activities, in ;both private and public; pre-1978 housing.;
43674;yes;both X and Y;private;public;private - public; There was a time, not so long ago (certainly in my lifetime) when ;both private and public; sector workers enjoyed very similar benefits.;
52413;yes;both X and Y;private;public;private - public; org This tour weaves through eight small towns over four weeks, showcasing ;both private and public; gardens.;
32497;yes;both X and Y;public;private;private - public; Over the past decade, ;both public and private; colleges nationally have increased spending more on student support and administration than on instruction.;
15090;yes;both X and Y;public;private;private - public;" Foerster was passionate about grasses, which he called "" the hair of Mother Earth, "" and he promoted their widespread use in ";both public and private; gardens.;
40925;yes;both X and Y;public;private;private - public; The new network will bring android base sat phones with data capabilities to ;both public and private; markets.;
37908;yes;both X and Y;private;public;private - public; The Adirondack Park should always include ;both private and public; land.;
18477;yes;both X and Y;public;private;private - public; His biography vividly defines the, ;both public and private;.;
6302;yes;both X and Y;public;private;private - public; According to statistics reported by the National Industry-Occupational Employment for 1998 (National Industry - Occupation @ @ @ @ @ @ @ @ @ @ employed in ;both public and private; education settings.;
36396;yes;both X and Y;public;private;private - public; Sponsored and financed through ;both public and private; groups, the partnership will train people in homeownership and subsidize mortgages to affordable levels.;
18426;yes;both X and Y;public;private;private - public; Highly accomplished deer hunters, they hunt ;both public and private; land, keeping client numbers low to ensure personal service and a high success rate.;
18786;yes;both X and Y;public;private;private - public; His paintings have been exhibited in a number of galleries, art centers, and museums, and they have been acquired for ;both public and private; collections.;
6816;yes;both X and Y;private;public;private - public; All campaigns are equally funded through a non-profit foundation that is funded with ;both private and public; funds.;
4383;yes;both X and Y;public;private;private - public; (n8) Moreover, since ;both public and private; readings of texts were often performed aloud, the reading of texts involved an aural component.;
9655;yes;both X and Y;public;private;private - public; Aznar is a wooden speaker and reserved in ;both public and private;.;
37068;yes;both X and Y;public;private;private - public; Teachers in ;both public and private; schools rated males significantly higher than females (t = 5.;
29972;yes;both X and Y;public;private;private - public; Mother-only families were consistently the single largest group using ;both public and private; agencies.;
46431;yes;both X and Y;public;private;private - public; This was equally true in ;both public and private; schools.;
39367;yes;both X and Y;public;private;private - public; The defense of American Catholic virtue acquired a militant posture in ;both public and private; domains as Irish Americans combatted imputations of disloyalty leveled in their direction.;
25971;yes;both X and Y;private;public;private - public; It promotes economic democracy while checking the growth of ;both private and public; economic power.;
8950;yes;both X and Y;public;private;private - public; As a result, Plato set about to develop a system of education that would instill virtues fundamental to goodness in ;both public and private; life.;
48409;yes;both X and Y;public;private;private - public; We have ;both public and private; humanitarian work helping around the world.;
34661;yes;both X and Y;private;public;private - public; She has worked as an ELL @ @ @ @ @ @ @ @ @ @ has taught in ;both private and public; schools throughout the country.;
48626;yes;both X and Y;public;private;private - public; We receive all of our referrals through the school districts in the county, ;both public and private;.;
45519;yes;both X and Y;public;private;private - public; This can be helped by the intelligent planning of ;both public and private; employment.;
1385;yes;both X and Y;public;private;private - public;" "" Easier to explain, however, is the need to keep cash flowing and old debts, to ";both public and private; sector lenders, serviced.;
52827;yes;both X and Y;public;private;private - public; to investigate and expose corruption, dishonesty, self-dealing, waste, fraud, and other misconduct in ;both public and private; institutions in order to achieve a more ethical and transparent society.;
12224;yes;both X and Y;public;private;private - public; Can you imagine what life would be like if some or a lot of our choices, ;both public and private;, were scrutinized and commented on by millions?;
24876;yes;both X and Y;public;private;private - public; It can coordinate across jurisdictions and with ;both public and private; actors.;
44207;yes;both X and Y;public;private;private - public; These providers can then offer dedicated links to cloud operators (such as Equinix's Direct Connect partnership with Amazon Web Services) as one-stop provision for ;both public and private; cloud.;
24151;yes;both X and Y;public;private;private - public; In theory, information markets can address many gaps in our knowledge of ;both public and private; decision making.;
42518;yes;both X and Y;public;private;private - public; The trend toward mental health counseling in ;both public and private; counseling practice probably reflected the development of state counselor licensure legislation (i.;
6072;yes;both X and Y;public;private;private - public; A society that permits ;both public and private; spaces -- that has public and private roads competing with each other, for example -- allows individuals to make the trade-off for themselves.;
45478;yes;both X and Y;public;private;private - public; This article highlights the need for faculty as well as administrators, in ;both public and private; higher education institutions, to seriously reassess their understanding of academic freedom.;
29140;yes;both X and Y;public;private;private - public; Many organizations embrace ;both public and private; cloud computing by integrating the two models into hybrid clouds.;
32614;yes;both X and Y;public;private;private - public; Parents looking at ;both public and private; educational options simply select the school whose curricula best meet the needs of their child.;
22045;yes;both X and Y;public;private;private - public; I've got dozens of comments, ;both public and private;.;
8788;yes;both X and Y;public;private;private - public; Art is also found across the Rio Grande in Mexico, and images are found on ;both public and private; lands.;
47235;yes;both X and Y;public;private;private - public; Today those same reforms are equated with unemployment and layoffs from ;both public and private; companies, as well as recessions that have hamstrung economies.;
5455;yes;both X and Y;public;private;private - public;" @ @ @ @ @ @ @ @ @ @ things up for your kid, "" says one mother who has tried ";both public and private; eduation.;
31027;yes;both X and Y;public;private;private - public; Note that universal health care does not imply government-only health care, as many countries implementing a universal health care plan continue to have ;both public and private; insurance and medical providers.;
21853;yes;both X and Y;public;private;private - public; I'm a @ @ @ @ @ @ @ @ @ @ a college professor who works with the results of ;both public and private; schools, and believe me, there's no difference.;
42257;yes;both X and Y;private;public;private - public; The study focuses on those institutions that grant an associate's degree as their highest degree, including ;both private and public; community colleges.;
4354;yes;both X and Y;private;public;private - public; (n45) The late 1970s was one of the most unstable times in the Tunisian @ @ @ @ @ @ @ @ @ @ ;both private and public; sector workers protesting low wages.;
3023;yes;both X and Y;public;private;private - public;" "" The California study included white, Black, and Latino families, with incomes of $ 65,000 to $ 150,000 - and students of ";both public and private; schools.;
6135;yes;both X and Y;public;private;private - public; A total of 650 students in ;both public and private; schools completed a self-report survey of levels of anger and aggression, and homeroom teachers rated them on aggression.;
32870;yes;both X and Y;private;public;private - public; Performance-based remuneration has been successfully used in the United States to compensate ;both private and public; providers (McBride, Neiman, and Johnson 2000).;
2144;yes;both X and Y;public;private;private - public;" "" Investments in science and technology -- ";both public and private;" -- have driven economic growth and improvements in the quality of life in America for the last 200 years, "" said Podesta.";
6881;yes;both X and Y;public;private;private - public; All of these people are products of America's colleges, universities, and professional schools, not to mention fine high schools, ;both public and private;, in nice neighborhoods and suburbs.;
30415;yes;both X and Y;public;private;private - public; Needs extend from management expertise in organizations that implement energy efficiency potentials, ;both public and private;, to specific technical expertise provided by professionals ranging from analysts to artisans.;
37946;yes;both X and Y;public;private;private - public; The Bidwell Training Center, meanwhile, surfs waves of ;both public and private; revenue.;
28132;yes;both X and Y;public;private;private - public; Kennedy recognized the need to tie ;both public and private; funding together to address the socioeconomic conditions through the creation of the Bedford-Stuyvesant Restoration Corporation.;
4333;yes;both X and Y;private;public;private - public;" (n270) While acknowledging that the Second Amendment "" marbled together "" ";both private and public;" rights, Amar contends that at least some part of the right to bear arms is "" private.";
34288;yes;both X and Y;private;public;private - public; Securing enough habitat, government officials say, could require major restoration of prairie dog ecosystems on ;both private and public; land as well as reforming the way in which agriculture does business on the plains.;
39379;yes;both X and Y;public;private;private - public; The deleveraging of excess debt, ;both public and private;, in the U.;
482;yes;both X and Y;private;public;private - public; ;both private and public; schools, they found that young children progress through various hypotheses about written language until they develop ideas similar to those of older children.;
39509;yes;both X and Y;public;private;private - public; The dramatic growth of cellular telephone, paging, and other mobile services over the last decade offers customers ;both public and private; options for radio services.;
19420;yes;both X and Y;public;private;private - public; However, threats from within ;both public and private; sector organizations may be even more prevalent than external threats and can have equally if not more serious consequences.;
17003;yes;both X and Y;public;private;private - public; He is obsessed with inefficiencies he believed are caused by labor unions of ;both public and private; employees.;
11353;yes;both X and Y;public;private;private - public; But only a few states and about sixty cities and counties have barred discrimination on the basis of sexual preference in ;both public and private; employment.;
36764;yes;both X and Y;public;private;private - public; Such places include ;both public and private; settings: the grand, glitzy @ @ @ @ @ @ @ @ @ @ living rooms that are the pride of many ordinary houses and apartments.;
6172;yes;both X and Y;public;private;private - public; A wide range of ;both public and private; institutions will have to rethink and restructure themselves.;
9626;yes;both X and Y;public;private;private - public; Average tuition and fees at ;both public and private;" four-year colleges and universities rose 38% in the past decade (Boehner &; McKeon, 2003).";
39766;yes;both X and Y;public;private;private - public;" The first is exactly how "" the blob "" does its work, and the second is how some government agencies seek to have benefits of ";both public and private; status.;
40687;yes;both X and Y;public;private;private - public; The measure is a key component of the Obama administration's efforts to overhaul the nation's broken health care system and control skyrocketing medical spending -- ;both public and private;.;
5886;yes;both X and Y;private;public;private - public; A mature society realizes that value by protecting such resources from ;both private and public; control.;
5473;yes;both X and Y;private;public;private - public; @ @ @ @ @ @ @ @ @ @ where wolves killed or injured at least 17 animals on ;both private and public; land.;
42022;yes;both X and Y;private;public;private - public; The significance of each part was seen as necessary to the balanced and harmonious functioning of the whole, and ;both private and public; aspects of life were viewed as valuable and necessary components of society.;
23919;yes;both X and Y;public;private;private - public; In the United States we are blessed with golf courses, ;both public and private;, of infinite variety.;
23230;yes;both X and Y;public;private;private - public;" In addition, the government launched a campaign of "" Gabonization "" of ";both public and private; employment.;
24602;yes;both X and Y;public;private;private - public; Investors are reacting by driving up rates on ;both public and private; borrowings, making the problem worse.;
9360;yes;both X and Y;public;private;private - public; Assuming that ;both public and private; consumption are normal goods, imposition of a balanced budget rule can @ @ @ @ @ @ @ @ @ @ increase in domestic saving and investment.;
31741;yes;both X and Y;public;private;private - public; Once these rules are adopted, education and training will be provided to ;both public and private; building, contracting and landscaping sectors so they can comply with the new regulations.;
24271;yes;either X or Y;public;private;private - public; Incentives are important, but well run systems in ;either public or private; channels are critical to deliver the correct medicine to the patient that needs it.;
31168;yes;either X or Y;public;private;private - public; Now that all children have the opportunity to attend ;either public or private; institutions the playing field will be made more equal.;
49507;yes;either X or Y;public;private;private - public; When it comes to foreign policy, there is no independence in ;either public or private; media.;
36609;yes;either X or Y;public;private;private - public; Strict environmentalists say that any land-use practice -- farming, mining, even hunting or camping -- that harasses an endangered species on ;either public or private; land is a violation of the ESA.;
43772;yes;either X or Y;public;private;private - public; There will be no human happiness, ;either public or private;, Socrates tells Glaukon, unless philosophers rule in cities or the rulers of cities become philosophers (Rep.;
38742;yes;either X or Y;public;private;private - public; The beneficiaries of the transfer have the option to consume their added wealth in the form of an increase in ;either public or private; consumption.;
38851;yes;either too X or too Y;public;private;private - public; The book's focus is primarily on how human beings balance their own needs with those of society, and what happens when a person is ;either too public or too private;.;
44521;yes;more X than Y;public;private;private - public; They are therefore ;more public than private;, and in them we as it were take the public world along with us into our solitude.;
6309;yes;neither X nor Y;public;private;private - public; According to the National Center for Statistics, 36 percent of impoverished Blacks have ;neither public nor private; health insurance.;
17042;yes;whether X or Y;public;private;private - public; He knew that any bureaucracy -- ;whether public or private; -- could slow down the pace of innovations that are so needed in reforming health care.;
4469;yes;whether X or Y;public;private;private - public; *All* school-age children must be enrolled at a recognised and accredited school, ;whether public or private;, and they must attend regularly.;
39202;yes;whether X or Y;public;private;private - public; The contracts apply even if the retirees hold other salaried positions in the civilian sector, ;whether public or private;.;
41765;yes;whether X or Y;public;private;private - public; The right to educate a child in a school of the parents'choice -- ;whether public or private; or parochial -- is also not mentioned.;
11990;yes;whether X or Y;public;private;private - public; By attending schools, ;whether public or private;, academic or finishing, for two years or four, Jewish girls participated in the educational experiences emerging as a cornerstone of American adolescence without negating their other priorities.;
7864;yes;whether X or Y;public;private;private - public; And in whatever way opened, ;whether public or private;, he gave testimony for his faith and the lordship of his Master.;
33531;yes;whether X or Y;public;private;private - public; Rather than assigning students to free state-run schools, government would provide a voucher to each family that could be used for the school of their choice -- ;whether public or private;.;
15000;yes;whether X or Y;public;private;private - public;" First, government "" privatization "" often means handing over to the private sector things no one should be doing, ";whether public or private;.;
24601;yes;whether X or Y;public;private;private - public; Investments in municipal wastewater treatment plants must be seen within the broader framework of developing autonomous self-financing municipal and regional water and wastewater utilities, ;whether public or private;.;
14354;yes;whether X or Y;public;private;private - public; Every individual needs other types of retirement income, ;whether public or private;.;
24147;yes;whether X or Y;public;private;private - public; In their testimonies, ;whether public or private; and casual, conversion is the central theme.;
14332;yes;X and Y;right;wrong;right - wrong; Every child needs to know that there is ;right and wrong;, good and evil.;
11744;yes;X and Y;right;wrong;right - wrong; But to be clear, that is not the same thing as saying that what is ;right and wrong; is relativistic.;
2653;yes;X and Y;right;wrong;right - wrong;" "" Out in the world, doing ";right and wrong;, there's a field.;
15644;yes;X and Y;right;wrong;right - wrong; Fortunately, economic processes progess much faster than global climate processes, and we already now know who was ;right and wrong;.;
30751;yes;X and Y;right;wrong;right - wrong; No, both sides were ;right and wrong;.;
23064;yes;X and Y;right;wrong;right - wrong; In Washington, where the question of who's ;right and wrong; in policy debates frequently yields a relative result, numbers offer seemingly concrete answers.;
48280;yes;X and Y;right;wrong;right - wrong; We can determine what is ;right and wrong;, despite the quite explicit purposes written by God into the natures of rocks, vegetables, animals and human beings.;
50811;yes;X and Y;right;wrong;right - wrong; Yes, there is ;right and wrong; in the world.;
27962;yes;X and Y;right;wrong;right - wrong; Just a clear and distinct knowledge of what's ;right and wrong;.;
48690;yes;X and Y;right;wrong;right - wrong; We talked about love and trust and ;right and wrong;.;
19196;yes;X and Y;right;wrong;right - wrong; However comma this does not change my view of what is ;right and wrong;.;
9030;yes;X and Y;right;wrong;right - wrong; As far as the wiring, there are ;right and wrong; ways to splice, I do it the right way.;
52965;yes;X and Y;right;wrong;right - wrong; who knows what's ;right and wrong; in that case?;
14932;yes;X and Y;right;wrong;right - wrong; Find out what your state is doing ;right and wrong;.;
11779;yes;X and Y;right;wrong;right - wrong; But we by no means know exactly everything that is ;right and wrong;, and never will.;
24354;yes;X and Y;right;wrong;right - wrong; Individual freedom should carry a much higher priority than any political action committee's opinion of what's ;right and wrong;.;
2154;yes;X and Y;right;wrong;right - wrong;" "" It also makes a mockery of the entire notion of ethics by pretending that WHO you are decides ";right and wrong;, rather than right and wrong being fundamental.;
8982;yes;X and Y;right;wrong;right - wrong; As adoptive parents, we are picking our battles, slowly trying to teach them ;right and wrong;, overcoming past habits, etc.;
22369;yes;X and Y;right;wrong;right - wrong; If people with strong moral convictions about what is ;right and wrong; about the world, simply retreat into personal or communal spirituality, their energy and passion is not available to make real change in the world.;
12432;yes;X and Y;right;wrong;right - wrong; Children come to school with their notions of what is ;right and wrong; and their own conceptions of justice, honesty, cheating, and so on.;
7416;yes;X and Y;right;wrong;right - wrong; Americans, including policymakers, will find it difficult to distinguish between friend and foe, ;right and wrong;, and aggressor and victim.;
43320;yes;X and Y;right;wrong;right - wrong; There are just two ways in life, ;right and wrong;", "" she says.";
48264;yes;X and Y;right;wrong;right - wrong; We ca n't expect government or congress to raise our kids and teach them ;right and wrong;.;
43433;yes;X and Y;right;wrong;right - wrong; There does n't need to be someone who's ;right and wrong; you know.;
39820;yes;X and Y;right;wrong;right - wrong; The focus is no longer on ;right and wrong;", but accepting "" all viewpoints "" regardless of moral implications.";
4886;yes;X and Y;right;wrong;right - wrong; 2nd chances are meant for people who do n't yet know what is ;right and wrong; or that do n't have the ability to control themselves.;
29418;yes;X and Y;right;wrong;right - wrong; Melancholy, profoundly ;right and wrong;", it embraces as it strangulares "" (65).";
50775;yes;X and Y;right;wrong;right - wrong; Yes even I concur that right is ;right and wrong; is wrong.;
51543;yes;X and Y;right;wrong;right - wrong;" Yvonne is holding Herbert Marcuse's "" Reason and Revolution "": YVONNE (GERMAN) The problem is considering ";right and wrong; as ethical questions.;
32363;yes;X and Y;right;wrong;right - wrong;" Our neurally embodied desires and preferences, bequeathed us by nature and fine-tuned by culture, constitute us as moral creatures; they determine what we hold to be ";right and wrong;.;
6024;yes;X and Y;right;wrong;right - wrong; A salutary consensus about what is fair and unfair on trade and what is ;right and wrong; on human rights will grow.;
34734;yes;X and Y;right;wrong;right - wrong; She knows what's ;right and wrong;, but she does n't care.;
14724;yes;X and Y;right;wrong;right - wrong; Far too lurid, too apocalyptic and over-determined by pre-modern assumptions of gods and devils, good and evil, ;right and wrong; to be acceptable to the rational, enlightened majority of our viewers.;
48130;yes;X and Y;right;wrong;right - wrong;" We "" know "" what is ";right and wrong;.;
3519;yes;X and Y;right;wrong;right - wrong;" "" To a debate framed by politics and profits, Wogaman brought a third consideration: ";right and wrong;.;
24800;yes;X and Y;right;wrong;right - wrong; It also teach me how to behave in every aspect in life, what is ;right and wrong; and what is good and what is not.;
12775;yes;X and Y;right;wrong;right - wrong; Conscience relates to one's ability to sense ;right and wrong;.;
26835;yes;X and Y;right;wrong;right - wrong; It would be a reflection of morality gone sour but as liberals, and atheists you choose to understand ;right and wrong;, moral and immoral in your own eyes.;
20114;yes;X and Y;right;wrong;right - wrong; I do nt think it wrong to have ;right and wrong; things to live life, but not judge them.;
8247;yes;X and Y;right;wrong;right - wrong; And these underlying agreements might be provide us with stable, definite convictions about what is ;right and wrong;" in particular cases; i.";
16854;yes;X and Y;right;wrong;right - wrong; He has a sense for the value of money and for what is ;right and wrong;.;
5966;yes;X and Y;right;wrong;right - wrong; A place where people understand that there is such a thing as ;right and wrong; and where the good guys are far more likely to own, and carry, a gun than the bad guys.;
33906;yes;X and Y;right;wrong;right - wrong; Right is ;right and wrong; is wrong.;
51959;yes;X and Y;right;wrong;right - wrong; get some balls and quit trying to tell others what is ;right and wrong;.;
44817;yes;X and Y;right;wrong;right - wrong; They know what's ;right and wrong;.;
41959;yes;X and Y;right;wrong;right - wrong; The self-interested lifestyles blinded the peoples'capacity to differentiate between good and evil, ;right and wrong;.;
54095;yes;X and Y;right;wrong;right - wrong;Ugandans may not be going by every word in the bible but just like America there picking and choosing what they feel is ;right and wrong;.;
43786;yes;X and Y;right;wrong;right - wrong; There's ;right and wrong; and the senseless death of four Americans is wrong no matter how you try to spin it.;
43658;yes;X and Y;right;wrong;right - wrong; There was ;right and wrong;.;
19975;yes;X and Y;right;wrong;right - wrong; I discovered that many of my taken-for-granted assumptions about life and death, war and peace, justice and forgiveness, ;right and wrong;, did not seem to apply to the world as clearly as they once had.;
38271;yes;X and Y;right;wrong;right - wrong; The Principle of Polarity makes possible the choices we make on the scale of life between good and evil, ;right and wrong;, generosity and greed, love and fear, truth and lies.;
4942;yes;X and Y;right;wrong;right - wrong; 4 Terms such as good and evil, ;right and wrong;, benefit and harm, risk and hope, virtue and vice are then applied in precise and formal ways to characterize the making of choices.;
48679;yes;X and Y;right;wrong;right - wrong; We still have a robust sense of what constitutes ;right and wrong;, and we have the means -- and desire -- to encourage the former and discourage the latter.;
32142;yes;X and Y;right;wrong;right - wrong;" Or you could go with the "" god is everything "" concept which would make god both good and evil, ";right and wrong;.;
25888;yes;X and Y;right;wrong;right - wrong; It may be to do with the social norms we have been given about what is ;right and wrong; from the moment we could walk and talk.;
17069;yes;X and Y;right;wrong;right - wrong; He lived in a highly colored Christian world where ;right and wrong; were very clearly identifiable.;
43470;yes;X and Y;right;wrong;right - wrong; There is ;right and wrong;.;
10270;yes;X and Y;right;wrong;right - wrong; Beyond the duality of us and them, ;right and wrong;, sacred and heresy, good times and bad times, there is a way to experience life by embracing the dance of it all.;
31696;yes;X and Y;right;wrong;right - wrong; On this show the guys look back at RAW 1000 look at what went ;right and wrong; on the show.;
51281;yes;X and Y;right;wrong;right - wrong; You said that you want to teach your childern to set their own morals, but how can you tell them what is ;right and wrong; if you do n't believe in a universal truth?;
50795;yes;X and Y;right;wrong;right - wrong; Yes, it was fair according to the rules, but probably no, depending on how each of us determine ;right and wrong; and it's severity.;
53160;yes;X and Y;right;wrong;right - wrong;) @ @ @ @ @ @ @ @ @ @ In general, laws do n't define ;right and wrong;.;
18987;yes;X and Y;right;wrong;right - wrong;" Hope says, "" I try to help kids identify what they're doing well and what needs more work, rather than emphasize ";right and wrong; answers.;
50210;yes;X and Y;right;wrong;right - wrong; Who is he to tell any one what is ;right and wrong;.;
25172;yes;X and Y;right;wrong;right - wrong; It illustrates how @ @ @ @ @ @ @ @ @ @ because the need and distorted importance of the collection overshadows ;right and wrong;.;
52224;yes;X and Y;right;wrong;right - wrong; it's jurys deciding what is ;right and wrong;.;
21408;yes;X and Y;right;wrong;right - wrong; I want to tell some of the readers who are on the opinion that relationship can not be taught, you are ;right and wrong; at the same time.;
38057;yes;X and Y;right;wrong;right - wrong; The FTB Mafia claims the right for itself to be the arbiter of what is ;right and wrong;, with them always being right and everybody else always being wrong.;
19723;yes;X and Y;right;wrong;right - wrong; I am sure it is not the last word on the topic and that is because our definitions of what constitutes ;right and wrong; changes as our society grows and learns.;
52491;yes;X and Y;right;wrong;right - wrong; right is ;right and wrong; is wrong.;
33733;yes;X and Y;right;wrong;right - wrong; Relativism is @ @ @ @ @ @ @ @ @ @ to a story in the sense you mean and there is such a thing as ;right and wrong;.;
53175;yes;X and Y;right;wrong;right - wrong;) But by asking questions and inviting kids to pose their own, I hope to figure out what's going ;right and wrong; in their lives, and at least offer some help when life is tough.;
41130;yes;X and Y;right;wrong;right - wrong; The other party is no better either or they would actually stand for what is ;right and wrong; vs lining their pockets.;
17399;yes;X and Y;right;wrong;right - wrong; He thought of something his wife said to him before she was killed in the accident: You act like there's no such thing as ;right and wrong; when you're at work.;
31806;yes;X and Y;right;wrong;right - wrong; One group received no feedback from the computer regarding words that were identified from among three foils, and the second group received partial feedback as ;right and wrong; responses were identified.;
14961;yes;X and Y;right;wrong;right - wrong; First I had the opportunity to understand what real life looks like, what is ;right and wrong;, and who ordinary people are.;
1368;yes;X and Y;right;wrong;right - wrong;" "" Do we have inherent'moral compasses'or are we taught ";right and wrong;?;
26481;yes;X and Y;right;wrong;right - wrong; It was all wheeling about in her mind: ;right and wrong;, horror and sympathy, criminal and victim - all were jumbled together.;
39636;yes;X and Y;right;wrong;right - wrong; The experienced outdoorsman, however, has had enough success and failure to know that there are ;right and wrong; knots for certain jobs.;
37517;yes;X and Y;right;wrong;right - wrong; That we are all that stands between freedom and oppression, ;right and wrong;, innocence and guilt, life and death.;
46105;yes;X and Y;right;wrong;right - wrong; This means that from his own worldview, there is no such thing as ;right and wrong;.;
21250;yes;X and Y;right;wrong;right - wrong; I think there is not ;right and wrong; in this case.;
52595;yes;X and Y;right;wrong;right - wrong; so that he could tell me what was ;right and wrong; with it.;
45677;yes;X and Y;right;wrong;right - wrong; This has nothing to do with race it has to do with ;right and wrong;.;
8856;yes;X and Y;right;wrong;right - wrong; As I said at the outset, we'll know on Election Day who's ;right and wrong;.;
45823;yes;X and Y;right;wrong;right - wrong; This is about ;right and wrong;.;
53383;yes;X and Y;right;wrong;right - wrong;), the more successfully the novel changed the reader's perceptions of what was ;right and wrong; in their society.;
50870;yes;X and Y;right;wrong;right - wrong; Yet loyalty demands confidence in some ability of the state to determine ;right and wrong;, which is then the fountainhead for requisite action under difficult circumstances.;
48230;yes;X and Y;right;wrong;right - wrong; We are the only species that has the ability to understand ;right and wrong;, to act upon those choices and to comprehend rights and responsibilities.;
1856;yes;X and Y;right;wrong;right - wrong;" "" I find parents who have their schedules down, where the kids know ";right and wrong;, easier to work with.;
12433;yes;X and Y;right;wrong;right - wrong; Children have a hard time differentiating between what is ;right and wrong;.;
30672;yes;X and Y;right;wrong;right - wrong; No matter who someone is, right is still ;right and wrong; is still wrong.;
36524;yes;X and Y;right;wrong;right - wrong; Still, Geraghty is interesting with every sentence, ;right and wrong;.;
27974;yes;X and Y;right;wrong;right - wrong; Just ask Ank, and I'm sure that she's fully capable of telling you which side is ;right and wrong; in any dispute on the planet, whatever she actually knows about the history and politics of said dispute.;
14194;yes;X and Y;right;wrong;right - wrong;" Even in upper-division philosophy classes, the complaint gets aired early on in the term: "" but is n't ";right and wrong; just subjective?;
32304;yes;X and Y;right;wrong;right - wrong; Our anatomy explains so much of what is ;right and wrong;, do n't be IGNORANT, people!;
19427;yes;X and Y;right;wrong;right - wrong; However, unlike younger kids, I've already established what is ;right and wrong;.;
49982;yes;X and Y;right;wrong;right - wrong; While I suppose it is because we actually profess what is ;right and wrong;, why then, if they believe themselves to be better than us, not act so?;
35666;yes;X and Y;right;wrong;right - wrong; So incapable of either good *or* evil -- but since ;right and wrong;" are either fictions or "" social constructs "", it does n't matter anyway.";
8983;yes;X and Y;right;wrong;right - wrong; As adults we know what is ;right and wrong;!;
52947;yes;X or Y;right;wrong;right - wrong; where ;right or wrong; will never be answered.;
11069;yes;X or Y;right;wrong;right - wrong; But his position on that has nothing to do with whether his arguments on the believer's relationship to the Law are ;right or wrong;.;
24050;yes;X or Y;right;wrong;right - wrong; In the middle of your speech, stop and ask an audience member a question to get an opinion on a point you are about to make, then prove them ;right or wrong;.;
3800;yes;X or Y;right;wrong;right - wrong;" "" Whether I was ";right or wrong;", I was wrong because people were able to perceive me in a certain way, "" says Vaughn, whose reputation as a role model took a beating.";
49104;yes;X or Y;right;wrong;right - wrong;" What he really said was @ @ @ @ @ @ @ @ @ @, may she always be in the right; but our country, ";right or wrong;.;
48209;yes;X or Y;right;wrong;right - wrong; We are learning a president and his cabinet need eight years to accomplish their goals, or at least build a solid foundation, ;right or wrong;.;
21938;yes;X or Y;right;wrong;right - wrong; I'm not saying it's ;right or wrong;, just trying to explore why.;
21937;yes;X or Y;right;wrong;right - wrong; I'm not saying it's ;right or wrong;, good or bad, but simply that build has defined that line for themselves and they seem to be playing by it.;
52816;yes;X or Y;right;wrong;right - wrong; timing the market absolutely ;right or wrong; each year.;
21953;yes;X or Y;right;wrong;right - wrong; I'm not telling anyone what is ;right or wrong;.;
52502;yes;X or Y;right;wrong;right - wrong; s ;right or wrong;, exacts a huge price in American prestige and credibility overseas.;
9967;yes;X or Y;right;wrong;right - wrong; Because political associations or communities are based on opinions about what is ;right or wrong;, on which all human beings will not and should never simply agree, political societies are necessarily partial and closed.;
27148;yes;X or Y;right;wrong;right - wrong; It's a simple device, and like any effective political action, ;right or wrong;, brilliant because it works.;
45425;yes;X or Y;right;wrong;right - wrong;" This "" highest "" science then defines what is ";right or wrong; within the polity, and determines that on which man bases himself, on no other authority but himself.;
4406;yes;X or Y;right;wrong;right - wrong;" (we may agree or disagree) but that does not suggest and/or imply any of us are "" ";right or wrong;" "").";
21278;yes;X or Y;right;wrong;right - wrong;" I thought "" My country, ";right or wrong;", "" died with Nixon and his imperial presidency.";
36236;yes;X or Y;right;wrong;right - wrong; Sometimes it does not have to do with who is ;right or wrong; on a given issue, but with who ought to be speaking about such issues.;
10743;yes;X or Y;right;wrong;right - wrong; But I can never *know* whether I'm ;right or wrong; this side of Heaven - and I am certain that Heaven is real, and I will be there someday.;
1950;yes;X or Y;right;wrong;right - wrong;" "" I used to think,'My college, ";right or wrong;",'"" one told me, "" but things have gone too far for that.";
37281;yes;X or Y;right;wrong;right - wrong; That intolerant bigots wo n't tell you whether your morality and religion is ;right or wrong;?;
37465;yes;X or Y;right;wrong;right - wrong; That the Dallas Charter would come out and make a statement as ludicrous as saying that prison, ;right or wrong;, is the end of a man's priesthood is outrageous, and I dare say, scandalous!;
33925;yes;X or Y;right;wrong;right - wrong;" Right out of the same bucket as "" America: Love it or leave it "" and "" America: ";right or wrong;" "".";
25000;yes;X or Y;right;wrong;right - wrong; It does not matter who is ;right or wrong; in the situation, but how the discovery process of handled.;
7968;yes;X or Y;right;wrong;right - wrong; And my soldier stood in support of his country, ;right or wrong;.;
21206;yes;X or Y;right;wrong;right - wrong; I think neither is ;right or wrong;.;
26456;yes;X or Y;right;wrong;right - wrong; It was a stategy that worked, ;right or wrong;, as did most of Obama's divide and conquer playbook.;
21620;yes;X or Y;right;wrong;right - wrong; I will feel desperately sad if that happens (which is not to comment on whether it will happen, or whether it is ;right or wrong;).;
51914;yes;X or Y;right;wrong;right - wrong; everyone is entitled @ @ @ @ @ @ @ @ @ @ ;right or wrong;.;
52733;yes;X or Y;right;wrong;right - wrong; the results are yet to be reviled so as to know if his decision were ;right or wrong;.;
35566;yes;X or Y;right;wrong;right - wrong; So I ca n't say nor do I want to say that it is ;right or wrong;, good or bad.;
20041;yes;X or Y;right;wrong;right - wrong; I do n't know what I'm doing ;right or wrong;.;
32826;yes;X or Y;right;wrong;right - wrong; People want things to be simple: black or white, ;right or wrong;, good or bad, left or right, big pharma or holistic medicine.;
41316;yes;X or Y;right;wrong;right - wrong; The point is not whether the recipient is ;right or wrong;, clear or vague, but whether his or her work can be used to further the propaganda purposes of the Templeton Foundation.;
14429;yes;X or Y;right;wrong;right - wrong; Everyone deserves the same rights regardless of what you think is ;right or wrong;.;
53265;yes;X or Y;right;wrong;right - wrong;) Should n't your father be the judge of whether she's ;right or wrong;?;
11302;yes;X or Y;right;wrong;right - wrong; But most people actually determine whether an action is ;right or wrong; automatically, finds Jonathan Haidt, associate professor of psychology at the University of Virginia and author of The Happiness Hypothesis.;
47637;yes;X or Y;right;wrong;right - wrong; Unfortunately, it seems being ;right or wrong; has no bearing on the careers of these people.;
43578;yes;X or Y;right;wrong;right - wrong; There is no right or wrong answer, only what is ;right or wrong; for you.;
43636;yes;X or Y;right;wrong;right - wrong; There seems a kernel of @ @ @ @ @ @ @ @ @ @ is used to influence choices which are binary, ;right or wrong;.;
53351;yes;X or Y;right;wrong;right - wrong;) that is able to change my hardened opinions, regardless of whether they (either the person or the opinions) are ;right or wrong;" "".";
29870;yes;X or Y;right;wrong;right - wrong;" Most of our population does not know the difference between good and evil; ";right or wrong;, or Christian and non-Christian.;
21711;yes;X or Y;right;wrong;right - wrong; I would much rather be educated about others'points of view (again, ;right or wrong;) than be sheltered and get a rude awakening.;
11312;yes;X or Y;right;wrong;right - wrong; But neither of them are ;right or wrong;.;
10805;yes;X or Y;right;wrong;right - wrong; But Kerry's nuanced position has contradicted itself on whether it was ;right or wrong; to wage the war.;
3811;yes;X or Y;right;wrong;right - wrong;" "" Whether public perception is ";right or wrong;, it @ @ @ @ @ @ @ @ @ @ Quayle's poor standing.;
19681;yes;X or Y;right;wrong;right - wrong; I am not saying that is ;right or wrong;, but I am saying generalizing one group when there is an obvious and outspoken example to counter your point makes you look stupid.;
40696;yes;X or Y;right;wrong;right - wrong; The media do n't have to make the actual decisions -- they just get to decide if they are ;right or wrong;.;
11098;yes;X or Y;right;wrong;right - wrong; But if there is such a thing as truth, then you be ;right or wrong; in what you believe.;
31271;yes;X or Y;right;wrong;right - wrong; Now, whether it's ;right or wrong;, there are many businesses today that believe that this administration is anti-business, so therefore they're holding back on hiring and investment.;
49882;yes;X or Y;right;wrong;right - wrong; Whether the science is ;right or wrong;, as a scientist, they @ @ @ @ @ @ @ @ @ @, in theory, accountable to an electorate which niether the scientists nor the IPCC is.;
2351;yes;X or Y;right;wrong;right - wrong;" "" It's not ";right or wrong;, good or bad.;
30894;yes;X or Y;wrong;right;right - wrong; Not because one is ;wrong or right; or good or bad, but because we are simply different.;
48335;yes;X or Y;right;wrong;right - wrong; We do n't vet people's content and tell them what's ;right or wrong;.;
555;yes;X or Y;right;wrong;right - wrong; ;right or wrong;, the people of B.;
2471;yes;X or Y;right;wrong;right - wrong;" "" Maurice Zola: he was @ @ @ @ @ @ @ @ @ @ urban-south accent that had wise-guy overtones, decades of street-corner styles blended and delivered, ";right or wrong;, with casual authority.;
37203;yes;X or Y;right;wrong;right - wrong; That a man be ;right or wrong; at his judgment seems no matter, he makes a beacon either way.;
37453;yes;X or Y;right;wrong;right - wrong; That sort of commitment changes cultures and history, ;right or wrong;.;
8063;yes;X or Y;right;wrong;right - wrong; And so I do n't think we've seen any basis for affirming that things are really ;right or wrong;, if God does not exist.;
46456;yes;X or Y;right;wrong;right - wrong; This way I learned what I was doing ;right or wrong; as far as lighting, composition and exposure.;
11846;yes;X or Y;right;wrong;right - wrong; But whether she was ;right or wrong; is irrelevant, she should not be injecting her spin her opinion of what she thinks Obama meant into the debate, it is flat out outrageous.;
31407;yes;X or Y;right;wrong;right - wrong; Of course, there was no way of knowing if her guess was ;right or wrong;, but still.;
49824;yes;X or Y;right;wrong;right - wrong; Whether it was ;right or wrong;" to go to war, war is expensive and "" W ""'s war had less effect on the economy that Obama's relative peace.";
11424;yes;X or Y;right;wrong;right - wrong; But something told me that neither nor can be stated as ;right or wrong;.;
13927;yes;X or Y;right;wrong;right - wrong; Either it's ;right or wrong; -- either whatever this film is going to say is support by evidence or it's not.;
49777;yes;X or Y;right;wrong;right - wrong; Where the decide what is ;right or wrong; and have the govt.;
2867;yes;X or Y;right;wrong;right - wrong;" "" So Obama knows that the thoughts of others are ";right or wrong;?;
23520;yes;X or Y;right;wrong;right - wrong;" In her intercourse with foreign nations, may she always be in the right; but our country, ";right or wrong;.;
24502;yes;X or Y;right;wrong;right - wrong; Instead, my argument is the citizens of Nebraska and the right to decide whether a pipeline serves their best interest, ;right or wrong;.;
23989;yes;X or Y;right;wrong;right - wrong; In the end, will it matter who was ;right or wrong; in this discussion?;
6326;yes;X or Y;right;wrong;right - wrong; According to what you are saying, you can take every situation of every place, every time, for every person, and explicitly say whether it is ;right or wrong;, down to even the minutest detail.;
28375;yes;X or Y;right;wrong;right - wrong; Leaving aside whether it's ;right or wrong;, it's just doomed to fail.;
52782;yes;X or Y;right;wrong;right - wrong; they do not debate whether something is ;right or wrong; before they pass a law.;
16641;yes;X or Y;right;wrong;right - wrong; He could n't care less if he's ;right or wrong;.;
22353;yes;X or Y;right;wrong;right - wrong; If one puts forward an idea to a real Englishman, -- always a rash thing to do, -- he never dreams of considering whether the idea is ;right or wrong;.;
52925;yes;X or Y;right;wrong;right - wrong; wether the choice is ;right or wrong;, it is them who will go trhough it, abortion will be never ending.;
37242;yes;X or Y;right;wrong;right - wrong; That each of us can choose how to live our lives, and no one is ;right or wrong;.;
2587;yes;X or Y;right;wrong;right - wrong;" "" Now, an army can await a blow only if it expects one, and it can expect one only on the basis of information or belief, ";right or wrong;, about the enemy.;
6697;yes;X or Y;right;wrong;right - wrong; Again, ;right or wrong;, this is what happens.;
49886;yes;X or Y;right;wrong;right - wrong; Whether they are ;right or wrong; to do so, many American laypeople, according to various surveys, show satisfaction or dissatisfaction with the church by adjusting the level of their financial support up or down.;
18476;yes;X or Y;right;wrong;right - wrong; His biggest crisis is just that: too often, ;right or wrong;, the Government chooses not to believe him.;
14620;yes;X or Y;right;wrong;right - wrong; Expressing the'should'of, my country, ;right or wrong;.;
49885;yes;X or Y;right;wrong;right - wrong; Whether they are ;right or wrong; is largely irrelevant.;
8335;yes;X or Y;right;wrong;right - wrong; And we were left with no facts, no sense of a baseline for the @ @ @ @ @ @ @ @ @ @ ;right or wrong;.;
20028;yes;X or Y;right;wrong;right - wrong; I do n't know if it's morally ;right or wrong; that whole towns get so soaked up in the success or failure of their teams.;
2709;yes;X or Y;right;wrong;right - wrong;" "" Probably, it is n't that he's bad in bed; it's that you have n't let him know what he's doing ";right or wrong;", "" says sex therapist Gloria Brame, PhD.";
2357;yes;X or Y;right;wrong;right - wrong;" "" It's not,'My country, ";right or wrong;.;
8927;yes;X or Y;right;wrong;right - wrong; As a non-existent entity it has no properties, and thus there can be ;right or wrong; answer to the question.;
20179;yes;X or Y;right;wrong;right - wrong; I feel there's been a decline in ethics over the years, not that I can say what's ;right or wrong;.;
30429;yes;X or Y;right;wrong;right - wrong; Neither is ;right or wrong;"; it is a simply matter of being clear on your value.";
3802;yes;X or Y;right;wrong;right - wrong;" "" Whether I'm ";right or wrong;, the notion suggests precautions for the future, does n't it?;
12354;yes;X or Y;right;wrong;right - wrong; Chandler recalled there being a daily toast at Dulwich: To my country, ;right or wrong;.;
39488;yes;X or Y;right;wrong;right - wrong; The doing or not doing, of what is ;right or wrong; is compassion perhaps?;
28569;yes;X or Y;right;wrong;right - wrong; Like any other human being, his actions will be deliberate or impulsive, ;right or wrong;, wise or foolish.;
41315;yes;X or Y;right;wrong;right - wrong; The point is not that particular members were ;right or wrong;, only that the @ @ @ @ @ @ @ @ @ @ the House really works, and who was really responsible.;
52655;yes;X or Y;right;wrong;right - wrong; thank you so much and just read my comment i do n't know it is ;right or wrong;.;
32192;yes;X or Y;right;wrong;right - wrong; Other animals do n't think about whether it is ;right or wrong; to kill.;
50946;yes;X or Y;right;wrong;right - wrong; You and I both know that whether you are ;right or wrong;, they are going to run that second one before the barrel of your pistol cools off.;
48503;yes;X or Y;right;wrong;right - wrong;" We judge that this or that is strong enough; but we can never tell until the full strain comes on it whether we were ";right or wrong;.;
1395;yes;X or Y;right;wrong;right - wrong;" "" Ellis said it is too early to tell if van Dokkum is ";right or wrong;", but it is shaking up the field "" like a cat among pigeons.";
6603;yes;X or Y;right;wrong;right - wrong; After clearly understanding all the implications of the preceding perhaps the very human and fallible predictions of scientists - whether they prove later to have been ;right or wrong; - will be appreciated a lot more.;
45848;yes;both X and Y;right;wrong;right - wrong; This is an unusual example because she's ;both right and wrong;"; in terms of destiny, and the God Hand's manipulation of causality, she's right, and this was inevitable from the start.";
7591;yes;both X and Y;right;wrong;right - wrong; And I guess I was ;both right and wrong;: some stories are buried under concrete out here.;
39237;yes;both X and Y;right;wrong;right - wrong; The counter will advance for ;both right and wrong; selections.;
1938;yes;both X and Y;right;wrong;right - wrong;" "" I think that statement is ";both right and wrong;.;
43609;yes;both X and Y;right;wrong;right - wrong; There is plenty of room for people on both sides to be ;both right and wrong;.;
7942;yes;both X and Y;right;wrong;right - wrong; And like any good diplomat who expects to rise @ @ @ @ @ @ @ @ @ @ Kennedy were ;both right and wrong;.;
49279;yes;both X and Y;right;wrong;right - wrong; Whatever decision is made it will be ;both right and wrong;.;
35638;yes;both X and Y;right;wrong;right - wrong; So from my point of view (and maybe just mine), you are ;both right and wrong;.;
10482;yes;both X and Y;right;wrong;right - wrong; Both blogs probably generate different types of readers so they're ;both right and wrong; in their respective circumstances.;
40176;yes;both X and Y;right;wrong;right - wrong; The idea that ;both right and wrong; can be creative is one that children can learn through music.;
14092;yes;either X or Y;right;wrong;right - wrong; Ethical absolutists view the world in black and white terms: They regard every action as being ;either right or wrong; and do n't allow for cases that are simply outside the realm of ethics.;
16931;yes;either X or Y;right;wrong;right - wrong; He is ;either right or wrong;, and increasingly the observed evidence is against him.;
25226;yes;either X or Y;right;wrong;right - wrong; It is ;either right or wrong;, right?;
48502;yes;either X or Y;right;wrong;right - wrong; We judge God and people as being ;either right or wrong;.;
44653;yes;either X or Y;right;wrong;right - wrong; They did n't report so they could n't be ;either right or wrong;.;
34959;yes;either X or Y;right;wrong;right - wrong; She was ;either right or wrong;" about a "" secret, "" and Joop Heijman was not there to tell us which.";
30801;yes;either X or Y;right;wrong;right - wrong; None of this statement is meant to suggest that what occurred is ;either right or wrong;.;
32861;yes;either X or Y;right;wrong;right - wrong; Perceiving the laws of God written on our hearts, knowing what we are doing is ;either right or wrong;, this is something that is almost instinctively understood for those who are honest with themselves.;
21181;yes;either X or Y;right;wrong;right - wrong; I think it is good that he will be taken seriously, and the FBI may find he is ;either right or wrong;.;
49841;yes;either X or Y;right;wrong;right - wrong; Whether or not a man is marriage minded is n;either right or wrong;.;
25225;yes;either X or Y;right;wrong;right - wrong; It is ;either right or wrong; in this case.;
27462;yes;either X or Y;right;wrong;right - wrong; It's not about making them ;either right or wrong;, but rather, looking at how much they resonate with you.;
33218;yes;either X or Y;right;wrong;right - wrong; Preachers must resign themselves to being ;either right or wrong;"; an essayist, when proved wrong, may claim to have been "" just practicing.";
36981;yes;either X or Y;right;wrong;right - wrong; Taiwanese students stongly disagreeed with the idea that in mathematics they are ;either right or wrong;.;
24003;yes;either X or Y;right;wrong;right - wrong; In the first grade there is little room for divergent thinking, so life boils down to being ;either right or wrong;.;
26240;yes;either X or Y;right;wrong;right - wrong; It was ;either right or wrong;.;
47718;yes;how X or Y;right;wrong;right - wrong;" Unlike your apparent veneration of "" Ille Philosophus "", what matters is not the man, but the ideas, and ";how right or wrong; they are.;
19825;yes;how X or Y;right;wrong;right - wrong; I ca n't judge even after a four days trip, ;how right or wrong; is this event.;
51404;yes;more X than Y;right;wrong;right - wrong; You're probably a lot ;more right than wrong;.;
29588;yes;more X than Y;right;wrong;right - wrong; Mitt did not run a perfect campaign, but he did far ;more right than wrong;.;
14305;yes;more X than Y;right;wrong;right - wrong; Events since then have proved Huntington's vision ;more right than wrong;.;
25994;yes;more X than Y;right;wrong;right - wrong; It rankled even more as years went by, and she realized he'd been ;more right than wrong;.;
21133;yes;more X than Y;right;wrong;right - wrong; I suspect that some of you might be ;more right than wrong; in certain broad interpretations of the state of the world.;
17202;yes;more X than Y;right;wrong;right - wrong; He points out that the administration's forecasts have for the most part been far ;more right than wrong; -- and often closer to the mark than the CBO's.;
16777;yes;more X than Y;right;wrong;right - wrong; He got it ;more right than wrong;.;
51682;yes;more X than Y;right;wrong;right - wrong; and our founders got ;more right than wrong;.;
20806;yes;more X than Y;right;wrong;right - wrong; I mean paying to get it a little ;more right than wrong;.;
25263;yes;more X than Y;right;wrong;right - wrong; It is ;more right than wrong;.;
20053;yes;more X than Y;right;wrong;right - wrong; I do n't necessarily agree with his takeaway, I think he's ;more right than wrong;.;
25019;yes;more X than Y;right;wrong;right - wrong; It feels ;more right than wrong;.;
7536;yes;neither X nor Y;right;wrong;right - wrong; An opinion is ;neither right nor wrong;.;
22157;yes;neither X nor Y;right;wrong;right - wrong; If I do n't enjoy something it is ;neither right nor wrong;, it is merely my opinion.;
43468;yes;neither X nor Y;right;wrong;right - wrong; There is ;neither right nor wrong;" outside the social nexus "" (p.";
25006;yes;neither X nor Y;right;wrong;right - wrong; It either IS a big deal, in which case it was wrong, or it was n't, in which case it was ;neither right nor wrong;.;
36358;yes;neither X nor Y;right;wrong;right - wrong;" Species'populations grow or shrink according to the conditions; this is ";neither right nor wrong;, merely an ecological phenomenon, even if it goes so far as the extinction of a species.;
25271;yes;neither X nor Y;right;wrong;right - wrong; It is ;neither right nor wrong;.;
50616;yes;neither X nor Y;right;wrong;right - wrong;" Without reference to a certain language and context any "" sentence "" is ";neither right nor wrong; but just meaningless.;
36757;yes;whether X or Y;right;wrong;right - wrong; Such interpretations, ;whether right or wrong;, have seemed to require neither a close examination of the condition of the mosaics nor any further identification of the figures in them.;
41097;yes;whether X or Y;right;wrong;right - wrong; The opinions expressed are wholly my own, ;whether right or wrong;, and I accept the fullest responsibility for them.;
36876;yes;whether X or Y;right;wrong;right - wrong; Surely the people who run Obama's campaign understand elections -- ;whether right or wrong;, are usually won on style, not substance.;
20404;yes;whether X or Y;right;wrong;right - wrong; I have been taught, ;whether right or wrong;, that the majority of the people eventually reject righteousness.;
39176;yes;whether X or Y;right;wrong;right - wrong; The conclusion of the majority of the court, ;whether right or wrong;, is interesting as evidence of a spirit and a tendency to subordinate precedent to justice.;
6661;yes;X and Y;urban;rural;rural - urban; After the start of the war with Iraq, the Mexican army deployed some of its units to ;urban and rural; border crossings.;
27248;yes;X and Y;urban;rural;rural - urban; It's basically a two-pronged program: ;urban and rural;.;
15904;yes;X and Y;urban;rural;rural - urban; Furthermore, school violence, often associated with impoverished inner-city schools, has moved to sub;urban and rural; schools (Sleek, 1998).;
29720;yes;X and Y;urban;rural;rural - urban; More than half of America's ;urban and rural; roadways (59%) are in poor, mediocre, or fair condition, reports the Federal Highway Administration (FHwA).;
40928;yes;X and Y;urban;rural;rural - urban; The new party they formed included some members of the traditional elite, but, significantly, reached beyond the old social order to the new proletariat in ;urban and rural; areas.;
31359;yes;X and Y;urban;rural;rural - urban; Occupies a focus on the fight against ;urban and rural; areas, rural areas such as weak supervision of fake goods production and behavior of the food there.;
43337;yes;X and Y;urban;rural;rural - urban; There are more than 60 ;urban and rural; co-operatives whose women members include vendors and traders, home-based skilled and semi-skilled workers and service providers in rural and urban sectors.;
11421;yes;X and Y;urban;rural;rural - urban; But some of the most determined and passionate work is going on in poor ;urban and rural; communities where people of color live.;
33815;yes;X and Y;urban;rural;rural - urban; Residents @ @ @ @ @ @ @ @ @ @ de-structuring of the ;urban and rural; productive landscape of the nation.;
50050;yes;X and Y;rural;urban;rural - urban; While missing or miscounting so many people is a problem, children, people of color and the ;rural and urban; poor are disproportionately more likely to be missed.;
38428;yes;X and Y;rural;urban;rural - urban; The action research projects were conducted in two elementary schools and two middle schools in ;rural and urban; locations.;
53677;yes;X and Y;urban;rural;rural - urban;1% in ;urban and rural; growth rate of 2.;
46257;yes;X and Y;urban;rural;rural - urban; This relationship did not occur in the companion sub;urban and rural; samples.;
16399;yes;X and Y;urban;rural;rural - urban; Halpern traces the rise of the home economics movement both in ;urban and rural; communities, without distinguishing fully between the two.;
35498;yes;X and Y;rural;urban;rural - urban; Small commodity producers, having fulfilled their historical role of subsidizing capitalist growth, then join the ranks of ;rural and urban; proletarians in a fullfledged capitalist society (Bartra 1993).;
40618;yes;X and Y;urban;rural;rural - urban; The mall culture fades as new ;urban and rural; alternatives underscore the sterility, hidden costs, and isolation of suburbia.;
45717;yes;X and Y;urban;rural;rural - urban; This internship involves rotations among ;urban and rural; schools (Lehrerausbildung, 1980).;
32329;yes;X and Y;urban;rural;rural - urban; Our first speakers have met with students in urban, sub;urban and rural;" schools, and the response has been the same each time: "" Thank you for coming, and for being so honest.";
23922;yes;X and Y;urban;rural;rural - urban; In the West at the time it was obvious that the working class was the central agency and that it would rely on the ;urban and rural; petty bourgeoisies.;
13596;yes;X and Y;urban;rural;rural - urban; Dog fighting has been reported in urban, sub;urban and rural; settings in all regions of the country.;
44182;yes;X and Y;urban;rural;rural - urban; These people are everywhere, in ;urban and rural; areas, it's just that some are more hidden than others.;
53576;yes;X and Y;rural;urban;rural - urban;, teachers, mayors, birth records, development workers) with the country's ;rural and urban; grassroots.;
11732;yes;X and Y;urban;rural;rural - urban; But those spikes up were n't enough to erase the deep @ @ @ @ @ @ @ @ @ @ givers focused, and their sub;urban and rural; counterparts.;
10716;yes;X and Y;urban;rural;rural - urban; But CBS @ @ @ @ @ @ @ @ @ @ sub;urban and rural; female concerns.;
38679;yes;X and Y;urban;rural;rural - urban; The awards honor organizations and individuals for their efforts in creating positive change in urban, sub;urban and rural; communities.;
4069;yes;X and Y;urban;rural;rural - urban;" &lt;/p&gt;&lt;p&gt;The programs all demonstrate creative solutions to issues such as ";urban and rural; degradation, environmental problems and academic achievement.;
5493;yes;X and Y;rural;urban;rural - urban; @ @ @ @ @ @ @ @ @ @, education levels, ;rural and urban; unemployment, pupil-teacher ratios, and more-serve incontrovertibly to demonstrate the gulf between the Eastern and Western Capes (SAIRR 1995, 1996).;
41562;yes;X and Y;urban;rural;rural - urban; The rapid aging of less densely populated sub;urban and rural; areas presents formidable challenges to the efficient delivery and coordination of support services.;
24227;yes;X and Y;rural;urban;rural - urban; In this way, chautauqua can @ @ @ @ @ @ @ @ @ @ a truly national culture to the masses -- a culture linking ;rural and urban;, east and west, north and south.;
6205;yes;X and Y;urban;rural;rural - urban; ANOVA was performed in each ;urban and rural; group to estimate mental health of the groups (Table 1).;
24913;yes;X and Y;rural;urban;rural - urban; It could be argued that the reframing of both the functions and images of ;rural and urban; landscapes is especially prevalent during the transition from one economic era to another.;
14029;yes;X and Y;urban;rural;rural - urban; Enterprise zones have been effective programs for promoting growth in ;urban and rural; America.;
32213;yes;X and Y;rural;urban;rural - urban; Other lawsuits are looking at lack of resources to prepare students in ;rural and urban; communities.;
45454;yes;X and Y;urban;rural;rural - urban; This also means less expansion of water, sewer and power grids, with maintaining quality of life, for ;urban and rural; communities.;
50227;yes;X and Y;urban;rural;rural - urban; Whole communities, ;urban and rural;, have been left stranded in distress and despair, through @ @ @ @ @ @ @ @ @ @ undertaken valiant efforts of self-help.;
3378;yes;X and Y;urban;rural;rural - urban;" "" They did n't generate the kind of turnout among white, conservative voters in sub";urban and rural; areas to offset overwhelming black turnout.;
28505;yes;X and Y;urban;rural;rural - urban; Life is not easy, both in ;urban and rural; environments, and support from others is always wanted.;
13896;yes;X and Y;urban;rural;rural - urban; Education has developed rapidly, and free compulsory education is now available in all ;urban and rural; areas.;
28318;yes;X and Y;rural;urban;rural - urban; Later on they began attacking police posts in ;rural and urban; areas, killing the policemen and taking their arms.;
28222;yes;X and Y;rural;urban;rural - urban; Kramer and Peters (1986) reported lower salaries in a comparison of ;rural and urban; practitioners.;
6286;yes;X and Y;urban;rural;rural - urban;" According to Madi Gray, family planning among the African populations is seen as "" a cure for the high rate of illegitimacy, the misery in the ";urban and rural; ghettos, the mounting crime and vagrancy rates.;
29360;yes;X and Y;urban;rural;rural - urban;" McMaster elaborates: "" The ";urban and rural; now make up two discursive spaces or communities that form the new reservation narrative.;
49075;yes;X and Y;rural;urban;rural - urban;" What efforts could be made to rebuild "" town-and-gown "" alliances, and break down the barriers that frequently separate local academies from ";rural and urban; economies?;
5004;yes;X and Y;urban;rural;rural - urban; 65 Its potential supporters, the ;urban and rural; poor, were more interested in the AD's promise of social services and land reform than in revolution.;
15487;yes;X and Y;urban;rural;rural - urban; For some reason, they seem to do best in sub;urban and rural; areas, in states like Maryland, Pennsylvania and Minnesota.;
43909;yes;X and Y;urban;rural;rural - urban; Therefore, the purpose of this study was to compare the preferred writing topics identified by ;urban and rural; middle school students and to analyze whether these topics were convergent or divergent.;
20792;yes;X and Y;rural;urban;rural - urban; I made that choice not because the rural labor market is insignificant in China's economic reform but simply because the development of the labor market in ;rural and urban; areas involves quite different institutional elements.;
43275;yes;X and Y;rural;urban;rural - urban; There are also large disparities within countries, between people with high and low income and between people living in ;rural and urban; areas.;
22985;yes;X and Y;urban;rural;rural - urban; In El Salvador, surveys, interviews, and participant observation were used to examine churches'practices and strategies in seven communities, four Catholic and three Pentecostal, in ;urban and rural; areas.;
37795;yes;X and Y;rural;urban;rural - urban; The ;rural and urban; divide between the GOP and the Democrats is bigger than it has ever been.;
4912;yes;X and Y;urban;rural;rural - urban; 30 In general, the characteristics of the ;urban and rural; samples differ only marginally from those of the Iowa cases in the national public use sample.;
33343;yes;X and Y;rural;urban;rural - urban;" Projects have included studies of ritual; verbal art; the life course and aging; herbal medicine women and other healing specialists; ";rural and urban;" smith/artisans; and changing gender constructs.";
47173;yes;X and Y;urban;rural;rural - urban; To take but one example, the fear and poverty faced by undocumented immigrants is becoming increasingly evident to sub;urban and rural; congregations.;
50131;yes;X and Y;rural;urban;rural - urban; While there are some private ambulance companies here, @ @ @ @ @ @ @ @ @ @ ;rural and urban;, are provided by paid or volunteer fire departments (tax-supported).;
27216;yes;X and Y;rural;urban;rural - urban; It's also a story about the clash of ;rural and urban;, a common theme throughout the pages of Southern Gothic literature.;
8017;yes;X and Y;urban;rural;rural - urban; And perhaps more than any Broadway show before or since, it addressed America's ;urban and rural; cultures in a language that both could understand.;
38463;yes;X and Y;urban;rural;rural - urban; The agencies within MIDEPLAN are those dealing with Chile's socially marginalized groups -- women, indigenous peoples, youth, and the ;urban and rural; poor.;
31823;yes;X and Y;urban;rural;rural - urban; One is Teach for America, founded in 1989 by Princeton University senior Wendy Kopp to place liberal arts graduates in high-need ;urban and rural; districts.;
41192;yes;X and Y;urban;rural;rural - urban; The participants were 12-25 years old from all areas of Idaho: ;urban and rural;"; six different geographic areas of Idaho; economically advantaged and disadvantaged communities; and the ethnically diverse.";
9136;yes;X and Y;urban;rural;rural - urban; As noted before, the figures are heavily influenced by the presence of Mexican immigrants, most of whom are ;urban and rural; laborers and whose levels of education are correspondingly low.;
4960;yes;X and Y;urban;rural;rural - urban; 46 Bourgas's mix of large-scale agriculture and heavy industry combined with significant ;urban and rural; populationsmakes it representative of Bulgaria's socioeconomic system and environmental woes.;
15229;yes;X and Y;urban;rural;rural - urban; For analysis of such ;urban and rural; institutions, see Jean C.;
32859;yes;X and Y;urban;rural;rural - urban; Perceived discordances in the visuality of the written language in the ;urban and rural; landscapes became a burning issue.;
4083;yes;X and Y;urban;rural;rural - urban; (19) Other studies have analyzed trends in location by comparing ;urban and rural; environments.;
47208;yes;X and Y;urban;rural;rural - urban; To what extent are methamphetamine users in ;urban and rural; areas similar or different?;
13772;yes;X and Y;rural;urban;rural - urban; ENA delivers for Idaho's ;rural and urban; schools when it matters most.;
50380;yes;X and Y;urban;rural;rural - urban; With Chavez's support, young priests and nuns began in the late 1960s to experiment with new pastoral methods and to address social problems in ;urban and rural; areas in the archdiocese of San Salvador.;
45585;yes;X and Y;rural;urban;rural - urban; This denominational machine provided services and identity for churches ;rural and urban;, large and small.;
37821;yes;X and Y;urban;rural;rural - urban; The ;urban and rural; poor of India are unenthusiastic about liberalization, not because it is making them poorer as some claim, but because they have not seen much liberalization in their means of livelihoods.;
14811;yes;X and Y;urban;rural;rural - urban; Feminists are Republican and Democrat, rich and poor, ;urban and rural;.;
4970;yes;X and Y;urban;rural;rural - urban; 5 Much of the growth has been in sub;urban and rural; parts of the country, where criminal gang activity is still relatively new.;
23836;yes;X and Y;urban;rural;rural - urban; In some sub;urban and rural; areas, 56K modems simply wo n't work, or more accurately, will fall back to 33.;
40863;yes;X and Y;rural;urban;rural - urban; The music sprang from a confluence of ;rural and urban; lifestyles, mingled ethnicities and cultures, all underpinned by waterborne commerce.;
24759;yes;X and Y;urban;rural;rural - urban; It affects ;urban and rural; peoples of varied cultural and ecological backgrounds.;
36351;yes;X and Y;urban;rural;rural - urban; Spatial planning uses allocation of land to agricultural and forest use as a means of limiting ;urban and rural; sprawl.;
19339;yes;X and Y;rural;urban;rural - urban; However, prior studies have not provided direct comparisons of the proportions of ;rural and urban; psychologists in specialized roles as part of their assignments in schools or the degree to which they engage in outside employment.;
12668;yes;X and Y;urban;rural;rural - urban; Commissioner Gillespie attempted to sidestep this political minefield by eliminating the zip-code rating and declaring that premiums could not be raised in sub;urban and rural; counties by more than 4.;
23315;yes;X and Y;urban;rural;rural - urban; In both the ;urban and rural; environments though, their only significant remaining predator is humans.;
41646;yes;X and Y;urban;rural;rural - urban; The renewed agreement addresses the problems of contaminated sediments, provides for research, monitoring and control of pollutants entering the Great Lakes and calls for specific abatement plans for non-point ;urban and rural; pollution sources.;
9480;yes;X and Y;urban;rural;rural - urban; At some sub;urban and rural; sites, lines were shorter.;
33439;yes;X and Y;rural;urban;rural - urban; Qualitative differences among ;rural and urban;" intimate violence victimization experiences &; consequences: A pilot study journal of Family Violence, 18, 83-92.";
18268;yes;X and Y;urban;rural;rural - urban; Herbal knowledge fell into obscurity as ;urban and rural; people turned to patent medicines.;
50183;yes;X and Y;rural;urban;rural - urban;" White teen-agers were just slightly more likely than blacks to say they regularly used a computer at home; boys and girls reported similar levels of use, as did ";rural and urban; teen-agers.;
22338;yes;X and Y;rural;urban;rural - urban; If my grass plots, each placed in fairly evenly distributed ;rural and urban; areas, were to then suddenly be reduced by the same urban-biased percentage, I would not be able to continue the study.;
41654;yes;X and Y;rural;urban;rural - urban; The report profiles in detail the operating experience, program features and costs of model waste reduction programs in small, large, ;rural and urban; settings.;
29567;yes;X and Y;rural;urban;rural - urban; Minorities, however, have maintained stronger extended family ties both in ;rural and urban; settings.;
28831;yes;X and Y;rural;urban;rural - urban; Low growth in Ghanaian non-cocoa agriculture has been a major source of low growth generally, of high inflation, and of ;rural and urban; poverty.;
15868;yes;X and Y;urban;rural;rural - urban; Further development of the rural economy, or of the national economy as a whole, requires open competititon and the free flow of capital, commodities, and labor between and within ;urban and rural; areas.;
37796;yes;X and Y;rural;urban;rural - urban; The ;rural and urban; populist opposition of the 1960s was ultimately repressed by Kenyatta.;
24481;yes;X and Y;urban;rural;rural - urban; Instead, a wide range of non-profit organizations, often with external aid, have carried out effective outreach and delivery to ;urban and rural; areas.;
46393;yes;X and Y;urban;rural;rural - urban; This variable takes on values of urban, sub;urban and rural;.;
51026;yes;X and Y;urban;rural;rural - urban;" You can choose between things like two-year and four-year; ";urban and rural;.;
52529;yes;X and Y;urban;rural;rural - urban; s urban, sub;urban and rural; voters usually give winners narrower victories than Obama?;
43338;yes;X and Y;rural;urban;rural - urban; There are more than 60 urban and rural co-operatives whose women members include vendors and traders, home-based skilled and semi-skilled workers and service providers in ;rural and urban; sectors.;
40608;yes;X and Y;rural;urban;rural - urban; The majority of resources found within NSDL are free and, because they are Internet based, are accessible in ;rural and urban; settings -- leveling the field for access to quality material.;
33459;yes;X and Y;urban;rural;rural - urban; Quite honestly the same criticisms can be made of ;urban and rural; police departments.;
14306;yes;X and Y;rural;urban;rural - urban; Eventually it comprised thousands of women, including Muslims and Christians, educated and noneducated, ;rural and urban;.;
1957;yes;X and Y;urban;rural;rural - urban;" "" I want to unite the state, east and west, ";urban and rural;.;
15330;yes;X and Y;urban;rural;rural - urban; For example, school districts large and small, ;urban and rural;, have recognized we need a new direction to make health happen in schools.;
32506;yes;X and Y;rural;urban;rural - urban; Over these five decades they were elected in seventeen states, representing almost equally ;rural and urban; districts and spread across the continent from Staten Island to San Francisco.;
45772;yes;X and Y alike;rural;urban;rural - urban; This is a city of transplants, ;rural and urban alike;.;
22920;yes;X as well as Y;rural;urban;rural - urban; In ;rural as well as urban; areas, the post-Depression years saw more and more of doctors'meetings with patients shift to the office.;
48576;yes;X as well as Y;urban;rural;rural - urban; We need more egalitarian and sustainable living communities in ;urban as well as rural; areas.;
15528;yes;X as well as Y;rural;urban;rural - urban; For the last several years, Arkansas has served incarcerated juveniles in facilities of 485 beds through fourteen juvenile detention centers located in ;rural as well as urban; areas throughout the state.;
24023;yes;X as well as Y;urban;rural;rural - urban; In the last nine months of 1996, an estimated 500 deaths were attributable to posting higher speed limits on ;urban as well as rural; roads in 12 states.;
47772;yes;X or Y;urban;rural;rural - urban; Urbanicity dichotomized participants into ;urban or rural;.;
50071;yes;X or Y;urban;rural;rural - urban; While significant and well suited for the model, the variable measuring whether respondents grew up in an ;urban or rural; environment did not reveal a uniformly ordered pattern.;
2076;yes;X or Y;urban;rural;rural - urban;" "" If you're using a standardized test, we could look at national scores and I could tell you what type of neighborhood the scores came from - whether it was ";urban or rural; or high poverty.;
50189;yes;X or Y;urban;rural;rural - urban; White, sub;urban or rural;, largely male.;
5208;yes;X or Y;urban;rural;rural - urban; <p> The main objective - to have some chickens integrated into your gardening/farming scheme - is still totally admirable and valuable in almost all settings, ;urban or rural;!;
44914;yes;X or Y;rural;urban;rural - urban; They often dealt with small communities, ;rural or urban;, but were able to place them in worldwide frontier settings, theories of ethnic relations and interactive models of culture and environment.;
12938;yes;X or Y;urban;rural;rural - urban; Counterinsurgency techniques were developed to combat ;urban or rural; guerrilla insurgencies often encouraged or supported by Castro's regime.;
10674;yes;X or Y;urban;rural;rural - urban; Business professors and their students could strategize on ;urban or rural; entrepreneurship, economic development and economic investment, and other financial planning alternatives.;
24228;yes;X or Y;urban;rural;rural - urban; In this way, there would not be an overrepresentation of Belgian adolescents living in ;urban or rural; areas.;
52328;yes;X or Y;urban;rural;rural - urban; n14 They also draw upon and challenge dominant cultural ideologies of face, filiality, kinship, and citizenship (differentially based on ;urban or rural; residence).;
29069;yes;X or Y;urban;rural;rural - urban; Many city schools do not have as flourishing of a Greek life system as their sub;urban or rural; counterparts.;
7734;yes;X or Y;urban;rural;rural - urban; And contrary to perceptions of big-city dangers, the teen-age sense of safety now differs little whether respondents are ;urban or rural; dwellers.;
44407;yes;X or Y;urban;rural;rural - urban; They are about caring for the Billies and the Marys and the Amys who are among the growing ranks of the youthful poor, whether living in ;urban or rural; America.;
11849;yes;X or Y;urban;rural;rural - urban; But whether your backyard chicken setup is urban, sub;urban or rural;, it will attract animals wanting to steal a meal from your egg factory.;
33175;yes;X or Y;urban;rural;rural - urban; Poor, hungry @ @ @ @ @ @ @ @ @ @ people regardless of whether they are black or white or ;urban or rural;.;
33206;yes;X or Y;rural;urban;rural - urban; Powell Grove Cemetery, at Northeast 122nd Avenue and Sandy Boulevard, no longer has any relationship to a neighborhood, ;rural or urban;.;
4332;yes;X or Y;rural;urban;rural - urban; (n26) These risks are closely linked to poverty, low levels of education, and ;rural or urban; locations.;
13061;yes;X or Y;rural;urban;rural - urban; Currently, there are estimated to be sixty to eighty thousand of these groups in Brazil, located for the most part among the poor in ;rural or urban;, working-class areas.;
49802;yes;X or Y;rural;urban;rural - urban; Whether ;rural or urban;, a family was the primary unit of production.;
7417;yes;X or Y;urban;rural;rural - urban; Americans, those who used to consider themselves liberal or conservative, ;urban or rural;, all races, religions and ethnicities are whispering.;
5255;yes;X or Y;urban;rural;rural - urban; @ @ @ @ @ @ @ @ @ @ ;urban or rural; environment?;
30011;yes;X or Y;urban;rural;rural - urban; Much of the research conducted thus far has identified unmodifiable risk factors, such as age, gender, race, and ;urban or rural; setting, and has not focused on prevention strategies.;
5034;yes;X or Y;rural;urban;rural - urban; 9 It is now clear that African-American women, whether from the ;rural or urban; South, played a key role in the process of medical childbirth as they migrated northward and utilized similar services.;
40895;yes;X or Y;urban;rural;rural - urban; The need for change will be clear then if program changes need to occur to prepare preservice teachers better for an ;urban or rural; setting.;
15351;yes;X or Y;urban;rural;rural - urban; For example, while in an urban area transportation may not be an issue for the students, it is for those in a more sub;urban or rural; settings.;
48098;yes;X or Y;rural;urban;rural - urban; Was the area predominantly ;rural or urban;?;
33700;yes;X or Y;urban;rural;rural - urban; Regardless of where you live-urban, sub;urban or rural; area-late spring is the best time for a leisurely weekend morning brunch when sitting outside is still comfortable.;
49203;yes;X or Y;urban;rural;rural - urban; What that requires of us is that we stay put for a good long time, no matter the context -- urban or sub;urban or rural;.;
38416;yes;X or Y;urban;rural;rural - urban; The absolute number of persons likely to seek ;urban or rural; employment, land, schools, and health services is likely to continue to rapidly increase for at least two decades.;
51458;yes;X or Y;rural;urban;rural - urban; Your best bet is to find a quiet community that do not like strangers, @ @ @ @ @ @ @ @ @ @ is ;rural or urban; probably depends on your location.;
12210;yes;X or Y;urban;rural;rural - urban;" Campuses might also provide "" civic service-learning "" leadership on behalf of impoverished constituencies in neighboring ";urban or rural; communities.;
38016;yes;X or Y;rural;urban;rural - urban; The Cubans have transformed a nation that benefited only the wealthy few into a country that reaches out to all: young or old, ;rural or urban;, leader or peasant.;
24915;yes;X or Y;rural;urban;rural - urban; It could be that the physical, emotional, intellectual, and social development of adolescents influence their writing interests more then their ;rural or urban; settings.;
24726;yes;X or Y;urban;rural;rural - urban; Is this an ;urban or rural; cache and how will this change your preparation?;
23758;yes;X or Y;urban;rural;rural - urban; In practice, however, it is very difficult to control ;urban or rural; development, and good intentions of protection are often overwhelmed by unwanted construction or land-use practices that irreparably damage the integrity or authenticity of the site.;
40586;yes;X or Y;urban;rural;rural - urban; The main independent variables were parity and sex composition @ @ @ @ @ @ @ @ @ @, education, ;urban or rural; residence, and demographic characteristics such as age and sex.;
10651;yes;X or Y;urban;rural;rural - urban; Bureau of the Census, 1990) in terms of geographic area, gender, ;urban or rural; residence, ethnicity, family income, educational attainment of parents, and disability status (i.;
33117;yes;X or Y;rural;urban;rural - urban; Please tell us as much as you can about ;rural or urban; places where sustainable living is gaining ground.;
49890;yes;X or Y;urban;rural;rural - urban; Whether they were wo/men or men, marginal or elite, poor or wealthy, ;urban or rural;, Jesus crystallized for them how @ @ @ @ @ @ @ @ @ @ God.;
40187;yes;X or Y;urban;rural;rural - urban; The ideas that were generated by the respondees are important to consider whether our students teach in ;urban or rural; settings with culturally and ethnically homogeneous or heterogeneous groups in special education or in general education.;
36676;yes;X or Y;urban;rural;rural - urban; Subsequently, they applied for jobs in sub;urban or rural; communities.;
28406;yes;X or Y;urban;rural;rural - urban; Less often, dogs in ;urban or rural; areas can carry the bacterium Leptospira (lep-TO-spy-ruh).;
43563;yes;X or Y;urban;rural;rural - urban; There is no agreed-upon ideal theory of the ;urban or rural; landscape that a court can use to test the reasonableness of a decision.;
3094;yes;X or Y;urban;rural;rural - urban;" "" The communities can be urban, sub";urban or rural;, and incorporate green buildings, local food production, solar energy, carpooling, and community building efforts.;
17201;yes;X or Y;rural;urban;rural - urban;" He points out that nearly one-third of endowment funds go to state arts councils, many of which "" exist to serve the underserved "" in ";rural or urban; areas.;
4245;yes;X or Y;urban;rural;rural - urban;" (Urban areas tend to generate more C &D; waste per capita than do sub";urban or rural; areas.;
46072;yes;X or Y;urban;rural;rural - urban; This makes it impossible to identify each station as definitively ;urban or rural; using the fine resolution MOD500 map.;
36973;yes;X or Y;urban;rural;rural - urban; Table 4 indicates that importance of religion, sex of respondents, and whether respondents grew up in an ;urban or rural; environment all showed significance as predictors, as did exposure to newspapers.;
33512;yes;X or Y;urban;rural;rural - urban; Ranking job growth by townships and municipalities, it found that most of the 20 top performers were sub;urban or rural; areas far removed from New York and Philadelphia.;
23267;yes;X or Y;rural;urban;rural - urban; In almost every focus group, respondents unanimously acknowledged the absence of a united Mexican community in Florida, either at the ;rural or urban; level.;
53406;yes;X or Y;rural;urban;rural - urban;, ;rural or urban;, amicable or hostile, economically upbeat or in recession or depression.;
9004;yes;X or Y;rural;urban;rural - urban; As campus personnel gather and analyze environmental data relative demographic conditions, labor markets, increased technology and other political or socio-economic variables, the scanning perimeters should extend beyond the campus environs and into neighboring ;rural or urban; communities.;
19238;yes;X or Y;urban;rural;rural - urban; However, Jim clearly stated on the Ask Sue Radio Show that an ;urban or rural; environment has no bearing on the safety of a dog's containment.;
13869;yes;X or Y;rural;urban;rural - urban; East central Kentuckians can be considered ;rural or urban;, depending on whether one is identified, for example, by one's residence or place of work.;
53410;yes;X or Y;urban;rural;rural - urban;, ;urban or rural; county, state).;
15581;yes;X or Y;rural;urban;rural - urban; For this study, we felt it was important to obtain diversity within the sample with regard to cause of deafness, age at onset, present age, gender, and geographical location (that is, ;rural or urban;).;
6913;yes;X or Y;urban;rural;rural - urban; All schools, whether urban, sub;urban or rural;, have gangs to deal with, he said.;
39930;yes;X or Y;rural;urban;rural - urban; The generation rate for biowaste differs greatly by region and the ;rural or urban; characteristics of the community.;
12064;yes;X or Y;urban;rural;rural - urban; By setting uniform, minimum standards for learning during each grade, Japan's national Ministry of Education ensure that all students -- rich or poor, ;urban or rural; -- are exposed to the basics.;
25999;yes;X or Y;rural;urban;rural - urban; It recognizes that whatever their circumstance -- female or male, poor or rich, ;rural or urban;, south or north -- children have indivisible human rights buttressed by a set of guiding principles.;
48011;yes;X or Y;urban;rural;rural - urban; Volunteer or professional, ;urban or rural;, whether battling blazes in apartment buildings or national parks, our firefighters share more than history and tradition and a sense of duty.;
36745;yes;X or Y;rural;urban;rural - urban; Such enclosed gardens are deliberately separated from the wilderness beyond, whether it happens to be ;rural or urban;.;
29886;yes;X rather than Y;rural;urban;rural - urban; Most of the improvement came in ;rural rather than urban;" areas, however, while the number of people living in poverty in urban areas actually increased (see Korzeniewicz 1997, table 5; Morley 1995, 134-50).";
4871;yes;between X and Y;urban;rural;rural - urban; 26 Rural-urban linkage programs can encourage greater economic cooperation and understanding ;between urban and rural; communities -- a key to a more sustainable society.;
43487;yes;between X and Y;urban;rural;rural - urban; There is a huge divide ;between urban and rural; communities.;
13409;yes;between X and Y;rural;urban;rural - urban; Differentials in life expectancy ;between rural and urban; Americans, as reported this summer in the Daily Yonder, already show the literally terminal effects of this imbalance.;
889;yes;between X and Y;rural;urban;rural - urban;" "" @ @ @ @ @ @ @ @ @ @ as the divide ";between rural and urban; do not seem to fit the empirical reality.;
19407;yes;between X and Y;urban;rural;rural - urban; However, there is a large variation ;between urban and rural; areas, where health services are particularly poor.;
53226;yes;between X and Y;urban;rural;rural - urban;) In a society increasingly divided ;between urban and rural;, rich and poor, it is China's vast countryside - and its 738 million peasants - that bears the brunt of the water shortage.;
6300;yes;between X and Y;urban;rural;rural - urban; According to some measures, this disparity ;between urban and rural; areas in levels of educational attainment, once thought to be converging, now appears to be widening.;
23227;yes;between X and Y;urban;rural;rural - urban; In addition, the current poverty measure is a national standard that does not adjust for the substantial variation in the cost of living from state to state and ;between urban and rural; areas.;
9007;yes;between X and Y;urban;rural;rural - urban; As can be seen from inspecting the tables, the special education sample was predominantly urban whereas the general education sample was divided approximately equally ;between urban and rural;.;
39320;yes;between X and Y;rural;urban;rural - urban; The data presented in this study indicate more convergence on writing topic preference ;between rural and urban; middle school students than divergence.;
44085;yes;between X and Y;urban;rural;rural - urban; These films continued to stir excitement in rural areas in the late 1970s - a sign of just how deep the gap ;between urban and rural; entertainment had remained in postcolonial Tanzania.;
22893;yes;between X and Y;rural;urban;rural - urban; Implications of mobile money, however, go far beyond Kenya and extend to the need for efficient remittances ;between rural and urban; populations in many markets.;
5936;yes;between X and Y;urban;rural;rural - urban; A number of other differences ;between urban and rural; girls, even controlling for ethnicity and income, were noted.;
28148;yes;between X and Y;rural;urban;rural - urban; Key urban groups have taken much of the cost of the reform program whereas a substantial reversal of trade terms ;between rural and urban; areas favors rural producers.;
4880;yes;between X and Y;rural;urban;rural - urban; 29 In contrast, fertility differences ;between rural and urban; women are due more to changes in their marital pattern (increase in age at marriage) than to differences in contraceptive use.;
15014;yes;between X and Y;rural;urban;rural - urban; First, research indicates that patterns of certain delinquent behaviors may differ ;between rural and urban; teenage populations.;
39430;yes;between X and Y;rural;urban;rural - urban; The differences ;between rural and urban; and suburban schools numbers are not only seen in school enrollment but also in the number of schools per district.;
32842;yes;between X and Y;rural;urban;rural - urban; People who view the sculpture are instantly reminded of the importance of water in the development of the state and of the interconnections ;between rural and urban; places (Larese 2000).;
23202;yes;between X and Y;urban;rural;rural - urban; In addition, employment is mobile, and it blurs any interface ;between urban and rural; areas.;
24374;yes;between X and Y;rural;urban;rural - urban; Inequalities in capital transfer between national and international economic interest, and ;between rural and urban; areas, are of special concern.;
48658;yes;between X and Y;urban;rural;rural - urban; We should better balance urban and rural development, boost rural development, work to narrow the gap ;between urban and rural; areas, and promote their common prosperity.;
12517;yes;between X and Y;urban;rural;rural - urban; City life may make some difference, but it can not explain the gap in 1910 between whites and blacks in rural areas or explain all of the differences ;between urban and rural; blacks.;
23310;yes;between X and Y;rural;urban;rural - urban; In both countries, health care is organized by the central government, but wide disparities exist in the provision of health care among the provinces, especially ;between rural and urban; areas.;
26606;yes;between X and Y;urban;rural;rural - urban; It was mainly on the digital divide within the United States ;between urban and rural; communities.;
43272;yes;between X and Y;urban;rural;rural - urban; There are also clear differences ;between urban and rural; populations and between families with and without access to remittances.;
5842;yes;between X and Y;rural;urban;rural - urban; A link ;between rural and urban; places is evident, then, in my exploration of rural place identification among urban-dwelling Hispanos in Albuquerque, Espaola, and Santa Fe, New Mexico, and in Pueblo, Colorado.;
39405;yes;between X and Y;urban;rural;rural - urban; The development gap ;between urban and rural; areas and between regions is still large, and so are income disparities.;
25485;yes;between X and Y;rural;urban;rural - urban; It is during this discussion that the line ;between rural and urban; becomes rather fuzzy.;
22505;yes;between X and Y;rural;urban;rural - urban; If their preferences change in a pattern similar to the US in the 1950s, they will seek a balance ;between rural and urban; life.;
29670;yes;between X and Y;rural;urban;rural - urban; More important than that, perhaps, was the leveling factor it produced ;between rural and urban; dwellers and between the northeastern @ @ @ @ @ @ @ @ @ @ the country.;
32717;yes;between X and Y;rural;urban;rural - urban; Patterns of gender, class, ethnicity, and commercialization have proved to be fertile subjects for research, but the elastic links ;between rural and urban; places are not yet well understood.;
13462;yes;between X and Y;rural;urban;rural - urban; Dmitry, when you spoke out in Cummington this October, I asked you a question toward the end about how you saw things ultimately shaking out ;between rural and urban; dwellers.;
40230;yes;between X and Y;rural;urban;rural - urban; The income gap ;between rural and urban; areas has grown accordingly, to the point that it is larger now than it has ever been in the history of the PRC.;
16081;yes;between X and Y;urban;rural;rural - urban; Given that community murals are site-specific and are influenced by their surrounding environment, one can expect vastly different visual expression ;between urban and rural; contexts.;
24396;yes;between X and Y;rural;urban;rural - urban; Initially, the Palestinians held a distinct edge in this category, and the gap ;between rural and urban; literacy rates was subtantial.;
9202;yes;between X and Y;rural;urban;rural - urban; As table 2 indicates, the income gap ;between rural and urban; areas decreased until 1983, began to widen again after 1985, and by 1990 was as great as in the mid-1960s and 1970s.;
37459;yes;between X and Y;urban;rural;rural - urban;" That subsidizes urban workers and foreign investment but exploits the countryside; the gap ";between urban and rural; income is steadily widening.;
4772;yes;between X and Y;urban;rural;rural - urban; 15 on the gap ;between urban and rural; broadband and implications for the future.;
12959;yes;between X and Y;rural;urban;rural - urban; Coward very clearly delineates the lack of coordination ;between rural and urban; health care systems in The Future of Aging in Rural America.;
23852;yes;between X and Y;rural;urban;rural - urban; In sum, the links ;between rural and urban; mural traditions are to be found in the essential motivation for painting the walls and in the specific concerns and conditions that inform their design.;
5933;yes;between X and Y;rural;urban;rural - urban; A number of factors have been put forward to explain the variation in prevalence and severity of dental caries and periodontal diseases, not only ;between rural and urban; populations.;
39633;yes;between X and Y;rural;urban;rural - urban; The expansion of communications, transportation and mass production became an equalizing force ;between rural and urban; living as an expansive number of consumer goods became available by mail order and in large department stores.;
5006;yes;between X and Y;urban;rural;rural - urban; 68 If they have become more common in recent decades, then poverty, drought, urbanization, and the yawning gap ;between urban and rural; incomes are the main culprits, not an excess of greedy Serin Maxtars.;
23600;yes;between X and Y;urban;rural;rural - urban; In many areas distinctions between folk and elite, ;between urban and rural;, and between competing religious or occupational organizations derive from relatively clear-cut and generally accepted social criteria.;
45426;yes;between X and Y;urban;rural;rural - urban;" This "" urban pacification "" is clearly illustrated by the widening gap ";between urban and rural; incomes.;
38050;yes;between X and Y;rural;urban;rural - urban; The European Community, in particular, would like to find ways to redress these festering rural problems as a strategy for maintaining a population balance ;between rural and urban; areas.;
28737;yes;between X and Y;rural;urban;rural - urban; Long-standing tensions between Americo-Liberians and indigenous Liberians, as well as tensions between Christians and Muslims and ;between rural and urban; Liberians, created the context for violence and instability.;
51950;yes;between X and Y;urban;rural;rural - urban; found significant differences in knowledge levels ;between urban and rural; groups, but they did not test the reliability or validity of the scale across these groups.;
11673;yes;between X and Y;rural;urban;rural - urban; But these maps demonstrate that there is not such a huge gap ;between rural and urban; America.;
19277;yes;between X and Y;urban;rural;rural - urban; However, current statistical data collection practices reflect the aged cultural dichotomy ;between urban and rural; areas, which in turn may @ @ @ @ @ @ @ @ @ @.;
24497;yes;between X and Y;urban;rural;rural - urban; Instead, it reflects the differences ;between urban and rural; communities in our country.;
16722;yes;between X and Y;rural;urban;rural - urban; He expressed concern that the lack of school equipment was leading to a drop in standards and a widening gap ;between rural and urban; areas.;
31518;yes;between X and Y;rural;urban;rural - urban; On 260 items reflecting job satisfaction, job stability, and quality of professional life, only 22 differences were found ;between rural and urban;" school psychologists; Twenty of the 22 differences favored rural practitioners!";
15887;yes;between X and Y;rural;urban;rural - urban; Furthermore, Kramer and Peters (1986) reported high similarity ;between rural and urban; school psychologists'responses to 23 issues related to roles, working conditions, access to other specialized staff, caseload, and actual participation in continuing education.;
43317;yes;between X and Y;urban;rural;rural - urban; There are inherent differences ;between urban and rural; structure.;
44866;yes;between X and Y;rural;urban;rural - urban; They manned the barricades and forged links between neighborhood associations and ;between rural and urban; sectors.;
7885;yes;between X and Y;rural;urban;rural - urban; And it illustrates a growing gap ;between rural and urban; America.;
22956;yes;between X and Y;urban;rural;rural - urban; In 2008, for the first time, the world's population was evenly split ;between urban and rural; areas.;
48360;yes;between X and Y;urban;rural;rural - urban; We find marked differences between regions and ;between urban and rural; areas.;
43759;yes;between X and Y;rural;urban;rural - urban; There were some differences in employment conditions, particularly ratio and salary, but the differences were generally favorable to suburban practitioners with no differences ;between rural and urban;.;
23673;yes;between X and Y;rural;urban;rural - urban; In order to eliminate both gender disparities and those ;between rural and urban; areas, all new schools will be mixed and more than 60 percent of the teachers will be female.;
21954;yes;between X and Y;urban;rural;rural - urban; I'm not trying to @ @ @ @ @ @ @ @ @ @ not an human anachronism, but the difference ;between urban and rural; reporting in this question may be significant.;
26468;yes;between X and Y;urban;rural;rural - urban; It was about labor, the elimination of hierarchies and an idealized balance ;between urban and rural; life.;
47773;yes;between X and Y;urban;rural;rural - urban; Urbanization has been steadily advanced, and development ;between urban and rural; areas and between regions has become better balanced.;
4289;yes;between X and Y;urban;rural;rural - urban; (n12) Furthermore, the experience of transition brought to the surface striking differences ;between urban and rural; areas.;
35337;yes;between X and Y;urban;rural;rural - urban; Since 1990, the difference in college graduation rates ;between urban and rural; counties has widened from 9.;
14586;yes;between X and Y;urban;rural;rural - urban; Exchange programs could be developed between historically black and predominantly white institutions and ;between urban and rural; campuses.;
4293;yes;between X and Y;rural;urban;rural - urban; (n13 @ @ @ @ @ @ @ @ @ @ of kinship and family within the region, ;between rural and urban; settings, and among different educational and socioeconomic categories of society (2002:143ff.;
15217;yes;between X and Y;rural;urban;rural - urban; For all of the transformations, Turkey during the 1950s was still divided ;between rural and urban; sectors, and these two parts of society co-existed peacefully with little conflict.;
14563;yes;between X and Y;rural;urban;rural - urban; Examples include corruption, rent-seeking activities that exploit the dual price system, and growing disparities ;between rural and urban; areas.;
41058;yes;between X and Y;rural;urban;rural - urban; The ongoing blurring of rural and urban culture requires that more work be done at their interface so we can more fully appreciate the link ;between rural and urban; places (Rigg 1998).;
51437;yes;between X and Y;rural;urban;rural - urban; Young peasants now have many ways to survive, including staying on the land, working in small-scale rural industries, or in trading ;between rural and urban; areas.;
10319;yes;between X and Y;rural;urban;rural - urban; Black migrants'efforts to form and sustain households in the urban north extended patterns established in the Black South, where heavy migration ;between rural and urban; areas began before 1915.;
35303;yes;between X and Y;rural;urban;rural - urban; Similarly, another factor not considered in this investigation was the distinction ;between rural and urban; community colleges which have very different labor markets and industrial-business environments.;
4751;yes;both X and Y;rural;urban;rural - urban; 127), what she says about Spanish Americans, Euro-Americans, and Navajos in ;both rural and urban; settings is that they and their children all spend an overwhelming amount of time inside (pp.;
45869;yes;both X and Y;rural;urban;rural - urban; This is evidenced by current church musical activities, the overall attitudes of Ghanaians, and the increasing number of musical groups and craftsmen's and craftswomen's associations emerging from ;both rural and urban; centers.;
15322;yes;both X and Y;urban;rural;rural - urban; For example, on the last day of campaigning in the hotly contested 2010 Massachusetts Governors race, incumbent Deval Patrick and his Republican challenger Charlie Baker barnstormed ;both urban and rural; areas.;
758;yes;both X and Y;rural;urban;rural - urban;" "" (n11) "" Acquiring "" women with the power of money and phallic desire, ";both rural and urban; Japanese husbands have thus been demonized for their hypermasculine, immoral practices.;
22911;yes;both X and Y;urban;rural;rural - urban; In ;both urban and rural; spheres, Kiwis seem truly nice.;
53946;yes;both X and Y;urban;rural;rural - urban;97 million in ;both urban and rural; areas would be paid in part with the bond money.;
10660;yes;both X and Y;urban;rural;rural - urban; Burombo, offers the most detailed analysis of Burombo's political activities in ;both urban and rural; areas.;
30021;yes;both X and Y;rural;urban;rural - urban; Mukherjee (1977:63), whose statewide data from West Bengal included ;both rural and urban; households, on the other hand, reported a higher incidence of joint family households in towns and cities rather than in rural villages.;
12837;yes;both X and Y;urban;rural;rural - urban; Consumers, ;both urban and rural;, have borne the brunt of the country's financial decay.;
43022;yes;both X and Y;rural;urban;rural - urban; Their message of sovereignty, patrimony and collective cultural and citizenship rights resonates with members of Bolivia's popular sectors, ;both rural and urban;, whose lives have gotten more difficult in recent years.;
46783;yes;both X and Y;urban;rural;rural - urban; Throughout discussions of ;both urban and rural; school programs, the commission reiterated three purposes for American education: personal development, vocational preparation, and civic responsibility and competence.;
24329;yes;both X and Y;rural;urban;rural - urban; Indeed, one would anticipate a similar socialization process in ;both rural and urban; parent-child interactions and parallel relationships between parental modeling of positive behaviors, emotional support, and self-regulation by the adolescent.;
8954;yes;both X and Y;urban;rural;rural - urban; As a result, in ;both urban and rural; areas, a substantial @ @ @ @ @ @ @ @ @ @ midwives or attempt to perform the abortion t hemselves.;
38232;yes;both X and Y;urban;rural;rural - urban; The OFR program provided comprehensive perinatal services to more than 2,600 individual pregnant or parenting women at seven pilot sites in ;both urban and rural; parts of the state.;
4796;yes;both X and Y;urban;rural;rural - urban; 19 Large portions of the United States, ;both urban and rural;, have ozone levels that exceed the ozone NAAQS.;
19531;yes;both X and Y;rural;urban;rural - urban; I also conducted a survey of various groups who choose to live cooperatively, ;both rural and urban;.;
43307;yes;both X and Y;urban;rural;rural - urban; There are five categories of government expenditures-public administration and defense, education, health, agricultural services and other services and 16 different types of households, including poor households in ;both urban and rural; areas.;
40824;yes;both X and Y;rural;urban;rural - urban; The most effective way to slow rates of urban growth is to reduce unwanted fertility in ;both rural and urban; areas.;
26088;yes;both X and Y;urban;rural;rural - urban; It shows that the absolute numbers of unserved peoples in ;both urban and rural; areas have increased over the past decade.;
31599;yes;both X and Y;urban;rural;rural - urban; On the basis of making China's development much more balanced, coordinated and sustainable, we should double its 2010 GDP and per capita income for ;both urban and rural; residents.;
49743;yes;both X and Y;urban;rural;rural - urban; Whenever practicable, efforts should be initiated in ;both urban and rural; areas at the same time.;
14896;yes;both X and Y;rural;urban;rural - urban; Finally, future research should consider including husbands in ;both rural and urban; settings to determine whether there are differences in their experiences.;
30382;yes;both X and Y;urban;rural;rural - urban; Nationally there are now 69 women's business centers in ;both urban and rural; communities in most states.;
35296;yes;both X and Y;urban;rural;rural - urban; Similarly, ;both urban and rural; Thais are not much concerned with the meaning of things.;
44116;yes;both X and Y;urban;rural;rural - urban; These include community development organizations and other organized groups, ;both urban and rural;, which have demanded policy changes and improved services (see Booth 1998, 97-98).;
7326;yes;both X and Y;urban;rural;rural - urban; Although these items were not significant, it is important that ;both urban and rural; instructors believed that these multicultural issues were important and should be addressed within the physical education program.;
43289;yes;both X and Y;urban;rural;rural - urban; There are big chunks of this country, in ;both urban and rural; areas, where access to fresh fruits and vegetables is limited.;
33331;yes;both X and Y;urban;rural;rural - urban; Professionals who taught at all grade levels and in ;both urban and rural; school districts were represented.;
23692;yes;both X and Y;urban;rural;rural - urban; In other words @ @ @ @ @ @ @ @ @ @ sector did in ;both urban and rural; areas.;
40183;yes;both X and Y;rural;urban;rural - urban; The ideal and unusual situation is a melting-pot party able to build support in ;both rural and urban; areas simultaneously.;
40361;yes;both X and Y;urban;rural;rural - urban; The kids spanned the ages of two to 15 and came from all types of families and environments, ;both urban and rural;, across the U.;
16318;yes;both X and Y;rural;urban;rural - urban; Ground beetles are ubiquitous and common in ;both rural and urban; areas, where the larger beetles are often mistaken for cockroaches.;
43645;yes;both X and Y;rural;urban;rural - urban; There should be one standard of justice in ;both rural and urban; areas.;
20892;yes;both X and Y;rural;urban;rural - urban; I picked those counties because they are over 90% Tex-Mex demographically (the SOS does not report results by race), and include ;both rural and urban; counties.;
32505;yes;both X and Y;urban;rural;rural - urban; Over the years, the Subcommittee on External Affairs had searched a very wide region indeed - ;both urban and rural;, and more than once.;
12944;yes;both X and Y;rural;urban;rural - urban; Country music has come to be seen as a reflection of life in ;both rural and urban; settings.;
42563;yes;both X and Y;rural;urban;rural - urban; The two-loop development plan offers substantial benefits for ;both rural and urban; interests.;
4310;yes;both X and Y;rural;urban;rural - urban; (n17) The persecution was spread throughout the country in ;both rural and urban; areas.;
14945;yes;both X and Y;rural;urban;rural - urban; Findings indicate that the major overlapping topics for ;both rural and urban; participants included current events, teen issues, politics, school, and celebrities.;
31515;yes;both X and Y;urban;rural;rural - urban; On ;both urban and rural; routes, trees are the most frequently struck hazards.;
8940;yes;both X and Y;rural;urban;rural - urban; As a result of the NEA, ;both rural and urban; America has had the opportunity to engage with the arts, thereby shaping these groups as well.;
43420;yes;both X and Y;urban;rural;rural - urban; There are wealthy students and poor students, blacks and whites, Hispanics and Asians, kids from ;both urban and rural; backgrounds.;
7172;yes;both X and Y;urban;rural;rural - urban; Alternate modes of financing and providing health care delivery for indigent populations -- ;both urban and rural; -- should be developed.;
30392;yes;both X and Y;rural;urban;rural - urban; Near Apia, where we stayed the first night with our friends Kate and Mike Donoghue, you can experience the full range of ;both rural and urban; cacophony.;
47097;yes;both X and Y;urban;rural;rural - urban; To limit this evolution would undercut our national security, harm human and ecosystem health, increase carbon and reduce water resources, and would harm ;both urban and rural; economic growth.;
42957;yes;both X and Y;urban;rural;rural - urban; Their crusades have become more frequent and widespread, in ;both urban and rural; areas.;
39962;yes;both X and Y;urban;rural;rural - urban; The goal is to give underserved populations, ;both urban and rural;, a taste for something better.;
53714;yes;both X and Y;urban;rural;rural - urban;20 Typical concentrations of many toxic metals in ;both urban and rural; soils are now from 2 to more than 10 times higher than the levels in uncontaminated soils.;
14054;yes;both X and Y;urban;rural;rural - urban; Equally reasonable plans are presented for ;both urban and rural; gardens of various sizes.;
22910;yes;both X and Y;urban;rural;rural - urban; In ;both urban and rural; areas, an effort was made to provide motor skill evaluation standards that were sex appropriate to ensure fairness in grading practices.;
32522;yes;both X and Y;urban;rural;rural - urban; Overall, taking into account ;both urban and rural; areas, the major-crime rate is more than four times what it was four decades ago.;
22908;yes;both X and Y;rural;urban;rural - urban; In ;both rural and urban; areas of the state, aspiring entrepreneurs began to see the probability of profit in the promotion of all forms of Tejano music, especially conjunto.;
40231;yes;both X and Y;urban;rural;rural - urban; The incomes and consumption patterns of the middle income and poor households in ;both urban and rural; areas will be of particular relevance.;
20532;yes;both X and Y;urban;rural;rural - urban; I hope that this is for all of Haiti's poor -- ;both urban and rural; <h> Thoughts about teens, tweens, parenting and this adventure of living on Earth in the 21st century.;
44364;yes;both X and Y;urban;rural;rural - urban; They are ;both urban and rural; patches of undifferentiated land.;
46838;yes;both X and Y;urban;rural;rural - urban; Thus the ahipa's market share in ;both urban and rural; areas is not only small but also steadily declining-and will remain that way unless the crop is promoted.;
10834;yes;both X and Y;urban;rural;rural - urban; But a growing shortage in ;both urban and rural; markets is creating new demand for their skills, says Dana Christian Lynge, associate professor at the University of Washington School of Medicine in Seattle.;
25108;yes;both X and Y;rural;urban;rural - urban; It happens in well over half of the secondary schools in the nation in any given year, ;both rural and urban;, affluent and low income.;
47687;yes;both X and Y;rural;urban;rural - urban; Unlike MSA geography, however, LMAs include ;both rural and urban; areas, making the PUMS-L appropriate for exploring the questions raised in this paper, since many military installations are located in nonmetropolitan areas.;
46225;yes;both X and Y;urban;rural;rural - urban; This process was repeated in the two remaining genre areas for ;both urban and rural; participant responses.;
31291;yes;both X and Y;urban;rural;rural - urban;" Numerous plants have curtailed production or closed down entirely; managers have been replaced; unemployment has risen; and ";both urban and rural; industrial communities face economic and social dislocation.;
23034;yes;both X and Y;rural;urban;rural - urban; In November, 2001, I visited hospitals and health centres in ;both rural and urban; settings to investigate the present state of Ghanaian medicine.;
33799;yes;both X and Y;urban;rural;rural - urban; Research has occurred in different parts of the United States and Canada, in ;both urban and rural; settings, in large and small schools, and with at-risk populations.;
47604;yes;both X and Y;urban;rural;rural - urban; Under these conditions internal social stratification, ;both urban and rural;, developed and was sustained through the transfer of wealth and through marriage alliances.;
827;yes;both X and Y;rural;urban;rural - urban;" "" 41 These practical teachings gained considerable support among the impoverished masses in ";both rural and urban; areas.;
42326;yes;both X and Y;rural;urban;rural - urban; The survey's results offer an opportunity to compare the perspectives of rural and urban hospital leaders because the multihospital system includes facilities in ;both rural and urban; locations.;
18946;yes;both X and Y;rural;urban;rural - urban; Hispanics are spread throughout the state, in ;both rural and urban; areas.;
2467;yes;both X and Y;rural;urban;rural - urban;" "" Marital kidnapping continua in rural places, as do crimes of honor in ";both rural and urban; settings.;
20531;yes;both X and Y;urban;rural;rural - urban; I hope that this is for all of Haiti's poor -- ;both urban and rural; -- and not just for those living in tents.;
18707;yes;both X and Y;rural;urban;rural - urban; His latest labor of love is full of gorgeous prose, wonderful dialogue in regional dialect, deeply etched characters, and historical settings ;both rural and urban; one can smell and taste.;
43996;yes;both X and Y;urban;rural;rural - urban; These areas may be found in ;both urban and rural; communities.;
13958;yes;both X and Y;rural;urban;rural - urban; Eleven leaders represented all of the major Sufi orders and came from ;both rural and urban; centers.;
41958;yes;both X and Y;urban;rural;rural - urban; The selection of objects reflects ;both urban and rural; narratives.;
7398;yes;either X or Y;urban;rural;rural - urban;" American Jewish history suggests not; @ @ @ @ @ @ @ @ @ @ the paramount goal of ";either urban or rural; dwellers.;
42605;yes;either X or Y;rural;urban;rural - urban;" The urban ("" decadent "") sector shunned this path (notice that the military academy is never as popular in ";either rural or urban; Taiwan).;
47528;yes;either X or Y;rural;urban;rural - urban; Two-thirds of the population, ;either rural or urban; are unemployed or underemployed.;
24216;yes;from X to Y;rural;urban;rural - urban; In this situation, it can be anticipated that considerable numbers will continue to migrate ;from rural to urban; areas.;
35235;yes;from X to Y;rural;urban;rural - urban; Show the relationships between migrations from Mississippi to Chicago and the evolution of the blues ;from rural to urban; themes or instrumentations.;
24350;yes;from X to Y;rural;urban;rural - urban; India, China, Thailand and Cambodia, to name only a few, have highly mobile populations within their borders, with people moving from state to state and ;from rural to urban; areas.;
45580;yes;from X to Y;rural;urban;rural - urban; This decline resulted from fairly rapid economic growth and migration ;from rural to urban; areas (Morley 1995c, 51).;
4185;yes;from X to Y;rural;urban;rural - urban; (Overall, the loss of football could actually increase migration ;from rural to urban; areas over time.;
33437;yes;from X to Y;rural;urban;rural - urban; Quadrillage responded to the guerrillas'ability to move freely ;from rural to urban; settings and to use the familiar terrain as an advantage.;
38714;yes;from X to Y;rural;urban;rural - urban; The basic units of capitalistic structure were in a process of transition ;from rural to urban; environments, from agricultural to industrial production, from self-financing to stock-market financing, from small firms to big corporations.;
40744;yes;from X to Y;rural;urban;rural - urban; The migration ;from rural to urban; areas begins to reverse as many people opt for the lower stress level and increased contact with nature offered by smaller communities.;
33691;yes;from X to Y;rural;urban;rural - urban; Regardless of the abundance of imported cheap rice, the sprawling slums continue to be tied to a history of food vulnerability and population movements ;from rural to urban; areas in search of survival.;
47336;yes;from X to Y;urban;rural;rural - urban; Total mileage runs between 360 and 400 miles, with terrain ranging ;from urban to rural;, mountains to desert.;
5885;yes;from X to Y;rural;urban;rural - urban; A mass migration ;from rural to urban; life as people seek new opportunities.;
9214;yes;from X to Y;rural;urban;rural - urban; As the demography of the region changes ;from rural to urban;, and with it comes greater concern for protecting the environment, the time may be ripe for change.;
20912;yes;from X to Y;rural;urban;rural - urban; I probably wo n't convince you otherwise, but if rural life is so much more fruitful for people living on the edge, why, in all of history, people move ;from rural to urban;?;
6282;yes;from X to Y;rural;urban;rural - urban; According to Harpham (1994) and Dohrenwend and Dohrenwend (1969), this tendency is partially explained by population shifts ;from rural to urban; settings in the developing world.;
37342;yes;from X to Y;rural;urban;rural - urban; That is why we see a lot of migration ;from rural to urban; areas.;
46418;yes;from X to Y;urban;rural;rural - urban; This was a railroad because you could go on a complete journey, ;from urban to rural; landscape and back.;
7107;yes;from X to Y;rural;urban;rural - urban;" Also, @ @ @ @ @ @ @ @ @ @ dissimilar to their original habitat; hence, they were the only group who perceived "" move ";from rural to urban;" area "" as highly stressful.";
52314;yes;from X to Y;urban;rural;rural - urban; movements ;from urban to rural; airport locations), or in instrument types (e.;
46963;yes;from X to Y;urban;rural;rural - urban; To achieve such a change, however, India would need to shift its focus from peasant farming to agribusiness and encourage private capital to move ;from urban to rural; areas.;
41335;yes;from X to Y;rural;urban;rural - urban; The population movement ;from rural to urban; areas has notably affected traditional culture in rural China.;
54003;yes;from X to Y;rural;urban;rural - urban;Assume further that the problem of labor is overlaid with unparalleled migrations ;from rural to urban; locations, immigration across national boundaries and the general suspension of civil rights laws.;
44156;yes;from X to Y;rural;urban;rural - urban; These measures include vehicle density, repairs costs, accident frequency, and litigation @ @ @ @ @ @ @ @ @ @ ;from rural to urban; drivers that would otherwise occur.;
23975;yes;from X to Y;urban;rural;rural - urban; In the early 1990s, there was thus a steady flow of migrants ;from urban to rural; areas.;
27157;yes;from X to Y;rural;urban;rural - urban; It's a subtle change, slowly accomplished, but eventually the realization comes that the river is in transition ;from rural to urban;, from remote to developed, from quiet to crowded.;
37095;yes;from X to Y;rural;urban;rural - urban; Telephone, radio and television, too, eased the transition ;from rural to urban; life.;
41931;yes;from X to Y;urban;rural;rural - urban; The search dogs'specialized training is geared toward a wide variety of lost pet environments, ;from urban to rural;.;
23885;yes;from X to Y;rural;urban;rural - urban; In the 1950s, the central government set up a household-registration system, dividing the population into urban and rural categories and barring most migration ;from rural to urban; areas.;
22238;yes;more X than Y;urban;rural;rural - urban; If cities continue to grow as projected, more than half of us will be living in them by 2010, making the world ;more urban than rural; for the first time in history.;
1250;yes;whether X or Y;urban;rural;rural - urban;" "" But then, some would argue that the family has a psychic gift for knowing the kind of lifestyle, ";whether urban or rural;, that many people dream about.;
27826;yes;whether X or Y;rural;urban;rural - urban; Jay Grymes, Louisiana's state climatologist, says there are different types of drought, ;whether rural or urban;, or affecting agriculture or water reserves.;
50429;yes;whether X or Y;rural;urban;rural - urban; With earthy colors, natural materials and colorful vintage artwork, a Western bedroom is a relaxing retreat in any setting, ;whether rural or urban;.;