class	pattern	X	Y	query
yes	X e Y	buono	cattivo	[lemma="buono" & pos="ADJ"][word="e"][lemma="cattivo" & pos="ADJ"]
yes	X e Y	buono	cattivo	[lemma="cattivo" & pos="ADJ"][word="e"][lemma="buono" & pos="ADJ"]
no	X e Y	buono	cattivo	[lemma!="buono" & pos="ADJ"][word="e"][lemma="cattivo" & pos="ADJ"]
no	X e Y	buono	cattivo	[lemma="buono" & pos="ADJ"][word="e"][lemma!="cattivo" & pos="ADJ"]
no	X e Y	buono	cattivo	[lemma!="cattivo" & pos="ADJ"][word="e"][lemma="buono" & pos="ADJ"]
no	X e Y	buono	cattivo	[lemma="cattivo" & pos="ADJ"][word="e"][lemma!="buono" & pos="ADJ"]
yes	X e Y	debole	forte	[lemma="debole" & pos="ADJ"][word="e"][lemma="forte" & pos="ADJ"]
yes	X e Y	debole	forte	[lemma="forte" & pos="ADJ"][word="e"][lemma="debole" & pos="ADJ"]
no	X e Y	debole	forte	[lemma!="debole" & pos="ADJ"][word="e"][lemma="forte" & pos="ADJ"]
no	X e Y	debole	forte	[lemma="debole" & pos="ADJ"][word="e"][lemma!="forte" & pos="ADJ"]
no	X e Y	debole	forte	[lemma!="forte" & pos="ADJ"][word="e"][lemma="debole" & pos="ADJ"]
no	X e Y	debole	forte	[lemma="forte" & pos="ADJ"][word="e"][lemma!="debole" & pos="ADJ"]
yes	X e Y	giovane	vecchio	[lemma="giovane" & pos="ADJ"][word="e"][lemma="vecchio" & pos="ADJ"]
yes	X e Y	giovane	vecchio	[lemma="vecchio" & pos="ADJ"][word="e"][lemma="giovane" & pos="ADJ"]
no	X e Y	giovane	vecchio	[lemma!="giovane" & pos="ADJ"][word="e"][lemma="vecchio" & pos="ADJ"]
no	X e Y	giovane	vecchio	[lemma="giovane" & pos="ADJ"][word="e"][lemma!="vecchio" & pos="ADJ"]
no	X e Y	giovane	vecchio	[lemma!="vecchio" & pos="ADJ"][word="e"][lemma="giovane" & pos="ADJ"]
no	X e Y	giovane	vecchio	[lemma="vecchio" & pos="ADJ"][word="e"][lemma!="giovane" & pos="ADJ"]
yes	X e Y	leggero	pesante	[lemma="leggero" & pos="ADJ"][word="e"][lemma="pesante" & pos="ADJ"]
yes	X e Y	leggero	pesante	[lemma="pesante" & pos="ADJ"][word="e"][lemma="leggero" & pos="ADJ"]
no	X e Y	leggero	pesante	[lemma!="leggero" & pos="ADJ"][word="e"][lemma="pesante" & pos="ADJ"]
no	X e Y	leggero	pesante	[lemma="leggero" & pos="ADJ"][word="e"][lemma!="pesante" & pos="ADJ"]
no	X e Y	leggero	pesante	[lemma!="pesante" & pos="ADJ"][word="e"][lemma="leggero" & pos="ADJ"]
no	X e Y	leggero	pesante	[lemma="pesante" & pos="ADJ"][word="e"][lemma!="leggero" & pos="ADJ"]
yes	X e Y	lontano	vicino	[lemma="lontano" & pos="ADJ"][word="e"][lemma="vicino" & pos="ADJ"]
yes	X e Y	lontano	vicino	[lemma="vicino" & pos="ADJ"][word="e"][lemma="lontano" & pos="ADJ"]
no	X e Y	lontano	vicino	[lemma!="lontano" & pos="ADJ"][word="e"][lemma="vicino" & pos="ADJ"]
no	X e Y	lontano	vicino	[lemma="lontano" & pos="ADJ"][word="e"][lemma!="vicino" & pos="ADJ"]
no	X e Y	lontano	vicino	[lemma!="vicino" & pos="ADJ"][word="e"][lemma="lontano" & pos="ADJ"]
no	X e Y	lontano	vicino	[lemma="vicino" & pos="ADJ"][word="e"][lemma!="lontano" & pos="ADJ"]
yes	X e Y	morto	vivo	[lemma="morto" & pos="ADJ"][word="e"][lemma="vivo" & pos="ADJ"]
yes	X e Y	morto	vivo	[lemma="vivo" & pos="ADJ"][word="e"][lemma="morto" & pos="ADJ"]
no	X e Y	morto	vivo	[lemma!="morto" & pos="ADJ"][word="e"][lemma="vivo" & pos="ADJ"]
no	X e Y	morto	vivo	[lemma="morto" & pos="ADJ"][word="e"][lemma!="vivo" & pos="ADJ"]
no	X e Y	morto	vivo	[lemma!="vivo" & pos="ADJ"][word="e"][lemma="morto" & pos="ADJ"]
no	X e Y	morto	vivo	[lemma="vivo" & pos="ADJ"][word="e"][lemma!="morto" & pos="ADJ"]
yes	X e Y	falso	vero	[lemma="falso" & pos="ADJ"][word="e"][lemma="vero" & pos="ADJ"]
yes	X e Y	falso	vero	[lemma="vero" & pos="ADJ"][word="e"][lemma="falso" & pos="ADJ"]
no	X e Y	falso	vero	[lemma!="falso" & pos="ADJ"][word="e"][lemma="vero" & pos="ADJ"]
no	X e Y	falso	vero	[lemma="falso" & pos="ADJ"][word="e"][lemma!="vero" & pos="ADJ"]
no	X e Y	falso	vero	[lemma!="vero" & pos="ADJ"][word="e"][lemma="falso" & pos="ADJ"]
no	X e Y	falso	vero	[lemma="vero" & pos="ADJ"][word="e"][lemma!="falso" & pos="ADJ"]
yes	X e Y	femminile	maschile	[lemma="femminile" & pos="ADJ"][word="e"][lemma="maschile" & pos="ADJ"]
yes	X e Y	femminile	maschile	[lemma="maschile" & pos="ADJ"][word="e"][lemma="femminile" & pos="ADJ"]
no	X e Y	femminile	maschile	[lemma!="femminile" & pos="ADJ"][word="e"][lemma="maschile" & pos="ADJ"]
no	X e Y	femminile	maschile	[lemma="femminile" & pos="ADJ"][word="e"][lemma!="maschile" & pos="ADJ"]
no	X e Y	femminile	maschile	[lemma!="maschile" & pos="ADJ"][word="e"][lemma="femminile" & pos="ADJ"]
no	X e Y	femminile	maschile	[lemma="maschile" & pos="ADJ"][word="e"][lemma!="femminile" & pos="ADJ"]
yes	X e Y	profondo	superficiale	[lemma="profondo" & pos="ADJ"][word="e"][lemma="superficiale" & pos="ADJ"]
yes	X e Y	profondo	superficiale	[lemma="superficiale" & pos="ADJ"][word="e"][lemma="profondo" & pos="ADJ"]
no	X e Y	profondo	superficiale	[lemma!="profondo" & pos="ADJ"][word="e"][lemma="superficiale" & pos="ADJ"]
no	X e Y	profondo	superficiale	[lemma="profondo" & pos="ADJ"][word="e"][lemma!="superficiale" & pos="ADJ"]
no	X e Y	profondo	superficiale	[lemma!="superficiale" & pos="ADJ"][word="e"][lemma="profondo" & pos="ADJ"]
no	X e Y	profondo	superficiale	[lemma="superficiale" & pos="ADJ"][word="e"][lemma!="profondo" & pos="ADJ"]
yes	X e Y	corto	lungo	[lemma="corto" & pos="ADJ"][word="e"][lemma="lungo" & pos="ADJ"]
yes	X e Y	corto	lungo	[lemma="lungo" & pos="ADJ"][word="e"][lemma="corto" & pos="ADJ"]
no	X e Y	corto	lungo	[lemma!="corto" & pos="ADJ"][word="e"][lemma="lungo" & pos="ADJ"]
no	X e Y	corto	lungo	[lemma="corto" & pos="ADJ"][word="e"][lemma!="lungo" & pos="ADJ"]
no	X e Y	corto	lungo	[lemma!="lungo" & pos="ADJ"][word="e"][lemma="corto" & pos="ADJ"]
no	X e Y	corto	lungo	[lemma="lungo" & pos="ADJ"][word="e"][lemma!="corto" & pos="ADJ"]
yes	X e Y	alto	basso	[lemma="alto" & pos="ADJ"][word="e"][lemma="basso" & pos="ADJ"]
yes	X e Y	alto	basso	[lemma="basso" & pos="ADJ"][word="e"][lemma="alto" & pos="ADJ"]
no	X e Y	alto	basso	[lemma!="alto" & pos="ADJ"][word="e"][lemma="basso" & pos="ADJ"]
no	X e Y	alto	basso	[lemma="alto" & pos="ADJ"][word="e"][lemma!="basso" & pos="ADJ"]
no	X e Y	alto	basso	[lemma!="basso" & pos="ADJ"][word="e"][lemma="alto" & pos="ADJ"]
no	X e Y	alto	basso	[lemma="basso" & pos="ADJ"][word="e"][lemma!="alto" & pos="ADJ"]
yes	X e Y	povero	ricco	[lemma="povero" & pos="ADJ"][word="e"][lemma="ricco" & pos="ADJ"]
yes	X e Y	povero	ricco	[lemma="ricco" & pos="ADJ"][word="e"][lemma="povero" & pos="ADJ"]
no	X e Y	povero	ricco	[lemma!="povero" & pos="ADJ"][word="e"][lemma="ricco" & pos="ADJ"]
no	X e Y	povero	ricco	[lemma="povero" & pos="ADJ"][word="e"][lemma!="ricco" & pos="ADJ"]
no	X e Y	povero	ricco	[lemma!="ricco" & pos="ADJ"][word="e"][lemma="povero" & pos="ADJ"]
no	X e Y	povero	ricco	[lemma="ricco" & pos="ADJ"][word="e"][lemma!="povero" & pos="ADJ"]
yes	X e Y	chiaro	scuro	[lemma="chiaro" & pos="ADJ"][word="e"][lemma="scuro" & pos="ADJ"]
yes	X e Y	chiaro	scuro	[lemma="scuro" & pos="ADJ"][word="e"][lemma="chiaro" & pos="ADJ"]
no	X e Y	chiaro	scuro	[lemma!="chiaro" & pos="ADJ"][word="e"][lemma="scuro" & pos="ADJ"]
no	X e Y	chiaro	scuro	[lemma="chiaro" & pos="ADJ"][word="e"][lemma!="scuro" & pos="ADJ"]
no	X e Y	chiaro	scuro	[lemma!="scuro" & pos="ADJ"][word="e"][lemma="chiaro" & pos="ADJ"]
no	X e Y	chiaro	scuro	[lemma="scuro" & pos="ADJ"][word="e"][lemma!="chiaro" & pos="ADJ"]
yes	X e Y	intelligente	stupido	[lemma="intelligente" & pos="ADJ"][word="e"][lemma="stupido" & pos="ADJ"]
yes	X e Y	intelligente	stupido	[lemma="stupido" & pos="ADJ"][word="e"][lemma="intelligente" & pos="ADJ"]
no	X e Y	intelligente	stupido	[lemma!="intelligente" & pos="ADJ"][word="e"][lemma="stupido" & pos="ADJ"]
no	X e Y	intelligente	stupido	[lemma="intelligente" & pos="ADJ"][word="e"][lemma!="stupido" & pos="ADJ"]
no	X e Y	intelligente	stupido	[lemma!="stupido" & pos="ADJ"][word="e"][lemma="intelligente" & pos="ADJ"]
no	X e Y	intelligente	stupido	[lemma="stupido" & pos="ADJ"][word="e"][lemma!="intelligente" & pos="ADJ"]
yes	X e Y	bello	brutto	[lemma="bello" & pos="ADJ"][word="e"][lemma="brutto" & pos="ADJ"]
yes	X e Y	bello	brutto	[lemma="brutto" & pos="ADJ"][word="e"][lemma="bello" & pos="ADJ"]
no	X e Y	bello	brutto	[lemma!="bello" & pos="ADJ"][word="e"][lemma="brutto" & pos="ADJ"]
no	X e Y	bello	brutto	[lemma="bello" & pos="ADJ"][word="e"][lemma!="brutto" & pos="ADJ"]
no	X e Y	bello	brutto	[lemma!="brutto" & pos="ADJ"][word="e"][lemma="bello" & pos="ADJ"]
no	X e Y	bello	brutto	[lemma="brutto" & pos="ADJ"][word="e"][lemma!="bello" & pos="ADJ"]
yes	X e Y	lento	veloce	[lemma="lento" & pos="ADJ"][word="e"][lemma="veloce" & pos="ADJ"]
yes	X e Y	lento	veloce	[lemma="veloce" & pos="ADJ"][word="e"][lemma="lento" & pos="ADJ"]
no	X e Y	lento	veloce	[lemma!="lento" & pos="ADJ"][word="e"][lemma="veloce" & pos="ADJ"]
no	X e Y	lento	veloce	[lemma="lento" & pos="ADJ"][word="e"][lemma!="veloce" & pos="ADJ"]
no	X e Y	lento	veloce	[lemma!="veloce" & pos="ADJ"][word="e"][lemma="lento" & pos="ADJ"]
no	X e Y	lento	veloce	[lemma="veloce" & pos="ADJ"][word="e"][lemma!="lento" & pos="ADJ"]
yes	X e Y	felice	triste	[lemma="felice" & pos="ADJ"][word="e"][lemma="triste" & pos="ADJ"]
yes	X e Y	felice	triste	[lemma="triste" & pos="ADJ"][word="e"][lemma="felice" & pos="ADJ"]
no	X e Y	felice	triste	[lemma!="felice" & pos="ADJ"][word="e"][lemma="triste" & pos="ADJ"]
no	X e Y	felice	triste	[lemma="felice" & pos="ADJ"][word="e"][lemma!="triste" & pos="ADJ"]
no	X e Y	felice	triste	[lemma!="triste" & pos="ADJ"][word="e"][lemma="felice" & pos="ADJ"]
no	X e Y	felice	triste	[lemma="triste" & pos="ADJ"][word="e"][lemma!="felice" & pos="ADJ"]
yes	X e Y	malato	sano	[lemma="malato" & pos="ADJ"][word="e"][lemma="sano" & pos="ADJ"]
yes	X e Y	malato	sano	[lemma="sano" & pos="ADJ"][word="e"][lemma="malato" & pos="ADJ"]
no	X e Y	malato	sano	[lemma!="malato" & pos="ADJ"][word="e"][lemma="sano" & pos="ADJ"]
no	X e Y	malato	sano	[lemma="malato" & pos="ADJ"][word="e"][lemma!="sano" & pos="ADJ"]
no	X e Y	malato	sano	[lemma!="sano" & pos="ADJ"][word="e"][lemma="malato" & pos="ADJ"]
no	X e Y	malato	sano	[lemma="sano" & pos="ADJ"][word="e"][lemma!="malato" & pos="ADJ"]
yes	X e Y	pulito	sporco	[lemma="pulito" & pos="ADJ"][word="e"][lemma="sporco" & pos="ADJ"]
yes	X e Y	pulito	sporco	[lemma="sporco" & pos="ADJ"][word="e"][lemma="pulito" & pos="ADJ"]
no	X e Y	pulito	sporco	[lemma!="pulito" & pos="ADJ"][word="e"][lemma="sporco" & pos="ADJ"]
no	X e Y	pulito	sporco	[lemma="pulito" & pos="ADJ"][word="e"][lemma!="sporco" & pos="ADJ"]
no	X e Y	pulito	sporco	[lemma!="sporco" & pos="ADJ"][word="e"][lemma="pulito" & pos="ADJ"]
no	X e Y	pulito	sporco	[lemma="sporco" & pos="ADJ"][word="e"][lemma!="pulito" & pos="ADJ"]
yes	X e Y	bianco	nero	[lemma="bianco" & pos="ADJ"][word="e"][lemma="nero" & pos="ADJ"]
yes	X e Y	bianco	nero	[lemma="nero" & pos="ADJ"][word="e"][lemma="bianco" & pos="ADJ"]
no	X e Y	bianco	nero	[lemma!="bianco" & pos="ADJ"][word="e"][lemma="nero" & pos="ADJ"]
no	X e Y	bianco	nero	[lemma="bianco" & pos="ADJ"][word="e"][lemma!="nero" & pos="ADJ"]
no	X e Y	bianco	nero	[lemma!="nero" & pos="ADJ"][word="e"][lemma="bianco" & pos="ADJ"]
no	X e Y	bianco	nero	[lemma="nero" & pos="ADJ"][word="e"][lemma!="bianco" & pos="ADJ"]
yes	X e Y	largo	stretto	[lemma="largo" & pos="ADJ"][word="e"][lemma="stretto" & pos="ADJ"]
yes	X e Y	largo	stretto	[lemma="stretto" & pos="ADJ"][word="e"][lemma="largo" & pos="ADJ"]
no	X e Y	largo	stretto	[lemma!="largo" & pos="ADJ"][word="e"][lemma="stretto" & pos="ADJ"]
no	X e Y	largo	stretto	[lemma="largo" & pos="ADJ"][word="e"][lemma!="stretto" & pos="ADJ"]
no	X e Y	largo	stretto	[lemma!="stretto" & pos="ADJ"][word="e"][lemma="largo" & pos="ADJ"]
no	X e Y	largo	stretto	[lemma="stretto" & pos="ADJ"][word="e"][lemma!="largo" & pos="ADJ"]
yes	X e Y	grande	piccolo	[lemma="grande" & pos="ADJ"][word="e"][lemma="piccolo" & pos="ADJ"]
yes	X e Y	grande	piccolo	[lemma="piccolo" & pos="ADJ"][word="e"][lemma="grande" & pos="ADJ"]
no	X e Y	grande	piccolo	[lemma!="grande" & pos="ADJ"][word="e"][lemma="piccolo" & pos="ADJ"]
no	X e Y	grande	piccolo	[lemma="grande" & pos="ADJ"][word="e"][lemma!="piccolo" & pos="ADJ"]
no	X e Y	grande	piccolo	[lemma!="piccolo" & pos="ADJ"][word="e"][lemma="grande" & pos="ADJ"]
no	X e Y	grande	piccolo	[lemma="piccolo" & pos="ADJ"][word="e"][lemma!="grande" & pos="ADJ"]
yes	sia X che Y	buono	cattivo	[word="sia"][lemma="buono" & pos="ADJ"][word="che"][lemma="cattivo" & pos="ADJ"]
yes	sia X che Y	buono	cattivo	[word="sia"][lemma="cattivo" & pos="ADJ"][word="che"][lemma="buono" & pos="ADJ"]
no	sia X che Y	buono	cattivo	[word="sia"][lemma!="buono" & pos="ADJ"][word="che"][lemma="cattivo" & pos="ADJ"]
no	sia X che Y	buono	cattivo	[word="sia"][lemma="buono" & pos="ADJ"][word="che"][lemma!="cattivo" & pos="ADJ"]
no	sia X che Y	buono	cattivo	[word="sia"][lemma!="cattivo" & pos="ADJ"][word="che"][lemma="buono" & pos="ADJ"]
no	sia X che Y	buono	cattivo	[word="sia"][lemma="cattivo" & pos="ADJ"][word="che"][lemma!="buono" & pos="ADJ"]
yes	sia X che Y	debole	forte	[word="sia"][lemma="debole" & pos="ADJ"][word="che"][lemma="forte" & pos="ADJ"]
yes	sia X che Y	debole	forte	[word="sia"][lemma="forte" & pos="ADJ"][word="che"][lemma="debole" & pos="ADJ"]
no	sia X che Y	debole	forte	[word="sia"][lemma!="debole" & pos="ADJ"][word="che"][lemma="forte" & pos="ADJ"]
no	sia X che Y	debole	forte	[word="sia"][lemma="debole" & pos="ADJ"][word="che"][lemma!="forte" & pos="ADJ"]
no	sia X che Y	debole	forte	[word="sia"][lemma!="forte" & pos="ADJ"][word="che"][lemma="debole" & pos="ADJ"]
no	sia X che Y	debole	forte	[word="sia"][lemma="forte" & pos="ADJ"][word="che"][lemma!="debole" & pos="ADJ"]
yes	sia X che Y	giovane	vecchio	[word="sia"][lemma="giovane" & pos="ADJ"][word="che"][lemma="vecchio" & pos="ADJ"]
yes	sia X che Y	giovane	vecchio	[word="sia"][lemma="vecchio" & pos="ADJ"][word="che"][lemma="giovane" & pos="ADJ"]
no	sia X che Y	giovane	vecchio	[word="sia"][lemma!="giovane" & pos="ADJ"][word="che"][lemma="vecchio" & pos="ADJ"]
no	sia X che Y	giovane	vecchio	[word="sia"][lemma="giovane" & pos="ADJ"][word="che"][lemma!="vecchio" & pos="ADJ"]
no	sia X che Y	giovane	vecchio	[word="sia"][lemma!="vecchio" & pos="ADJ"][word="che"][lemma="giovane" & pos="ADJ"]
no	sia X che Y	giovane	vecchio	[word="sia"][lemma="vecchio" & pos="ADJ"][word="che"][lemma!="giovane" & pos="ADJ"]
yes	sia X che Y	leggero	pesante	[word="sia"][lemma="leggero" & pos="ADJ"][word="che"][lemma="pesante" & pos="ADJ"]
yes	sia X che Y	leggero	pesante	[word="sia"][lemma="pesante" & pos="ADJ"][word="che"][lemma="leggero" & pos="ADJ"]
no	sia X che Y	leggero	pesante	[word="sia"][lemma!="leggero" & pos="ADJ"][word="che"][lemma="pesante" & pos="ADJ"]
no	sia X che Y	leggero	pesante	[word="sia"][lemma="leggero" & pos="ADJ"][word="che"][lemma!="pesante" & pos="ADJ"]
no	sia X che Y	leggero	pesante	[word="sia"][lemma!="pesante" & pos="ADJ"][word="che"][lemma="leggero" & pos="ADJ"]
no	sia X che Y	leggero	pesante	[word="sia"][lemma="pesante" & pos="ADJ"][word="che"][lemma!="leggero" & pos="ADJ"]
yes	sia X che Y	lontano	vicino	[word="sia"][lemma="lontano" & pos="ADJ"][word="che"][lemma="vicino" & pos="ADJ"]
yes	sia X che Y	lontano	vicino	[word="sia"][lemma="vicino" & pos="ADJ"][word="che"][lemma="lontano" & pos="ADJ"]
no	sia X che Y	lontano	vicino	[word="sia"][lemma!="lontano" & pos="ADJ"][word="che"][lemma="vicino" & pos="ADJ"]
no	sia X che Y	lontano	vicino	[word="sia"][lemma="lontano" & pos="ADJ"][word="che"][lemma!="vicino" & pos="ADJ"]
no	sia X che Y	lontano	vicino	[word="sia"][lemma!="vicino" & pos="ADJ"][word="che"][lemma="lontano" & pos="ADJ"]
no	sia X che Y	lontano	vicino	[word="sia"][lemma="vicino" & pos="ADJ"][word="che"][lemma!="lontano" & pos="ADJ"]
yes	sia X che Y	morto	vivo	[word="sia"][lemma="morto" & pos="ADJ"][word="che"][lemma="vivo" & pos="ADJ"]
yes	sia X che Y	morto	vivo	[word="sia"][lemma="vivo" & pos="ADJ"][word="che"][lemma="morto" & pos="ADJ"]
no	sia X che Y	morto	vivo	[word="sia"][lemma!="morto" & pos="ADJ"][word="che"][lemma="vivo" & pos="ADJ"]
no	sia X che Y	morto	vivo	[word="sia"][lemma="morto" & pos="ADJ"][word="che"][lemma!="vivo" & pos="ADJ"]
no	sia X che Y	morto	vivo	[word="sia"][lemma!="vivo" & pos="ADJ"][word="che"][lemma="morto" & pos="ADJ"]
no	sia X che Y	morto	vivo	[word="sia"][lemma="vivo" & pos="ADJ"][word="che"][lemma!="morto" & pos="ADJ"]
yes	sia X che Y	falso	vero	[word="sia"][lemma="falso" & pos="ADJ"][word="che"][lemma="vero" & pos="ADJ"]
yes	sia X che Y	falso	vero	[word="sia"][lemma="vero" & pos="ADJ"][word="che"][lemma="falso" & pos="ADJ"]
no	sia X che Y	falso	vero	[word="sia"][lemma!="falso" & pos="ADJ"][word="che"][lemma="vero" & pos="ADJ"]
no	sia X che Y	falso	vero	[word="sia"][lemma="falso" & pos="ADJ"][word="che"][lemma!="vero" & pos="ADJ"]
no	sia X che Y	falso	vero	[word="sia"][lemma!="vero" & pos="ADJ"][word="che"][lemma="falso" & pos="ADJ"]
no	sia X che Y	falso	vero	[word="sia"][lemma="vero" & pos="ADJ"][word="che"][lemma!="falso" & pos="ADJ"]
yes	sia X che Y	femminile	maschile	[word="sia"][lemma="femminile" & pos="ADJ"][word="che"][lemma="maschile" & pos="ADJ"]
yes	sia X che Y	femminile	maschile	[word="sia"][lemma="maschile" & pos="ADJ"][word="che"][lemma="femminile" & pos="ADJ"]
no	sia X che Y	femminile	maschile	[word="sia"][lemma!="femminile" & pos="ADJ"][word="che"][lemma="maschile" & pos="ADJ"]
no	sia X che Y	femminile	maschile	[word="sia"][lemma="femminile" & pos="ADJ"][word="che"][lemma!="maschile" & pos="ADJ"]
no	sia X che Y	femminile	maschile	[word="sia"][lemma!="maschile" & pos="ADJ"][word="che"][lemma="femminile" & pos="ADJ"]
no	sia X che Y	femminile	maschile	[word="sia"][lemma="maschile" & pos="ADJ"][word="che"][lemma!="femminile" & pos="ADJ"]
yes	sia X che Y	profondo	superficiale	[word="sia"][lemma="profondo" & pos="ADJ"][word="che"][lemma="superficiale" & pos="ADJ"]
yes	sia X che Y	profondo	superficiale	[word="sia"][lemma="superficiale" & pos="ADJ"][word="che"][lemma="profondo" & pos="ADJ"]
no	sia X che Y	profondo	superficiale	[word="sia"][lemma!="profondo" & pos="ADJ"][word="che"][lemma="superficiale" & pos="ADJ"]
no	sia X che Y	profondo	superficiale	[word="sia"][lemma="profondo" & pos="ADJ"][word="che"][lemma!="superficiale" & pos="ADJ"]
no	sia X che Y	profondo	superficiale	[word="sia"][lemma!="superficiale" & pos="ADJ"][word="che"][lemma="profondo" & pos="ADJ"]
no	sia X che Y	profondo	superficiale	[word="sia"][lemma="superficiale" & pos="ADJ"][word="che"][lemma!="profondo" & pos="ADJ"]
yes	sia X che Y	corto	lungo	[word="sia"][lemma="corto" & pos="ADJ"][word="che"][lemma="lungo" & pos="ADJ"]
yes	sia X che Y	corto	lungo	[word="sia"][lemma="lungo" & pos="ADJ"][word="che"][lemma="corto" & pos="ADJ"]
no	sia X che Y	corto	lungo	[word="sia"][lemma!="corto" & pos="ADJ"][word="che"][lemma="lungo" & pos="ADJ"]
no	sia X che Y	corto	lungo	[word="sia"][lemma="corto" & pos="ADJ"][word="che"][lemma!="lungo" & pos="ADJ"]
no	sia X che Y	corto	lungo	[word="sia"][lemma!="lungo" & pos="ADJ"][word="che"][lemma="corto" & pos="ADJ"]
no	sia X che Y	corto	lungo	[word="sia"][lemma="lungo" & pos="ADJ"][word="che"][lemma!="corto" & pos="ADJ"]
yes	sia X che Y	alto	basso	[word="sia"][lemma="alto" & pos="ADJ"][word="che"][lemma="basso" & pos="ADJ"]
yes	sia X che Y	alto	basso	[word="sia"][lemma="basso" & pos="ADJ"][word="che"][lemma="alto" & pos="ADJ"]
no	sia X che Y	alto	basso	[word="sia"][lemma!="alto" & pos="ADJ"][word="che"][lemma="basso" & pos="ADJ"]
no	sia X che Y	alto	basso	[word="sia"][lemma="alto" & pos="ADJ"][word="che"][lemma!="basso" & pos="ADJ"]
no	sia X che Y	alto	basso	[word="sia"][lemma!="basso" & pos="ADJ"][word="che"][lemma="alto" & pos="ADJ"]
no	sia X che Y	alto	basso	[word="sia"][lemma="basso" & pos="ADJ"][word="che"][lemma!="alto" & pos="ADJ"]
yes	sia X che Y	povero	ricco	[word="sia"][lemma="povero" & pos="ADJ"][word="che"][lemma="ricco" & pos="ADJ"]
yes	sia X che Y	povero	ricco	[word="sia"][lemma="ricco" & pos="ADJ"][word="che"][lemma="povero" & pos="ADJ"]
no	sia X che Y	povero	ricco	[word="sia"][lemma!="povero" & pos="ADJ"][word="che"][lemma="ricco" & pos="ADJ"]
no	sia X che Y	povero	ricco	[word="sia"][lemma="povero" & pos="ADJ"][word="che"][lemma!="ricco" & pos="ADJ"]
no	sia X che Y	povero	ricco	[word="sia"][lemma!="ricco" & pos="ADJ"][word="che"][lemma="povero" & pos="ADJ"]
no	sia X che Y	povero	ricco	[word="sia"][lemma="ricco" & pos="ADJ"][word="che"][lemma!="povero" & pos="ADJ"]
yes	sia X che Y	chiaro	scuro	[word="sia"][lemma="chiaro" & pos="ADJ"][word="che"][lemma="scuro" & pos="ADJ"]
yes	sia X che Y	chiaro	scuro	[word="sia"][lemma="scuro" & pos="ADJ"][word="che"][lemma="chiaro" & pos="ADJ"]
no	sia X che Y	chiaro	scuro	[word="sia"][lemma!="chiaro" & pos="ADJ"][word="che"][lemma="scuro" & pos="ADJ"]
no	sia X che Y	chiaro	scuro	[word="sia"][lemma="chiaro" & pos="ADJ"][word="che"][lemma!="scuro" & pos="ADJ"]
no	sia X che Y	chiaro	scuro	[word="sia"][lemma!="scuro" & pos="ADJ"][word="che"][lemma="chiaro" & pos="ADJ"]
no	sia X che Y	chiaro	scuro	[word="sia"][lemma="scuro" & pos="ADJ"][word="che"][lemma!="chiaro" & pos="ADJ"]
yes	sia X che Y	intelligente	stupido	[word="sia"][lemma="intelligente" & pos="ADJ"][word="che"][lemma="stupido" & pos="ADJ"]
yes	sia X che Y	intelligente	stupido	[word="sia"][lemma="stupido" & pos="ADJ"][word="che"][lemma="intelligente" & pos="ADJ"]
no	sia X che Y	intelligente	stupido	[word="sia"][lemma!="intelligente" & pos="ADJ"][word="che"][lemma="stupido" & pos="ADJ"]
no	sia X che Y	intelligente	stupido	[word="sia"][lemma="intelligente" & pos="ADJ"][word="che"][lemma!="stupido" & pos="ADJ"]
no	sia X che Y	intelligente	stupido	[word="sia"][lemma!="stupido" & pos="ADJ"][word="che"][lemma="intelligente" & pos="ADJ"]
no	sia X che Y	intelligente	stupido	[word="sia"][lemma="stupido" & pos="ADJ"][word="che"][lemma!="intelligente" & pos="ADJ"]
yes	sia X che Y	bello	brutto	[word="sia"][lemma="bello" & pos="ADJ"][word="che"][lemma="brutto" & pos="ADJ"]
yes	sia X che Y	bello	brutto	[word="sia"][lemma="brutto" & pos="ADJ"][word="che"][lemma="bello" & pos="ADJ"]
no	sia X che Y	bello	brutto	[word="sia"][lemma!="bello" & pos="ADJ"][word="che"][lemma="brutto" & pos="ADJ"]
no	sia X che Y	bello	brutto	[word="sia"][lemma="bello" & pos="ADJ"][word="che"][lemma!="brutto" & pos="ADJ"]
no	sia X che Y	bello	brutto	[word="sia"][lemma!="brutto" & pos="ADJ"][word="che"][lemma="bello" & pos="ADJ"]
no	sia X che Y	bello	brutto	[word="sia"][lemma="brutto" & pos="ADJ"][word="che"][lemma!="bello" & pos="ADJ"]
yes	sia X che Y	lento	veloce	[word="sia"][lemma="lento" & pos="ADJ"][word="che"][lemma="veloce" & pos="ADJ"]
yes	sia X che Y	lento	veloce	[word="sia"][lemma="veloce" & pos="ADJ"][word="che"][lemma="lento" & pos="ADJ"]
no	sia X che Y	lento	veloce	[word="sia"][lemma!="lento" & pos="ADJ"][word="che"][lemma="veloce" & pos="ADJ"]
no	sia X che Y	lento	veloce	[word="sia"][lemma="lento" & pos="ADJ"][word="che"][lemma!="veloce" & pos="ADJ"]
no	sia X che Y	lento	veloce	[word="sia"][lemma!="veloce" & pos="ADJ"][word="che"][lemma="lento" & pos="ADJ"]
no	sia X che Y	lento	veloce	[word="sia"][lemma="veloce" & pos="ADJ"][word="che"][lemma!="lento" & pos="ADJ"]
yes	sia X che Y	felice	triste	[word="sia"][lemma="felice" & pos="ADJ"][word="che"][lemma="triste" & pos="ADJ"]
yes	sia X che Y	felice	triste	[word="sia"][lemma="triste" & pos="ADJ"][word="che"][lemma="felice" & pos="ADJ"]
no	sia X che Y	felice	triste	[word="sia"][lemma!="felice" & pos="ADJ"][word="che"][lemma="triste" & pos="ADJ"]
no	sia X che Y	felice	triste	[word="sia"][lemma="felice" & pos="ADJ"][word="che"][lemma!="triste" & pos="ADJ"]
no	sia X che Y	felice	triste	[word="sia"][lemma!="triste" & pos="ADJ"][word="che"][lemma="felice" & pos="ADJ"]
no	sia X che Y	felice	triste	[word="sia"][lemma="triste" & pos="ADJ"][word="che"][lemma!="felice" & pos="ADJ"]
yes	sia X che Y	malato	sano	[word="sia"][lemma="malato" & pos="ADJ"][word="che"][lemma="sano" & pos="ADJ"]
yes	sia X che Y	malato	sano	[word="sia"][lemma="sano" & pos="ADJ"][word="che"][lemma="malato" & pos="ADJ"]
no	sia X che Y	malato	sano	[word="sia"][lemma!="malato" & pos="ADJ"][word="che"][lemma="sano" & pos="ADJ"]
no	sia X che Y	malato	sano	[word="sia"][lemma="malato" & pos="ADJ"][word="che"][lemma!="sano" & pos="ADJ"]
no	sia X che Y	malato	sano	[word="sia"][lemma!="sano" & pos="ADJ"][word="che"][lemma="malato" & pos="ADJ"]
no	sia X che Y	malato	sano	[word="sia"][lemma="sano" & pos="ADJ"][word="che"][lemma!="malato" & pos="ADJ"]
yes	sia X che Y	pulito	sporco	[word="sia"][lemma="pulito" & pos="ADJ"][word="che"][lemma="sporco" & pos="ADJ"]
yes	sia X che Y	pulito	sporco	[word="sia"][lemma="sporco" & pos="ADJ"][word="che"][lemma="pulito" & pos="ADJ"]
no	sia X che Y	pulito	sporco	[word="sia"][lemma!="pulito" & pos="ADJ"][word="che"][lemma="sporco" & pos="ADJ"]
no	sia X che Y	pulito	sporco	[word="sia"][lemma="pulito" & pos="ADJ"][word="che"][lemma!="sporco" & pos="ADJ"]
no	sia X che Y	pulito	sporco	[word="sia"][lemma!="sporco" & pos="ADJ"][word="che"][lemma="pulito" & pos="ADJ"]
no	sia X che Y	pulito	sporco	[word="sia"][lemma="sporco" & pos="ADJ"][word="che"][lemma!="pulito" & pos="ADJ"]
yes	sia X che Y	bianco	nero	[word="sia"][lemma="bianco" & pos="ADJ"][word="che"][lemma="nero" & pos="ADJ"]
yes	sia X che Y	bianco	nero	[word="sia"][lemma="nero" & pos="ADJ"][word="che"][lemma="bianco" & pos="ADJ"]
no	sia X che Y	bianco	nero	[word="sia"][lemma!="bianco" & pos="ADJ"][word="che"][lemma="nero" & pos="ADJ"]
no	sia X che Y	bianco	nero	[word="sia"][lemma="bianco" & pos="ADJ"][word="che"][lemma!="nero" & pos="ADJ"]
no	sia X che Y	bianco	nero	[word="sia"][lemma!="nero" & pos="ADJ"][word="che"][lemma="bianco" & pos="ADJ"]
no	sia X che Y	bianco	nero	[word="sia"][lemma="nero" & pos="ADJ"][word="che"][lemma!="bianco" & pos="ADJ"]
yes	sia X che Y	largo	stretto	[word="sia"][lemma="largo" & pos="ADJ"][word="che"][lemma="stretto" & pos="ADJ"]
yes	sia X che Y	largo	stretto	[word="sia"][lemma="stretto" & pos="ADJ"][word="che"][lemma="largo" & pos="ADJ"]
no	sia X che Y	largo	stretto	[word="sia"][lemma!="largo" & pos="ADJ"][word="che"][lemma="stretto" & pos="ADJ"]
no	sia X che Y	largo	stretto	[word="sia"][lemma="largo" & pos="ADJ"][word="che"][lemma!="stretto" & pos="ADJ"]
no	sia X che Y	largo	stretto	[word="sia"][lemma!="stretto" & pos="ADJ"][word="che"][lemma="largo" & pos="ADJ"]
no	sia X che Y	largo	stretto	[word="sia"][lemma="stretto" & pos="ADJ"][word="che"][lemma!="largo" & pos="ADJ"]
yes	sia X che Y	grande	piccolo	[word="sia"][lemma="grande" & pos="ADJ"][word="che"][lemma="piccolo" & pos="ADJ"]
yes	sia X che Y	grande	piccolo	[word="sia"][lemma="piccolo" & pos="ADJ"][word="che"][lemma="grande" & pos="ADJ"]
no	sia X che Y	grande	piccolo	[word="sia"][lemma!="grande" & pos="ADJ"][word="che"][lemma="piccolo" & pos="ADJ"]
no	sia X che Y	grande	piccolo	[word="sia"][lemma="grande" & pos="ADJ"][word="che"][lemma!="piccolo" & pos="ADJ"]
no	sia X che Y	grande	piccolo	[word="sia"][lemma!="piccolo" & pos="ADJ"][word="che"][lemma="grande" & pos="ADJ"]
no	sia X che Y	grande	piccolo	[word="sia"][lemma="piccolo" & pos="ADJ"][word="che"][lemma!="grande" & pos="ADJ"]
yes	X o Y	buono	cattivo	[lemma="buono" & pos="ADJ"][word="o"][lemma="cattivo" & pos="ADJ"]
yes	X o Y	buono	cattivo	[lemma="cattivo" & pos="ADJ"][word="o"][lemma="buono" & pos="ADJ"]
no	X o Y	buono	cattivo	[lemma!="buono" & pos="ADJ"][word="o"][lemma="cattivo" & pos="ADJ"]
no	X o Y	buono	cattivo	[lemma="buono" & pos="ADJ"][word="o"][lemma!="cattivo" & pos="ADJ"]
no	X o Y	buono	cattivo	[lemma!="cattivo" & pos="ADJ"][word="o"][lemma="buono" & pos="ADJ"]
no	X o Y	buono	cattivo	[lemma="cattivo" & pos="ADJ"][word="o"][lemma!="buono" & pos="ADJ"]
yes	X o Y	debole	forte	[lemma="debole" & pos="ADJ"][word="o"][lemma="forte" & pos="ADJ"]
yes	X o Y	debole	forte	[lemma="forte" & pos="ADJ"][word="o"][lemma="debole" & pos="ADJ"]
no	X o Y	debole	forte	[lemma!="debole" & pos="ADJ"][word="o"][lemma="forte" & pos="ADJ"]
no	X o Y	debole	forte	[lemma="debole" & pos="ADJ"][word="o"][lemma!="forte" & pos="ADJ"]
no	X o Y	debole	forte	[lemma!="forte" & pos="ADJ"][word="o"][lemma="debole" & pos="ADJ"]
no	X o Y	debole	forte	[lemma="forte" & pos="ADJ"][word="o"][lemma!="debole" & pos="ADJ"]
yes	X o Y	giovane	vecchio	[lemma="giovane" & pos="ADJ"][word="o"][lemma="vecchio" & pos="ADJ"]
yes	X o Y	giovane	vecchio	[lemma="vecchio" & pos="ADJ"][word="o"][lemma="giovane" & pos="ADJ"]
no	X o Y	giovane	vecchio	[lemma!="giovane" & pos="ADJ"][word="o"][lemma="vecchio" & pos="ADJ"]
no	X o Y	giovane	vecchio	[lemma="giovane" & pos="ADJ"][word="o"][lemma!="vecchio" & pos="ADJ"]
no	X o Y	giovane	vecchio	[lemma!="vecchio" & pos="ADJ"][word="o"][lemma="giovane" & pos="ADJ"]
no	X o Y	giovane	vecchio	[lemma="vecchio" & pos="ADJ"][word="o"][lemma!="giovane" & pos="ADJ"]
yes	X o Y	leggero	pesante	[lemma="leggero" & pos="ADJ"][word="o"][lemma="pesante" & pos="ADJ"]
yes	X o Y	leggero	pesante	[lemma="pesante" & pos="ADJ"][word="o"][lemma="leggero" & pos="ADJ"]
no	X o Y	leggero	pesante	[lemma!="leggero" & pos="ADJ"][word="o"][lemma="pesante" & pos="ADJ"]
no	X o Y	leggero	pesante	[lemma="leggero" & pos="ADJ"][word="o"][lemma!="pesante" & pos="ADJ"]
no	X o Y	leggero	pesante	[lemma!="pesante" & pos="ADJ"][word="o"][lemma="leggero" & pos="ADJ"]
no	X o Y	leggero	pesante	[lemma="pesante" & pos="ADJ"][word="o"][lemma!="leggero" & pos="ADJ"]
yes	X o Y	lontano	vicino	[lemma="lontano" & pos="ADJ"][word="o"][lemma="vicino" & pos="ADJ"]
yes	X o Y	lontano	vicino	[lemma="vicino" & pos="ADJ"][word="o"][lemma="lontano" & pos="ADJ"]
no	X o Y	lontano	vicino	[lemma!="lontano" & pos="ADJ"][word="o"][lemma="vicino" & pos="ADJ"]
no	X o Y	lontano	vicino	[lemma="lontano" & pos="ADJ"][word="o"][lemma!="vicino" & pos="ADJ"]
no	X o Y	lontano	vicino	[lemma!="vicino" & pos="ADJ"][word="o"][lemma="lontano" & pos="ADJ"]
no	X o Y	lontano	vicino	[lemma="vicino" & pos="ADJ"][word="o"][lemma!="lontano" & pos="ADJ"]
yes	X o Y	morto	vivo	[lemma="morto" & pos="ADJ"][word="o"][lemma="vivo" & pos="ADJ"]
yes	X o Y	morto	vivo	[lemma="vivo" & pos="ADJ"][word="o"][lemma="morto" & pos="ADJ"]
no	X o Y	morto	vivo	[lemma!="morto" & pos="ADJ"][word="o"][lemma="vivo" & pos="ADJ"]
no	X o Y	morto	vivo	[lemma="morto" & pos="ADJ"][word="o"][lemma!="vivo" & pos="ADJ"]
no	X o Y	morto	vivo	[lemma!="vivo" & pos="ADJ"][word="o"][lemma="morto" & pos="ADJ"]
no	X o Y	morto	vivo	[lemma="vivo" & pos="ADJ"][word="o"][lemma!="morto" & pos="ADJ"]
yes	X o Y	falso	vero	[lemma="falso" & pos="ADJ"][word="o"][lemma="vero" & pos="ADJ"]
yes	X o Y	falso	vero	[lemma="vero" & pos="ADJ"][word="o"][lemma="falso" & pos="ADJ"]
no	X o Y	falso	vero	[lemma!="falso" & pos="ADJ"][word="o"][lemma="vero" & pos="ADJ"]
no	X o Y	falso	vero	[lemma="falso" & pos="ADJ"][word="o"][lemma!="vero" & pos="ADJ"]
no	X o Y	falso	vero	[lemma!="vero" & pos="ADJ"][word="o"][lemma="falso" & pos="ADJ"]
no	X o Y	falso	vero	[lemma="vero" & pos="ADJ"][word="o"][lemma!="falso" & pos="ADJ"]
yes	X o Y	femminile	maschile	[lemma="femminile" & pos="ADJ"][word="o"][lemma="maschile" & pos="ADJ"]
yes	X o Y	femminile	maschile	[lemma="maschile" & pos="ADJ"][word="o"][lemma="femminile" & pos="ADJ"]
no	X o Y	femminile	maschile	[lemma!="femminile" & pos="ADJ"][word="o"][lemma="maschile" & pos="ADJ"]
no	X o Y	femminile	maschile	[lemma="femminile" & pos="ADJ"][word="o"][lemma!="maschile" & pos="ADJ"]
no	X o Y	femminile	maschile	[lemma!="maschile" & pos="ADJ"][word="o"][lemma="femminile" & pos="ADJ"]
no	X o Y	femminile	maschile	[lemma="maschile" & pos="ADJ"][word="o"][lemma!="femminile" & pos="ADJ"]
yes	X o Y	profondo	superficiale	[lemma="profondo" & pos="ADJ"][word="o"][lemma="superficiale" & pos="ADJ"]
yes	X o Y	profondo	superficiale	[lemma="superficiale" & pos="ADJ"][word="o"][lemma="profondo" & pos="ADJ"]
no	X o Y	profondo	superficiale	[lemma!="profondo" & pos="ADJ"][word="o"][lemma="superficiale" & pos="ADJ"]
no	X o Y	profondo	superficiale	[lemma="profondo" & pos="ADJ"][word="o"][lemma!="superficiale" & pos="ADJ"]
no	X o Y	profondo	superficiale	[lemma!="superficiale" & pos="ADJ"][word="o"][lemma="profondo" & pos="ADJ"]
no	X o Y	profondo	superficiale	[lemma="superficiale" & pos="ADJ"][word="o"][lemma!="profondo" & pos="ADJ"]
yes	X o Y	corto	lungo	[lemma="corto" & pos="ADJ"][word="o"][lemma="lungo" & pos="ADJ"]
yes	X o Y	corto	lungo	[lemma="lungo" & pos="ADJ"][word="o"][lemma="corto" & pos="ADJ"]
no	X o Y	corto	lungo	[lemma!="corto" & pos="ADJ"][word="o"][lemma="lungo" & pos="ADJ"]
no	X o Y	corto	lungo	[lemma="corto" & pos="ADJ"][word="o"][lemma!="lungo" & pos="ADJ"]
no	X o Y	corto	lungo	[lemma!="lungo" & pos="ADJ"][word="o"][lemma="corto" & pos="ADJ"]
no	X o Y	corto	lungo	[lemma="lungo" & pos="ADJ"][word="o"][lemma!="corto" & pos="ADJ"]
yes	X o Y	alto	basso	[lemma="alto" & pos="ADJ"][word="o"][lemma="basso" & pos="ADJ"]
yes	X o Y	alto	basso	[lemma="basso" & pos="ADJ"][word="o"][lemma="alto" & pos="ADJ"]
no	X o Y	alto	basso	[lemma!="alto" & pos="ADJ"][word="o"][lemma="basso" & pos="ADJ"]
no	X o Y	alto	basso	[lemma="alto" & pos="ADJ"][word="o"][lemma!="basso" & pos="ADJ"]
no	X o Y	alto	basso	[lemma!="basso" & pos="ADJ"][word="o"][lemma="alto" & pos="ADJ"]
no	X o Y	alto	basso	[lemma="basso" & pos="ADJ"][word="o"][lemma!="alto" & pos="ADJ"]
yes	X o Y	povero	ricco	[lemma="povero" & pos="ADJ"][word="o"][lemma="ricco" & pos="ADJ"]
yes	X o Y	povero	ricco	[lemma="ricco" & pos="ADJ"][word="o"][lemma="povero" & pos="ADJ"]
no	X o Y	povero	ricco	[lemma!="povero" & pos="ADJ"][word="o"][lemma="ricco" & pos="ADJ"]
no	X o Y	povero	ricco	[lemma="povero" & pos="ADJ"][word="o"][lemma!="ricco" & pos="ADJ"]
no	X o Y	povero	ricco	[lemma!="ricco" & pos="ADJ"][word="o"][lemma="povero" & pos="ADJ"]
no	X o Y	povero	ricco	[lemma="ricco" & pos="ADJ"][word="o"][lemma!="povero" & pos="ADJ"]
yes	X o Y	chiaro	scuro	[lemma="chiaro" & pos="ADJ"][word="o"][lemma="scuro" & pos="ADJ"]
yes	X o Y	chiaro	scuro	[lemma="scuro" & pos="ADJ"][word="o"][lemma="chiaro" & pos="ADJ"]
no	X o Y	chiaro	scuro	[lemma!="chiaro" & pos="ADJ"][word="o"][lemma="scuro" & pos="ADJ"]
no	X o Y	chiaro	scuro	[lemma="chiaro" & pos="ADJ"][word="o"][lemma!="scuro" & pos="ADJ"]
no	X o Y	chiaro	scuro	[lemma!="scuro" & pos="ADJ"][word="o"][lemma="chiaro" & pos="ADJ"]
no	X o Y	chiaro	scuro	[lemma="scuro" & pos="ADJ"][word="o"][lemma!="chiaro" & pos="ADJ"]
yes	X o Y	intelligente	stupido	[lemma="intelligente" & pos="ADJ"][word="o"][lemma="stupido" & pos="ADJ"]
yes	X o Y	intelligente	stupido	[lemma="stupido" & pos="ADJ"][word="o"][lemma="intelligente" & pos="ADJ"]
no	X o Y	intelligente	stupido	[lemma!="intelligente" & pos="ADJ"][word="o"][lemma="stupido" & pos="ADJ"]
no	X o Y	intelligente	stupido	[lemma="intelligente" & pos="ADJ"][word="o"][lemma!="stupido" & pos="ADJ"]
no	X o Y	intelligente	stupido	[lemma!="stupido" & pos="ADJ"][word="o"][lemma="intelligente" & pos="ADJ"]
no	X o Y	intelligente	stupido	[lemma="stupido" & pos="ADJ"][word="o"][lemma!="intelligente" & pos="ADJ"]
yes	X o Y	bello	brutto	[lemma="bello" & pos="ADJ"][word="o"][lemma="brutto" & pos="ADJ"]
yes	X o Y	bello	brutto	[lemma="brutto" & pos="ADJ"][word="o"][lemma="bello" & pos="ADJ"]
no	X o Y	bello	brutto	[lemma!="bello" & pos="ADJ"][word="o"][lemma="brutto" & pos="ADJ"]
no	X o Y	bello	brutto	[lemma="bello" & pos="ADJ"][word="o"][lemma!="brutto" & pos="ADJ"]
no	X o Y	bello	brutto	[lemma!="brutto" & pos="ADJ"][word="o"][lemma="bello" & pos="ADJ"]
no	X o Y	bello	brutto	[lemma="brutto" & pos="ADJ"][word="o"][lemma!="bello" & pos="ADJ"]
yes	X o Y	lento	veloce	[lemma="lento" & pos="ADJ"][word="o"][lemma="veloce" & pos="ADJ"]
yes	X o Y	lento	veloce	[lemma="veloce" & pos="ADJ"][word="o"][lemma="lento" & pos="ADJ"]
no	X o Y	lento	veloce	[lemma!="lento" & pos="ADJ"][word="o"][lemma="veloce" & pos="ADJ"]
no	X o Y	lento	veloce	[lemma="lento" & pos="ADJ"][word="o"][lemma!="veloce" & pos="ADJ"]
no	X o Y	lento	veloce	[lemma!="veloce" & pos="ADJ"][word="o"][lemma="lento" & pos="ADJ"]
no	X o Y	lento	veloce	[lemma="veloce" & pos="ADJ"][word="o"][lemma!="lento" & pos="ADJ"]
yes	X o Y	felice	triste	[lemma="felice" & pos="ADJ"][word="o"][lemma="triste" & pos="ADJ"]
yes	X o Y	felice	triste	[lemma="triste" & pos="ADJ"][word="o"][lemma="felice" & pos="ADJ"]
no	X o Y	felice	triste	[lemma!="felice" & pos="ADJ"][word="o"][lemma="triste" & pos="ADJ"]
no	X o Y	felice	triste	[lemma="felice" & pos="ADJ"][word="o"][lemma!="triste" & pos="ADJ"]
no	X o Y	felice	triste	[lemma!="triste" & pos="ADJ"][word="o"][lemma="felice" & pos="ADJ"]
no	X o Y	felice	triste	[lemma="triste" & pos="ADJ"][word="o"][lemma!="felice" & pos="ADJ"]
yes	X o Y	malato	sano	[lemma="malato" & pos="ADJ"][word="o"][lemma="sano" & pos="ADJ"]
yes	X o Y	malato	sano	[lemma="sano" & pos="ADJ"][word="o"][lemma="malato" & pos="ADJ"]
no	X o Y	malato	sano	[lemma!="malato" & pos="ADJ"][word="o"][lemma="sano" & pos="ADJ"]
no	X o Y	malato	sano	[lemma="malato" & pos="ADJ"][word="o"][lemma!="sano" & pos="ADJ"]
no	X o Y	malato	sano	[lemma!="sano" & pos="ADJ"][word="o"][lemma="malato" & pos="ADJ"]
no	X o Y	malato	sano	[lemma="sano" & pos="ADJ"][word="o"][lemma!="malato" & pos="ADJ"]
yes	X o Y	pulito	sporco	[lemma="pulito" & pos="ADJ"][word="o"][lemma="sporco" & pos="ADJ"]
yes	X o Y	pulito	sporco	[lemma="sporco" & pos="ADJ"][word="o"][lemma="pulito" & pos="ADJ"]
no	X o Y	pulito	sporco	[lemma!="pulito" & pos="ADJ"][word="o"][lemma="sporco" & pos="ADJ"]
no	X o Y	pulito	sporco	[lemma="pulito" & pos="ADJ"][word="o"][lemma!="sporco" & pos="ADJ"]
no	X o Y	pulito	sporco	[lemma!="sporco" & pos="ADJ"][word="o"][lemma="pulito" & pos="ADJ"]
no	X o Y	pulito	sporco	[lemma="sporco" & pos="ADJ"][word="o"][lemma!="pulito" & pos="ADJ"]
yes	X o Y	bianco	nero	[lemma="bianco" & pos="ADJ"][word="o"][lemma="nero" & pos="ADJ"]
yes	X o Y	bianco	nero	[lemma="nero" & pos="ADJ"][word="o"][lemma="bianco" & pos="ADJ"]
no	X o Y	bianco	nero	[lemma!="bianco" & pos="ADJ"][word="o"][lemma="nero" & pos="ADJ"]
no	X o Y	bianco	nero	[lemma="bianco" & pos="ADJ"][word="o"][lemma!="nero" & pos="ADJ"]
no	X o Y	bianco	nero	[lemma!="nero" & pos="ADJ"][word="o"][lemma="bianco" & pos="ADJ"]
no	X o Y	bianco	nero	[lemma="nero" & pos="ADJ"][word="o"][lemma!="bianco" & pos="ADJ"]
yes	X o Y	largo	stretto	[lemma="largo" & pos="ADJ"][word="o"][lemma="stretto" & pos="ADJ"]
yes	X o Y	largo	stretto	[lemma="stretto" & pos="ADJ"][word="o"][lemma="largo" & pos="ADJ"]
no	X o Y	largo	stretto	[lemma!="largo" & pos="ADJ"][word="o"][lemma="stretto" & pos="ADJ"]
no	X o Y	largo	stretto	[lemma="largo" & pos="ADJ"][word="o"][lemma!="stretto" & pos="ADJ"]
no	X o Y	largo	stretto	[lemma!="stretto" & pos="ADJ"][word="o"][lemma="largo" & pos="ADJ"]
no	X o Y	largo	stretto	[lemma="stretto" & pos="ADJ"][word="o"][lemma!="largo" & pos="ADJ"]
yes	X o Y	grande	piccolo	[lemma="grande" & pos="ADJ"][word="o"][lemma="piccolo" & pos="ADJ"]
yes	X o Y	grande	piccolo	[lemma="piccolo" & pos="ADJ"][word="o"][lemma="grande" & pos="ADJ"]
no	X o Y	grande	piccolo	[lemma!="grande" & pos="ADJ"][word="o"][lemma="piccolo" & pos="ADJ"]
no	X o Y	grande	piccolo	[lemma="grande" & pos="ADJ"][word="o"][lemma!="piccolo" & pos="ADJ"]
no	X o Y	grande	piccolo	[lemma!="piccolo" & pos="ADJ"][word="o"][lemma="grande" & pos="ADJ"]
no	X o Y	grande	piccolo	[lemma="piccolo" & pos="ADJ"][word="o"][lemma!="grande" & pos="ADJ"]
yes	o X o Y	buono	cattivo	[word="o"][lemma="buono" & pos="ADJ"][word="o"][lemma="cattivo" & pos="ADJ"]
yes	o X o Y	buono	cattivo	[word="o"][lemma="cattivo" & pos="ADJ"][word="o"][lemma="buono" & pos="ADJ"]
no	o X o Y	buono	cattivo	[word="o"][lemma!="buono" & pos="ADJ"][word="o"][lemma="cattivo" & pos="ADJ"]
no	o X o Y	buono	cattivo	[word="o"][lemma="buono" & pos="ADJ"][word="o"][lemma!="cattivo" & pos="ADJ"]
no	o X o Y	buono	cattivo	[word="o"][lemma!="cattivo" & pos="ADJ"][word="o"][lemma="buono" & pos="ADJ"]
no	o X o Y	buono	cattivo	[word="o"][lemma="cattivo" & pos="ADJ"][word="o"][lemma!="buono" & pos="ADJ"]
yes	o X o Y	debole	forte	[word="o"][lemma="debole" & pos="ADJ"][word="o"][lemma="forte" & pos="ADJ"]
yes	o X o Y	debole	forte	[word="o"][lemma="forte" & pos="ADJ"][word="o"][lemma="debole" & pos="ADJ"]
no	o X o Y	debole	forte	[word="o"][lemma!="debole" & pos="ADJ"][word="o"][lemma="forte" & pos="ADJ"]
no	o X o Y	debole	forte	[word="o"][lemma="debole" & pos="ADJ"][word="o"][lemma!="forte" & pos="ADJ"]
no	o X o Y	debole	forte	[word="o"][lemma!="forte" & pos="ADJ"][word="o"][lemma="debole" & pos="ADJ"]
no	o X o Y	debole	forte	[word="o"][lemma="forte" & pos="ADJ"][word="o"][lemma!="debole" & pos="ADJ"]
yes	o X o Y	giovane	vecchio	[word="o"][lemma="giovane" & pos="ADJ"][word="o"][lemma="vecchio" & pos="ADJ"]
yes	o X o Y	giovane	vecchio	[word="o"][lemma="vecchio" & pos="ADJ"][word="o"][lemma="giovane" & pos="ADJ"]
no	o X o Y	giovane	vecchio	[word="o"][lemma!="giovane" & pos="ADJ"][word="o"][lemma="vecchio" & pos="ADJ"]
no	o X o Y	giovane	vecchio	[word="o"][lemma="giovane" & pos="ADJ"][word="o"][lemma!="vecchio" & pos="ADJ"]
no	o X o Y	giovane	vecchio	[word="o"][lemma!="vecchio" & pos="ADJ"][word="o"][lemma="giovane" & pos="ADJ"]
no	o X o Y	giovane	vecchio	[word="o"][lemma="vecchio" & pos="ADJ"][word="o"][lemma!="giovane" & pos="ADJ"]
yes	o X o Y	leggero	pesante	[word="o"][lemma="leggero" & pos="ADJ"][word="o"][lemma="pesante" & pos="ADJ"]
yes	o X o Y	leggero	pesante	[word="o"][lemma="pesante" & pos="ADJ"][word="o"][lemma="leggero" & pos="ADJ"]
no	o X o Y	leggero	pesante	[word="o"][lemma!="leggero" & pos="ADJ"][word="o"][lemma="pesante" & pos="ADJ"]
no	o X o Y	leggero	pesante	[word="o"][lemma="leggero" & pos="ADJ"][word="o"][lemma!="pesante" & pos="ADJ"]
no	o X o Y	leggero	pesante	[word="o"][lemma!="pesante" & pos="ADJ"][word="o"][lemma="leggero" & pos="ADJ"]
no	o X o Y	leggero	pesante	[word="o"][lemma="pesante" & pos="ADJ"][word="o"][lemma!="leggero" & pos="ADJ"]
yes	o X o Y	lontano	vicino	[word="o"][lemma="lontano" & pos="ADJ"][word="o"][lemma="vicino" & pos="ADJ"]
yes	o X o Y	lontano	vicino	[word="o"][lemma="vicino" & pos="ADJ"][word="o"][lemma="lontano" & pos="ADJ"]
no	o X o Y	lontano	vicino	[word="o"][lemma!="lontano" & pos="ADJ"][word="o"][lemma="vicino" & pos="ADJ"]
no	o X o Y	lontano	vicino	[word="o"][lemma="lontano" & pos="ADJ"][word="o"][lemma!="vicino" & pos="ADJ"]
no	o X o Y	lontano	vicino	[word="o"][lemma!="vicino" & pos="ADJ"][word="o"][lemma="lontano" & pos="ADJ"]
no	o X o Y	lontano	vicino	[word="o"][lemma="vicino" & pos="ADJ"][word="o"][lemma!="lontano" & pos="ADJ"]
yes	o X o Y	morto	vivo	[word="o"][lemma="morto" & pos="ADJ"][word="o"][lemma="vivo" & pos="ADJ"]
yes	o X o Y	morto	vivo	[word="o"][lemma="vivo" & pos="ADJ"][word="o"][lemma="morto" & pos="ADJ"]
no	o X o Y	morto	vivo	[word="o"][lemma!="morto" & pos="ADJ"][word="o"][lemma="vivo" & pos="ADJ"]
no	o X o Y	morto	vivo	[word="o"][lemma="morto" & pos="ADJ"][word="o"][lemma!="vivo" & pos="ADJ"]
no	o X o Y	morto	vivo	[word="o"][lemma!="vivo" & pos="ADJ"][word="o"][lemma="morto" & pos="ADJ"]
no	o X o Y	morto	vivo	[word="o"][lemma="vivo" & pos="ADJ"][word="o"][lemma!="morto" & pos="ADJ"]
yes	o X o Y	falso	vero	[word="o"][lemma="falso" & pos="ADJ"][word="o"][lemma="vero" & pos="ADJ"]
yes	o X o Y	falso	vero	[word="o"][lemma="vero" & pos="ADJ"][word="o"][lemma="falso" & pos="ADJ"]
no	o X o Y	falso	vero	[word="o"][lemma!="falso" & pos="ADJ"][word="o"][lemma="vero" & pos="ADJ"]
no	o X o Y	falso	vero	[word="o"][lemma="falso" & pos="ADJ"][word="o"][lemma!="vero" & pos="ADJ"]
no	o X o Y	falso	vero	[word="o"][lemma!="vero" & pos="ADJ"][word="o"][lemma="falso" & pos="ADJ"]
no	o X o Y	falso	vero	[word="o"][lemma="vero" & pos="ADJ"][word="o"][lemma!="falso" & pos="ADJ"]
yes	o X o Y	femminile	maschile	[word="o"][lemma="femminile" & pos="ADJ"][word="o"][lemma="maschile" & pos="ADJ"]
yes	o X o Y	femminile	maschile	[word="o"][lemma="maschile" & pos="ADJ"][word="o"][lemma="femminile" & pos="ADJ"]
no	o X o Y	femminile	maschile	[word="o"][lemma!="femminile" & pos="ADJ"][word="o"][lemma="maschile" & pos="ADJ"]
no	o X o Y	femminile	maschile	[word="o"][lemma="femminile" & pos="ADJ"][word="o"][lemma!="maschile" & pos="ADJ"]
no	o X o Y	femminile	maschile	[word="o"][lemma!="maschile" & pos="ADJ"][word="o"][lemma="femminile" & pos="ADJ"]
no	o X o Y	femminile	maschile	[word="o"][lemma="maschile" & pos="ADJ"][word="o"][lemma!="femminile" & pos="ADJ"]
yes	o X o Y	profondo	superficiale	[word="o"][lemma="profondo" & pos="ADJ"][word="o"][lemma="superficiale" & pos="ADJ"]
yes	o X o Y	profondo	superficiale	[word="o"][lemma="superficiale" & pos="ADJ"][word="o"][lemma="profondo" & pos="ADJ"]
no	o X o Y	profondo	superficiale	[word="o"][lemma!="profondo" & pos="ADJ"][word="o"][lemma="superficiale" & pos="ADJ"]
no	o X o Y	profondo	superficiale	[word="o"][lemma="profondo" & pos="ADJ"][word="o"][lemma!="superficiale" & pos="ADJ"]
no	o X o Y	profondo	superficiale	[word="o"][lemma!="superficiale" & pos="ADJ"][word="o"][lemma="profondo" & pos="ADJ"]
no	o X o Y	profondo	superficiale	[word="o"][lemma="superficiale" & pos="ADJ"][word="o"][lemma!="profondo" & pos="ADJ"]
yes	o X o Y	corto	lungo	[word="o"][lemma="corto" & pos="ADJ"][word="o"][lemma="lungo" & pos="ADJ"]
yes	o X o Y	corto	lungo	[word="o"][lemma="lungo" & pos="ADJ"][word="o"][lemma="corto" & pos="ADJ"]
no	o X o Y	corto	lungo	[word="o"][lemma!="corto" & pos="ADJ"][word="o"][lemma="lungo" & pos="ADJ"]
no	o X o Y	corto	lungo	[word="o"][lemma="corto" & pos="ADJ"][word="o"][lemma!="lungo" & pos="ADJ"]
no	o X o Y	corto	lungo	[word="o"][lemma!="lungo" & pos="ADJ"][word="o"][lemma="corto" & pos="ADJ"]
no	o X o Y	corto	lungo	[word="o"][lemma="lungo" & pos="ADJ"][word="o"][lemma!="corto" & pos="ADJ"]
yes	o X o Y	alto	basso	[word="o"][lemma="alto" & pos="ADJ"][word="o"][lemma="basso" & pos="ADJ"]
yes	o X o Y	alto	basso	[word="o"][lemma="basso" & pos="ADJ"][word="o"][lemma="alto" & pos="ADJ"]
no	o X o Y	alto	basso	[word="o"][lemma!="alto" & pos="ADJ"][word="o"][lemma="basso" & pos="ADJ"]
no	o X o Y	alto	basso	[word="o"][lemma="alto" & pos="ADJ"][word="o"][lemma!="basso" & pos="ADJ"]
no	o X o Y	alto	basso	[word="o"][lemma!="basso" & pos="ADJ"][word="o"][lemma="alto" & pos="ADJ"]
no	o X o Y	alto	basso	[word="o"][lemma="basso" & pos="ADJ"][word="o"][lemma!="alto" & pos="ADJ"]
yes	o X o Y	povero	ricco	[word="o"][lemma="povero" & pos="ADJ"][word="o"][lemma="ricco" & pos="ADJ"]
yes	o X o Y	povero	ricco	[word="o"][lemma="ricco" & pos="ADJ"][word="o"][lemma="povero" & pos="ADJ"]
no	o X o Y	povero	ricco	[word="o"][lemma!="povero" & pos="ADJ"][word="o"][lemma="ricco" & pos="ADJ"]
no	o X o Y	povero	ricco	[word="o"][lemma="povero" & pos="ADJ"][word="o"][lemma!="ricco" & pos="ADJ"]
no	o X o Y	povero	ricco	[word="o"][lemma!="ricco" & pos="ADJ"][word="o"][lemma="povero" & pos="ADJ"]
no	o X o Y	povero	ricco	[word="o"][lemma="ricco" & pos="ADJ"][word="o"][lemma!="povero" & pos="ADJ"]
yes	o X o Y	chiaro	scuro	[word="o"][lemma="chiaro" & pos="ADJ"][word="o"][lemma="scuro" & pos="ADJ"]
yes	o X o Y	chiaro	scuro	[word="o"][lemma="scuro" & pos="ADJ"][word="o"][lemma="chiaro" & pos="ADJ"]
no	o X o Y	chiaro	scuro	[word="o"][lemma!="chiaro" & pos="ADJ"][word="o"][lemma="scuro" & pos="ADJ"]
no	o X o Y	chiaro	scuro	[word="o"][lemma="chiaro" & pos="ADJ"][word="o"][lemma!="scuro" & pos="ADJ"]
no	o X o Y	chiaro	scuro	[word="o"][lemma!="scuro" & pos="ADJ"][word="o"][lemma="chiaro" & pos="ADJ"]
no	o X o Y	chiaro	scuro	[word="o"][lemma="scuro" & pos="ADJ"][word="o"][lemma!="chiaro" & pos="ADJ"]
yes	o X o Y	intelligente	stupido	[word="o"][lemma="intelligente" & pos="ADJ"][word="o"][lemma="stupido" & pos="ADJ"]
yes	o X o Y	intelligente	stupido	[word="o"][lemma="stupido" & pos="ADJ"][word="o"][lemma="intelligente" & pos="ADJ"]
no	o X o Y	intelligente	stupido	[word="o"][lemma!="intelligente" & pos="ADJ"][word="o"][lemma="stupido" & pos="ADJ"]
no	o X o Y	intelligente	stupido	[word="o"][lemma="intelligente" & pos="ADJ"][word="o"][lemma!="stupido" & pos="ADJ"]
no	o X o Y	intelligente	stupido	[word="o"][lemma!="stupido" & pos="ADJ"][word="o"][lemma="intelligente" & pos="ADJ"]
no	o X o Y	intelligente	stupido	[word="o"][lemma="stupido" & pos="ADJ"][word="o"][lemma!="intelligente" & pos="ADJ"]
yes	o X o Y	bello	brutto	[word="o"][lemma="bello" & pos="ADJ"][word="o"][lemma="brutto" & pos="ADJ"]
yes	o X o Y	bello	brutto	[word="o"][lemma="brutto" & pos="ADJ"][word="o"][lemma="bello" & pos="ADJ"]
no	o X o Y	bello	brutto	[word="o"][lemma!="bello" & pos="ADJ"][word="o"][lemma="brutto" & pos="ADJ"]
no	o X o Y	bello	brutto	[word="o"][lemma="bello" & pos="ADJ"][word="o"][lemma!="brutto" & pos="ADJ"]
no	o X o Y	bello	brutto	[word="o"][lemma!="brutto" & pos="ADJ"][word="o"][lemma="bello" & pos="ADJ"]
no	o X o Y	bello	brutto	[word="o"][lemma="brutto" & pos="ADJ"][word="o"][lemma!="bello" & pos="ADJ"]
yes	o X o Y	lento	veloce	[word="o"][lemma="lento" & pos="ADJ"][word="o"][lemma="veloce" & pos="ADJ"]
yes	o X o Y	lento	veloce	[word="o"][lemma="veloce" & pos="ADJ"][word="o"][lemma="lento" & pos="ADJ"]
no	o X o Y	lento	veloce	[word="o"][lemma!="lento" & pos="ADJ"][word="o"][lemma="veloce" & pos="ADJ"]
no	o X o Y	lento	veloce	[word="o"][lemma="lento" & pos="ADJ"][word="o"][lemma!="veloce" & pos="ADJ"]
no	o X o Y	lento	veloce	[word="o"][lemma!="veloce" & pos="ADJ"][word="o"][lemma="lento" & pos="ADJ"]
no	o X o Y	lento	veloce	[word="o"][lemma="veloce" & pos="ADJ"][word="o"][lemma!="lento" & pos="ADJ"]
yes	o X o Y	felice	triste	[word="o"][lemma="felice" & pos="ADJ"][word="o"][lemma="triste" & pos="ADJ"]
yes	o X o Y	felice	triste	[word="o"][lemma="triste" & pos="ADJ"][word="o"][lemma="felice" & pos="ADJ"]
no	o X o Y	felice	triste	[word="o"][lemma!="felice" & pos="ADJ"][word="o"][lemma="triste" & pos="ADJ"]
no	o X o Y	felice	triste	[word="o"][lemma="felice" & pos="ADJ"][word="o"][lemma!="triste" & pos="ADJ"]
no	o X o Y	felice	triste	[word="o"][lemma!="triste" & pos="ADJ"][word="o"][lemma="felice" & pos="ADJ"]
no	o X o Y	felice	triste	[word="o"][lemma="triste" & pos="ADJ"][word="o"][lemma!="felice" & pos="ADJ"]
yes	o X o Y	malato	sano	[word="o"][lemma="malato" & pos="ADJ"][word="o"][lemma="sano" & pos="ADJ"]
yes	o X o Y	malato	sano	[word="o"][lemma="sano" & pos="ADJ"][word="o"][lemma="malato" & pos="ADJ"]
no	o X o Y	malato	sano	[word="o"][lemma!="malato" & pos="ADJ"][word="o"][lemma="sano" & pos="ADJ"]
no	o X o Y	malato	sano	[word="o"][lemma="malato" & pos="ADJ"][word="o"][lemma!="sano" & pos="ADJ"]
no	o X o Y	malato	sano	[word="o"][lemma!="sano" & pos="ADJ"][word="o"][lemma="malato" & pos="ADJ"]
no	o X o Y	malato	sano	[word="o"][lemma="sano" & pos="ADJ"][word="o"][lemma!="malato" & pos="ADJ"]
yes	o X o Y	pulito	sporco	[word="o"][lemma="pulito" & pos="ADJ"][word="o"][lemma="sporco" & pos="ADJ"]
yes	o X o Y	pulito	sporco	[word="o"][lemma="sporco" & pos="ADJ"][word="o"][lemma="pulito" & pos="ADJ"]
no	o X o Y	pulito	sporco	[word="o"][lemma!="pulito" & pos="ADJ"][word="o"][lemma="sporco" & pos="ADJ"]
no	o X o Y	pulito	sporco	[word="o"][lemma="pulito" & pos="ADJ"][word="o"][lemma!="sporco" & pos="ADJ"]
no	o X o Y	pulito	sporco	[word="o"][lemma!="sporco" & pos="ADJ"][word="o"][lemma="pulito" & pos="ADJ"]
no	o X o Y	pulito	sporco	[word="o"][lemma="sporco" & pos="ADJ"][word="o"][lemma!="pulito" & pos="ADJ"]
yes	o X o Y	bianco	nero	[word="o"][lemma="bianco" & pos="ADJ"][word="o"][lemma="nero" & pos="ADJ"]
yes	o X o Y	bianco	nero	[word="o"][lemma="nero" & pos="ADJ"][word="o"][lemma="bianco" & pos="ADJ"]
no	o X o Y	bianco	nero	[word="o"][lemma!="bianco" & pos="ADJ"][word="o"][lemma="nero" & pos="ADJ"]
no	o X o Y	bianco	nero	[word="o"][lemma="bianco" & pos="ADJ"][word="o"][lemma!="nero" & pos="ADJ"]
no	o X o Y	bianco	nero	[word="o"][lemma!="nero" & pos="ADJ"][word="o"][lemma="bianco" & pos="ADJ"]
no	o X o Y	bianco	nero	[word="o"][lemma="nero" & pos="ADJ"][word="o"][lemma!="bianco" & pos="ADJ"]
yes	o X o Y	largo	stretto	[word="o"][lemma="largo" & pos="ADJ"][word="o"][lemma="stretto" & pos="ADJ"]
yes	o X o Y	largo	stretto	[word="o"][lemma="stretto" & pos="ADJ"][word="o"][lemma="largo" & pos="ADJ"]
no	o X o Y	largo	stretto	[word="o"][lemma!="largo" & pos="ADJ"][word="o"][lemma="stretto" & pos="ADJ"]
no	o X o Y	largo	stretto	[word="o"][lemma="largo" & pos="ADJ"][word="o"][lemma!="stretto" & pos="ADJ"]
no	o X o Y	largo	stretto	[word="o"][lemma!="stretto" & pos="ADJ"][word="o"][lemma="largo" & pos="ADJ"]
no	o X o Y	largo	stretto	[word="o"][lemma="stretto" & pos="ADJ"][word="o"][lemma!="largo" & pos="ADJ"]
yes	o X o Y	grande	piccolo	[word="o"][lemma="grande" & pos="ADJ"][word="o"][lemma="piccolo" & pos="ADJ"]
yes	o X o Y	grande	piccolo	[word="o"][lemma="piccolo" & pos="ADJ"][word="o"][lemma="grande" & pos="ADJ"]
no	o X o Y	grande	piccolo	[word="o"][lemma!="grande" & pos="ADJ"][word="o"][lemma="piccolo" & pos="ADJ"]
no	o X o Y	grande	piccolo	[word="o"][lemma="grande" & pos="ADJ"][word="o"][lemma!="piccolo" & pos="ADJ"]
no	o X o Y	grande	piccolo	[word="o"][lemma!="piccolo" & pos="ADJ"][word="o"][lemma="grande" & pos="ADJ"]
no	o X o Y	grande	piccolo	[word="o"][lemma="piccolo" & pos="ADJ"][word="o"][lemma!="grande" & pos="ADJ"]
yes	né X né Y	buono	cattivo	[word="né"][lemma="buono" & pos="ADJ"][word="né"][lemma="cattivo" & pos="ADJ"]
yes	né X né Y	buono	cattivo	[word="né"][lemma="cattivo" & pos="ADJ"][word="né"][lemma="buono" & pos="ADJ"]
no	né X né Y	buono	cattivo	[word="né"][lemma!="buono" & pos="ADJ"][word="né"][lemma="cattivo" & pos="ADJ"]
no	né X né Y	buono	cattivo	[word="né"][lemma="buono" & pos="ADJ"][word="né"][lemma!="cattivo" & pos="ADJ"]
no	né X né Y	buono	cattivo	[word="né"][lemma!="cattivo" & pos="ADJ"][word="né"][lemma="buono" & pos="ADJ"]
no	né X né Y	buono	cattivo	[word="né"][lemma="cattivo" & pos="ADJ"][word="né"][lemma!="buono" & pos="ADJ"]
yes	né X né Y	debole	forte	[word="né"][lemma="debole" & pos="ADJ"][word="né"][lemma="forte" & pos="ADJ"]
yes	né X né Y	debole	forte	[word="né"][lemma="forte" & pos="ADJ"][word="né"][lemma="debole" & pos="ADJ"]
no	né X né Y	debole	forte	[word="né"][lemma!="debole" & pos="ADJ"][word="né"][lemma="forte" & pos="ADJ"]
no	né X né Y	debole	forte	[word="né"][lemma="debole" & pos="ADJ"][word="né"][lemma!="forte" & pos="ADJ"]
no	né X né Y	debole	forte	[word="né"][lemma!="forte" & pos="ADJ"][word="né"][lemma="debole" & pos="ADJ"]
no	né X né Y	debole	forte	[word="né"][lemma="forte" & pos="ADJ"][word="né"][lemma!="debole" & pos="ADJ"]
yes	né X né Y	giovane	vecchio	[word="né"][lemma="giovane" & pos="ADJ"][word="né"][lemma="vecchio" & pos="ADJ"]
yes	né X né Y	giovane	vecchio	[word="né"][lemma="vecchio" & pos="ADJ"][word="né"][lemma="giovane" & pos="ADJ"]
no	né X né Y	giovane	vecchio	[word="né"][lemma!="giovane" & pos="ADJ"][word="né"][lemma="vecchio" & pos="ADJ"]
no	né X né Y	giovane	vecchio	[word="né"][lemma="giovane" & pos="ADJ"][word="né"][lemma!="vecchio" & pos="ADJ"]
no	né X né Y	giovane	vecchio	[word="né"][lemma!="vecchio" & pos="ADJ"][word="né"][lemma="giovane" & pos="ADJ"]
no	né X né Y	giovane	vecchio	[word="né"][lemma="vecchio" & pos="ADJ"][word="né"][lemma!="giovane" & pos="ADJ"]
yes	né X né Y	leggero	pesante	[word="né"][lemma="leggero" & pos="ADJ"][word="né"][lemma="pesante" & pos="ADJ"]
yes	né X né Y	leggero	pesante	[word="né"][lemma="pesante" & pos="ADJ"][word="né"][lemma="leggero" & pos="ADJ"]
no	né X né Y	leggero	pesante	[word="né"][lemma!="leggero" & pos="ADJ"][word="né"][lemma="pesante" & pos="ADJ"]
no	né X né Y	leggero	pesante	[word="né"][lemma="leggero" & pos="ADJ"][word="né"][lemma!="pesante" & pos="ADJ"]
no	né X né Y	leggero	pesante	[word="né"][lemma!="pesante" & pos="ADJ"][word="né"][lemma="leggero" & pos="ADJ"]
no	né X né Y	leggero	pesante	[word="né"][lemma="pesante" & pos="ADJ"][word="né"][lemma!="leggero" & pos="ADJ"]
yes	né X né Y	lontano	vicino	[word="né"][lemma="lontano" & pos="ADJ"][word="né"][lemma="vicino" & pos="ADJ"]
yes	né X né Y	lontano	vicino	[word="né"][lemma="vicino" & pos="ADJ"][word="né"][lemma="lontano" & pos="ADJ"]
no	né X né Y	lontano	vicino	[word="né"][lemma!="lontano" & pos="ADJ"][word="né"][lemma="vicino" & pos="ADJ"]
no	né X né Y	lontano	vicino	[word="né"][lemma="lontano" & pos="ADJ"][word="né"][lemma!="vicino" & pos="ADJ"]
no	né X né Y	lontano	vicino	[word="né"][lemma!="vicino" & pos="ADJ"][word="né"][lemma="lontano" & pos="ADJ"]
no	né X né Y	lontano	vicino	[word="né"][lemma="vicino" & pos="ADJ"][word="né"][lemma!="lontano" & pos="ADJ"]
yes	né X né Y	morto	vivo	[word="né"][lemma="morto" & pos="ADJ"][word="né"][lemma="vivo" & pos="ADJ"]
yes	né X né Y	morto	vivo	[word="né"][lemma="vivo" & pos="ADJ"][word="né"][lemma="morto" & pos="ADJ"]
no	né X né Y	morto	vivo	[word="né"][lemma!="morto" & pos="ADJ"][word="né"][lemma="vivo" & pos="ADJ"]
no	né X né Y	morto	vivo	[word="né"][lemma="morto" & pos="ADJ"][word="né"][lemma!="vivo" & pos="ADJ"]
no	né X né Y	morto	vivo	[word="né"][lemma!="vivo" & pos="ADJ"][word="né"][lemma="morto" & pos="ADJ"]
no	né X né Y	morto	vivo	[word="né"][lemma="vivo" & pos="ADJ"][word="né"][lemma!="morto" & pos="ADJ"]
yes	né X né Y	falso	vero	[word="né"][lemma="falso" & pos="ADJ"][word="né"][lemma="vero" & pos="ADJ"]
yes	né X né Y	falso	vero	[word="né"][lemma="vero" & pos="ADJ"][word="né"][lemma="falso" & pos="ADJ"]
no	né X né Y	falso	vero	[word="né"][lemma!="falso" & pos="ADJ"][word="né"][lemma="vero" & pos="ADJ"]
no	né X né Y	falso	vero	[word="né"][lemma="falso" & pos="ADJ"][word="né"][lemma!="vero" & pos="ADJ"]
no	né X né Y	falso	vero	[word="né"][lemma!="vero" & pos="ADJ"][word="né"][lemma="falso" & pos="ADJ"]
no	né X né Y	falso	vero	[word="né"][lemma="vero" & pos="ADJ"][word="né"][lemma!="falso" & pos="ADJ"]
yes	né X né Y	femminile	maschile	[word="né"][lemma="femminile" & pos="ADJ"][word="né"][lemma="maschile" & pos="ADJ"]
yes	né X né Y	femminile	maschile	[word="né"][lemma="maschile" & pos="ADJ"][word="né"][lemma="femminile" & pos="ADJ"]
no	né X né Y	femminile	maschile	[word="né"][lemma!="femminile" & pos="ADJ"][word="né"][lemma="maschile" & pos="ADJ"]
no	né X né Y	femminile	maschile	[word="né"][lemma="femminile" & pos="ADJ"][word="né"][lemma!="maschile" & pos="ADJ"]
no	né X né Y	femminile	maschile	[word="né"][lemma!="maschile" & pos="ADJ"][word="né"][lemma="femminile" & pos="ADJ"]
no	né X né Y	femminile	maschile	[word="né"][lemma="maschile" & pos="ADJ"][word="né"][lemma!="femminile" & pos="ADJ"]
yes	né X né Y	profondo	superficiale	[word="né"][lemma="profondo" & pos="ADJ"][word="né"][lemma="superficiale" & pos="ADJ"]
yes	né X né Y	profondo	superficiale	[word="né"][lemma="superficiale" & pos="ADJ"][word="né"][lemma="profondo" & pos="ADJ"]
no	né X né Y	profondo	superficiale	[word="né"][lemma!="profondo" & pos="ADJ"][word="né"][lemma="superficiale" & pos="ADJ"]
no	né X né Y	profondo	superficiale	[word="né"][lemma="profondo" & pos="ADJ"][word="né"][lemma!="superficiale" & pos="ADJ"]
no	né X né Y	profondo	superficiale	[word="né"][lemma!="superficiale" & pos="ADJ"][word="né"][lemma="profondo" & pos="ADJ"]
no	né X né Y	profondo	superficiale	[word="né"][lemma="superficiale" & pos="ADJ"][word="né"][lemma!="profondo" & pos="ADJ"]
yes	né X né Y	corto	lungo	[word="né"][lemma="corto" & pos="ADJ"][word="né"][lemma="lungo" & pos="ADJ"]
yes	né X né Y	corto	lungo	[word="né"][lemma="lungo" & pos="ADJ"][word="né"][lemma="corto" & pos="ADJ"]
no	né X né Y	corto	lungo	[word="né"][lemma!="corto" & pos="ADJ"][word="né"][lemma="lungo" & pos="ADJ"]
no	né X né Y	corto	lungo	[word="né"][lemma="corto" & pos="ADJ"][word="né"][lemma!="lungo" & pos="ADJ"]
no	né X né Y	corto	lungo	[word="né"][lemma!="lungo" & pos="ADJ"][word="né"][lemma="corto" & pos="ADJ"]
no	né X né Y	corto	lungo	[word="né"][lemma="lungo" & pos="ADJ"][word="né"][lemma!="corto" & pos="ADJ"]
yes	né X né Y	alto	basso	[word="né"][lemma="alto" & pos="ADJ"][word="né"][lemma="basso" & pos="ADJ"]
yes	né X né Y	alto	basso	[word="né"][lemma="basso" & pos="ADJ"][word="né"][lemma="alto" & pos="ADJ"]
no	né X né Y	alto	basso	[word="né"][lemma!="alto" & pos="ADJ"][word="né"][lemma="basso" & pos="ADJ"]
no	né X né Y	alto	basso	[word="né"][lemma="alto" & pos="ADJ"][word="né"][lemma!="basso" & pos="ADJ"]
no	né X né Y	alto	basso	[word="né"][lemma!="basso" & pos="ADJ"][word="né"][lemma="alto" & pos="ADJ"]
no	né X né Y	alto	basso	[word="né"][lemma="basso" & pos="ADJ"][word="né"][lemma!="alto" & pos="ADJ"]
yes	né X né Y	povero	ricco	[word="né"][lemma="povero" & pos="ADJ"][word="né"][lemma="ricco" & pos="ADJ"]
yes	né X né Y	povero	ricco	[word="né"][lemma="ricco" & pos="ADJ"][word="né"][lemma="povero" & pos="ADJ"]
no	né X né Y	povero	ricco	[word="né"][lemma!="povero" & pos="ADJ"][word="né"][lemma="ricco" & pos="ADJ"]
no	né X né Y	povero	ricco	[word="né"][lemma="povero" & pos="ADJ"][word="né"][lemma!="ricco" & pos="ADJ"]
no	né X né Y	povero	ricco	[word="né"][lemma!="ricco" & pos="ADJ"][word="né"][lemma="povero" & pos="ADJ"]
no	né X né Y	povero	ricco	[word="né"][lemma="ricco" & pos="ADJ"][word="né"][lemma!="povero" & pos="ADJ"]
yes	né X né Y	chiaro	scuro	[word="né"][lemma="chiaro" & pos="ADJ"][word="né"][lemma="scuro" & pos="ADJ"]
yes	né X né Y	chiaro	scuro	[word="né"][lemma="scuro" & pos="ADJ"][word="né"][lemma="chiaro" & pos="ADJ"]
no	né X né Y	chiaro	scuro	[word="né"][lemma!="chiaro" & pos="ADJ"][word="né"][lemma="scuro" & pos="ADJ"]
no	né X né Y	chiaro	scuro	[word="né"][lemma="chiaro" & pos="ADJ"][word="né"][lemma!="scuro" & pos="ADJ"]
no	né X né Y	chiaro	scuro	[word="né"][lemma!="scuro" & pos="ADJ"][word="né"][lemma="chiaro" & pos="ADJ"]
no	né X né Y	chiaro	scuro	[word="né"][lemma="scuro" & pos="ADJ"][word="né"][lemma!="chiaro" & pos="ADJ"]
yes	né X né Y	intelligente	stupido	[word="né"][lemma="intelligente" & pos="ADJ"][word="né"][lemma="stupido" & pos="ADJ"]
yes	né X né Y	intelligente	stupido	[word="né"][lemma="stupido" & pos="ADJ"][word="né"][lemma="intelligente" & pos="ADJ"]
no	né X né Y	intelligente	stupido	[word="né"][lemma!="intelligente" & pos="ADJ"][word="né"][lemma="stupido" & pos="ADJ"]
no	né X né Y	intelligente	stupido	[word="né"][lemma="intelligente" & pos="ADJ"][word="né"][lemma!="stupido" & pos="ADJ"]
no	né X né Y	intelligente	stupido	[word="né"][lemma!="stupido" & pos="ADJ"][word="né"][lemma="intelligente" & pos="ADJ"]
no	né X né Y	intelligente	stupido	[word="né"][lemma="stupido" & pos="ADJ"][word="né"][lemma!="intelligente" & pos="ADJ"]
yes	né X né Y	bello	brutto	[word="né"][lemma="bello" & pos="ADJ"][word="né"][lemma="brutto" & pos="ADJ"]
yes	né X né Y	bello	brutto	[word="né"][lemma="brutto" & pos="ADJ"][word="né"][lemma="bello" & pos="ADJ"]
no	né X né Y	bello	brutto	[word="né"][lemma!="bello" & pos="ADJ"][word="né"][lemma="brutto" & pos="ADJ"]
no	né X né Y	bello	brutto	[word="né"][lemma="bello" & pos="ADJ"][word="né"][lemma!="brutto" & pos="ADJ"]
no	né X né Y	bello	brutto	[word="né"][lemma!="brutto" & pos="ADJ"][word="né"][lemma="bello" & pos="ADJ"]
no	né X né Y	bello	brutto	[word="né"][lemma="brutto" & pos="ADJ"][word="né"][lemma!="bello" & pos="ADJ"]
yes	né X né Y	lento	veloce	[word="né"][lemma="lento" & pos="ADJ"][word="né"][lemma="veloce" & pos="ADJ"]
yes	né X né Y	lento	veloce	[word="né"][lemma="veloce" & pos="ADJ"][word="né"][lemma="lento" & pos="ADJ"]
no	né X né Y	lento	veloce	[word="né"][lemma!="lento" & pos="ADJ"][word="né"][lemma="veloce" & pos="ADJ"]
no	né X né Y	lento	veloce	[word="né"][lemma="lento" & pos="ADJ"][word="né"][lemma!="veloce" & pos="ADJ"]
no	né X né Y	lento	veloce	[word="né"][lemma!="veloce" & pos="ADJ"][word="né"][lemma="lento" & pos="ADJ"]
no	né X né Y	lento	veloce	[word="né"][lemma="veloce" & pos="ADJ"][word="né"][lemma!="lento" & pos="ADJ"]
yes	né X né Y	felice	triste	[word="né"][lemma="felice" & pos="ADJ"][word="né"][lemma="triste" & pos="ADJ"]
yes	né X né Y	felice	triste	[word="né"][lemma="triste" & pos="ADJ"][word="né"][lemma="felice" & pos="ADJ"]
no	né X né Y	felice	triste	[word="né"][lemma!="felice" & pos="ADJ"][word="né"][lemma="triste" & pos="ADJ"]
no	né X né Y	felice	triste	[word="né"][lemma="felice" & pos="ADJ"][word="né"][lemma!="triste" & pos="ADJ"]
no	né X né Y	felice	triste	[word="né"][lemma!="triste" & pos="ADJ"][word="né"][lemma="felice" & pos="ADJ"]
no	né X né Y	felice	triste	[word="né"][lemma="triste" & pos="ADJ"][word="né"][lemma!="felice" & pos="ADJ"]
yes	né X né Y	malato	sano	[word="né"][lemma="malato" & pos="ADJ"][word="né"][lemma="sano" & pos="ADJ"]
yes	né X né Y	malato	sano	[word="né"][lemma="sano" & pos="ADJ"][word="né"][lemma="malato" & pos="ADJ"]
no	né X né Y	malato	sano	[word="né"][lemma!="malato" & pos="ADJ"][word="né"][lemma="sano" & pos="ADJ"]
no	né X né Y	malato	sano	[word="né"][lemma="malato" & pos="ADJ"][word="né"][lemma!="sano" & pos="ADJ"]
no	né X né Y	malato	sano	[word="né"][lemma!="sano" & pos="ADJ"][word="né"][lemma="malato" & pos="ADJ"]
no	né X né Y	malato	sano	[word="né"][lemma="sano" & pos="ADJ"][word="né"][lemma!="malato" & pos="ADJ"]
yes	né X né Y	pulito	sporco	[word="né"][lemma="pulito" & pos="ADJ"][word="né"][lemma="sporco" & pos="ADJ"]
yes	né X né Y	pulito	sporco	[word="né"][lemma="sporco" & pos="ADJ"][word="né"][lemma="pulito" & pos="ADJ"]
no	né X né Y	pulito	sporco	[word="né"][lemma!="pulito" & pos="ADJ"][word="né"][lemma="sporco" & pos="ADJ"]
no	né X né Y	pulito	sporco	[word="né"][lemma="pulito" & pos="ADJ"][word="né"][lemma!="sporco" & pos="ADJ"]
no	né X né Y	pulito	sporco	[word="né"][lemma!="sporco" & pos="ADJ"][word="né"][lemma="pulito" & pos="ADJ"]
no	né X né Y	pulito	sporco	[word="né"][lemma="sporco" & pos="ADJ"][word="né"][lemma!="pulito" & pos="ADJ"]
yes	né X né Y	bianco	nero	[word="né"][lemma="bianco" & pos="ADJ"][word="né"][lemma="nero" & pos="ADJ"]
yes	né X né Y	bianco	nero	[word="né"][lemma="nero" & pos="ADJ"][word="né"][lemma="bianco" & pos="ADJ"]
no	né X né Y	bianco	nero	[word="né"][lemma!="bianco" & pos="ADJ"][word="né"][lemma="nero" & pos="ADJ"]
no	né X né Y	bianco	nero	[word="né"][lemma="bianco" & pos="ADJ"][word="né"][lemma!="nero" & pos="ADJ"]
no	né X né Y	bianco	nero	[word="né"][lemma!="nero" & pos="ADJ"][word="né"][lemma="bianco" & pos="ADJ"]
no	né X né Y	bianco	nero	[word="né"][lemma="nero" & pos="ADJ"][word="né"][lemma!="bianco" & pos="ADJ"]
yes	né X né Y	largo	stretto	[word="né"][lemma="largo" & pos="ADJ"][word="né"][lemma="stretto" & pos="ADJ"]
yes	né X né Y	largo	stretto	[word="né"][lemma="stretto" & pos="ADJ"][word="né"][lemma="largo" & pos="ADJ"]
no	né X né Y	largo	stretto	[word="né"][lemma!="largo" & pos="ADJ"][word="né"][lemma="stretto" & pos="ADJ"]
no	né X né Y	largo	stretto	[word="né"][lemma="largo" & pos="ADJ"][word="né"][lemma!="stretto" & pos="ADJ"]
no	né X né Y	largo	stretto	[word="né"][lemma!="stretto" & pos="ADJ"][word="né"][lemma="largo" & pos="ADJ"]
no	né X né Y	largo	stretto	[word="né"][lemma="stretto" & pos="ADJ"][word="né"][lemma!="largo" & pos="ADJ"]
yes	né X né Y	grande	piccolo	[word="né"][lemma="grande" & pos="ADJ"][word="né"][lemma="piccolo" & pos="ADJ"]
yes	né X né Y	grande	piccolo	[word="né"][lemma="piccolo" & pos="ADJ"][word="né"][lemma="grande" & pos="ADJ"]
no	né X né Y	grande	piccolo	[word="né"][lemma!="grande" & pos="ADJ"][word="né"][lemma="piccolo" & pos="ADJ"]
no	né X né Y	grande	piccolo	[word="né"][lemma="grande" & pos="ADJ"][word="né"][lemma!="piccolo" & pos="ADJ"]
no	né X né Y	grande	piccolo	[word="né"][lemma!="piccolo" & pos="ADJ"][word="né"][lemma="grande" & pos="ADJ"]
no	né X né Y	grande	piccolo	[word="né"][lemma="piccolo" & pos="ADJ"][word="né"][lemma!="grande" & pos="ADJ"]
yes	a X e Y	buono	cattivo	[word="a"][lemma="buono" & pos="ADJ"][word="e"][lemma="cattivo" & pos="ADJ"]
yes	a X e Y	buono	cattivo	[word="a"][lemma="cattivo" & pos="ADJ"][word="e"][lemma="buono" & pos="ADJ"]
no	a X e Y	buono	cattivo	[word="a"][lemma!="buono" & pos="ADJ"][word="e"][lemma="cattivo" & pos="ADJ"]
no	a X e Y	buono	cattivo	[word="a"][lemma="buono" & pos="ADJ"][word="e"][lemma!="cattivo" & pos="ADJ"]
no	a X e Y	buono	cattivo	[word="a"][lemma!="cattivo" & pos="ADJ"][word="e"][lemma="buono" & pos="ADJ"]
no	a X e Y	buono	cattivo	[word="a"][lemma="cattivo" & pos="ADJ"][word="e"][lemma!="buono" & pos="ADJ"]
yes	a X e Y	debole	forte	[word="a"][lemma="debole" & pos="ADJ"][word="e"][lemma="forte" & pos="ADJ"]
yes	a X e Y	debole	forte	[word="a"][lemma="forte" & pos="ADJ"][word="e"][lemma="debole" & pos="ADJ"]
no	a X e Y	debole	forte	[word="a"][lemma!="debole" & pos="ADJ"][word="e"][lemma="forte" & pos="ADJ"]
no	a X e Y	debole	forte	[word="a"][lemma="debole" & pos="ADJ"][word="e"][lemma!="forte" & pos="ADJ"]
no	a X e Y	debole	forte	[word="a"][lemma!="forte" & pos="ADJ"][word="e"][lemma="debole" & pos="ADJ"]
no	a X e Y	debole	forte	[word="a"][lemma="forte" & pos="ADJ"][word="e"][lemma!="debole" & pos="ADJ"]
yes	a X e Y	giovane	vecchio	[word="a"][lemma="giovane" & pos="ADJ"][word="e"][lemma="vecchio" & pos="ADJ"]
yes	a X e Y	giovane	vecchio	[word="a"][lemma="vecchio" & pos="ADJ"][word="e"][lemma="giovane" & pos="ADJ"]
no	a X e Y	giovane	vecchio	[word="a"][lemma!="giovane" & pos="ADJ"][word="e"][lemma="vecchio" & pos="ADJ"]
no	a X e Y	giovane	vecchio	[word="a"][lemma="giovane" & pos="ADJ"][word="e"][lemma!="vecchio" & pos="ADJ"]
no	a X e Y	giovane	vecchio	[word="a"][lemma!="vecchio" & pos="ADJ"][word="e"][lemma="giovane" & pos="ADJ"]
no	a X e Y	giovane	vecchio	[word="a"][lemma="vecchio" & pos="ADJ"][word="e"][lemma!="giovane" & pos="ADJ"]
yes	a X e Y	leggero	pesante	[word="a"][lemma="leggero" & pos="ADJ"][word="e"][lemma="pesante" & pos="ADJ"]
yes	a X e Y	leggero	pesante	[word="a"][lemma="pesante" & pos="ADJ"][word="e"][lemma="leggero" & pos="ADJ"]
no	a X e Y	leggero	pesante	[word="a"][lemma!="leggero" & pos="ADJ"][word="e"][lemma="pesante" & pos="ADJ"]
no	a X e Y	leggero	pesante	[word="a"][lemma="leggero" & pos="ADJ"][word="e"][lemma!="pesante" & pos="ADJ"]
no	a X e Y	leggero	pesante	[word="a"][lemma!="pesante" & pos="ADJ"][word="e"][lemma="leggero" & pos="ADJ"]
no	a X e Y	leggero	pesante	[word="a"][lemma="pesante" & pos="ADJ"][word="e"][lemma!="leggero" & pos="ADJ"]
yes	a X e Y	lontano	vicino	[word="a"][lemma="lontano" & pos="ADJ"][word="e"][lemma="vicino" & pos="ADJ"]
yes	a X e Y	lontano	vicino	[word="a"][lemma="vicino" & pos="ADJ"][word="e"][lemma="lontano" & pos="ADJ"]
no	a X e Y	lontano	vicino	[word="a"][lemma!="lontano" & pos="ADJ"][word="e"][lemma="vicino" & pos="ADJ"]
no	a X e Y	lontano	vicino	[word="a"][lemma="lontano" & pos="ADJ"][word="e"][lemma!="vicino" & pos="ADJ"]
no	a X e Y	lontano	vicino	[word="a"][lemma!="vicino" & pos="ADJ"][word="e"][lemma="lontano" & pos="ADJ"]
no	a X e Y	lontano	vicino	[word="a"][lemma="vicino" & pos="ADJ"][word="e"][lemma!="lontano" & pos="ADJ"]
yes	a X e Y	morto	vivo	[word="a"][lemma="morto" & pos="ADJ"][word="e"][lemma="vivo" & pos="ADJ"]
yes	a X e Y	morto	vivo	[word="a"][lemma="vivo" & pos="ADJ"][word="e"][lemma="morto" & pos="ADJ"]
no	a X e Y	morto	vivo	[word="a"][lemma!="morto" & pos="ADJ"][word="e"][lemma="vivo" & pos="ADJ"]
no	a X e Y	morto	vivo	[word="a"][lemma="morto" & pos="ADJ"][word="e"][lemma!="vivo" & pos="ADJ"]
no	a X e Y	morto	vivo	[word="a"][lemma!="vivo" & pos="ADJ"][word="e"][lemma="morto" & pos="ADJ"]
no	a X e Y	morto	vivo	[word="a"][lemma="vivo" & pos="ADJ"][word="e"][lemma!="morto" & pos="ADJ"]
yes	a X e Y	falso	vero	[word="a"][lemma="falso" & pos="ADJ"][word="e"][lemma="vero" & pos="ADJ"]
yes	a X e Y	falso	vero	[word="a"][lemma="vero" & pos="ADJ"][word="e"][lemma="falso" & pos="ADJ"]
no	a X e Y	falso	vero	[word="a"][lemma!="falso" & pos="ADJ"][word="e"][lemma="vero" & pos="ADJ"]
no	a X e Y	falso	vero	[word="a"][lemma="falso" & pos="ADJ"][word="e"][lemma!="vero" & pos="ADJ"]
no	a X e Y	falso	vero	[word="a"][lemma!="vero" & pos="ADJ"][word="e"][lemma="falso" & pos="ADJ"]
no	a X e Y	falso	vero	[word="a"][lemma="vero" & pos="ADJ"][word="e"][lemma!="falso" & pos="ADJ"]
yes	a X e Y	femminile	maschile	[word="a"][lemma="femminile" & pos="ADJ"][word="e"][lemma="maschile" & pos="ADJ"]
yes	a X e Y	femminile	maschile	[word="a"][lemma="maschile" & pos="ADJ"][word="e"][lemma="femminile" & pos="ADJ"]
no	a X e Y	femminile	maschile	[word="a"][lemma!="femminile" & pos="ADJ"][word="e"][lemma="maschile" & pos="ADJ"]
no	a X e Y	femminile	maschile	[word="a"][lemma="femminile" & pos="ADJ"][word="e"][lemma!="maschile" & pos="ADJ"]
no	a X e Y	femminile	maschile	[word="a"][lemma!="maschile" & pos="ADJ"][word="e"][lemma="femminile" & pos="ADJ"]
no	a X e Y	femminile	maschile	[word="a"][lemma="maschile" & pos="ADJ"][word="e"][lemma!="femminile" & pos="ADJ"]
yes	a X e Y	profondo	superficiale	[word="a"][lemma="profondo" & pos="ADJ"][word="e"][lemma="superficiale" & pos="ADJ"]
yes	a X e Y	profondo	superficiale	[word="a"][lemma="superficiale" & pos="ADJ"][word="e"][lemma="profondo" & pos="ADJ"]
no	a X e Y	profondo	superficiale	[word="a"][lemma!="profondo" & pos="ADJ"][word="e"][lemma="superficiale" & pos="ADJ"]
no	a X e Y	profondo	superficiale	[word="a"][lemma="profondo" & pos="ADJ"][word="e"][lemma!="superficiale" & pos="ADJ"]
no	a X e Y	profondo	superficiale	[word="a"][lemma!="superficiale" & pos="ADJ"][word="e"][lemma="profondo" & pos="ADJ"]
no	a X e Y	profondo	superficiale	[word="a"][lemma="superficiale" & pos="ADJ"][word="e"][lemma!="profondo" & pos="ADJ"]
yes	a X e Y	corto	lungo	[word="a"][lemma="corto" & pos="ADJ"][word="e"][lemma="lungo" & pos="ADJ"]
yes	a X e Y	corto	lungo	[word="a"][lemma="lungo" & pos="ADJ"][word="e"][lemma="corto" & pos="ADJ"]
no	a X e Y	corto	lungo	[word="a"][lemma!="corto" & pos="ADJ"][word="e"][lemma="lungo" & pos="ADJ"]
no	a X e Y	corto	lungo	[word="a"][lemma="corto" & pos="ADJ"][word="e"][lemma!="lungo" & pos="ADJ"]
no	a X e Y	corto	lungo	[word="a"][lemma!="lungo" & pos="ADJ"][word="e"][lemma="corto" & pos="ADJ"]
no	a X e Y	corto	lungo	[word="a"][lemma="lungo" & pos="ADJ"][word="e"][lemma!="corto" & pos="ADJ"]
yes	a X e Y	alto	basso	[word="a"][lemma="alto" & pos="ADJ"][word="e"][lemma="basso" & pos="ADJ"]
yes	a X e Y	alto	basso	[word="a"][lemma="basso" & pos="ADJ"][word="e"][lemma="alto" & pos="ADJ"]
no	a X e Y	alto	basso	[word="a"][lemma!="alto" & pos="ADJ"][word="e"][lemma="basso" & pos="ADJ"]
no	a X e Y	alto	basso	[word="a"][lemma="alto" & pos="ADJ"][word="e"][lemma!="basso" & pos="ADJ"]
no	a X e Y	alto	basso	[word="a"][lemma!="basso" & pos="ADJ"][word="e"][lemma="alto" & pos="ADJ"]
no	a X e Y	alto	basso	[word="a"][lemma="basso" & pos="ADJ"][word="e"][lemma!="alto" & pos="ADJ"]
yes	a X e Y	povero	ricco	[word="a"][lemma="povero" & pos="ADJ"][word="e"][lemma="ricco" & pos="ADJ"]
yes	a X e Y	povero	ricco	[word="a"][lemma="ricco" & pos="ADJ"][word="e"][lemma="povero" & pos="ADJ"]
no	a X e Y	povero	ricco	[word="a"][lemma!="povero" & pos="ADJ"][word="e"][lemma="ricco" & pos="ADJ"]
no	a X e Y	povero	ricco	[word="a"][lemma="povero" & pos="ADJ"][word="e"][lemma!="ricco" & pos="ADJ"]
no	a X e Y	povero	ricco	[word="a"][lemma!="ricco" & pos="ADJ"][word="e"][lemma="povero" & pos="ADJ"]
no	a X e Y	povero	ricco	[word="a"][lemma="ricco" & pos="ADJ"][word="e"][lemma!="povero" & pos="ADJ"]
yes	a X e Y	chiaro	scuro	[word="a"][lemma="chiaro" & pos="ADJ"][word="e"][lemma="scuro" & pos="ADJ"]
yes	a X e Y	chiaro	scuro	[word="a"][lemma="scuro" & pos="ADJ"][word="e"][lemma="chiaro" & pos="ADJ"]
no	a X e Y	chiaro	scuro	[word="a"][lemma!="chiaro" & pos="ADJ"][word="e"][lemma="scuro" & pos="ADJ"]
no	a X e Y	chiaro	scuro	[word="a"][lemma="chiaro" & pos="ADJ"][word="e"][lemma!="scuro" & pos="ADJ"]
no	a X e Y	chiaro	scuro	[word="a"][lemma!="scuro" & pos="ADJ"][word="e"][lemma="chiaro" & pos="ADJ"]
no	a X e Y	chiaro	scuro	[word="a"][lemma="scuro" & pos="ADJ"][word="e"][lemma!="chiaro" & pos="ADJ"]
yes	a X e Y	intelligente	stupido	[word="a"][lemma="intelligente" & pos="ADJ"][word="e"][lemma="stupido" & pos="ADJ"]
yes	a X e Y	intelligente	stupido	[word="a"][lemma="stupido" & pos="ADJ"][word="e"][lemma="intelligente" & pos="ADJ"]
no	a X e Y	intelligente	stupido	[word="a"][lemma!="intelligente" & pos="ADJ"][word="e"][lemma="stupido" & pos="ADJ"]
no	a X e Y	intelligente	stupido	[word="a"][lemma="intelligente" & pos="ADJ"][word="e"][lemma!="stupido" & pos="ADJ"]
no	a X e Y	intelligente	stupido	[word="a"][lemma!="stupido" & pos="ADJ"][word="e"][lemma="intelligente" & pos="ADJ"]
no	a X e Y	intelligente	stupido	[word="a"][lemma="stupido" & pos="ADJ"][word="e"][lemma!="intelligente" & pos="ADJ"]
yes	a X e Y	bello	brutto	[word="a"][lemma="bello" & pos="ADJ"][word="e"][lemma="brutto" & pos="ADJ"]
yes	a X e Y	bello	brutto	[word="a"][lemma="brutto" & pos="ADJ"][word="e"][lemma="bello" & pos="ADJ"]
no	a X e Y	bello	brutto	[word="a"][lemma!="bello" & pos="ADJ"][word="e"][lemma="brutto" & pos="ADJ"]
no	a X e Y	bello	brutto	[word="a"][lemma="bello" & pos="ADJ"][word="e"][lemma!="brutto" & pos="ADJ"]
no	a X e Y	bello	brutto	[word="a"][lemma!="brutto" & pos="ADJ"][word="e"][lemma="bello" & pos="ADJ"]
no	a X e Y	bello	brutto	[word="a"][lemma="brutto" & pos="ADJ"][word="e"][lemma!="bello" & pos="ADJ"]
yes	a X e Y	lento	veloce	[word="a"][lemma="lento" & pos="ADJ"][word="e"][lemma="veloce" & pos="ADJ"]
yes	a X e Y	lento	veloce	[word="a"][lemma="veloce" & pos="ADJ"][word="e"][lemma="lento" & pos="ADJ"]
no	a X e Y	lento	veloce	[word="a"][lemma!="lento" & pos="ADJ"][word="e"][lemma="veloce" & pos="ADJ"]
no	a X e Y	lento	veloce	[word="a"][lemma="lento" & pos="ADJ"][word="e"][lemma!="veloce" & pos="ADJ"]
no	a X e Y	lento	veloce	[word="a"][lemma!="veloce" & pos="ADJ"][word="e"][lemma="lento" & pos="ADJ"]
no	a X e Y	lento	veloce	[word="a"][lemma="veloce" & pos="ADJ"][word="e"][lemma!="lento" & pos="ADJ"]
yes	a X e Y	felice	triste	[word="a"][lemma="felice" & pos="ADJ"][word="e"][lemma="triste" & pos="ADJ"]
yes	a X e Y	felice	triste	[word="a"][lemma="triste" & pos="ADJ"][word="e"][lemma="felice" & pos="ADJ"]
no	a X e Y	felice	triste	[word="a"][lemma!="felice" & pos="ADJ"][word="e"][lemma="triste" & pos="ADJ"]
no	a X e Y	felice	triste	[word="a"][lemma="felice" & pos="ADJ"][word="e"][lemma!="triste" & pos="ADJ"]
no	a X e Y	felice	triste	[word="a"][lemma!="triste" & pos="ADJ"][word="e"][lemma="felice" & pos="ADJ"]
no	a X e Y	felice	triste	[word="a"][lemma="triste" & pos="ADJ"][word="e"][lemma!="felice" & pos="ADJ"]
yes	a X e Y	malato	sano	[word="a"][lemma="malato" & pos="ADJ"][word="e"][lemma="sano" & pos="ADJ"]
yes	a X e Y	malato	sano	[word="a"][lemma="sano" & pos="ADJ"][word="e"][lemma="malato" & pos="ADJ"]
no	a X e Y	malato	sano	[word="a"][lemma!="malato" & pos="ADJ"][word="e"][lemma="sano" & pos="ADJ"]
no	a X e Y	malato	sano	[word="a"][lemma="malato" & pos="ADJ"][word="e"][lemma!="sano" & pos="ADJ"]
no	a X e Y	malato	sano	[word="a"][lemma!="sano" & pos="ADJ"][word="e"][lemma="malato" & pos="ADJ"]
no	a X e Y	malato	sano	[word="a"][lemma="sano" & pos="ADJ"][word="e"][lemma!="malato" & pos="ADJ"]
yes	a X e Y	pulito	sporco	[word="a"][lemma="pulito" & pos="ADJ"][word="e"][lemma="sporco" & pos="ADJ"]
yes	a X e Y	pulito	sporco	[word="a"][lemma="sporco" & pos="ADJ"][word="e"][lemma="pulito" & pos="ADJ"]
no	a X e Y	pulito	sporco	[word="a"][lemma!="pulito" & pos="ADJ"][word="e"][lemma="sporco" & pos="ADJ"]
no	a X e Y	pulito	sporco	[word="a"][lemma="pulito" & pos="ADJ"][word="e"][lemma!="sporco" & pos="ADJ"]
no	a X e Y	pulito	sporco	[word="a"][lemma!="sporco" & pos="ADJ"][word="e"][lemma="pulito" & pos="ADJ"]
no	a X e Y	pulito	sporco	[word="a"][lemma="sporco" & pos="ADJ"][word="e"][lemma!="pulito" & pos="ADJ"]
yes	a X e Y	bianco	nero	[word="a"][lemma="bianco" & pos="ADJ"][word="e"][lemma="nero" & pos="ADJ"]
yes	a X e Y	bianco	nero	[word="a"][lemma="nero" & pos="ADJ"][word="e"][lemma="bianco" & pos="ADJ"]
no	a X e Y	bianco	nero	[word="a"][lemma!="bianco" & pos="ADJ"][word="e"][lemma="nero" & pos="ADJ"]
no	a X e Y	bianco	nero	[word="a"][lemma="bianco" & pos="ADJ"][word="e"][lemma!="nero" & pos="ADJ"]
no	a X e Y	bianco	nero	[word="a"][lemma!="nero" & pos="ADJ"][word="e"][lemma="bianco" & pos="ADJ"]
no	a X e Y	bianco	nero	[word="a"][lemma="nero" & pos="ADJ"][word="e"][lemma!="bianco" & pos="ADJ"]
yes	a X e Y	largo	stretto	[word="a"][lemma="largo" & pos="ADJ"][word="e"][lemma="stretto" & pos="ADJ"]
yes	a X e Y	largo	stretto	[word="a"][lemma="stretto" & pos="ADJ"][word="e"][lemma="largo" & pos="ADJ"]
no	a X e Y	largo	stretto	[word="a"][lemma!="largo" & pos="ADJ"][word="e"][lemma="stretto" & pos="ADJ"]
no	a X e Y	largo	stretto	[word="a"][lemma="largo" & pos="ADJ"][word="e"][lemma!="stretto" & pos="ADJ"]
no	a X e Y	largo	stretto	[word="a"][lemma!="stretto" & pos="ADJ"][word="e"][lemma="largo" & pos="ADJ"]
no	a X e Y	largo	stretto	[word="a"][lemma="stretto" & pos="ADJ"][word="e"][lemma!="largo" & pos="ADJ"]
yes	a X e Y	grande	piccolo	[word="a"][lemma="grande" & pos="ADJ"][word="e"][lemma="piccolo" & pos="ADJ"]
yes	a X e Y	grande	piccolo	[word="a"][lemma="piccolo" & pos="ADJ"][word="e"][lemma="grande" & pos="ADJ"]
no	a X e Y	grande	piccolo	[word="a"][lemma!="grande" & pos="ADJ"][word="e"][lemma="piccolo" & pos="ADJ"]
no	a X e Y	grande	piccolo	[word="a"][lemma="grande" & pos="ADJ"][word="e"][lemma!="piccolo" & pos="ADJ"]
no	a X e Y	grande	piccolo	[word="a"][lemma!="piccolo" & pos="ADJ"][word="e"][lemma="grande" & pos="ADJ"]
no	a X e Y	grande	piccolo	[word="a"][lemma="piccolo" & pos="ADJ"][word="e"][lemma!="grande" & pos="ADJ"]
yes	tra X e Y	buono	cattivo	[word="tra"][lemma="buono" & pos="ADJ"][word="e"][lemma="cattivo" & pos="ADJ"]
yes	tra X e Y	buono	cattivo	[word="tra"][lemma="cattivo" & pos="ADJ"][word="e"][lemma="buono" & pos="ADJ"]
no	tra X e Y	buono	cattivo	[word="tra"][lemma!="buono" & pos="ADJ"][word="e"][lemma="cattivo" & pos="ADJ"]
no	tra X e Y	buono	cattivo	[word="tra"][lemma="buono" & pos="ADJ"][word="e"][lemma!="cattivo" & pos="ADJ"]
no	tra X e Y	buono	cattivo	[word="tra"][lemma!="cattivo" & pos="ADJ"][word="e"][lemma="buono" & pos="ADJ"]
no	tra X e Y	buono	cattivo	[word="tra"][lemma="cattivo" & pos="ADJ"][word="e"][lemma!="buono" & pos="ADJ"]
yes	tra X e Y	debole	forte	[word="tra"][lemma="debole" & pos="ADJ"][word="e"][lemma="forte" & pos="ADJ"]
yes	tra X e Y	debole	forte	[word="tra"][lemma="forte" & pos="ADJ"][word="e"][lemma="debole" & pos="ADJ"]
no	tra X e Y	debole	forte	[word="tra"][lemma!="debole" & pos="ADJ"][word="e"][lemma="forte" & pos="ADJ"]
no	tra X e Y	debole	forte	[word="tra"][lemma="debole" & pos="ADJ"][word="e"][lemma!="forte" & pos="ADJ"]
no	tra X e Y	debole	forte	[word="tra"][lemma!="forte" & pos="ADJ"][word="e"][lemma="debole" & pos="ADJ"]
no	tra X e Y	debole	forte	[word="tra"][lemma="forte" & pos="ADJ"][word="e"][lemma!="debole" & pos="ADJ"]
yes	tra X e Y	giovane	vecchio	[word="tra"][lemma="giovane" & pos="ADJ"][word="e"][lemma="vecchio" & pos="ADJ"]
yes	tra X e Y	giovane	vecchio	[word="tra"][lemma="vecchio" & pos="ADJ"][word="e"][lemma="giovane" & pos="ADJ"]
no	tra X e Y	giovane	vecchio	[word="tra"][lemma!="giovane" & pos="ADJ"][word="e"][lemma="vecchio" & pos="ADJ"]
no	tra X e Y	giovane	vecchio	[word="tra"][lemma="giovane" & pos="ADJ"][word="e"][lemma!="vecchio" & pos="ADJ"]
no	tra X e Y	giovane	vecchio	[word="tra"][lemma!="vecchio" & pos="ADJ"][word="e"][lemma="giovane" & pos="ADJ"]
no	tra X e Y	giovane	vecchio	[word="tra"][lemma="vecchio" & pos="ADJ"][word="e"][lemma!="giovane" & pos="ADJ"]
yes	tra X e Y	leggero	pesante	[word="tra"][lemma="leggero" & pos="ADJ"][word="e"][lemma="pesante" & pos="ADJ"]
yes	tra X e Y	leggero	pesante	[word="tra"][lemma="pesante" & pos="ADJ"][word="e"][lemma="leggero" & pos="ADJ"]
no	tra X e Y	leggero	pesante	[word="tra"][lemma!="leggero" & pos="ADJ"][word="e"][lemma="pesante" & pos="ADJ"]
no	tra X e Y	leggero	pesante	[word="tra"][lemma="leggero" & pos="ADJ"][word="e"][lemma!="pesante" & pos="ADJ"]
no	tra X e Y	leggero	pesante	[word="tra"][lemma!="pesante" & pos="ADJ"][word="e"][lemma="leggero" & pos="ADJ"]
no	tra X e Y	leggero	pesante	[word="tra"][lemma="pesante" & pos="ADJ"][word="e"][lemma!="leggero" & pos="ADJ"]
yes	tra X e Y	lontano	vicino	[word="tra"][lemma="lontano" & pos="ADJ"][word="e"][lemma="vicino" & pos="ADJ"]
yes	tra X e Y	lontano	vicino	[word="tra"][lemma="vicino" & pos="ADJ"][word="e"][lemma="lontano" & pos="ADJ"]
no	tra X e Y	lontano	vicino	[word="tra"][lemma!="lontano" & pos="ADJ"][word="e"][lemma="vicino" & pos="ADJ"]
no	tra X e Y	lontano	vicino	[word="tra"][lemma="lontano" & pos="ADJ"][word="e"][lemma!="vicino" & pos="ADJ"]
no	tra X e Y	lontano	vicino	[word="tra"][lemma!="vicino" & pos="ADJ"][word="e"][lemma="lontano" & pos="ADJ"]
no	tra X e Y	lontano	vicino	[word="tra"][lemma="vicino" & pos="ADJ"][word="e"][lemma!="lontano" & pos="ADJ"]
yes	tra X e Y	morto	vivo	[word="tra"][lemma="morto" & pos="ADJ"][word="e"][lemma="vivo" & pos="ADJ"]
yes	tra X e Y	morto	vivo	[word="tra"][lemma="vivo" & pos="ADJ"][word="e"][lemma="morto" & pos="ADJ"]
no	tra X e Y	morto	vivo	[word="tra"][lemma!="morto" & pos="ADJ"][word="e"][lemma="vivo" & pos="ADJ"]
no	tra X e Y	morto	vivo	[word="tra"][lemma="morto" & pos="ADJ"][word="e"][lemma!="vivo" & pos="ADJ"]
no	tra X e Y	morto	vivo	[word="tra"][lemma!="vivo" & pos="ADJ"][word="e"][lemma="morto" & pos="ADJ"]
no	tra X e Y	morto	vivo	[word="tra"][lemma="vivo" & pos="ADJ"][word="e"][lemma!="morto" & pos="ADJ"]
yes	tra X e Y	falso	vero	[word="tra"][lemma="falso" & pos="ADJ"][word="e"][lemma="vero" & pos="ADJ"]
yes	tra X e Y	falso	vero	[word="tra"][lemma="vero" & pos="ADJ"][word="e"][lemma="falso" & pos="ADJ"]
no	tra X e Y	falso	vero	[word="tra"][lemma!="falso" & pos="ADJ"][word="e"][lemma="vero" & pos="ADJ"]
no	tra X e Y	falso	vero	[word="tra"][lemma="falso" & pos="ADJ"][word="e"][lemma!="vero" & pos="ADJ"]
no	tra X e Y	falso	vero	[word="tra"][lemma!="vero" & pos="ADJ"][word="e"][lemma="falso" & pos="ADJ"]
no	tra X e Y	falso	vero	[word="tra"][lemma="vero" & pos="ADJ"][word="e"][lemma!="falso" & pos="ADJ"]
yes	tra X e Y	femminile	maschile	[word="tra"][lemma="femminile" & pos="ADJ"][word="e"][lemma="maschile" & pos="ADJ"]
yes	tra X e Y	femminile	maschile	[word="tra"][lemma="maschile" & pos="ADJ"][word="e"][lemma="femminile" & pos="ADJ"]
no	tra X e Y	femminile	maschile	[word="tra"][lemma!="femminile" & pos="ADJ"][word="e"][lemma="maschile" & pos="ADJ"]
no	tra X e Y	femminile	maschile	[word="tra"][lemma="femminile" & pos="ADJ"][word="e"][lemma!="maschile" & pos="ADJ"]
no	tra X e Y	femminile	maschile	[word="tra"][lemma!="maschile" & pos="ADJ"][word="e"][lemma="femminile" & pos="ADJ"]
no	tra X e Y	femminile	maschile	[word="tra"][lemma="maschile" & pos="ADJ"][word="e"][lemma!="femminile" & pos="ADJ"]
yes	tra X e Y	profondo	superficiale	[word="tra"][lemma="profondo" & pos="ADJ"][word="e"][lemma="superficiale" & pos="ADJ"]
yes	tra X e Y	profondo	superficiale	[word="tra"][lemma="superficiale" & pos="ADJ"][word="e"][lemma="profondo" & pos="ADJ"]
no	tra X e Y	profondo	superficiale	[word="tra"][lemma!="profondo" & pos="ADJ"][word="e"][lemma="superficiale" & pos="ADJ"]
no	tra X e Y	profondo	superficiale	[word="tra"][lemma="profondo" & pos="ADJ"][word="e"][lemma!="superficiale" & pos="ADJ"]
no	tra X e Y	profondo	superficiale	[word="tra"][lemma!="superficiale" & pos="ADJ"][word="e"][lemma="profondo" & pos="ADJ"]
no	tra X e Y	profondo	superficiale	[word="tra"][lemma="superficiale" & pos="ADJ"][word="e"][lemma!="profondo" & pos="ADJ"]
yes	tra X e Y	corto	lungo	[word="tra"][lemma="corto" & pos="ADJ"][word="e"][lemma="lungo" & pos="ADJ"]
yes	tra X e Y	corto	lungo	[word="tra"][lemma="lungo" & pos="ADJ"][word="e"][lemma="corto" & pos="ADJ"]
no	tra X e Y	corto	lungo	[word="tra"][lemma!="corto" & pos="ADJ"][word="e"][lemma="lungo" & pos="ADJ"]
no	tra X e Y	corto	lungo	[word="tra"][lemma="corto" & pos="ADJ"][word="e"][lemma!="lungo" & pos="ADJ"]
no	tra X e Y	corto	lungo	[word="tra"][lemma!="lungo" & pos="ADJ"][word="e"][lemma="corto" & pos="ADJ"]
no	tra X e Y	corto	lungo	[word="tra"][lemma="lungo" & pos="ADJ"][word="e"][lemma!="corto" & pos="ADJ"]
yes	tra X e Y	alto	basso	[word="tra"][lemma="alto" & pos="ADJ"][word="e"][lemma="basso" & pos="ADJ"]
yes	tra X e Y	alto	basso	[word="tra"][lemma="basso" & pos="ADJ"][word="e"][lemma="alto" & pos="ADJ"]
no	tra X e Y	alto	basso	[word="tra"][lemma!="alto" & pos="ADJ"][word="e"][lemma="basso" & pos="ADJ"]
no	tra X e Y	alto	basso	[word="tra"][lemma="alto" & pos="ADJ"][word="e"][lemma!="basso" & pos="ADJ"]
no	tra X e Y	alto	basso	[word="tra"][lemma!="basso" & pos="ADJ"][word="e"][lemma="alto" & pos="ADJ"]
no	tra X e Y	alto	basso	[word="tra"][lemma="basso" & pos="ADJ"][word="e"][lemma!="alto" & pos="ADJ"]
yes	tra X e Y	povero	ricco	[word="tra"][lemma="povero" & pos="ADJ"][word="e"][lemma="ricco" & pos="ADJ"]
yes	tra X e Y	povero	ricco	[word="tra"][lemma="ricco" & pos="ADJ"][word="e"][lemma="povero" & pos="ADJ"]
no	tra X e Y	povero	ricco	[word="tra"][lemma!="povero" & pos="ADJ"][word="e"][lemma="ricco" & pos="ADJ"]
no	tra X e Y	povero	ricco	[word="tra"][lemma="povero" & pos="ADJ"][word="e"][lemma!="ricco" & pos="ADJ"]
no	tra X e Y	povero	ricco	[word="tra"][lemma!="ricco" & pos="ADJ"][word="e"][lemma="povero" & pos="ADJ"]
no	tra X e Y	povero	ricco	[word="tra"][lemma="ricco" & pos="ADJ"][word="e"][lemma!="povero" & pos="ADJ"]
yes	tra X e Y	chiaro	scuro	[word="tra"][lemma="chiaro" & pos="ADJ"][word="e"][lemma="scuro" & pos="ADJ"]
yes	tra X e Y	chiaro	scuro	[word="tra"][lemma="scuro" & pos="ADJ"][word="e"][lemma="chiaro" & pos="ADJ"]
no	tra X e Y	chiaro	scuro	[word="tra"][lemma!="chiaro" & pos="ADJ"][word="e"][lemma="scuro" & pos="ADJ"]
no	tra X e Y	chiaro	scuro	[word="tra"][lemma="chiaro" & pos="ADJ"][word="e"][lemma!="scuro" & pos="ADJ"]
no	tra X e Y	chiaro	scuro	[word="tra"][lemma!="scuro" & pos="ADJ"][word="e"][lemma="chiaro" & pos="ADJ"]
no	tra X e Y	chiaro	scuro	[word="tra"][lemma="scuro" & pos="ADJ"][word="e"][lemma!="chiaro" & pos="ADJ"]
yes	tra X e Y	intelligente	stupido	[word="tra"][lemma="intelligente" & pos="ADJ"][word="e"][lemma="stupido" & pos="ADJ"]
yes	tra X e Y	intelligente	stupido	[word="tra"][lemma="stupido" & pos="ADJ"][word="e"][lemma="intelligente" & pos="ADJ"]
no	tra X e Y	intelligente	stupido	[word="tra"][lemma!="intelligente" & pos="ADJ"][word="e"][lemma="stupido" & pos="ADJ"]
no	tra X e Y	intelligente	stupido	[word="tra"][lemma="intelligente" & pos="ADJ"][word="e"][lemma!="stupido" & pos="ADJ"]
no	tra X e Y	intelligente	stupido	[word="tra"][lemma!="stupido" & pos="ADJ"][word="e"][lemma="intelligente" & pos="ADJ"]
no	tra X e Y	intelligente	stupido	[word="tra"][lemma="stupido" & pos="ADJ"][word="e"][lemma!="intelligente" & pos="ADJ"]
yes	tra X e Y	bello	brutto	[word="tra"][lemma="bello" & pos="ADJ"][word="e"][lemma="brutto" & pos="ADJ"]
yes	tra X e Y	bello	brutto	[word="tra"][lemma="brutto" & pos="ADJ"][word="e"][lemma="bello" & pos="ADJ"]
no	tra X e Y	bello	brutto	[word="tra"][lemma!="bello" & pos="ADJ"][word="e"][lemma="brutto" & pos="ADJ"]
no	tra X e Y	bello	brutto	[word="tra"][lemma="bello" & pos="ADJ"][word="e"][lemma!="brutto" & pos="ADJ"]
no	tra X e Y	bello	brutto	[word="tra"][lemma!="brutto" & pos="ADJ"][word="e"][lemma="bello" & pos="ADJ"]
no	tra X e Y	bello	brutto	[word="tra"][lemma="brutto" & pos="ADJ"][word="e"][lemma!="bello" & pos="ADJ"]
yes	tra X e Y	lento	veloce	[word="tra"][lemma="lento" & pos="ADJ"][word="e"][lemma="veloce" & pos="ADJ"]
yes	tra X e Y	lento	veloce	[word="tra"][lemma="veloce" & pos="ADJ"][word="e"][lemma="lento" & pos="ADJ"]
no	tra X e Y	lento	veloce	[word="tra"][lemma!="lento" & pos="ADJ"][word="e"][lemma="veloce" & pos="ADJ"]
no	tra X e Y	lento	veloce	[word="tra"][lemma="lento" & pos="ADJ"][word="e"][lemma!="veloce" & pos="ADJ"]
no	tra X e Y	lento	veloce	[word="tra"][lemma!="veloce" & pos="ADJ"][word="e"][lemma="lento" & pos="ADJ"]
no	tra X e Y	lento	veloce	[word="tra"][lemma="veloce" & pos="ADJ"][word="e"][lemma!="lento" & pos="ADJ"]
yes	tra X e Y	felice	triste	[word="tra"][lemma="felice" & pos="ADJ"][word="e"][lemma="triste" & pos="ADJ"]
yes	tra X e Y	felice	triste	[word="tra"][lemma="triste" & pos="ADJ"][word="e"][lemma="felice" & pos="ADJ"]
no	tra X e Y	felice	triste	[word="tra"][lemma!="felice" & pos="ADJ"][word="e"][lemma="triste" & pos="ADJ"]
no	tra X e Y	felice	triste	[word="tra"][lemma="felice" & pos="ADJ"][word="e"][lemma!="triste" & pos="ADJ"]
no	tra X e Y	felice	triste	[word="tra"][lemma!="triste" & pos="ADJ"][word="e"][lemma="felice" & pos="ADJ"]
no	tra X e Y	felice	triste	[word="tra"][lemma="triste" & pos="ADJ"][word="e"][lemma!="felice" & pos="ADJ"]
yes	tra X e Y	malato	sano	[word="tra"][lemma="malato" & pos="ADJ"][word="e"][lemma="sano" & pos="ADJ"]
yes	tra X e Y	malato	sano	[word="tra"][lemma="sano" & pos="ADJ"][word="e"][lemma="malato" & pos="ADJ"]
no	tra X e Y	malato	sano	[word="tra"][lemma!="malato" & pos="ADJ"][word="e"][lemma="sano" & pos="ADJ"]
no	tra X e Y	malato	sano	[word="tra"][lemma="malato" & pos="ADJ"][word="e"][lemma!="sano" & pos="ADJ"]
no	tra X e Y	malato	sano	[word="tra"][lemma!="sano" & pos="ADJ"][word="e"][lemma="malato" & pos="ADJ"]
no	tra X e Y	malato	sano	[word="tra"][lemma="sano" & pos="ADJ"][word="e"][lemma!="malato" & pos="ADJ"]
yes	tra X e Y	pulito	sporco	[word="tra"][lemma="pulito" & pos="ADJ"][word="e"][lemma="sporco" & pos="ADJ"]
yes	tra X e Y	pulito	sporco	[word="tra"][lemma="sporco" & pos="ADJ"][word="e"][lemma="pulito" & pos="ADJ"]
no	tra X e Y	pulito	sporco	[word="tra"][lemma!="pulito" & pos="ADJ"][word="e"][lemma="sporco" & pos="ADJ"]
no	tra X e Y	pulito	sporco	[word="tra"][lemma="pulito" & pos="ADJ"][word="e"][lemma!="sporco" & pos="ADJ"]
no	tra X e Y	pulito	sporco	[word="tra"][lemma!="sporco" & pos="ADJ"][word="e"][lemma="pulito" & pos="ADJ"]
no	tra X e Y	pulito	sporco	[word="tra"][lemma="sporco" & pos="ADJ"][word="e"][lemma!="pulito" & pos="ADJ"]
yes	tra X e Y	bianco	nero	[word="tra"][lemma="bianco" & pos="ADJ"][word="e"][lemma="nero" & pos="ADJ"]
yes	tra X e Y	bianco	nero	[word="tra"][lemma="nero" & pos="ADJ"][word="e"][lemma="bianco" & pos="ADJ"]
no	tra X e Y	bianco	nero	[word="tra"][lemma!="bianco" & pos="ADJ"][word="e"][lemma="nero" & pos="ADJ"]
no	tra X e Y	bianco	nero	[word="tra"][lemma="bianco" & pos="ADJ"][word="e"][lemma!="nero" & pos="ADJ"]
no	tra X e Y	bianco	nero	[word="tra"][lemma!="nero" & pos="ADJ"][word="e"][lemma="bianco" & pos="ADJ"]
no	tra X e Y	bianco	nero	[word="tra"][lemma="nero" & pos="ADJ"][word="e"][lemma!="bianco" & pos="ADJ"]
yes	tra X e Y	largo	stretto	[word="tra"][lemma="largo" & pos="ADJ"][word="e"][lemma="stretto" & pos="ADJ"]
yes	tra X e Y	largo	stretto	[word="tra"][lemma="stretto" & pos="ADJ"][word="e"][lemma="largo" & pos="ADJ"]
no	tra X e Y	largo	stretto	[word="tra"][lemma!="largo" & pos="ADJ"][word="e"][lemma="stretto" & pos="ADJ"]
no	tra X e Y	largo	stretto	[word="tra"][lemma="largo" & pos="ADJ"][word="e"][lemma!="stretto" & pos="ADJ"]
no	tra X e Y	largo	stretto	[word="tra"][lemma!="stretto" & pos="ADJ"][word="e"][lemma="largo" & pos="ADJ"]
no	tra X e Y	largo	stretto	[word="tra"][lemma="stretto" & pos="ADJ"][word="e"][lemma!="largo" & pos="ADJ"]
yes	tra X e Y	grande	piccolo	[word="tra"][lemma="grande" & pos="ADJ"][word="e"][lemma="piccolo" & pos="ADJ"]
yes	tra X e Y	grande	piccolo	[word="tra"][lemma="piccolo" & pos="ADJ"][word="e"][lemma="grande" & pos="ADJ"]
no	tra X e Y	grande	piccolo	[word="tra"][lemma!="grande" & pos="ADJ"][word="e"][lemma="piccolo" & pos="ADJ"]
no	tra X e Y	grande	piccolo	[word="tra"][lemma="grande" & pos="ADJ"][word="e"][lemma!="piccolo" & pos="ADJ"]
no	tra X e Y	grande	piccolo	[word="tra"][lemma!="piccolo" & pos="ADJ"][word="e"][lemma="grande" & pos="ADJ"]
no	tra X e Y	grande	piccolo	[word="tra"][lemma="piccolo" & pos="ADJ"][word="e"][lemma!="grande" & pos="ADJ"]
yes	da X a Y	buono	cattivo	[word="da"][lemma="buono" & pos="ADJ"][word="a"][lemma="cattivo" & pos="ADJ"]
yes	da X a Y	buono	cattivo	[word="da"][lemma="cattivo" & pos="ADJ"][word="a"][lemma="buono" & pos="ADJ"]
no	da X a Y	buono	cattivo	[word="da"][lemma!="buono" & pos="ADJ"][word="a"][lemma="cattivo" & pos="ADJ"]
no	da X a Y	buono	cattivo	[word="da"][lemma="buono" & pos="ADJ"][word="a"][lemma!="cattivo" & pos="ADJ"]
no	da X a Y	buono	cattivo	[word="da"][lemma!="cattivo" & pos="ADJ"][word="a"][lemma="buono" & pos="ADJ"]
no	da X a Y	buono	cattivo	[word="da"][lemma="cattivo" & pos="ADJ"][word="a"][lemma!="buono" & pos="ADJ"]
yes	da X a Y	debole	forte	[word="da"][lemma="debole" & pos="ADJ"][word="a"][lemma="forte" & pos="ADJ"]
yes	da X a Y	debole	forte	[word="da"][lemma="forte" & pos="ADJ"][word="a"][lemma="debole" & pos="ADJ"]
no	da X a Y	debole	forte	[word="da"][lemma!="debole" & pos="ADJ"][word="a"][lemma="forte" & pos="ADJ"]
no	da X a Y	debole	forte	[word="da"][lemma="debole" & pos="ADJ"][word="a"][lemma!="forte" & pos="ADJ"]
no	da X a Y	debole	forte	[word="da"][lemma!="forte" & pos="ADJ"][word="a"][lemma="debole" & pos="ADJ"]
no	da X a Y	debole	forte	[word="da"][lemma="forte" & pos="ADJ"][word="a"][lemma!="debole" & pos="ADJ"]
yes	da X a Y	giovane	vecchio	[word="da"][lemma="giovane" & pos="ADJ"][word="a"][lemma="vecchio" & pos="ADJ"]
yes	da X a Y	giovane	vecchio	[word="da"][lemma="vecchio" & pos="ADJ"][word="a"][lemma="giovane" & pos="ADJ"]
no	da X a Y	giovane	vecchio	[word="da"][lemma!="giovane" & pos="ADJ"][word="a"][lemma="vecchio" & pos="ADJ"]
no	da X a Y	giovane	vecchio	[word="da"][lemma="giovane" & pos="ADJ"][word="a"][lemma!="vecchio" & pos="ADJ"]
no	da X a Y	giovane	vecchio	[word="da"][lemma!="vecchio" & pos="ADJ"][word="a"][lemma="giovane" & pos="ADJ"]
no	da X a Y	giovane	vecchio	[word="da"][lemma="vecchio" & pos="ADJ"][word="a"][lemma!="giovane" & pos="ADJ"]
yes	da X a Y	leggero	pesante	[word="da"][lemma="leggero" & pos="ADJ"][word="a"][lemma="pesante" & pos="ADJ"]
yes	da X a Y	leggero	pesante	[word="da"][lemma="pesante" & pos="ADJ"][word="a"][lemma="leggero" & pos="ADJ"]
no	da X a Y	leggero	pesante	[word="da"][lemma!="leggero" & pos="ADJ"][word="a"][lemma="pesante" & pos="ADJ"]
no	da X a Y	leggero	pesante	[word="da"][lemma="leggero" & pos="ADJ"][word="a"][lemma!="pesante" & pos="ADJ"]
no	da X a Y	leggero	pesante	[word="da"][lemma!="pesante" & pos="ADJ"][word="a"][lemma="leggero" & pos="ADJ"]
no	da X a Y	leggero	pesante	[word="da"][lemma="pesante" & pos="ADJ"][word="a"][lemma!="leggero" & pos="ADJ"]
yes	da X a Y	lontano	vicino	[word="da"][lemma="lontano" & pos="ADJ"][word="a"][lemma="vicino" & pos="ADJ"]
yes	da X a Y	lontano	vicino	[word="da"][lemma="vicino" & pos="ADJ"][word="a"][lemma="lontano" & pos="ADJ"]
no	da X a Y	lontano	vicino	[word="da"][lemma!="lontano" & pos="ADJ"][word="a"][lemma="vicino" & pos="ADJ"]
no	da X a Y	lontano	vicino	[word="da"][lemma="lontano" & pos="ADJ"][word="a"][lemma!="vicino" & pos="ADJ"]
no	da X a Y	lontano	vicino	[word="da"][lemma!="vicino" & pos="ADJ"][word="a"][lemma="lontano" & pos="ADJ"]
no	da X a Y	lontano	vicino	[word="da"][lemma="vicino" & pos="ADJ"][word="a"][lemma!="lontano" & pos="ADJ"]
yes	da X a Y	morto	vivo	[word="da"][lemma="morto" & pos="ADJ"][word="a"][lemma="vivo" & pos="ADJ"]
yes	da X a Y	morto	vivo	[word="da"][lemma="vivo" & pos="ADJ"][word="a"][lemma="morto" & pos="ADJ"]
no	da X a Y	morto	vivo	[word="da"][lemma!="morto" & pos="ADJ"][word="a"][lemma="vivo" & pos="ADJ"]
no	da X a Y	morto	vivo	[word="da"][lemma="morto" & pos="ADJ"][word="a"][lemma!="vivo" & pos="ADJ"]
no	da X a Y	morto	vivo	[word="da"][lemma!="vivo" & pos="ADJ"][word="a"][lemma="morto" & pos="ADJ"]
no	da X a Y	morto	vivo	[word="da"][lemma="vivo" & pos="ADJ"][word="a"][lemma!="morto" & pos="ADJ"]
yes	da X a Y	falso	vero	[word="da"][lemma="falso" & pos="ADJ"][word="a"][lemma="vero" & pos="ADJ"]
yes	da X a Y	falso	vero	[word="da"][lemma="vero" & pos="ADJ"][word="a"][lemma="falso" & pos="ADJ"]
no	da X a Y	falso	vero	[word="da"][lemma!="falso" & pos="ADJ"][word="a"][lemma="vero" & pos="ADJ"]
no	da X a Y	falso	vero	[word="da"][lemma="falso" & pos="ADJ"][word="a"][lemma!="vero" & pos="ADJ"]
no	da X a Y	falso	vero	[word="da"][lemma!="vero" & pos="ADJ"][word="a"][lemma="falso" & pos="ADJ"]
no	da X a Y	falso	vero	[word="da"][lemma="vero" & pos="ADJ"][word="a"][lemma!="falso" & pos="ADJ"]
yes	da X a Y	femminile	maschile	[word="da"][lemma="femminile" & pos="ADJ"][word="a"][lemma="maschile" & pos="ADJ"]
yes	da X a Y	femminile	maschile	[word="da"][lemma="maschile" & pos="ADJ"][word="a"][lemma="femminile" & pos="ADJ"]
no	da X a Y	femminile	maschile	[word="da"][lemma!="femminile" & pos="ADJ"][word="a"][lemma="maschile" & pos="ADJ"]
no	da X a Y	femminile	maschile	[word="da"][lemma="femminile" & pos="ADJ"][word="a"][lemma!="maschile" & pos="ADJ"]
no	da X a Y	femminile	maschile	[word="da"][lemma!="maschile" & pos="ADJ"][word="a"][lemma="femminile" & pos="ADJ"]
no	da X a Y	femminile	maschile	[word="da"][lemma="maschile" & pos="ADJ"][word="a"][lemma!="femminile" & pos="ADJ"]
yes	da X a Y	profondo	superficiale	[word="da"][lemma="profondo" & pos="ADJ"][word="a"][lemma="superficiale" & pos="ADJ"]
yes	da X a Y	profondo	superficiale	[word="da"][lemma="superficiale" & pos="ADJ"][word="a"][lemma="profondo" & pos="ADJ"]
no	da X a Y	profondo	superficiale	[word="da"][lemma!="profondo" & pos="ADJ"][word="a"][lemma="superficiale" & pos="ADJ"]
no	da X a Y	profondo	superficiale	[word="da"][lemma="profondo" & pos="ADJ"][word="a"][lemma!="superficiale" & pos="ADJ"]
no	da X a Y	profondo	superficiale	[word="da"][lemma!="superficiale" & pos="ADJ"][word="a"][lemma="profondo" & pos="ADJ"]
no	da X a Y	profondo	superficiale	[word="da"][lemma="superficiale" & pos="ADJ"][word="a"][lemma!="profondo" & pos="ADJ"]
yes	da X a Y	corto	lungo	[word="da"][lemma="corto" & pos="ADJ"][word="a"][lemma="lungo" & pos="ADJ"]
yes	da X a Y	corto	lungo	[word="da"][lemma="lungo" & pos="ADJ"][word="a"][lemma="corto" & pos="ADJ"]
no	da X a Y	corto	lungo	[word="da"][lemma!="corto" & pos="ADJ"][word="a"][lemma="lungo" & pos="ADJ"]
no	da X a Y	corto	lungo	[word="da"][lemma="corto" & pos="ADJ"][word="a"][lemma!="lungo" & pos="ADJ"]
no	da X a Y	corto	lungo	[word="da"][lemma!="lungo" & pos="ADJ"][word="a"][lemma="corto" & pos="ADJ"]
no	da X a Y	corto	lungo	[word="da"][lemma="lungo" & pos="ADJ"][word="a"][lemma!="corto" & pos="ADJ"]
yes	da X a Y	alto	basso	[word="da"][lemma="alto" & pos="ADJ"][word="a"][lemma="basso" & pos="ADJ"]
yes	da X a Y	alto	basso	[word="da"][lemma="basso" & pos="ADJ"][word="a"][lemma="alto" & pos="ADJ"]
no	da X a Y	alto	basso	[word="da"][lemma!="alto" & pos="ADJ"][word="a"][lemma="basso" & pos="ADJ"]
no	da X a Y	alto	basso	[word="da"][lemma="alto" & pos="ADJ"][word="a"][lemma!="basso" & pos="ADJ"]
no	da X a Y	alto	basso	[word="da"][lemma!="basso" & pos="ADJ"][word="a"][lemma="alto" & pos="ADJ"]
no	da X a Y	alto	basso	[word="da"][lemma="basso" & pos="ADJ"][word="a"][lemma!="alto" & pos="ADJ"]
yes	da X a Y	povero	ricco	[word="da"][lemma="povero" & pos="ADJ"][word="a"][lemma="ricco" & pos="ADJ"]
yes	da X a Y	povero	ricco	[word="da"][lemma="ricco" & pos="ADJ"][word="a"][lemma="povero" & pos="ADJ"]
no	da X a Y	povero	ricco	[word="da"][lemma!="povero" & pos="ADJ"][word="a"][lemma="ricco" & pos="ADJ"]
no	da X a Y	povero	ricco	[word="da"][lemma="povero" & pos="ADJ"][word="a"][lemma!="ricco" & pos="ADJ"]
no	da X a Y	povero	ricco	[word="da"][lemma!="ricco" & pos="ADJ"][word="a"][lemma="povero" & pos="ADJ"]
no	da X a Y	povero	ricco	[word="da"][lemma="ricco" & pos="ADJ"][word="a"][lemma!="povero" & pos="ADJ"]
yes	da X a Y	chiaro	scuro	[word="da"][lemma="chiaro" & pos="ADJ"][word="a"][lemma="scuro" & pos="ADJ"]
yes	da X a Y	chiaro	scuro	[word="da"][lemma="scuro" & pos="ADJ"][word="a"][lemma="chiaro" & pos="ADJ"]
no	da X a Y	chiaro	scuro	[word="da"][lemma!="chiaro" & pos="ADJ"][word="a"][lemma="scuro" & pos="ADJ"]
no	da X a Y	chiaro	scuro	[word="da"][lemma="chiaro" & pos="ADJ"][word="a"][lemma!="scuro" & pos="ADJ"]
no	da X a Y	chiaro	scuro	[word="da"][lemma!="scuro" & pos="ADJ"][word="a"][lemma="chiaro" & pos="ADJ"]
no	da X a Y	chiaro	scuro	[word="da"][lemma="scuro" & pos="ADJ"][word="a"][lemma!="chiaro" & pos="ADJ"]
yes	da X a Y	intelligente	stupido	[word="da"][lemma="intelligente" & pos="ADJ"][word="a"][lemma="stupido" & pos="ADJ"]
yes	da X a Y	intelligente	stupido	[word="da"][lemma="stupido" & pos="ADJ"][word="a"][lemma="intelligente" & pos="ADJ"]
no	da X a Y	intelligente	stupido	[word="da"][lemma!="intelligente" & pos="ADJ"][word="a"][lemma="stupido" & pos="ADJ"]
no	da X a Y	intelligente	stupido	[word="da"][lemma="intelligente" & pos="ADJ"][word="a"][lemma!="stupido" & pos="ADJ"]
no	da X a Y	intelligente	stupido	[word="da"][lemma!="stupido" & pos="ADJ"][word="a"][lemma="intelligente" & pos="ADJ"]
no	da X a Y	intelligente	stupido	[word="da"][lemma="stupido" & pos="ADJ"][word="a"][lemma!="intelligente" & pos="ADJ"]
yes	da X a Y	bello	brutto	[word="da"][lemma="bello" & pos="ADJ"][word="a"][lemma="brutto" & pos="ADJ"]
yes	da X a Y	bello	brutto	[word="da"][lemma="brutto" & pos="ADJ"][word="a"][lemma="bello" & pos="ADJ"]
no	da X a Y	bello	brutto	[word="da"][lemma!="bello" & pos="ADJ"][word="a"][lemma="brutto" & pos="ADJ"]
no	da X a Y	bello	brutto	[word="da"][lemma="bello" & pos="ADJ"][word="a"][lemma!="brutto" & pos="ADJ"]
no	da X a Y	bello	brutto	[word="da"][lemma!="brutto" & pos="ADJ"][word="a"][lemma="bello" & pos="ADJ"]
no	da X a Y	bello	brutto	[word="da"][lemma="brutto" & pos="ADJ"][word="a"][lemma!="bello" & pos="ADJ"]
yes	da X a Y	lento	veloce	[word="da"][lemma="lento" & pos="ADJ"][word="a"][lemma="veloce" & pos="ADJ"]
yes	da X a Y	lento	veloce	[word="da"][lemma="veloce" & pos="ADJ"][word="a"][lemma="lento" & pos="ADJ"]
no	da X a Y	lento	veloce	[word="da"][lemma!="lento" & pos="ADJ"][word="a"][lemma="veloce" & pos="ADJ"]
no	da X a Y	lento	veloce	[word="da"][lemma="lento" & pos="ADJ"][word="a"][lemma!="veloce" & pos="ADJ"]
no	da X a Y	lento	veloce	[word="da"][lemma!="veloce" & pos="ADJ"][word="a"][lemma="lento" & pos="ADJ"]
no	da X a Y	lento	veloce	[word="da"][lemma="veloce" & pos="ADJ"][word="a"][lemma!="lento" & pos="ADJ"]
yes	da X a Y	felice	triste	[word="da"][lemma="felice" & pos="ADJ"][word="a"][lemma="triste" & pos="ADJ"]
yes	da X a Y	felice	triste	[word="da"][lemma="triste" & pos="ADJ"][word="a"][lemma="felice" & pos="ADJ"]
no	da X a Y	felice	triste	[word="da"][lemma!="felice" & pos="ADJ"][word="a"][lemma="triste" & pos="ADJ"]
no	da X a Y	felice	triste	[word="da"][lemma="felice" & pos="ADJ"][word="a"][lemma!="triste" & pos="ADJ"]
no	da X a Y	felice	triste	[word="da"][lemma!="triste" & pos="ADJ"][word="a"][lemma="felice" & pos="ADJ"]
no	da X a Y	felice	triste	[word="da"][lemma="triste" & pos="ADJ"][word="a"][lemma!="felice" & pos="ADJ"]
yes	da X a Y	malato	sano	[word="da"][lemma="malato" & pos="ADJ"][word="a"][lemma="sano" & pos="ADJ"]
yes	da X a Y	malato	sano	[word="da"][lemma="sano" & pos="ADJ"][word="a"][lemma="malato" & pos="ADJ"]
no	da X a Y	malato	sano	[word="da"][lemma!="malato" & pos="ADJ"][word="a"][lemma="sano" & pos="ADJ"]
no	da X a Y	malato	sano	[word="da"][lemma="malato" & pos="ADJ"][word="a"][lemma!="sano" & pos="ADJ"]
no	da X a Y	malato	sano	[word="da"][lemma!="sano" & pos="ADJ"][word="a"][lemma="malato" & pos="ADJ"]
no	da X a Y	malato	sano	[word="da"][lemma="sano" & pos="ADJ"][word="a"][lemma!="malato" & pos="ADJ"]
yes	da X a Y	pulito	sporco	[word="da"][lemma="pulito" & pos="ADJ"][word="a"][lemma="sporco" & pos="ADJ"]
yes	da X a Y	pulito	sporco	[word="da"][lemma="sporco" & pos="ADJ"][word="a"][lemma="pulito" & pos="ADJ"]
no	da X a Y	pulito	sporco	[word="da"][lemma!="pulito" & pos="ADJ"][word="a"][lemma="sporco" & pos="ADJ"]
no	da X a Y	pulito	sporco	[word="da"][lemma="pulito" & pos="ADJ"][word="a"][lemma!="sporco" & pos="ADJ"]
no	da X a Y	pulito	sporco	[word="da"][lemma!="sporco" & pos="ADJ"][word="a"][lemma="pulito" & pos="ADJ"]
no	da X a Y	pulito	sporco	[word="da"][lemma="sporco" & pos="ADJ"][word="a"][lemma!="pulito" & pos="ADJ"]
yes	da X a Y	bianco	nero	[word="da"][lemma="bianco" & pos="ADJ"][word="a"][lemma="nero" & pos="ADJ"]
yes	da X a Y	bianco	nero	[word="da"][lemma="nero" & pos="ADJ"][word="a"][lemma="bianco" & pos="ADJ"]
no	da X a Y	bianco	nero	[word="da"][lemma!="bianco" & pos="ADJ"][word="a"][lemma="nero" & pos="ADJ"]
no	da X a Y	bianco	nero	[word="da"][lemma="bianco" & pos="ADJ"][word="a"][lemma!="nero" & pos="ADJ"]
no	da X a Y	bianco	nero	[word="da"][lemma!="nero" & pos="ADJ"][word="a"][lemma="bianco" & pos="ADJ"]
no	da X a Y	bianco	nero	[word="da"][lemma="nero" & pos="ADJ"][word="a"][lemma!="bianco" & pos="ADJ"]
yes	da X a Y	largo	stretto	[word="da"][lemma="largo" & pos="ADJ"][word="a"][lemma="stretto" & pos="ADJ"]
yes	da X a Y	largo	stretto	[word="da"][lemma="stretto" & pos="ADJ"][word="a"][lemma="largo" & pos="ADJ"]
no	da X a Y	largo	stretto	[word="da"][lemma!="largo" & pos="ADJ"][word="a"][lemma="stretto" & pos="ADJ"]
no	da X a Y	largo	stretto	[word="da"][lemma="largo" & pos="ADJ"][word="a"][lemma!="stretto" & pos="ADJ"]
no	da X a Y	largo	stretto	[word="da"][lemma!="stretto" & pos="ADJ"][word="a"][lemma="largo" & pos="ADJ"]
no	da X a Y	largo	stretto	[word="da"][lemma="stretto" & pos="ADJ"][word="a"][lemma!="largo" & pos="ADJ"]
yes	da X a Y	grande	piccolo	[word="da"][lemma="grande" & pos="ADJ"][word="a"][lemma="piccolo" & pos="ADJ"]
yes	da X a Y	grande	piccolo	[word="da"][lemma="piccolo" & pos="ADJ"][word="a"][lemma="grande" & pos="ADJ"]
no	da X a Y	grande	piccolo	[word="da"][lemma!="grande" & pos="ADJ"][word="a"][lemma="piccolo" & pos="ADJ"]
no	da X a Y	grande	piccolo	[word="da"][lemma="grande" & pos="ADJ"][word="a"][lemma!="piccolo" & pos="ADJ"]
no	da X a Y	grande	piccolo	[word="da"][lemma!="piccolo" & pos="ADJ"][word="a"][lemma="grande" & pos="ADJ"]
no	da X a Y	grande	piccolo	[word="da"][lemma="piccolo" & pos="ADJ"][word="a"][lemma!="grande" & pos="ADJ"]
yes	dal più X al più Y	buono	cattivo	[word="dal"][word="più"][lemma="buono" & pos="ADJ"][word="al"][word="più"][lemma="cattivo" & pos="ADJ"]
yes	dal più X al più Y	buono	cattivo	[word="dal"][word="più"][lemma="cattivo" & pos="ADJ"][word="al"][word="più"][lemma="buono" & pos="ADJ"]
no	dal più X al più Y	buono	cattivo	[word="dal"][word="più"][lemma!="buono" & pos="ADJ"][word="al"][word="più"][lemma="cattivo" & pos="ADJ"]
no	dal più X al più Y	buono	cattivo	[word="dal"][word="più"][lemma="buono" & pos="ADJ"][word="al"][word="più"][lemma!="cattivo" & pos="ADJ"]
no	dal più X al più Y	buono	cattivo	[word="dal"][word="più"][lemma!="cattivo" & pos="ADJ"][word="al"][word="più"][lemma="buono" & pos="ADJ"]
no	dal più X al più Y	buono	cattivo	[word="dal"][word="più"][lemma="cattivo" & pos="ADJ"][word="al"][word="più"][lemma!="buono" & pos="ADJ"]
yes	dal più X al più Y	debole	forte	[word="dal"][word="più"][lemma="debole" & pos="ADJ"][word="al"][word="più"][lemma="forte" & pos="ADJ"]
yes	dal più X al più Y	debole	forte	[word="dal"][word="più"][lemma="forte" & pos="ADJ"][word="al"][word="più"][lemma="debole" & pos="ADJ"]
no	dal più X al più Y	debole	forte	[word="dal"][word="più"][lemma!="debole" & pos="ADJ"][word="al"][word="più"][lemma="forte" & pos="ADJ"]
no	dal più X al più Y	debole	forte	[word="dal"][word="più"][lemma="debole" & pos="ADJ"][word="al"][word="più"][lemma!="forte" & pos="ADJ"]
no	dal più X al più Y	debole	forte	[word="dal"][word="più"][lemma!="forte" & pos="ADJ"][word="al"][word="più"][lemma="debole" & pos="ADJ"]
no	dal più X al più Y	debole	forte	[word="dal"][word="più"][lemma="forte" & pos="ADJ"][word="al"][word="più"][lemma!="debole" & pos="ADJ"]
yes	dal più X al più Y	giovane	vecchio	[word="dal"][word="più"][lemma="giovane" & pos="ADJ"][word="al"][word="più"][lemma="vecchio" & pos="ADJ"]
yes	dal più X al più Y	giovane	vecchio	[word="dal"][word="più"][lemma="vecchio" & pos="ADJ"][word="al"][word="più"][lemma="giovane" & pos="ADJ"]
no	dal più X al più Y	giovane	vecchio	[word="dal"][word="più"][lemma!="giovane" & pos="ADJ"][word="al"][word="più"][lemma="vecchio" & pos="ADJ"]
no	dal più X al più Y	giovane	vecchio	[word="dal"][word="più"][lemma="giovane" & pos="ADJ"][word="al"][word="più"][lemma!="vecchio" & pos="ADJ"]
no	dal più X al più Y	giovane	vecchio	[word="dal"][word="più"][lemma!="vecchio" & pos="ADJ"][word="al"][word="più"][lemma="giovane" & pos="ADJ"]
no	dal più X al più Y	giovane	vecchio	[word="dal"][word="più"][lemma="vecchio" & pos="ADJ"][word="al"][word="più"][lemma!="giovane" & pos="ADJ"]
yes	dal più X al più Y	leggero	pesante	[word="dal"][word="più"][lemma="leggero" & pos="ADJ"][word="al"][word="più"][lemma="pesante" & pos="ADJ"]
yes	dal più X al più Y	leggero	pesante	[word="dal"][word="più"][lemma="pesante" & pos="ADJ"][word="al"][word="più"][lemma="leggero" & pos="ADJ"]
no	dal più X al più Y	leggero	pesante	[word="dal"][word="più"][lemma!="leggero" & pos="ADJ"][word="al"][word="più"][lemma="pesante" & pos="ADJ"]
no	dal più X al più Y	leggero	pesante	[word="dal"][word="più"][lemma="leggero" & pos="ADJ"][word="al"][word="più"][lemma!="pesante" & pos="ADJ"]
no	dal più X al più Y	leggero	pesante	[word="dal"][word="più"][lemma!="pesante" & pos="ADJ"][word="al"][word="più"][lemma="leggero" & pos="ADJ"]
no	dal più X al più Y	leggero	pesante	[word="dal"][word="più"][lemma="pesante" & pos="ADJ"][word="al"][word="più"][lemma!="leggero" & pos="ADJ"]
yes	dal più X al più Y	lontano	vicino	[word="dal"][word="più"][lemma="lontano" & pos="ADJ"][word="al"][word="più"][lemma="vicino" & pos="ADJ"]
yes	dal più X al più Y	lontano	vicino	[word="dal"][word="più"][lemma="vicino" & pos="ADJ"][word="al"][word="più"][lemma="lontano" & pos="ADJ"]
no	dal più X al più Y	lontano	vicino	[word="dal"][word="più"][lemma!="lontano" & pos="ADJ"][word="al"][word="più"][lemma="vicino" & pos="ADJ"]
no	dal più X al più Y	lontano	vicino	[word="dal"][word="più"][lemma="lontano" & pos="ADJ"][word="al"][word="più"][lemma!="vicino" & pos="ADJ"]
no	dal più X al più Y	lontano	vicino	[word="dal"][word="più"][lemma!="vicino" & pos="ADJ"][word="al"][word="più"][lemma="lontano" & pos="ADJ"]
no	dal più X al più Y	lontano	vicino	[word="dal"][word="più"][lemma="vicino" & pos="ADJ"][word="al"][word="più"][lemma!="lontano" & pos="ADJ"]
yes	dal più X al più Y	morto	vivo	[word="dal"][word="più"][lemma="morto" & pos="ADJ"][word="al"][word="più"][lemma="vivo" & pos="ADJ"]
yes	dal più X al più Y	morto	vivo	[word="dal"][word="più"][lemma="vivo" & pos="ADJ"][word="al"][word="più"][lemma="morto" & pos="ADJ"]
no	dal più X al più Y	morto	vivo	[word="dal"][word="più"][lemma!="morto" & pos="ADJ"][word="al"][word="più"][lemma="vivo" & pos="ADJ"]
no	dal più X al più Y	morto	vivo	[word="dal"][word="più"][lemma="morto" & pos="ADJ"][word="al"][word="più"][lemma!="vivo" & pos="ADJ"]
no	dal più X al più Y	morto	vivo	[word="dal"][word="più"][lemma!="vivo" & pos="ADJ"][word="al"][word="più"][lemma="morto" & pos="ADJ"]
no	dal più X al più Y	morto	vivo	[word="dal"][word="più"][lemma="vivo" & pos="ADJ"][word="al"][word="più"][lemma!="morto" & pos="ADJ"]
yes	dal più X al più Y	falso	vero	[word="dal"][word="più"][lemma="falso" & pos="ADJ"][word="al"][word="più"][lemma="vero" & pos="ADJ"]
yes	dal più X al più Y	falso	vero	[word="dal"][word="più"][lemma="vero" & pos="ADJ"][word="al"][word="più"][lemma="falso" & pos="ADJ"]
no	dal più X al più Y	falso	vero	[word="dal"][word="più"][lemma!="falso" & pos="ADJ"][word="al"][word="più"][lemma="vero" & pos="ADJ"]
no	dal più X al più Y	falso	vero	[word="dal"][word="più"][lemma="falso" & pos="ADJ"][word="al"][word="più"][lemma!="vero" & pos="ADJ"]
no	dal più X al più Y	falso	vero	[word="dal"][word="più"][lemma!="vero" & pos="ADJ"][word="al"][word="più"][lemma="falso" & pos="ADJ"]
no	dal più X al più Y	falso	vero	[word="dal"][word="più"][lemma="vero" & pos="ADJ"][word="al"][word="più"][lemma!="falso" & pos="ADJ"]
yes	dal più X al più Y	femminile	maschile	[word="dal"][word="più"][lemma="femminile" & pos="ADJ"][word="al"][word="più"][lemma="maschile" & pos="ADJ"]
yes	dal più X al più Y	femminile	maschile	[word="dal"][word="più"][lemma="maschile" & pos="ADJ"][word="al"][word="più"][lemma="femminile" & pos="ADJ"]
no	dal più X al più Y	femminile	maschile	[word="dal"][word="più"][lemma!="femminile" & pos="ADJ"][word="al"][word="più"][lemma="maschile" & pos="ADJ"]
no	dal più X al più Y	femminile	maschile	[word="dal"][word="più"][lemma="femminile" & pos="ADJ"][word="al"][word="più"][lemma!="maschile" & pos="ADJ"]
no	dal più X al più Y	femminile	maschile	[word="dal"][word="più"][lemma!="maschile" & pos="ADJ"][word="al"][word="più"][lemma="femminile" & pos="ADJ"]
no	dal più X al più Y	femminile	maschile	[word="dal"][word="più"][lemma="maschile" & pos="ADJ"][word="al"][word="più"][lemma!="femminile" & pos="ADJ"]
yes	dal più X al più Y	profondo	superficiale	[word="dal"][word="più"][lemma="profondo" & pos="ADJ"][word="al"][word="più"][lemma="superficiale" & pos="ADJ"]
yes	dal più X al più Y	profondo	superficiale	[word="dal"][word="più"][lemma="superficiale" & pos="ADJ"][word="al"][word="più"][lemma="profondo" & pos="ADJ"]
no	dal più X al più Y	profondo	superficiale	[word="dal"][word="più"][lemma!="profondo" & pos="ADJ"][word="al"][word="più"][lemma="superficiale" & pos="ADJ"]
no	dal più X al più Y	profondo	superficiale	[word="dal"][word="più"][lemma="profondo" & pos="ADJ"][word="al"][word="più"][lemma!="superficiale" & pos="ADJ"]
no	dal più X al più Y	profondo	superficiale	[word="dal"][word="più"][lemma!="superficiale" & pos="ADJ"][word="al"][word="più"][lemma="profondo" & pos="ADJ"]
no	dal più X al più Y	profondo	superficiale	[word="dal"][word="più"][lemma="superficiale" & pos="ADJ"][word="al"][word="più"][lemma!="profondo" & pos="ADJ"]
yes	dal più X al più Y	corto	lungo	[word="dal"][word="più"][lemma="corto" & pos="ADJ"][word="al"][word="più"][lemma="lungo" & pos="ADJ"]
yes	dal più X al più Y	corto	lungo	[word="dal"][word="più"][lemma="lungo" & pos="ADJ"][word="al"][word="più"][lemma="corto" & pos="ADJ"]
no	dal più X al più Y	corto	lungo	[word="dal"][word="più"][lemma!="corto" & pos="ADJ"][word="al"][word="più"][lemma="lungo" & pos="ADJ"]
no	dal più X al più Y	corto	lungo	[word="dal"][word="più"][lemma="corto" & pos="ADJ"][word="al"][word="più"][lemma!="lungo" & pos="ADJ"]
no	dal più X al più Y	corto	lungo	[word="dal"][word="più"][lemma!="lungo" & pos="ADJ"][word="al"][word="più"][lemma="corto" & pos="ADJ"]
no	dal più X al più Y	corto	lungo	[word="dal"][word="più"][lemma="lungo" & pos="ADJ"][word="al"][word="più"][lemma!="corto" & pos="ADJ"]
yes	dal più X al più Y	alto	basso	[word="dal"][word="più"][lemma="alto" & pos="ADJ"][word="al"][word="più"][lemma="basso" & pos="ADJ"]
yes	dal più X al più Y	alto	basso	[word="dal"][word="più"][lemma="basso" & pos="ADJ"][word="al"][word="più"][lemma="alto" & pos="ADJ"]
no	dal più X al più Y	alto	basso	[word="dal"][word="più"][lemma!="alto" & pos="ADJ"][word="al"][word="più"][lemma="basso" & pos="ADJ"]
no	dal più X al più Y	alto	basso	[word="dal"][word="più"][lemma="alto" & pos="ADJ"][word="al"][word="più"][lemma!="basso" & pos="ADJ"]
no	dal più X al più Y	alto	basso	[word="dal"][word="più"][lemma!="basso" & pos="ADJ"][word="al"][word="più"][lemma="alto" & pos="ADJ"]
no	dal più X al più Y	alto	basso	[word="dal"][word="più"][lemma="basso" & pos="ADJ"][word="al"][word="più"][lemma!="alto" & pos="ADJ"]
yes	dal più X al più Y	povero	ricco	[word="dal"][word="più"][lemma="povero" & pos="ADJ"][word="al"][word="più"][lemma="ricco" & pos="ADJ"]
yes	dal più X al più Y	povero	ricco	[word="dal"][word="più"][lemma="ricco" & pos="ADJ"][word="al"][word="più"][lemma="povero" & pos="ADJ"]
no	dal più X al più Y	povero	ricco	[word="dal"][word="più"][lemma!="povero" & pos="ADJ"][word="al"][word="più"][lemma="ricco" & pos="ADJ"]
no	dal più X al più Y	povero	ricco	[word="dal"][word="più"][lemma="povero" & pos="ADJ"][word="al"][word="più"][lemma!="ricco" & pos="ADJ"]
no	dal più X al più Y	povero	ricco	[word="dal"][word="più"][lemma!="ricco" & pos="ADJ"][word="al"][word="più"][lemma="povero" & pos="ADJ"]
no	dal più X al più Y	povero	ricco	[word="dal"][word="più"][lemma="ricco" & pos="ADJ"][word="al"][word="più"][lemma!="povero" & pos="ADJ"]
yes	dal più X al più Y	chiaro	scuro	[word="dal"][word="più"][lemma="chiaro" & pos="ADJ"][word="al"][word="più"][lemma="scuro" & pos="ADJ"]
yes	dal più X al più Y	chiaro	scuro	[word="dal"][word="più"][lemma="scuro" & pos="ADJ"][word="al"][word="più"][lemma="chiaro" & pos="ADJ"]
no	dal più X al più Y	chiaro	scuro	[word="dal"][word="più"][lemma!="chiaro" & pos="ADJ"][word="al"][word="più"][lemma="scuro" & pos="ADJ"]
no	dal più X al più Y	chiaro	scuro	[word="dal"][word="più"][lemma="chiaro" & pos="ADJ"][word="al"][word="più"][lemma!="scuro" & pos="ADJ"]
no	dal più X al più Y	chiaro	scuro	[word="dal"][word="più"][lemma!="scuro" & pos="ADJ"][word="al"][word="più"][lemma="chiaro" & pos="ADJ"]
no	dal più X al più Y	chiaro	scuro	[word="dal"][word="più"][lemma="scuro" & pos="ADJ"][word="al"][word="più"][lemma!="chiaro" & pos="ADJ"]
yes	dal più X al più Y	intelligente	stupido	[word="dal"][word="più"][lemma="intelligente" & pos="ADJ"][word="al"][word="più"][lemma="stupido" & pos="ADJ"]
yes	dal più X al più Y	intelligente	stupido	[word="dal"][word="più"][lemma="stupido" & pos="ADJ"][word="al"][word="più"][lemma="intelligente" & pos="ADJ"]
no	dal più X al più Y	intelligente	stupido	[word="dal"][word="più"][lemma!="intelligente" & pos="ADJ"][word="al"][word="più"][lemma="stupido" & pos="ADJ"]
no	dal più X al più Y	intelligente	stupido	[word="dal"][word="più"][lemma="intelligente" & pos="ADJ"][word="al"][word="più"][lemma!="stupido" & pos="ADJ"]
no	dal più X al più Y	intelligente	stupido	[word="dal"][word="più"][lemma!="stupido" & pos="ADJ"][word="al"][word="più"][lemma="intelligente" & pos="ADJ"]
no	dal più X al più Y	intelligente	stupido	[word="dal"][word="più"][lemma="stupido" & pos="ADJ"][word="al"][word="più"][lemma!="intelligente" & pos="ADJ"]
yes	dal più X al più Y	bello	brutto	[word="dal"][word="più"][lemma="bello" & pos="ADJ"][word="al"][word="più"][lemma="brutto" & pos="ADJ"]
yes	dal più X al più Y	bello	brutto	[word="dal"][word="più"][lemma="brutto" & pos="ADJ"][word="al"][word="più"][lemma="bello" & pos="ADJ"]
no	dal più X al più Y	bello	brutto	[word="dal"][word="più"][lemma!="bello" & pos="ADJ"][word="al"][word="più"][lemma="brutto" & pos="ADJ"]
no	dal più X al più Y	bello	brutto	[word="dal"][word="più"][lemma="bello" & pos="ADJ"][word="al"][word="più"][lemma!="brutto" & pos="ADJ"]
no	dal più X al più Y	bello	brutto	[word="dal"][word="più"][lemma!="brutto" & pos="ADJ"][word="al"][word="più"][lemma="bello" & pos="ADJ"]
no	dal più X al più Y	bello	brutto	[word="dal"][word="più"][lemma="brutto" & pos="ADJ"][word="al"][word="più"][lemma!="bello" & pos="ADJ"]
yes	dal più X al più Y	lento	veloce	[word="dal"][word="più"][lemma="lento" & pos="ADJ"][word="al"][word="più"][lemma="veloce" & pos="ADJ"]
yes	dal più X al più Y	lento	veloce	[word="dal"][word="più"][lemma="veloce" & pos="ADJ"][word="al"][word="più"][lemma="lento" & pos="ADJ"]
no	dal più X al più Y	lento	veloce	[word="dal"][word="più"][lemma!="lento" & pos="ADJ"][word="al"][word="più"][lemma="veloce" & pos="ADJ"]
no	dal più X al più Y	lento	veloce	[word="dal"][word="più"][lemma="lento" & pos="ADJ"][word="al"][word="più"][lemma!="veloce" & pos="ADJ"]
no	dal più X al più Y	lento	veloce	[word="dal"][word="più"][lemma!="veloce" & pos="ADJ"][word="al"][word="più"][lemma="lento" & pos="ADJ"]
no	dal più X al più Y	lento	veloce	[word="dal"][word="più"][lemma="veloce" & pos="ADJ"][word="al"][word="più"][lemma!="lento" & pos="ADJ"]
yes	dal più X al più Y	felice	triste	[word="dal"][word="più"][lemma="felice" & pos="ADJ"][word="al"][word="più"][lemma="triste" & pos="ADJ"]
yes	dal più X al più Y	felice	triste	[word="dal"][word="più"][lemma="triste" & pos="ADJ"][word="al"][word="più"][lemma="felice" & pos="ADJ"]
no	dal più X al più Y	felice	triste	[word="dal"][word="più"][lemma!="felice" & pos="ADJ"][word="al"][word="più"][lemma="triste" & pos="ADJ"]
no	dal più X al più Y	felice	triste	[word="dal"][word="più"][lemma="felice" & pos="ADJ"][word="al"][word="più"][lemma!="triste" & pos="ADJ"]
no	dal più X al più Y	felice	triste	[word="dal"][word="più"][lemma!="triste" & pos="ADJ"][word="al"][word="più"][lemma="felice" & pos="ADJ"]
no	dal più X al più Y	felice	triste	[word="dal"][word="più"][lemma="triste" & pos="ADJ"][word="al"][word="più"][lemma!="felice" & pos="ADJ"]
yes	dal più X al più Y	malato	sano	[word="dal"][word="più"][lemma="malato" & pos="ADJ"][word="al"][word="più"][lemma="sano" & pos="ADJ"]
yes	dal più X al più Y	malato	sano	[word="dal"][word="più"][lemma="sano" & pos="ADJ"][word="al"][word="più"][lemma="malato" & pos="ADJ"]
no	dal più X al più Y	malato	sano	[word="dal"][word="più"][lemma!="malato" & pos="ADJ"][word="al"][word="più"][lemma="sano" & pos="ADJ"]
no	dal più X al più Y	malato	sano	[word="dal"][word="più"][lemma="malato" & pos="ADJ"][word="al"][word="più"][lemma!="sano" & pos="ADJ"]
no	dal più X al più Y	malato	sano	[word="dal"][word="più"][lemma!="sano" & pos="ADJ"][word="al"][word="più"][lemma="malato" & pos="ADJ"]
no	dal più X al più Y	malato	sano	[word="dal"][word="più"][lemma="sano" & pos="ADJ"][word="al"][word="più"][lemma!="malato" & pos="ADJ"]
yes	dal più X al più Y	pulito	sporco	[word="dal"][word="più"][lemma="pulito" & pos="ADJ"][word="al"][word="più"][lemma="sporco" & pos="ADJ"]
yes	dal più X al più Y	pulito	sporco	[word="dal"][word="più"][lemma="sporco" & pos="ADJ"][word="al"][word="più"][lemma="pulito" & pos="ADJ"]
no	dal più X al più Y	pulito	sporco	[word="dal"][word="più"][lemma!="pulito" & pos="ADJ"][word="al"][word="più"][lemma="sporco" & pos="ADJ"]
no	dal più X al più Y	pulito	sporco	[word="dal"][word="più"][lemma="pulito" & pos="ADJ"][word="al"][word="più"][lemma!="sporco" & pos="ADJ"]
no	dal più X al più Y	pulito	sporco	[word="dal"][word="più"][lemma!="sporco" & pos="ADJ"][word="al"][word="più"][lemma="pulito" & pos="ADJ"]
no	dal più X al più Y	pulito	sporco	[word="dal"][word="più"][lemma="sporco" & pos="ADJ"][word="al"][word="più"][lemma!="pulito" & pos="ADJ"]
yes	dal più X al più Y	bianco	nero	[word="dal"][word="più"][lemma="bianco" & pos="ADJ"][word="al"][word="più"][lemma="nero" & pos="ADJ"]
yes	dal più X al più Y	bianco	nero	[word="dal"][word="più"][lemma="nero" & pos="ADJ"][word="al"][word="più"][lemma="bianco" & pos="ADJ"]
no	dal più X al più Y	bianco	nero	[word="dal"][word="più"][lemma!="bianco" & pos="ADJ"][word="al"][word="più"][lemma="nero" & pos="ADJ"]
no	dal più X al più Y	bianco	nero	[word="dal"][word="più"][lemma="bianco" & pos="ADJ"][word="al"][word="più"][lemma!="nero" & pos="ADJ"]
no	dal più X al più Y	bianco	nero	[word="dal"][word="più"][lemma!="nero" & pos="ADJ"][word="al"][word="più"][lemma="bianco" & pos="ADJ"]
no	dal più X al più Y	bianco	nero	[word="dal"][word="più"][lemma="nero" & pos="ADJ"][word="al"][word="più"][lemma!="bianco" & pos="ADJ"]
yes	dal più X al più Y	largo	stretto	[word="dal"][word="più"][lemma="largo" & pos="ADJ"][word="al"][word="più"][lemma="stretto" & pos="ADJ"]
yes	dal più X al più Y	largo	stretto	[word="dal"][word="più"][lemma="stretto" & pos="ADJ"][word="al"][word="più"][lemma="largo" & pos="ADJ"]
no	dal più X al più Y	largo	stretto	[word="dal"][word="più"][lemma!="largo" & pos="ADJ"][word="al"][word="più"][lemma="stretto" & pos="ADJ"]
no	dal più X al più Y	largo	stretto	[word="dal"][word="più"][lemma="largo" & pos="ADJ"][word="al"][word="più"][lemma!="stretto" & pos="ADJ"]
no	dal più X al più Y	largo	stretto	[word="dal"][word="più"][lemma!="stretto" & pos="ADJ"][word="al"][word="più"][lemma="largo" & pos="ADJ"]
no	dal più X al più Y	largo	stretto	[word="dal"][word="più"][lemma="stretto" & pos="ADJ"][word="al"][word="più"][lemma!="largo" & pos="ADJ"]
yes	dal più X al più Y	grande	piccolo	[word="dal"][word="più"][lemma="grande" & pos="ADJ"][word="al"][word="più"][lemma="piccolo" & pos="ADJ"]
yes	dal più X al più Y	grande	piccolo	[word="dal"][word="più"][lemma="piccolo" & pos="ADJ"][word="al"][word="più"][lemma="grande" & pos="ADJ"]
no	dal più X al più Y	grande	piccolo	[word="dal"][word="più"][lemma!="grande" & pos="ADJ"][word="al"][word="più"][lemma="piccolo" & pos="ADJ"]
no	dal più X al più Y	grande	piccolo	[word="dal"][word="più"][lemma="grande" & pos="ADJ"][word="al"][word="più"][lemma!="piccolo" & pos="ADJ"]
no	dal più X al più Y	grande	piccolo	[word="dal"][word="più"][lemma!="piccolo" & pos="ADJ"][word="al"][word="più"][lemma="grande" & pos="ADJ"]
no	dal più X al più Y	grande	piccolo	[word="dal"][word="più"][lemma="piccolo" & pos="ADJ"][word="al"][word="più"][lemma!="grande" & pos="ADJ"]
yes	X ma Y	buono	cattivo	[lemma="buono" & pos="ADJ"][word="ma"][lemma="cattivo" & pos="ADJ"]
yes	X ma Y	buono	cattivo	[lemma="cattivo" & pos="ADJ"][word="ma"][lemma="buono" & pos="ADJ"]
no	X ma Y	buono	cattivo	[lemma!="buono" & pos="ADJ"][word="ma"][lemma="cattivo" & pos="ADJ"]
no	X ma Y	buono	cattivo	[lemma="buono" & pos="ADJ"][word="ma"][lemma!="cattivo" & pos="ADJ"]
no	X ma Y	buono	cattivo	[lemma!="cattivo" & pos="ADJ"][word="ma"][lemma="buono" & pos="ADJ"]
no	X ma Y	buono	cattivo	[lemma="cattivo" & pos="ADJ"][word="ma"][lemma!="buono" & pos="ADJ"]
yes	X ma Y	debole	forte	[lemma="debole" & pos="ADJ"][word="ma"][lemma="forte" & pos="ADJ"]
yes	X ma Y	debole	forte	[lemma="forte" & pos="ADJ"][word="ma"][lemma="debole" & pos="ADJ"]
no	X ma Y	debole	forte	[lemma!="debole" & pos="ADJ"][word="ma"][lemma="forte" & pos="ADJ"]
no	X ma Y	debole	forte	[lemma="debole" & pos="ADJ"][word="ma"][lemma!="forte" & pos="ADJ"]
no	X ma Y	debole	forte	[lemma!="forte" & pos="ADJ"][word="ma"][lemma="debole" & pos="ADJ"]
no	X ma Y	debole	forte	[lemma="forte" & pos="ADJ"][word="ma"][lemma!="debole" & pos="ADJ"]
yes	X ma Y	giovane	vecchio	[lemma="giovane" & pos="ADJ"][word="ma"][lemma="vecchio" & pos="ADJ"]
yes	X ma Y	giovane	vecchio	[lemma="vecchio" & pos="ADJ"][word="ma"][lemma="giovane" & pos="ADJ"]
no	X ma Y	giovane	vecchio	[lemma!="giovane" & pos="ADJ"][word="ma"][lemma="vecchio" & pos="ADJ"]
no	X ma Y	giovane	vecchio	[lemma="giovane" & pos="ADJ"][word="ma"][lemma!="vecchio" & pos="ADJ"]
no	X ma Y	giovane	vecchio	[lemma!="vecchio" & pos="ADJ"][word="ma"][lemma="giovane" & pos="ADJ"]
no	X ma Y	giovane	vecchio	[lemma="vecchio" & pos="ADJ"][word="ma"][lemma!="giovane" & pos="ADJ"]
yes	X ma Y	leggero	pesante	[lemma="leggero" & pos="ADJ"][word="ma"][lemma="pesante" & pos="ADJ"]
yes	X ma Y	leggero	pesante	[lemma="pesante" & pos="ADJ"][word="ma"][lemma="leggero" & pos="ADJ"]
no	X ma Y	leggero	pesante	[lemma!="leggero" & pos="ADJ"][word="ma"][lemma="pesante" & pos="ADJ"]
no	X ma Y	leggero	pesante	[lemma="leggero" & pos="ADJ"][word="ma"][lemma!="pesante" & pos="ADJ"]
no	X ma Y	leggero	pesante	[lemma!="pesante" & pos="ADJ"][word="ma"][lemma="leggero" & pos="ADJ"]
no	X ma Y	leggero	pesante	[lemma="pesante" & pos="ADJ"][word="ma"][lemma!="leggero" & pos="ADJ"]
yes	X ma Y	lontano	vicino	[lemma="lontano" & pos="ADJ"][word="ma"][lemma="vicino" & pos="ADJ"]
yes	X ma Y	lontano	vicino	[lemma="vicino" & pos="ADJ"][word="ma"][lemma="lontano" & pos="ADJ"]
no	X ma Y	lontano	vicino	[lemma!="lontano" & pos="ADJ"][word="ma"][lemma="vicino" & pos="ADJ"]
no	X ma Y	lontano	vicino	[lemma="lontano" & pos="ADJ"][word="ma"][lemma!="vicino" & pos="ADJ"]
no	X ma Y	lontano	vicino	[lemma!="vicino" & pos="ADJ"][word="ma"][lemma="lontano" & pos="ADJ"]
no	X ma Y	lontano	vicino	[lemma="vicino" & pos="ADJ"][word="ma"][lemma!="lontano" & pos="ADJ"]
yes	X ma Y	morto	vivo	[lemma="morto" & pos="ADJ"][word="ma"][lemma="vivo" & pos="ADJ"]
yes	X ma Y	morto	vivo	[lemma="vivo" & pos="ADJ"][word="ma"][lemma="morto" & pos="ADJ"]
no	X ma Y	morto	vivo	[lemma!="morto" & pos="ADJ"][word="ma"][lemma="vivo" & pos="ADJ"]
no	X ma Y	morto	vivo	[lemma="morto" & pos="ADJ"][word="ma"][lemma!="vivo" & pos="ADJ"]
no	X ma Y	morto	vivo	[lemma!="vivo" & pos="ADJ"][word="ma"][lemma="morto" & pos="ADJ"]
no	X ma Y	morto	vivo	[lemma="vivo" & pos="ADJ"][word="ma"][lemma!="morto" & pos="ADJ"]
yes	X ma Y	falso	vero	[lemma="falso" & pos="ADJ"][word="ma"][lemma="vero" & pos="ADJ"]
yes	X ma Y	falso	vero	[lemma="vero" & pos="ADJ"][word="ma"][lemma="falso" & pos="ADJ"]
no	X ma Y	falso	vero	[lemma!="falso" & pos="ADJ"][word="ma"][lemma="vero" & pos="ADJ"]
no	X ma Y	falso	vero	[lemma="falso" & pos="ADJ"][word="ma"][lemma!="vero" & pos="ADJ"]
no	X ma Y	falso	vero	[lemma!="vero" & pos="ADJ"][word="ma"][lemma="falso" & pos="ADJ"]
no	X ma Y	falso	vero	[lemma="vero" & pos="ADJ"][word="ma"][lemma!="falso" & pos="ADJ"]
yes	X ma Y	femminile	maschile	[lemma="femminile" & pos="ADJ"][word="ma"][lemma="maschile" & pos="ADJ"]
yes	X ma Y	femminile	maschile	[lemma="maschile" & pos="ADJ"][word="ma"][lemma="femminile" & pos="ADJ"]
no	X ma Y	femminile	maschile	[lemma!="femminile" & pos="ADJ"][word="ma"][lemma="maschile" & pos="ADJ"]
no	X ma Y	femminile	maschile	[lemma="femminile" & pos="ADJ"][word="ma"][lemma!="maschile" & pos="ADJ"]
no	X ma Y	femminile	maschile	[lemma!="maschile" & pos="ADJ"][word="ma"][lemma="femminile" & pos="ADJ"]
no	X ma Y	femminile	maschile	[lemma="maschile" & pos="ADJ"][word="ma"][lemma!="femminile" & pos="ADJ"]
yes	X ma Y	profondo	superficiale	[lemma="profondo" & pos="ADJ"][word="ma"][lemma="superficiale" & pos="ADJ"]
yes	X ma Y	profondo	superficiale	[lemma="superficiale" & pos="ADJ"][word="ma"][lemma="profondo" & pos="ADJ"]
no	X ma Y	profondo	superficiale	[lemma!="profondo" & pos="ADJ"][word="ma"][lemma="superficiale" & pos="ADJ"]
no	X ma Y	profondo	superficiale	[lemma="profondo" & pos="ADJ"][word="ma"][lemma!="superficiale" & pos="ADJ"]
no	X ma Y	profondo	superficiale	[lemma!="superficiale" & pos="ADJ"][word="ma"][lemma="profondo" & pos="ADJ"]
no	X ma Y	profondo	superficiale	[lemma="superficiale" & pos="ADJ"][word="ma"][lemma!="profondo" & pos="ADJ"]
yes	X ma Y	corto	lungo	[lemma="corto" & pos="ADJ"][word="ma"][lemma="lungo" & pos="ADJ"]
yes	X ma Y	corto	lungo	[lemma="lungo" & pos="ADJ"][word="ma"][lemma="corto" & pos="ADJ"]
no	X ma Y	corto	lungo	[lemma!="corto" & pos="ADJ"][word="ma"][lemma="lungo" & pos="ADJ"]
no	X ma Y	corto	lungo	[lemma="corto" & pos="ADJ"][word="ma"][lemma!="lungo" & pos="ADJ"]
no	X ma Y	corto	lungo	[lemma!="lungo" & pos="ADJ"][word="ma"][lemma="corto" & pos="ADJ"]
no	X ma Y	corto	lungo	[lemma="lungo" & pos="ADJ"][word="ma"][lemma!="corto" & pos="ADJ"]
yes	X ma Y	alto	basso	[lemma="alto" & pos="ADJ"][word="ma"][lemma="basso" & pos="ADJ"]
yes	X ma Y	alto	basso	[lemma="basso" & pos="ADJ"][word="ma"][lemma="alto" & pos="ADJ"]
no	X ma Y	alto	basso	[lemma!="alto" & pos="ADJ"][word="ma"][lemma="basso" & pos="ADJ"]
no	X ma Y	alto	basso	[lemma="alto" & pos="ADJ"][word="ma"][lemma!="basso" & pos="ADJ"]
no	X ma Y	alto	basso	[lemma!="basso" & pos="ADJ"][word="ma"][lemma="alto" & pos="ADJ"]
no	X ma Y	alto	basso	[lemma="basso" & pos="ADJ"][word="ma"][lemma!="alto" & pos="ADJ"]
yes	X ma Y	povero	ricco	[lemma="povero" & pos="ADJ"][word="ma"][lemma="ricco" & pos="ADJ"]
yes	X ma Y	povero	ricco	[lemma="ricco" & pos="ADJ"][word="ma"][lemma="povero" & pos="ADJ"]
no	X ma Y	povero	ricco	[lemma!="povero" & pos="ADJ"][word="ma"][lemma="ricco" & pos="ADJ"]
no	X ma Y	povero	ricco	[lemma="povero" & pos="ADJ"][word="ma"][lemma!="ricco" & pos="ADJ"]
no	X ma Y	povero	ricco	[lemma!="ricco" & pos="ADJ"][word="ma"][lemma="povero" & pos="ADJ"]
no	X ma Y	povero	ricco	[lemma="ricco" & pos="ADJ"][word="ma"][lemma!="povero" & pos="ADJ"]
yes	X ma Y	chiaro	scuro	[lemma="chiaro" & pos="ADJ"][word="ma"][lemma="scuro" & pos="ADJ"]
yes	X ma Y	chiaro	scuro	[lemma="scuro" & pos="ADJ"][word="ma"][lemma="chiaro" & pos="ADJ"]
no	X ma Y	chiaro	scuro	[lemma!="chiaro" & pos="ADJ"][word="ma"][lemma="scuro" & pos="ADJ"]
no	X ma Y	chiaro	scuro	[lemma="chiaro" & pos="ADJ"][word="ma"][lemma!="scuro" & pos="ADJ"]
no	X ma Y	chiaro	scuro	[lemma!="scuro" & pos="ADJ"][word="ma"][lemma="chiaro" & pos="ADJ"]
no	X ma Y	chiaro	scuro	[lemma="scuro" & pos="ADJ"][word="ma"][lemma!="chiaro" & pos="ADJ"]
yes	X ma Y	intelligente	stupido	[lemma="intelligente" & pos="ADJ"][word="ma"][lemma="stupido" & pos="ADJ"]
yes	X ma Y	intelligente	stupido	[lemma="stupido" & pos="ADJ"][word="ma"][lemma="intelligente" & pos="ADJ"]
no	X ma Y	intelligente	stupido	[lemma!="intelligente" & pos="ADJ"][word="ma"][lemma="stupido" & pos="ADJ"]
no	X ma Y	intelligente	stupido	[lemma="intelligente" & pos="ADJ"][word="ma"][lemma!="stupido" & pos="ADJ"]
no	X ma Y	intelligente	stupido	[lemma!="stupido" & pos="ADJ"][word="ma"][lemma="intelligente" & pos="ADJ"]
no	X ma Y	intelligente	stupido	[lemma="stupido" & pos="ADJ"][word="ma"][lemma!="intelligente" & pos="ADJ"]
yes	X ma Y	bello	brutto	[lemma="bello" & pos="ADJ"][word="ma"][lemma="brutto" & pos="ADJ"]
yes	X ma Y	bello	brutto	[lemma="brutto" & pos="ADJ"][word="ma"][lemma="bello" & pos="ADJ"]
no	X ma Y	bello	brutto	[lemma!="bello" & pos="ADJ"][word="ma"][lemma="brutto" & pos="ADJ"]
no	X ma Y	bello	brutto	[lemma="bello" & pos="ADJ"][word="ma"][lemma!="brutto" & pos="ADJ"]
no	X ma Y	bello	brutto	[lemma!="brutto" & pos="ADJ"][word="ma"][lemma="bello" & pos="ADJ"]
no	X ma Y	bello	brutto	[lemma="brutto" & pos="ADJ"][word="ma"][lemma!="bello" & pos="ADJ"]
yes	X ma Y	lento	veloce	[lemma="lento" & pos="ADJ"][word="ma"][lemma="veloce" & pos="ADJ"]
yes	X ma Y	lento	veloce	[lemma="veloce" & pos="ADJ"][word="ma"][lemma="lento" & pos="ADJ"]
no	X ma Y	lento	veloce	[lemma!="lento" & pos="ADJ"][word="ma"][lemma="veloce" & pos="ADJ"]
no	X ma Y	lento	veloce	[lemma="lento" & pos="ADJ"][word="ma"][lemma!="veloce" & pos="ADJ"]
no	X ma Y	lento	veloce	[lemma!="veloce" & pos="ADJ"][word="ma"][lemma="lento" & pos="ADJ"]
no	X ma Y	lento	veloce	[lemma="veloce" & pos="ADJ"][word="ma"][lemma!="lento" & pos="ADJ"]
yes	X ma Y	felice	triste	[lemma="felice" & pos="ADJ"][word="ma"][lemma="triste" & pos="ADJ"]
yes	X ma Y	felice	triste	[lemma="triste" & pos="ADJ"][word="ma"][lemma="felice" & pos="ADJ"]
no	X ma Y	felice	triste	[lemma!="felice" & pos="ADJ"][word="ma"][lemma="triste" & pos="ADJ"]
no	X ma Y	felice	triste	[lemma="felice" & pos="ADJ"][word="ma"][lemma!="triste" & pos="ADJ"]
no	X ma Y	felice	triste	[lemma!="triste" & pos="ADJ"][word="ma"][lemma="felice" & pos="ADJ"]
no	X ma Y	felice	triste	[lemma="triste" & pos="ADJ"][word="ma"][lemma!="felice" & pos="ADJ"]
yes	X ma Y	malato	sano	[lemma="malato" & pos="ADJ"][word="ma"][lemma="sano" & pos="ADJ"]
yes	X ma Y	malato	sano	[lemma="sano" & pos="ADJ"][word="ma"][lemma="malato" & pos="ADJ"]
no	X ma Y	malato	sano	[lemma!="malato" & pos="ADJ"][word="ma"][lemma="sano" & pos="ADJ"]
no	X ma Y	malato	sano	[lemma="malato" & pos="ADJ"][word="ma"][lemma!="sano" & pos="ADJ"]
no	X ma Y	malato	sano	[lemma!="sano" & pos="ADJ"][word="ma"][lemma="malato" & pos="ADJ"]
no	X ma Y	malato	sano	[lemma="sano" & pos="ADJ"][word="ma"][lemma!="malato" & pos="ADJ"]
yes	X ma Y	pulito	sporco	[lemma="pulito" & pos="ADJ"][word="ma"][lemma="sporco" & pos="ADJ"]
yes	X ma Y	pulito	sporco	[lemma="sporco" & pos="ADJ"][word="ma"][lemma="pulito" & pos="ADJ"]
no	X ma Y	pulito	sporco	[lemma!="pulito" & pos="ADJ"][word="ma"][lemma="sporco" & pos="ADJ"]
no	X ma Y	pulito	sporco	[lemma="pulito" & pos="ADJ"][word="ma"][lemma!="sporco" & pos="ADJ"]
no	X ma Y	pulito	sporco	[lemma!="sporco" & pos="ADJ"][word="ma"][lemma="pulito" & pos="ADJ"]
no	X ma Y	pulito	sporco	[lemma="sporco" & pos="ADJ"][word="ma"][lemma!="pulito" & pos="ADJ"]
yes	X ma Y	bianco	nero	[lemma="bianco" & pos="ADJ"][word="ma"][lemma="nero" & pos="ADJ"]
yes	X ma Y	bianco	nero	[lemma="nero" & pos="ADJ"][word="ma"][lemma="bianco" & pos="ADJ"]
no	X ma Y	bianco	nero	[lemma!="bianco" & pos="ADJ"][word="ma"][lemma="nero" & pos="ADJ"]
no	X ma Y	bianco	nero	[lemma="bianco" & pos="ADJ"][word="ma"][lemma!="nero" & pos="ADJ"]
no	X ma Y	bianco	nero	[lemma!="nero" & pos="ADJ"][word="ma"][lemma="bianco" & pos="ADJ"]
no	X ma Y	bianco	nero	[lemma="nero" & pos="ADJ"][word="ma"][lemma!="bianco" & pos="ADJ"]
yes	X ma Y	largo	stretto	[lemma="largo" & pos="ADJ"][word="ma"][lemma="stretto" & pos="ADJ"]
yes	X ma Y	largo	stretto	[lemma="stretto" & pos="ADJ"][word="ma"][lemma="largo" & pos="ADJ"]
no	X ma Y	largo	stretto	[lemma!="largo" & pos="ADJ"][word="ma"][lemma="stretto" & pos="ADJ"]
no	X ma Y	largo	stretto	[lemma="largo" & pos="ADJ"][word="ma"][lemma!="stretto" & pos="ADJ"]
no	X ma Y	largo	stretto	[lemma!="stretto" & pos="ADJ"][word="ma"][lemma="largo" & pos="ADJ"]
no	X ma Y	largo	stretto	[lemma="stretto" & pos="ADJ"][word="ma"][lemma!="largo" & pos="ADJ"]
yes	X ma Y	grande	piccolo	[lemma="grande" & pos="ADJ"][word="ma"][lemma="piccolo" & pos="ADJ"]
yes	X ma Y	grande	piccolo	[lemma="piccolo" & pos="ADJ"][word="ma"][lemma="grande" & pos="ADJ"]
no	X ma Y	grande	piccolo	[lemma!="grande" & pos="ADJ"][word="ma"][lemma="piccolo" & pos="ADJ"]
no	X ma Y	grande	piccolo	[lemma="grande" & pos="ADJ"][word="ma"][lemma!="piccolo" & pos="ADJ"]
no	X ma Y	grande	piccolo	[lemma!="piccolo" & pos="ADJ"][word="ma"][lemma="grande" & pos="ADJ"]
no	X ma Y	grande	piccolo	[lemma="piccolo" & pos="ADJ"][word="ma"][lemma!="grande" & pos="ADJ"]
yes	non X ma Y	buono	cattivo	[word="non"][lemma="buono" & pos="ADJ"][word="ma"][lemma="cattivo" & pos="ADJ"]
yes	non X ma Y	buono	cattivo	[word="non"][lemma="cattivo" & pos="ADJ"][word="ma"][lemma="buono" & pos="ADJ"]
no	non X ma Y	buono	cattivo	[word="non"][lemma!="buono" & pos="ADJ"][word="ma"][lemma="cattivo" & pos="ADJ"]
no	non X ma Y	buono	cattivo	[word="non"][lemma="buono" & pos="ADJ"][word="ma"][lemma!="cattivo" & pos="ADJ"]
no	non X ma Y	buono	cattivo	[word="non"][lemma!="cattivo" & pos="ADJ"][word="ma"][lemma="buono" & pos="ADJ"]
no	non X ma Y	buono	cattivo	[word="non"][lemma="cattivo" & pos="ADJ"][word="ma"][lemma!="buono" & pos="ADJ"]
yes	non X ma Y	debole	forte	[word="non"][lemma="debole" & pos="ADJ"][word="ma"][lemma="forte" & pos="ADJ"]
yes	non X ma Y	debole	forte	[word="non"][lemma="forte" & pos="ADJ"][word="ma"][lemma="debole" & pos="ADJ"]
no	non X ma Y	debole	forte	[word="non"][lemma!="debole" & pos="ADJ"][word="ma"][lemma="forte" & pos="ADJ"]
no	non X ma Y	debole	forte	[word="non"][lemma="debole" & pos="ADJ"][word="ma"][lemma!="forte" & pos="ADJ"]
no	non X ma Y	debole	forte	[word="non"][lemma!="forte" & pos="ADJ"][word="ma"][lemma="debole" & pos="ADJ"]
no	non X ma Y	debole	forte	[word="non"][lemma="forte" & pos="ADJ"][word="ma"][lemma!="debole" & pos="ADJ"]
yes	non X ma Y	giovane	vecchio	[word="non"][lemma="giovane" & pos="ADJ"][word="ma"][lemma="vecchio" & pos="ADJ"]
yes	non X ma Y	giovane	vecchio	[word="non"][lemma="vecchio" & pos="ADJ"][word="ma"][lemma="giovane" & pos="ADJ"]
no	non X ma Y	giovane	vecchio	[word="non"][lemma!="giovane" & pos="ADJ"][word="ma"][lemma="vecchio" & pos="ADJ"]
no	non X ma Y	giovane	vecchio	[word="non"][lemma="giovane" & pos="ADJ"][word="ma"][lemma!="vecchio" & pos="ADJ"]
no	non X ma Y	giovane	vecchio	[word="non"][lemma!="vecchio" & pos="ADJ"][word="ma"][lemma="giovane" & pos="ADJ"]
no	non X ma Y	giovane	vecchio	[word="non"][lemma="vecchio" & pos="ADJ"][word="ma"][lemma!="giovane" & pos="ADJ"]
yes	non X ma Y	leggero	pesante	[word="non"][lemma="leggero" & pos="ADJ"][word="ma"][lemma="pesante" & pos="ADJ"]
yes	non X ma Y	leggero	pesante	[word="non"][lemma="pesante" & pos="ADJ"][word="ma"][lemma="leggero" & pos="ADJ"]
no	non X ma Y	leggero	pesante	[word="non"][lemma!="leggero" & pos="ADJ"][word="ma"][lemma="pesante" & pos="ADJ"]
no	non X ma Y	leggero	pesante	[word="non"][lemma="leggero" & pos="ADJ"][word="ma"][lemma!="pesante" & pos="ADJ"]
no	non X ma Y	leggero	pesante	[word="non"][lemma!="pesante" & pos="ADJ"][word="ma"][lemma="leggero" & pos="ADJ"]
no	non X ma Y	leggero	pesante	[word="non"][lemma="pesante" & pos="ADJ"][word="ma"][lemma!="leggero" & pos="ADJ"]
yes	non X ma Y	lontano	vicino	[word="non"][lemma="lontano" & pos="ADJ"][word="ma"][lemma="vicino" & pos="ADJ"]
yes	non X ma Y	lontano	vicino	[word="non"][lemma="vicino" & pos="ADJ"][word="ma"][lemma="lontano" & pos="ADJ"]
no	non X ma Y	lontano	vicino	[word="non"][lemma!="lontano" & pos="ADJ"][word="ma"][lemma="vicino" & pos="ADJ"]
no	non X ma Y	lontano	vicino	[word="non"][lemma="lontano" & pos="ADJ"][word="ma"][lemma!="vicino" & pos="ADJ"]
no	non X ma Y	lontano	vicino	[word="non"][lemma!="vicino" & pos="ADJ"][word="ma"][lemma="lontano" & pos="ADJ"]
no	non X ma Y	lontano	vicino	[word="non"][lemma="vicino" & pos="ADJ"][word="ma"][lemma!="lontano" & pos="ADJ"]
yes	non X ma Y	morto	vivo	[word="non"][lemma="morto" & pos="ADJ"][word="ma"][lemma="vivo" & pos="ADJ"]
yes	non X ma Y	morto	vivo	[word="non"][lemma="vivo" & pos="ADJ"][word="ma"][lemma="morto" & pos="ADJ"]
no	non X ma Y	morto	vivo	[word="non"][lemma!="morto" & pos="ADJ"][word="ma"][lemma="vivo" & pos="ADJ"]
no	non X ma Y	morto	vivo	[word="non"][lemma="morto" & pos="ADJ"][word="ma"][lemma!="vivo" & pos="ADJ"]
no	non X ma Y	morto	vivo	[word="non"][lemma!="vivo" & pos="ADJ"][word="ma"][lemma="morto" & pos="ADJ"]
no	non X ma Y	morto	vivo	[word="non"][lemma="vivo" & pos="ADJ"][word="ma"][lemma!="morto" & pos="ADJ"]
yes	non X ma Y	falso	vero	[word="non"][lemma="falso" & pos="ADJ"][word="ma"][lemma="vero" & pos="ADJ"]
yes	non X ma Y	falso	vero	[word="non"][lemma="vero" & pos="ADJ"][word="ma"][lemma="falso" & pos="ADJ"]
no	non X ma Y	falso	vero	[word="non"][lemma!="falso" & pos="ADJ"][word="ma"][lemma="vero" & pos="ADJ"]
no	non X ma Y	falso	vero	[word="non"][lemma="falso" & pos="ADJ"][word="ma"][lemma!="vero" & pos="ADJ"]
no	non X ma Y	falso	vero	[word="non"][lemma!="vero" & pos="ADJ"][word="ma"][lemma="falso" & pos="ADJ"]
no	non X ma Y	falso	vero	[word="non"][lemma="vero" & pos="ADJ"][word="ma"][lemma!="falso" & pos="ADJ"]
yes	non X ma Y	femminile	maschile	[word="non"][lemma="femminile" & pos="ADJ"][word="ma"][lemma="maschile" & pos="ADJ"]
yes	non X ma Y	femminile	maschile	[word="non"][lemma="maschile" & pos="ADJ"][word="ma"][lemma="femminile" & pos="ADJ"]
no	non X ma Y	femminile	maschile	[word="non"][lemma!="femminile" & pos="ADJ"][word="ma"][lemma="maschile" & pos="ADJ"]
no	non X ma Y	femminile	maschile	[word="non"][lemma="femminile" & pos="ADJ"][word="ma"][lemma!="maschile" & pos="ADJ"]
no	non X ma Y	femminile	maschile	[word="non"][lemma!="maschile" & pos="ADJ"][word="ma"][lemma="femminile" & pos="ADJ"]
no	non X ma Y	femminile	maschile	[word="non"][lemma="maschile" & pos="ADJ"][word="ma"][lemma!="femminile" & pos="ADJ"]
yes	non X ma Y	profondo	superficiale	[word="non"][lemma="profondo" & pos="ADJ"][word="ma"][lemma="superficiale" & pos="ADJ"]
yes	non X ma Y	profondo	superficiale	[word="non"][lemma="superficiale" & pos="ADJ"][word="ma"][lemma="profondo" & pos="ADJ"]
no	non X ma Y	profondo	superficiale	[word="non"][lemma!="profondo" & pos="ADJ"][word="ma"][lemma="superficiale" & pos="ADJ"]
no	non X ma Y	profondo	superficiale	[word="non"][lemma="profondo" & pos="ADJ"][word="ma"][lemma!="superficiale" & pos="ADJ"]
no	non X ma Y	profondo	superficiale	[word="non"][lemma!="superficiale" & pos="ADJ"][word="ma"][lemma="profondo" & pos="ADJ"]
no	non X ma Y	profondo	superficiale	[word="non"][lemma="superficiale" & pos="ADJ"][word="ma"][lemma!="profondo" & pos="ADJ"]
yes	non X ma Y	corto	lungo	[word="non"][lemma="corto" & pos="ADJ"][word="ma"][lemma="lungo" & pos="ADJ"]
yes	non X ma Y	corto	lungo	[word="non"][lemma="lungo" & pos="ADJ"][word="ma"][lemma="corto" & pos="ADJ"]
no	non X ma Y	corto	lungo	[word="non"][lemma!="corto" & pos="ADJ"][word="ma"][lemma="lungo" & pos="ADJ"]
no	non X ma Y	corto	lungo	[word="non"][lemma="corto" & pos="ADJ"][word="ma"][lemma!="lungo" & pos="ADJ"]
no	non X ma Y	corto	lungo	[word="non"][lemma!="lungo" & pos="ADJ"][word="ma"][lemma="corto" & pos="ADJ"]
no	non X ma Y	corto	lungo	[word="non"][lemma="lungo" & pos="ADJ"][word="ma"][lemma!="corto" & pos="ADJ"]
yes	non X ma Y	alto	basso	[word="non"][lemma="alto" & pos="ADJ"][word="ma"][lemma="basso" & pos="ADJ"]
yes	non X ma Y	alto	basso	[word="non"][lemma="basso" & pos="ADJ"][word="ma"][lemma="alto" & pos="ADJ"]
no	non X ma Y	alto	basso	[word="non"][lemma!="alto" & pos="ADJ"][word="ma"][lemma="basso" & pos="ADJ"]
no	non X ma Y	alto	basso	[word="non"][lemma="alto" & pos="ADJ"][word="ma"][lemma!="basso" & pos="ADJ"]
no	non X ma Y	alto	basso	[word="non"][lemma!="basso" & pos="ADJ"][word="ma"][lemma="alto" & pos="ADJ"]
no	non X ma Y	alto	basso	[word="non"][lemma="basso" & pos="ADJ"][word="ma"][lemma!="alto" & pos="ADJ"]
yes	non X ma Y	povero	ricco	[word="non"][lemma="povero" & pos="ADJ"][word="ma"][lemma="ricco" & pos="ADJ"]
yes	non X ma Y	povero	ricco	[word="non"][lemma="ricco" & pos="ADJ"][word="ma"][lemma="povero" & pos="ADJ"]
no	non X ma Y	povero	ricco	[word="non"][lemma!="povero" & pos="ADJ"][word="ma"][lemma="ricco" & pos="ADJ"]
no	non X ma Y	povero	ricco	[word="non"][lemma="povero" & pos="ADJ"][word="ma"][lemma!="ricco" & pos="ADJ"]
no	non X ma Y	povero	ricco	[word="non"][lemma!="ricco" & pos="ADJ"][word="ma"][lemma="povero" & pos="ADJ"]
no	non X ma Y	povero	ricco	[word="non"][lemma="ricco" & pos="ADJ"][word="ma"][lemma!="povero" & pos="ADJ"]
yes	non X ma Y	chiaro	scuro	[word="non"][lemma="chiaro" & pos="ADJ"][word="ma"][lemma="scuro" & pos="ADJ"]
yes	non X ma Y	chiaro	scuro	[word="non"][lemma="scuro" & pos="ADJ"][word="ma"][lemma="chiaro" & pos="ADJ"]
no	non X ma Y	chiaro	scuro	[word="non"][lemma!="chiaro" & pos="ADJ"][word="ma"][lemma="scuro" & pos="ADJ"]
no	non X ma Y	chiaro	scuro	[word="non"][lemma="chiaro" & pos="ADJ"][word="ma"][lemma!="scuro" & pos="ADJ"]
no	non X ma Y	chiaro	scuro	[word="non"][lemma!="scuro" & pos="ADJ"][word="ma"][lemma="chiaro" & pos="ADJ"]
no	non X ma Y	chiaro	scuro	[word="non"][lemma="scuro" & pos="ADJ"][word="ma"][lemma!="chiaro" & pos="ADJ"]
yes	non X ma Y	intelligente	stupido	[word="non"][lemma="intelligente" & pos="ADJ"][word="ma"][lemma="stupido" & pos="ADJ"]
yes	non X ma Y	intelligente	stupido	[word="non"][lemma="stupido" & pos="ADJ"][word="ma"][lemma="intelligente" & pos="ADJ"]
no	non X ma Y	intelligente	stupido	[word="non"][lemma!="intelligente" & pos="ADJ"][word="ma"][lemma="stupido" & pos="ADJ"]
no	non X ma Y	intelligente	stupido	[word="non"][lemma="intelligente" & pos="ADJ"][word="ma"][lemma!="stupido" & pos="ADJ"]
no	non X ma Y	intelligente	stupido	[word="non"][lemma!="stupido" & pos="ADJ"][word="ma"][lemma="intelligente" & pos="ADJ"]
no	non X ma Y	intelligente	stupido	[word="non"][lemma="stupido" & pos="ADJ"][word="ma"][lemma!="intelligente" & pos="ADJ"]
yes	non X ma Y	bello	brutto	[word="non"][lemma="bello" & pos="ADJ"][word="ma"][lemma="brutto" & pos="ADJ"]
yes	non X ma Y	bello	brutto	[word="non"][lemma="brutto" & pos="ADJ"][word="ma"][lemma="bello" & pos="ADJ"]
no	non X ma Y	bello	brutto	[word="non"][lemma!="bello" & pos="ADJ"][word="ma"][lemma="brutto" & pos="ADJ"]
no	non X ma Y	bello	brutto	[word="non"][lemma="bello" & pos="ADJ"][word="ma"][lemma!="brutto" & pos="ADJ"]
no	non X ma Y	bello	brutto	[word="non"][lemma!="brutto" & pos="ADJ"][word="ma"][lemma="bello" & pos="ADJ"]
no	non X ma Y	bello	brutto	[word="non"][lemma="brutto" & pos="ADJ"][word="ma"][lemma!="bello" & pos="ADJ"]
yes	non X ma Y	lento	veloce	[word="non"][lemma="lento" & pos="ADJ"][word="ma"][lemma="veloce" & pos="ADJ"]
yes	non X ma Y	lento	veloce	[word="non"][lemma="veloce" & pos="ADJ"][word="ma"][lemma="lento" & pos="ADJ"]
no	non X ma Y	lento	veloce	[word="non"][lemma!="lento" & pos="ADJ"][word="ma"][lemma="veloce" & pos="ADJ"]
no	non X ma Y	lento	veloce	[word="non"][lemma="lento" & pos="ADJ"][word="ma"][lemma!="veloce" & pos="ADJ"]
no	non X ma Y	lento	veloce	[word="non"][lemma!="veloce" & pos="ADJ"][word="ma"][lemma="lento" & pos="ADJ"]
no	non X ma Y	lento	veloce	[word="non"][lemma="veloce" & pos="ADJ"][word="ma"][lemma!="lento" & pos="ADJ"]
yes	non X ma Y	felice	triste	[word="non"][lemma="felice" & pos="ADJ"][word="ma"][lemma="triste" & pos="ADJ"]
yes	non X ma Y	felice	triste	[word="non"][lemma="triste" & pos="ADJ"][word="ma"][lemma="felice" & pos="ADJ"]
no	non X ma Y	felice	triste	[word="non"][lemma!="felice" & pos="ADJ"][word="ma"][lemma="triste" & pos="ADJ"]
no	non X ma Y	felice	triste	[word="non"][lemma="felice" & pos="ADJ"][word="ma"][lemma!="triste" & pos="ADJ"]
no	non X ma Y	felice	triste	[word="non"][lemma!="triste" & pos="ADJ"][word="ma"][lemma="felice" & pos="ADJ"]
no	non X ma Y	felice	triste	[word="non"][lemma="triste" & pos="ADJ"][word="ma"][lemma!="felice" & pos="ADJ"]
yes	non X ma Y	malato	sano	[word="non"][lemma="malato" & pos="ADJ"][word="ma"][lemma="sano" & pos="ADJ"]
yes	non X ma Y	malato	sano	[word="non"][lemma="sano" & pos="ADJ"][word="ma"][lemma="malato" & pos="ADJ"]
no	non X ma Y	malato	sano	[word="non"][lemma!="malato" & pos="ADJ"][word="ma"][lemma="sano" & pos="ADJ"]
no	non X ma Y	malato	sano	[word="non"][lemma="malato" & pos="ADJ"][word="ma"][lemma!="sano" & pos="ADJ"]
no	non X ma Y	malato	sano	[word="non"][lemma!="sano" & pos="ADJ"][word="ma"][lemma="malato" & pos="ADJ"]
no	non X ma Y	malato	sano	[word="non"][lemma="sano" & pos="ADJ"][word="ma"][lemma!="malato" & pos="ADJ"]
yes	non X ma Y	pulito	sporco	[word="non"][lemma="pulito" & pos="ADJ"][word="ma"][lemma="sporco" & pos="ADJ"]
yes	non X ma Y	pulito	sporco	[word="non"][lemma="sporco" & pos="ADJ"][word="ma"][lemma="pulito" & pos="ADJ"]
no	non X ma Y	pulito	sporco	[word="non"][lemma!="pulito" & pos="ADJ"][word="ma"][lemma="sporco" & pos="ADJ"]
no	non X ma Y	pulito	sporco	[word="non"][lemma="pulito" & pos="ADJ"][word="ma"][lemma!="sporco" & pos="ADJ"]
no	non X ma Y	pulito	sporco	[word="non"][lemma!="sporco" & pos="ADJ"][word="ma"][lemma="pulito" & pos="ADJ"]
no	non X ma Y	pulito	sporco	[word="non"][lemma="sporco" & pos="ADJ"][word="ma"][lemma!="pulito" & pos="ADJ"]
yes	non X ma Y	bianco	nero	[word="non"][lemma="bianco" & pos="ADJ"][word="ma"][lemma="nero" & pos="ADJ"]
yes	non X ma Y	bianco	nero	[word="non"][lemma="nero" & pos="ADJ"][word="ma"][lemma="bianco" & pos="ADJ"]
no	non X ma Y	bianco	nero	[word="non"][lemma!="bianco" & pos="ADJ"][word="ma"][lemma="nero" & pos="ADJ"]
no	non X ma Y	bianco	nero	[word="non"][lemma="bianco" & pos="ADJ"][word="ma"][lemma!="nero" & pos="ADJ"]
no	non X ma Y	bianco	nero	[word="non"][lemma!="nero" & pos="ADJ"][word="ma"][lemma="bianco" & pos="ADJ"]
no	non X ma Y	bianco	nero	[word="non"][lemma="nero" & pos="ADJ"][word="ma"][lemma!="bianco" & pos="ADJ"]
yes	non X ma Y	largo	stretto	[word="non"][lemma="largo" & pos="ADJ"][word="ma"][lemma="stretto" & pos="ADJ"]
yes	non X ma Y	largo	stretto	[word="non"][lemma="stretto" & pos="ADJ"][word="ma"][lemma="largo" & pos="ADJ"]
no	non X ma Y	largo	stretto	[word="non"][lemma!="largo" & pos="ADJ"][word="ma"][lemma="stretto" & pos="ADJ"]
no	non X ma Y	largo	stretto	[word="non"][lemma="largo" & pos="ADJ"][word="ma"][lemma!="stretto" & pos="ADJ"]
no	non X ma Y	largo	stretto	[word="non"][lemma!="stretto" & pos="ADJ"][word="ma"][lemma="largo" & pos="ADJ"]
no	non X ma Y	largo	stretto	[word="non"][lemma="stretto" & pos="ADJ"][word="ma"][lemma!="largo" & pos="ADJ"]
yes	non X ma Y	grande	piccolo	[word="non"][lemma="grande" & pos="ADJ"][word="ma"][lemma="piccolo" & pos="ADJ"]
yes	non X ma Y	grande	piccolo	[word="non"][lemma="piccolo" & pos="ADJ"][word="ma"][lemma="grande" & pos="ADJ"]
no	non X ma Y	grande	piccolo	[word="non"][lemma!="grande" & pos="ADJ"][word="ma"][lemma="piccolo" & pos="ADJ"]
no	non X ma Y	grande	piccolo	[word="non"][lemma="grande" & pos="ADJ"][word="ma"][lemma!="piccolo" & pos="ADJ"]
no	non X ma Y	grande	piccolo	[word="non"][lemma!="piccolo" & pos="ADJ"][word="ma"][lemma="grande" & pos="ADJ"]
no	non X ma Y	grande	piccolo	[word="non"][lemma="piccolo" & pos="ADJ"][word="ma"][lemma!="grande" & pos="ADJ"]
yes	più X che Y	buono	cattivo	[word="più"][lemma="buono" & pos="ADJ"][word="che"][lemma="cattivo" & pos="ADJ"]
yes	più X che Y	buono	cattivo	[word="più"][lemma="cattivo" & pos="ADJ"][word="che"][lemma="buono" & pos="ADJ"]
no	più X che Y	buono	cattivo	[word="più"][lemma!="buono" & pos="ADJ"][word="che"][lemma="cattivo" & pos="ADJ"]
no	più X che Y	buono	cattivo	[word="più"][lemma="buono" & pos="ADJ"][word="che"][lemma!="cattivo" & pos="ADJ"]
no	più X che Y	buono	cattivo	[word="più"][lemma!="cattivo" & pos="ADJ"][word="che"][lemma="buono" & pos="ADJ"]
no	più X che Y	buono	cattivo	[word="più"][lemma="cattivo" & pos="ADJ"][word="che"][lemma!="buono" & pos="ADJ"]
yes	più X che Y	debole	forte	[word="più"][lemma="debole" & pos="ADJ"][word="che"][lemma="forte" & pos="ADJ"]
yes	più X che Y	debole	forte	[word="più"][lemma="forte" & pos="ADJ"][word="che"][lemma="debole" & pos="ADJ"]
no	più X che Y	debole	forte	[word="più"][lemma!="debole" & pos="ADJ"][word="che"][lemma="forte" & pos="ADJ"]
no	più X che Y	debole	forte	[word="più"][lemma="debole" & pos="ADJ"][word="che"][lemma!="forte" & pos="ADJ"]
no	più X che Y	debole	forte	[word="più"][lemma!="forte" & pos="ADJ"][word="che"][lemma="debole" & pos="ADJ"]
no	più X che Y	debole	forte	[word="più"][lemma="forte" & pos="ADJ"][word="che"][lemma!="debole" & pos="ADJ"]
yes	più X che Y	giovane	vecchio	[word="più"][lemma="giovane" & pos="ADJ"][word="che"][lemma="vecchio" & pos="ADJ"]
yes	più X che Y	giovane	vecchio	[word="più"][lemma="vecchio" & pos="ADJ"][word="che"][lemma="giovane" & pos="ADJ"]
no	più X che Y	giovane	vecchio	[word="più"][lemma!="giovane" & pos="ADJ"][word="che"][lemma="vecchio" & pos="ADJ"]
no	più X che Y	giovane	vecchio	[word="più"][lemma="giovane" & pos="ADJ"][word="che"][lemma!="vecchio" & pos="ADJ"]
no	più X che Y	giovane	vecchio	[word="più"][lemma!="vecchio" & pos="ADJ"][word="che"][lemma="giovane" & pos="ADJ"]
no	più X che Y	giovane	vecchio	[word="più"][lemma="vecchio" & pos="ADJ"][word="che"][lemma!="giovane" & pos="ADJ"]
yes	più X che Y	leggero	pesante	[word="più"][lemma="leggero" & pos="ADJ"][word="che"][lemma="pesante" & pos="ADJ"]
yes	più X che Y	leggero	pesante	[word="più"][lemma="pesante" & pos="ADJ"][word="che"][lemma="leggero" & pos="ADJ"]
no	più X che Y	leggero	pesante	[word="più"][lemma!="leggero" & pos="ADJ"][word="che"][lemma="pesante" & pos="ADJ"]
no	più X che Y	leggero	pesante	[word="più"][lemma="leggero" & pos="ADJ"][word="che"][lemma!="pesante" & pos="ADJ"]
no	più X che Y	leggero	pesante	[word="più"][lemma!="pesante" & pos="ADJ"][word="che"][lemma="leggero" & pos="ADJ"]
no	più X che Y	leggero	pesante	[word="più"][lemma="pesante" & pos="ADJ"][word="che"][lemma!="leggero" & pos="ADJ"]
yes	più X che Y	lontano	vicino	[word="più"][lemma="lontano" & pos="ADJ"][word="che"][lemma="vicino" & pos="ADJ"]
yes	più X che Y	lontano	vicino	[word="più"][lemma="vicino" & pos="ADJ"][word="che"][lemma="lontano" & pos="ADJ"]
no	più X che Y	lontano	vicino	[word="più"][lemma!="lontano" & pos="ADJ"][word="che"][lemma="vicino" & pos="ADJ"]
no	più X che Y	lontano	vicino	[word="più"][lemma="lontano" & pos="ADJ"][word="che"][lemma!="vicino" & pos="ADJ"]
no	più X che Y	lontano	vicino	[word="più"][lemma!="vicino" & pos="ADJ"][word="che"][lemma="lontano" & pos="ADJ"]
no	più X che Y	lontano	vicino	[word="più"][lemma="vicino" & pos="ADJ"][word="che"][lemma!="lontano" & pos="ADJ"]
yes	più X che Y	morto	vivo	[word="più"][lemma="morto" & pos="ADJ"][word="che"][lemma="vivo" & pos="ADJ"]
yes	più X che Y	morto	vivo	[word="più"][lemma="vivo" & pos="ADJ"][word="che"][lemma="morto" & pos="ADJ"]
no	più X che Y	morto	vivo	[word="più"][lemma!="morto" & pos="ADJ"][word="che"][lemma="vivo" & pos="ADJ"]
no	più X che Y	morto	vivo	[word="più"][lemma="morto" & pos="ADJ"][word="che"][lemma!="vivo" & pos="ADJ"]
no	più X che Y	morto	vivo	[word="più"][lemma!="vivo" & pos="ADJ"][word="che"][lemma="morto" & pos="ADJ"]
no	più X che Y	morto	vivo	[word="più"][lemma="vivo" & pos="ADJ"][word="che"][lemma!="morto" & pos="ADJ"]
yes	più X che Y	falso	vero	[word="più"][lemma="falso" & pos="ADJ"][word="che"][lemma="vero" & pos="ADJ"]
yes	più X che Y	falso	vero	[word="più"][lemma="vero" & pos="ADJ"][word="che"][lemma="falso" & pos="ADJ"]
no	più X che Y	falso	vero	[word="più"][lemma!="falso" & pos="ADJ"][word="che"][lemma="vero" & pos="ADJ"]
no	più X che Y	falso	vero	[word="più"][lemma="falso" & pos="ADJ"][word="che"][lemma!="vero" & pos="ADJ"]
no	più X che Y	falso	vero	[word="più"][lemma!="vero" & pos="ADJ"][word="che"][lemma="falso" & pos="ADJ"]
no	più X che Y	falso	vero	[word="più"][lemma="vero" & pos="ADJ"][word="che"][lemma!="falso" & pos="ADJ"]
yes	più X che Y	femminile	maschile	[word="più"][lemma="femminile" & pos="ADJ"][word="che"][lemma="maschile" & pos="ADJ"]
yes	più X che Y	femminile	maschile	[word="più"][lemma="maschile" & pos="ADJ"][word="che"][lemma="femminile" & pos="ADJ"]
no	più X che Y	femminile	maschile	[word="più"][lemma!="femminile" & pos="ADJ"][word="che"][lemma="maschile" & pos="ADJ"]
no	più X che Y	femminile	maschile	[word="più"][lemma="femminile" & pos="ADJ"][word="che"][lemma!="maschile" & pos="ADJ"]
no	più X che Y	femminile	maschile	[word="più"][lemma!="maschile" & pos="ADJ"][word="che"][lemma="femminile" & pos="ADJ"]
no	più X che Y	femminile	maschile	[word="più"][lemma="maschile" & pos="ADJ"][word="che"][lemma!="femminile" & pos="ADJ"]
yes	più X che Y	profondo	superficiale	[word="più"][lemma="profondo" & pos="ADJ"][word="che"][lemma="superficiale" & pos="ADJ"]
yes	più X che Y	profondo	superficiale	[word="più"][lemma="superficiale" & pos="ADJ"][word="che"][lemma="profondo" & pos="ADJ"]
no	più X che Y	profondo	superficiale	[word="più"][lemma!="profondo" & pos="ADJ"][word="che"][lemma="superficiale" & pos="ADJ"]
no	più X che Y	profondo	superficiale	[word="più"][lemma="profondo" & pos="ADJ"][word="che"][lemma!="superficiale" & pos="ADJ"]
no	più X che Y	profondo	superficiale	[word="più"][lemma!="superficiale" & pos="ADJ"][word="che"][lemma="profondo" & pos="ADJ"]
no	più X che Y	profondo	superficiale	[word="più"][lemma="superficiale" & pos="ADJ"][word="che"][lemma!="profondo" & pos="ADJ"]
yes	più X che Y	corto	lungo	[word="più"][lemma="corto" & pos="ADJ"][word="che"][lemma="lungo" & pos="ADJ"]
yes	più X che Y	corto	lungo	[word="più"][lemma="lungo" & pos="ADJ"][word="che"][lemma="corto" & pos="ADJ"]
no	più X che Y	corto	lungo	[word="più"][lemma!="corto" & pos="ADJ"][word="che"][lemma="lungo" & pos="ADJ"]
no	più X che Y	corto	lungo	[word="più"][lemma="corto" & pos="ADJ"][word="che"][lemma!="lungo" & pos="ADJ"]
no	più X che Y	corto	lungo	[word="più"][lemma!="lungo" & pos="ADJ"][word="che"][lemma="corto" & pos="ADJ"]
no	più X che Y	corto	lungo	[word="più"][lemma="lungo" & pos="ADJ"][word="che"][lemma!="corto" & pos="ADJ"]
yes	più X che Y	alto	basso	[word="più"][lemma="alto" & pos="ADJ"][word="che"][lemma="basso" & pos="ADJ"]
yes	più X che Y	alto	basso	[word="più"][lemma="basso" & pos="ADJ"][word="che"][lemma="alto" & pos="ADJ"]
no	più X che Y	alto	basso	[word="più"][lemma!="alto" & pos="ADJ"][word="che"][lemma="basso" & pos="ADJ"]
no	più X che Y	alto	basso	[word="più"][lemma="alto" & pos="ADJ"][word="che"][lemma!="basso" & pos="ADJ"]
no	più X che Y	alto	basso	[word="più"][lemma!="basso" & pos="ADJ"][word="che"][lemma="alto" & pos="ADJ"]
no	più X che Y	alto	basso	[word="più"][lemma="basso" & pos="ADJ"][word="che"][lemma!="alto" & pos="ADJ"]
yes	più X che Y	povero	ricco	[word="più"][lemma="povero" & pos="ADJ"][word="che"][lemma="ricco" & pos="ADJ"]
yes	più X che Y	povero	ricco	[word="più"][lemma="ricco" & pos="ADJ"][word="che"][lemma="povero" & pos="ADJ"]
no	più X che Y	povero	ricco	[word="più"][lemma!="povero" & pos="ADJ"][word="che"][lemma="ricco" & pos="ADJ"]
no	più X che Y	povero	ricco	[word="più"][lemma="povero" & pos="ADJ"][word="che"][lemma!="ricco" & pos="ADJ"]
no	più X che Y	povero	ricco	[word="più"][lemma!="ricco" & pos="ADJ"][word="che"][lemma="povero" & pos="ADJ"]
no	più X che Y	povero	ricco	[word="più"][lemma="ricco" & pos="ADJ"][word="che"][lemma!="povero" & pos="ADJ"]
yes	più X che Y	chiaro	scuro	[word="più"][lemma="chiaro" & pos="ADJ"][word="che"][lemma="scuro" & pos="ADJ"]
yes	più X che Y	chiaro	scuro	[word="più"][lemma="scuro" & pos="ADJ"][word="che"][lemma="chiaro" & pos="ADJ"]
no	più X che Y	chiaro	scuro	[word="più"][lemma!="chiaro" & pos="ADJ"][word="che"][lemma="scuro" & pos="ADJ"]
no	più X che Y	chiaro	scuro	[word="più"][lemma="chiaro" & pos="ADJ"][word="che"][lemma!="scuro" & pos="ADJ"]
no	più X che Y	chiaro	scuro	[word="più"][lemma!="scuro" & pos="ADJ"][word="che"][lemma="chiaro" & pos="ADJ"]
no	più X che Y	chiaro	scuro	[word="più"][lemma="scuro" & pos="ADJ"][word="che"][lemma!="chiaro" & pos="ADJ"]
yes	più X che Y	intelligente	stupido	[word="più"][lemma="intelligente" & pos="ADJ"][word="che"][lemma="stupido" & pos="ADJ"]
yes	più X che Y	intelligente	stupido	[word="più"][lemma="stupido" & pos="ADJ"][word="che"][lemma="intelligente" & pos="ADJ"]
no	più X che Y	intelligente	stupido	[word="più"][lemma!="intelligente" & pos="ADJ"][word="che"][lemma="stupido" & pos="ADJ"]
no	più X che Y	intelligente	stupido	[word="più"][lemma="intelligente" & pos="ADJ"][word="che"][lemma!="stupido" & pos="ADJ"]
no	più X che Y	intelligente	stupido	[word="più"][lemma!="stupido" & pos="ADJ"][word="che"][lemma="intelligente" & pos="ADJ"]
no	più X che Y	intelligente	stupido	[word="più"][lemma="stupido" & pos="ADJ"][word="che"][lemma!="intelligente" & pos="ADJ"]
yes	più X che Y	bello	brutto	[word="più"][lemma="bello" & pos="ADJ"][word="che"][lemma="brutto" & pos="ADJ"]
yes	più X che Y	bello	brutto	[word="più"][lemma="brutto" & pos="ADJ"][word="che"][lemma="bello" & pos="ADJ"]
no	più X che Y	bello	brutto	[word="più"][lemma!="bello" & pos="ADJ"][word="che"][lemma="brutto" & pos="ADJ"]
no	più X che Y	bello	brutto	[word="più"][lemma="bello" & pos="ADJ"][word="che"][lemma!="brutto" & pos="ADJ"]
no	più X che Y	bello	brutto	[word="più"][lemma!="brutto" & pos="ADJ"][word="che"][lemma="bello" & pos="ADJ"]
no	più X che Y	bello	brutto	[word="più"][lemma="brutto" & pos="ADJ"][word="che"][lemma!="bello" & pos="ADJ"]
yes	più X che Y	lento	veloce	[word="più"][lemma="lento" & pos="ADJ"][word="che"][lemma="veloce" & pos="ADJ"]
yes	più X che Y	lento	veloce	[word="più"][lemma="veloce" & pos="ADJ"][word="che"][lemma="lento" & pos="ADJ"]
no	più X che Y	lento	veloce	[word="più"][lemma!="lento" & pos="ADJ"][word="che"][lemma="veloce" & pos="ADJ"]
no	più X che Y	lento	veloce	[word="più"][lemma="lento" & pos="ADJ"][word="che"][lemma!="veloce" & pos="ADJ"]
no	più X che Y	lento	veloce	[word="più"][lemma!="veloce" & pos="ADJ"][word="che"][lemma="lento" & pos="ADJ"]
no	più X che Y	lento	veloce	[word="più"][lemma="veloce" & pos="ADJ"][word="che"][lemma!="lento" & pos="ADJ"]
yes	più X che Y	felice	triste	[word="più"][lemma="felice" & pos="ADJ"][word="che"][lemma="triste" & pos="ADJ"]
yes	più X che Y	felice	triste	[word="più"][lemma="triste" & pos="ADJ"][word="che"][lemma="felice" & pos="ADJ"]
no	più X che Y	felice	triste	[word="più"][lemma!="felice" & pos="ADJ"][word="che"][lemma="triste" & pos="ADJ"]
no	più X che Y	felice	triste	[word="più"][lemma="felice" & pos="ADJ"][word="che"][lemma!="triste" & pos="ADJ"]
no	più X che Y	felice	triste	[word="più"][lemma!="triste" & pos="ADJ"][word="che"][lemma="felice" & pos="ADJ"]
no	più X che Y	felice	triste	[word="più"][lemma="triste" & pos="ADJ"][word="che"][lemma!="felice" & pos="ADJ"]
yes	più X che Y	malato	sano	[word="più"][lemma="malato" & pos="ADJ"][word="che"][lemma="sano" & pos="ADJ"]
yes	più X che Y	malato	sano	[word="più"][lemma="sano" & pos="ADJ"][word="che"][lemma="malato" & pos="ADJ"]
no	più X che Y	malato	sano	[word="più"][lemma!="malato" & pos="ADJ"][word="che"][lemma="sano" & pos="ADJ"]
no	più X che Y	malato	sano	[word="più"][lemma="malato" & pos="ADJ"][word="che"][lemma!="sano" & pos="ADJ"]
no	più X che Y	malato	sano	[word="più"][lemma!="sano" & pos="ADJ"][word="che"][lemma="malato" & pos="ADJ"]
no	più X che Y	malato	sano	[word="più"][lemma="sano" & pos="ADJ"][word="che"][lemma!="malato" & pos="ADJ"]
yes	più X che Y	pulito	sporco	[word="più"][lemma="pulito" & pos="ADJ"][word="che"][lemma="sporco" & pos="ADJ"]
yes	più X che Y	pulito	sporco	[word="più"][lemma="sporco" & pos="ADJ"][word="che"][lemma="pulito" & pos="ADJ"]
no	più X che Y	pulito	sporco	[word="più"][lemma!="pulito" & pos="ADJ"][word="che"][lemma="sporco" & pos="ADJ"]
no	più X che Y	pulito	sporco	[word="più"][lemma="pulito" & pos="ADJ"][word="che"][lemma!="sporco" & pos="ADJ"]
no	più X che Y	pulito	sporco	[word="più"][lemma!="sporco" & pos="ADJ"][word="che"][lemma="pulito" & pos="ADJ"]
no	più X che Y	pulito	sporco	[word="più"][lemma="sporco" & pos="ADJ"][word="che"][lemma!="pulito" & pos="ADJ"]
yes	più X che Y	bianco	nero	[word="più"][lemma="bianco" & pos="ADJ"][word="che"][lemma="nero" & pos="ADJ"]
yes	più X che Y	bianco	nero	[word="più"][lemma="nero" & pos="ADJ"][word="che"][lemma="bianco" & pos="ADJ"]
no	più X che Y	bianco	nero	[word="più"][lemma!="bianco" & pos="ADJ"][word="che"][lemma="nero" & pos="ADJ"]
no	più X che Y	bianco	nero	[word="più"][lemma="bianco" & pos="ADJ"][word="che"][lemma!="nero" & pos="ADJ"]
no	più X che Y	bianco	nero	[word="più"][lemma!="nero" & pos="ADJ"][word="che"][lemma="bianco" & pos="ADJ"]
no	più X che Y	bianco	nero	[word="più"][lemma="nero" & pos="ADJ"][word="che"][lemma!="bianco" & pos="ADJ"]
yes	più X che Y	largo	stretto	[word="più"][lemma="largo" & pos="ADJ"][word="che"][lemma="stretto" & pos="ADJ"]
yes	più X che Y	largo	stretto	[word="più"][lemma="stretto" & pos="ADJ"][word="che"][lemma="largo" & pos="ADJ"]
no	più X che Y	largo	stretto	[word="più"][lemma!="largo" & pos="ADJ"][word="che"][lemma="stretto" & pos="ADJ"]
no	più X che Y	largo	stretto	[word="più"][lemma="largo" & pos="ADJ"][word="che"][lemma!="stretto" & pos="ADJ"]
no	più X che Y	largo	stretto	[word="più"][lemma!="stretto" & pos="ADJ"][word="che"][lemma="largo" & pos="ADJ"]
no	più X che Y	largo	stretto	[word="più"][lemma="stretto" & pos="ADJ"][word="che"][lemma!="largo" & pos="ADJ"]
yes	più X che Y	grande	piccolo	[word="più"][lemma="grande" & pos="ADJ"][word="che"][lemma="piccolo" & pos="ADJ"]
yes	più X che Y	grande	piccolo	[word="più"][lemma="piccolo" & pos="ADJ"][word="che"][lemma="grande" & pos="ADJ"]
no	più X che Y	grande	piccolo	[word="più"][lemma!="grande" & pos="ADJ"][word="che"][lemma="piccolo" & pos="ADJ"]
no	più X che Y	grande	piccolo	[word="più"][lemma="grande" & pos="ADJ"][word="che"][lemma!="piccolo" & pos="ADJ"]
no	più X che Y	grande	piccolo	[word="più"][lemma!="piccolo" & pos="ADJ"][word="che"][lemma="grande" & pos="ADJ"]
no	più X che Y	grande	piccolo	[word="più"][lemma="piccolo" & pos="ADJ"][word="che"][lemma!="grande" & pos="ADJ"]
yes	meno X che Y	buono	cattivo	[word="meno"][lemma="buono" & pos="ADJ"][word="che"][lemma="cattivo" & pos="ADJ"]
yes	meno X che Y	buono	cattivo	[word="meno"][lemma="cattivo" & pos="ADJ"][word="che"][lemma="buono" & pos="ADJ"]
no	meno X che Y	buono	cattivo	[word="meno"][lemma!="buono" & pos="ADJ"][word="che"][lemma="cattivo" & pos="ADJ"]
no	meno X che Y	buono	cattivo	[word="meno"][lemma="buono" & pos="ADJ"][word="che"][lemma!="cattivo" & pos="ADJ"]
no	meno X che Y	buono	cattivo	[word="meno"][lemma!="cattivo" & pos="ADJ"][word="che"][lemma="buono" & pos="ADJ"]
no	meno X che Y	buono	cattivo	[word="meno"][lemma="cattivo" & pos="ADJ"][word="che"][lemma!="buono" & pos="ADJ"]
yes	meno X che Y	debole	forte	[word="meno"][lemma="debole" & pos="ADJ"][word="che"][lemma="forte" & pos="ADJ"]
yes	meno X che Y	debole	forte	[word="meno"][lemma="forte" & pos="ADJ"][word="che"][lemma="debole" & pos="ADJ"]
no	meno X che Y	debole	forte	[word="meno"][lemma!="debole" & pos="ADJ"][word="che"][lemma="forte" & pos="ADJ"]
no	meno X che Y	debole	forte	[word="meno"][lemma="debole" & pos="ADJ"][word="che"][lemma!="forte" & pos="ADJ"]
no	meno X che Y	debole	forte	[word="meno"][lemma!="forte" & pos="ADJ"][word="che"][lemma="debole" & pos="ADJ"]
no	meno X che Y	debole	forte	[word="meno"][lemma="forte" & pos="ADJ"][word="che"][lemma!="debole" & pos="ADJ"]
yes	meno X che Y	giovane	vecchio	[word="meno"][lemma="giovane" & pos="ADJ"][word="che"][lemma="vecchio" & pos="ADJ"]
yes	meno X che Y	giovane	vecchio	[word="meno"][lemma="vecchio" & pos="ADJ"][word="che"][lemma="giovane" & pos="ADJ"]
no	meno X che Y	giovane	vecchio	[word="meno"][lemma!="giovane" & pos="ADJ"][word="che"][lemma="vecchio" & pos="ADJ"]
no	meno X che Y	giovane	vecchio	[word="meno"][lemma="giovane" & pos="ADJ"][word="che"][lemma!="vecchio" & pos="ADJ"]
no	meno X che Y	giovane	vecchio	[word="meno"][lemma!="vecchio" & pos="ADJ"][word="che"][lemma="giovane" & pos="ADJ"]
no	meno X che Y	giovane	vecchio	[word="meno"][lemma="vecchio" & pos="ADJ"][word="che"][lemma!="giovane" & pos="ADJ"]
yes	meno X che Y	leggero	pesante	[word="meno"][lemma="leggero" & pos="ADJ"][word="che"][lemma="pesante" & pos="ADJ"]
yes	meno X che Y	leggero	pesante	[word="meno"][lemma="pesante" & pos="ADJ"][word="che"][lemma="leggero" & pos="ADJ"]
no	meno X che Y	leggero	pesante	[word="meno"][lemma!="leggero" & pos="ADJ"][word="che"][lemma="pesante" & pos="ADJ"]
no	meno X che Y	leggero	pesante	[word="meno"][lemma="leggero" & pos="ADJ"][word="che"][lemma!="pesante" & pos="ADJ"]
no	meno X che Y	leggero	pesante	[word="meno"][lemma!="pesante" & pos="ADJ"][word="che"][lemma="leggero" & pos="ADJ"]
no	meno X che Y	leggero	pesante	[word="meno"][lemma="pesante" & pos="ADJ"][word="che"][lemma!="leggero" & pos="ADJ"]
yes	meno X che Y	lontano	vicino	[word="meno"][lemma="lontano" & pos="ADJ"][word="che"][lemma="vicino" & pos="ADJ"]
yes	meno X che Y	lontano	vicino	[word="meno"][lemma="vicino" & pos="ADJ"][word="che"][lemma="lontano" & pos="ADJ"]
no	meno X che Y	lontano	vicino	[word="meno"][lemma!="lontano" & pos="ADJ"][word="che"][lemma="vicino" & pos="ADJ"]
no	meno X che Y	lontano	vicino	[word="meno"][lemma="lontano" & pos="ADJ"][word="che"][lemma!="vicino" & pos="ADJ"]
no	meno X che Y	lontano	vicino	[word="meno"][lemma!="vicino" & pos="ADJ"][word="che"][lemma="lontano" & pos="ADJ"]
no	meno X che Y	lontano	vicino	[word="meno"][lemma="vicino" & pos="ADJ"][word="che"][lemma!="lontano" & pos="ADJ"]
yes	meno X che Y	morto	vivo	[word="meno"][lemma="morto" & pos="ADJ"][word="che"][lemma="vivo" & pos="ADJ"]
yes	meno X che Y	morto	vivo	[word="meno"][lemma="vivo" & pos="ADJ"][word="che"][lemma="morto" & pos="ADJ"]
no	meno X che Y	morto	vivo	[word="meno"][lemma!="morto" & pos="ADJ"][word="che"][lemma="vivo" & pos="ADJ"]
no	meno X che Y	morto	vivo	[word="meno"][lemma="morto" & pos="ADJ"][word="che"][lemma!="vivo" & pos="ADJ"]
no	meno X che Y	morto	vivo	[word="meno"][lemma!="vivo" & pos="ADJ"][word="che"][lemma="morto" & pos="ADJ"]
no	meno X che Y	morto	vivo	[word="meno"][lemma="vivo" & pos="ADJ"][word="che"][lemma!="morto" & pos="ADJ"]
yes	meno X che Y	falso	vero	[word="meno"][lemma="falso" & pos="ADJ"][word="che"][lemma="vero" & pos="ADJ"]
yes	meno X che Y	falso	vero	[word="meno"][lemma="vero" & pos="ADJ"][word="che"][lemma="falso" & pos="ADJ"]
no	meno X che Y	falso	vero	[word="meno"][lemma!="falso" & pos="ADJ"][word="che"][lemma="vero" & pos="ADJ"]
no	meno X che Y	falso	vero	[word="meno"][lemma="falso" & pos="ADJ"][word="che"][lemma!="vero" & pos="ADJ"]
no	meno X che Y	falso	vero	[word="meno"][lemma!="vero" & pos="ADJ"][word="che"][lemma="falso" & pos="ADJ"]
no	meno X che Y	falso	vero	[word="meno"][lemma="vero" & pos="ADJ"][word="che"][lemma!="falso" & pos="ADJ"]
yes	meno X che Y	femminile	maschile	[word="meno"][lemma="femminile" & pos="ADJ"][word="che"][lemma="maschile" & pos="ADJ"]
yes	meno X che Y	femminile	maschile	[word="meno"][lemma="maschile" & pos="ADJ"][word="che"][lemma="femminile" & pos="ADJ"]
no	meno X che Y	femminile	maschile	[word="meno"][lemma!="femminile" & pos="ADJ"][word="che"][lemma="maschile" & pos="ADJ"]
no	meno X che Y	femminile	maschile	[word="meno"][lemma="femminile" & pos="ADJ"][word="che"][lemma!="maschile" & pos="ADJ"]
no	meno X che Y	femminile	maschile	[word="meno"][lemma!="maschile" & pos="ADJ"][word="che"][lemma="femminile" & pos="ADJ"]
no	meno X che Y	femminile	maschile	[word="meno"][lemma="maschile" & pos="ADJ"][word="che"][lemma!="femminile" & pos="ADJ"]
yes	meno X che Y	profondo	superficiale	[word="meno"][lemma="profondo" & pos="ADJ"][word="che"][lemma="superficiale" & pos="ADJ"]
yes	meno X che Y	profondo	superficiale	[word="meno"][lemma="superficiale" & pos="ADJ"][word="che"][lemma="profondo" & pos="ADJ"]
no	meno X che Y	profondo	superficiale	[word="meno"][lemma!="profondo" & pos="ADJ"][word="che"][lemma="superficiale" & pos="ADJ"]
no	meno X che Y	profondo	superficiale	[word="meno"][lemma="profondo" & pos="ADJ"][word="che"][lemma!="superficiale" & pos="ADJ"]
no	meno X che Y	profondo	superficiale	[word="meno"][lemma!="superficiale" & pos="ADJ"][word="che"][lemma="profondo" & pos="ADJ"]
no	meno X che Y	profondo	superficiale	[word="meno"][lemma="superficiale" & pos="ADJ"][word="che"][lemma!="profondo" & pos="ADJ"]
yes	meno X che Y	corto	lungo	[word="meno"][lemma="corto" & pos="ADJ"][word="che"][lemma="lungo" & pos="ADJ"]
yes	meno X che Y	corto	lungo	[word="meno"][lemma="lungo" & pos="ADJ"][word="che"][lemma="corto" & pos="ADJ"]
no	meno X che Y	corto	lungo	[word="meno"][lemma!="corto" & pos="ADJ"][word="che"][lemma="lungo" & pos="ADJ"]
no	meno X che Y	corto	lungo	[word="meno"][lemma="corto" & pos="ADJ"][word="che"][lemma!="lungo" & pos="ADJ"]
no	meno X che Y	corto	lungo	[word="meno"][lemma!="lungo" & pos="ADJ"][word="che"][lemma="corto" & pos="ADJ"]
no	meno X che Y	corto	lungo	[word="meno"][lemma="lungo" & pos="ADJ"][word="che"][lemma!="corto" & pos="ADJ"]
yes	meno X che Y	alto	basso	[word="meno"][lemma="alto" & pos="ADJ"][word="che"][lemma="basso" & pos="ADJ"]
yes	meno X che Y	alto	basso	[word="meno"][lemma="basso" & pos="ADJ"][word="che"][lemma="alto" & pos="ADJ"]
no	meno X che Y	alto	basso	[word="meno"][lemma!="alto" & pos="ADJ"][word="che"][lemma="basso" & pos="ADJ"]
no	meno X che Y	alto	basso	[word="meno"][lemma="alto" & pos="ADJ"][word="che"][lemma!="basso" & pos="ADJ"]
no	meno X che Y	alto	basso	[word="meno"][lemma!="basso" & pos="ADJ"][word="che"][lemma="alto" & pos="ADJ"]
no	meno X che Y	alto	basso	[word="meno"][lemma="basso" & pos="ADJ"][word="che"][lemma!="alto" & pos="ADJ"]
yes	meno X che Y	povero	ricco	[word="meno"][lemma="povero" & pos="ADJ"][word="che"][lemma="ricco" & pos="ADJ"]
yes	meno X che Y	povero	ricco	[word="meno"][lemma="ricco" & pos="ADJ"][word="che"][lemma="povero" & pos="ADJ"]
no	meno X che Y	povero	ricco	[word="meno"][lemma!="povero" & pos="ADJ"][word="che"][lemma="ricco" & pos="ADJ"]
no	meno X che Y	povero	ricco	[word="meno"][lemma="povero" & pos="ADJ"][word="che"][lemma!="ricco" & pos="ADJ"]
no	meno X che Y	povero	ricco	[word="meno"][lemma!="ricco" & pos="ADJ"][word="che"][lemma="povero" & pos="ADJ"]
no	meno X che Y	povero	ricco	[word="meno"][lemma="ricco" & pos="ADJ"][word="che"][lemma!="povero" & pos="ADJ"]
yes	meno X che Y	chiaro	scuro	[word="meno"][lemma="chiaro" & pos="ADJ"][word="che"][lemma="scuro" & pos="ADJ"]
yes	meno X che Y	chiaro	scuro	[word="meno"][lemma="scuro" & pos="ADJ"][word="che"][lemma="chiaro" & pos="ADJ"]
no	meno X che Y	chiaro	scuro	[word="meno"][lemma!="chiaro" & pos="ADJ"][word="che"][lemma="scuro" & pos="ADJ"]
no	meno X che Y	chiaro	scuro	[word="meno"][lemma="chiaro" & pos="ADJ"][word="che"][lemma!="scuro" & pos="ADJ"]
no	meno X che Y	chiaro	scuro	[word="meno"][lemma!="scuro" & pos="ADJ"][word="che"][lemma="chiaro" & pos="ADJ"]
no	meno X che Y	chiaro	scuro	[word="meno"][lemma="scuro" & pos="ADJ"][word="che"][lemma!="chiaro" & pos="ADJ"]
yes	meno X che Y	intelligente	stupido	[word="meno"][lemma="intelligente" & pos="ADJ"][word="che"][lemma="stupido" & pos="ADJ"]
yes	meno X che Y	intelligente	stupido	[word="meno"][lemma="stupido" & pos="ADJ"][word="che"][lemma="intelligente" & pos="ADJ"]
no	meno X che Y	intelligente	stupido	[word="meno"][lemma!="intelligente" & pos="ADJ"][word="che"][lemma="stupido" & pos="ADJ"]
no	meno X che Y	intelligente	stupido	[word="meno"][lemma="intelligente" & pos="ADJ"][word="che"][lemma!="stupido" & pos="ADJ"]
no	meno X che Y	intelligente	stupido	[word="meno"][lemma!="stupido" & pos="ADJ"][word="che"][lemma="intelligente" & pos="ADJ"]
no	meno X che Y	intelligente	stupido	[word="meno"][lemma="stupido" & pos="ADJ"][word="che"][lemma!="intelligente" & pos="ADJ"]
yes	meno X che Y	bello	brutto	[word="meno"][lemma="bello" & pos="ADJ"][word="che"][lemma="brutto" & pos="ADJ"]
yes	meno X che Y	bello	brutto	[word="meno"][lemma="brutto" & pos="ADJ"][word="che"][lemma="bello" & pos="ADJ"]
no	meno X che Y	bello	brutto	[word="meno"][lemma!="bello" & pos="ADJ"][word="che"][lemma="brutto" & pos="ADJ"]
no	meno X che Y	bello	brutto	[word="meno"][lemma="bello" & pos="ADJ"][word="che"][lemma!="brutto" & pos="ADJ"]
no	meno X che Y	bello	brutto	[word="meno"][lemma!="brutto" & pos="ADJ"][word="che"][lemma="bello" & pos="ADJ"]
no	meno X che Y	bello	brutto	[word="meno"][lemma="brutto" & pos="ADJ"][word="che"][lemma!="bello" & pos="ADJ"]
yes	meno X che Y	lento	veloce	[word="meno"][lemma="lento" & pos="ADJ"][word="che"][lemma="veloce" & pos="ADJ"]
yes	meno X che Y	lento	veloce	[word="meno"][lemma="veloce" & pos="ADJ"][word="che"][lemma="lento" & pos="ADJ"]
no	meno X che Y	lento	veloce	[word="meno"][lemma!="lento" & pos="ADJ"][word="che"][lemma="veloce" & pos="ADJ"]
no	meno X che Y	lento	veloce	[word="meno"][lemma="lento" & pos="ADJ"][word="che"][lemma!="veloce" & pos="ADJ"]
no	meno X che Y	lento	veloce	[word="meno"][lemma!="veloce" & pos="ADJ"][word="che"][lemma="lento" & pos="ADJ"]
no	meno X che Y	lento	veloce	[word="meno"][lemma="veloce" & pos="ADJ"][word="che"][lemma!="lento" & pos="ADJ"]
yes	meno X che Y	felice	triste	[word="meno"][lemma="felice" & pos="ADJ"][word="che"][lemma="triste" & pos="ADJ"]
yes	meno X che Y	felice	triste	[word="meno"][lemma="triste" & pos="ADJ"][word="che"][lemma="felice" & pos="ADJ"]
no	meno X che Y	felice	triste	[word="meno"][lemma!="felice" & pos="ADJ"][word="che"][lemma="triste" & pos="ADJ"]
no	meno X che Y	felice	triste	[word="meno"][lemma="felice" & pos="ADJ"][word="che"][lemma!="triste" & pos="ADJ"]
no	meno X che Y	felice	triste	[word="meno"][lemma!="triste" & pos="ADJ"][word="che"][lemma="felice" & pos="ADJ"]
no	meno X che Y	felice	triste	[word="meno"][lemma="triste" & pos="ADJ"][word="che"][lemma!="felice" & pos="ADJ"]
yes	meno X che Y	malato	sano	[word="meno"][lemma="malato" & pos="ADJ"][word="che"][lemma="sano" & pos="ADJ"]
yes	meno X che Y	malato	sano	[word="meno"][lemma="sano" & pos="ADJ"][word="che"][lemma="malato" & pos="ADJ"]
no	meno X che Y	malato	sano	[word="meno"][lemma!="malato" & pos="ADJ"][word="che"][lemma="sano" & pos="ADJ"]
no	meno X che Y	malato	sano	[word="meno"][lemma="malato" & pos="ADJ"][word="che"][lemma!="sano" & pos="ADJ"]
no	meno X che Y	malato	sano	[word="meno"][lemma!="sano" & pos="ADJ"][word="che"][lemma="malato" & pos="ADJ"]
no	meno X che Y	malato	sano	[word="meno"][lemma="sano" & pos="ADJ"][word="che"][lemma!="malato" & pos="ADJ"]
yes	meno X che Y	pulito	sporco	[word="meno"][lemma="pulito" & pos="ADJ"][word="che"][lemma="sporco" & pos="ADJ"]
yes	meno X che Y	pulito	sporco	[word="meno"][lemma="sporco" & pos="ADJ"][word="che"][lemma="pulito" & pos="ADJ"]
no	meno X che Y	pulito	sporco	[word="meno"][lemma!="pulito" & pos="ADJ"][word="che"][lemma="sporco" & pos="ADJ"]
no	meno X che Y	pulito	sporco	[word="meno"][lemma="pulito" & pos="ADJ"][word="che"][lemma!="sporco" & pos="ADJ"]
no	meno X che Y	pulito	sporco	[word="meno"][lemma!="sporco" & pos="ADJ"][word="che"][lemma="pulito" & pos="ADJ"]
no	meno X che Y	pulito	sporco	[word="meno"][lemma="sporco" & pos="ADJ"][word="che"][lemma!="pulito" & pos="ADJ"]
yes	meno X che Y	bianco	nero	[word="meno"][lemma="bianco" & pos="ADJ"][word="che"][lemma="nero" & pos="ADJ"]
yes	meno X che Y	bianco	nero	[word="meno"][lemma="nero" & pos="ADJ"][word="che"][lemma="bianco" & pos="ADJ"]
no	meno X che Y	bianco	nero	[word="meno"][lemma!="bianco" & pos="ADJ"][word="che"][lemma="nero" & pos="ADJ"]
no	meno X che Y	bianco	nero	[word="meno"][lemma="bianco" & pos="ADJ"][word="che"][lemma!="nero" & pos="ADJ"]
no	meno X che Y	bianco	nero	[word="meno"][lemma!="nero" & pos="ADJ"][word="che"][lemma="bianco" & pos="ADJ"]
no	meno X che Y	bianco	nero	[word="meno"][lemma="nero" & pos="ADJ"][word="che"][lemma!="bianco" & pos="ADJ"]
yes	meno X che Y	largo	stretto	[word="meno"][lemma="largo" & pos="ADJ"][word="che"][lemma="stretto" & pos="ADJ"]
yes	meno X che Y	largo	stretto	[word="meno"][lemma="stretto" & pos="ADJ"][word="che"][lemma="largo" & pos="ADJ"]
no	meno X che Y	largo	stretto	[word="meno"][lemma!="largo" & pos="ADJ"][word="che"][lemma="stretto" & pos="ADJ"]
no	meno X che Y	largo	stretto	[word="meno"][lemma="largo" & pos="ADJ"][word="che"][lemma!="stretto" & pos="ADJ"]
no	meno X che Y	largo	stretto	[word="meno"][lemma!="stretto" & pos="ADJ"][word="che"][lemma="largo" & pos="ADJ"]
no	meno X che Y	largo	stretto	[word="meno"][lemma="stretto" & pos="ADJ"][word="che"][lemma!="largo" & pos="ADJ"]
yes	meno X che Y	grande	piccolo	[word="meno"][lemma="grande" & pos="ADJ"][word="che"][lemma="piccolo" & pos="ADJ"]
yes	meno X che Y	grande	piccolo	[word="meno"][lemma="piccolo" & pos="ADJ"][word="che"][lemma="grande" & pos="ADJ"]
no	meno X che Y	grande	piccolo	[word="meno"][lemma!="grande" & pos="ADJ"][word="che"][lemma="piccolo" & pos="ADJ"]
no	meno X che Y	grande	piccolo	[word="meno"][lemma="grande" & pos="ADJ"][word="che"][lemma!="piccolo" & pos="ADJ"]
no	meno X che Y	grande	piccolo	[word="meno"][lemma!="piccolo" & pos="ADJ"][word="che"][lemma="grande" & pos="ADJ"]
no	meno X che Y	grande	piccolo	[word="meno"][lemma="piccolo" & pos="ADJ"][word="che"][lemma!="grande" & pos="ADJ"]
yes	tanto X quanto Y	buono	cattivo	[word="tanto"][lemma="buono" & pos="ADJ"][word="quanto"][lemma="cattivo" & pos="ADJ"]
yes	tanto X quanto Y	buono	cattivo	[word="tanto"][lemma="cattivo" & pos="ADJ"][word="quanto"][lemma="buono" & pos="ADJ"]
no	tanto X quanto Y	buono	cattivo	[word="tanto"][lemma!="buono" & pos="ADJ"][word="quanto"][lemma="cattivo" & pos="ADJ"]
no	tanto X quanto Y	buono	cattivo	[word="tanto"][lemma="buono" & pos="ADJ"][word="quanto"][lemma!="cattivo" & pos="ADJ"]
no	tanto X quanto Y	buono	cattivo	[word="tanto"][lemma!="cattivo" & pos="ADJ"][word="quanto"][lemma="buono" & pos="ADJ"]
no	tanto X quanto Y	buono	cattivo	[word="tanto"][lemma="cattivo" & pos="ADJ"][word="quanto"][lemma!="buono" & pos="ADJ"]
yes	tanto X quanto Y	debole	forte	[word="tanto"][lemma="debole" & pos="ADJ"][word="quanto"][lemma="forte" & pos="ADJ"]
yes	tanto X quanto Y	debole	forte	[word="tanto"][lemma="forte" & pos="ADJ"][word="quanto"][lemma="debole" & pos="ADJ"]
no	tanto X quanto Y	debole	forte	[word="tanto"][lemma!="debole" & pos="ADJ"][word="quanto"][lemma="forte" & pos="ADJ"]
no	tanto X quanto Y	debole	forte	[word="tanto"][lemma="debole" & pos="ADJ"][word="quanto"][lemma!="forte" & pos="ADJ"]
no	tanto X quanto Y	debole	forte	[word="tanto"][lemma!="forte" & pos="ADJ"][word="quanto"][lemma="debole" & pos="ADJ"]
no	tanto X quanto Y	debole	forte	[word="tanto"][lemma="forte" & pos="ADJ"][word="quanto"][lemma!="debole" & pos="ADJ"]
yes	tanto X quanto Y	giovane	vecchio	[word="tanto"][lemma="giovane" & pos="ADJ"][word="quanto"][lemma="vecchio" & pos="ADJ"]
yes	tanto X quanto Y	giovane	vecchio	[word="tanto"][lemma="vecchio" & pos="ADJ"][word="quanto"][lemma="giovane" & pos="ADJ"]
no	tanto X quanto Y	giovane	vecchio	[word="tanto"][lemma!="giovane" & pos="ADJ"][word="quanto"][lemma="vecchio" & pos="ADJ"]
no	tanto X quanto Y	giovane	vecchio	[word="tanto"][lemma="giovane" & pos="ADJ"][word="quanto"][lemma!="vecchio" & pos="ADJ"]
no	tanto X quanto Y	giovane	vecchio	[word="tanto"][lemma!="vecchio" & pos="ADJ"][word="quanto"][lemma="giovane" & pos="ADJ"]
no	tanto X quanto Y	giovane	vecchio	[word="tanto"][lemma="vecchio" & pos="ADJ"][word="quanto"][lemma!="giovane" & pos="ADJ"]
yes	tanto X quanto Y	leggero	pesante	[word="tanto"][lemma="leggero" & pos="ADJ"][word="quanto"][lemma="pesante" & pos="ADJ"]
yes	tanto X quanto Y	leggero	pesante	[word="tanto"][lemma="pesante" & pos="ADJ"][word="quanto"][lemma="leggero" & pos="ADJ"]
no	tanto X quanto Y	leggero	pesante	[word="tanto"][lemma!="leggero" & pos="ADJ"][word="quanto"][lemma="pesante" & pos="ADJ"]
no	tanto X quanto Y	leggero	pesante	[word="tanto"][lemma="leggero" & pos="ADJ"][word="quanto"][lemma!="pesante" & pos="ADJ"]
no	tanto X quanto Y	leggero	pesante	[word="tanto"][lemma!="pesante" & pos="ADJ"][word="quanto"][lemma="leggero" & pos="ADJ"]
no	tanto X quanto Y	leggero	pesante	[word="tanto"][lemma="pesante" & pos="ADJ"][word="quanto"][lemma!="leggero" & pos="ADJ"]
yes	tanto X quanto Y	lontano	vicino	[word="tanto"][lemma="lontano" & pos="ADJ"][word="quanto"][lemma="vicino" & pos="ADJ"]
yes	tanto X quanto Y	lontano	vicino	[word="tanto"][lemma="vicino" & pos="ADJ"][word="quanto"][lemma="lontano" & pos="ADJ"]
no	tanto X quanto Y	lontano	vicino	[word="tanto"][lemma!="lontano" & pos="ADJ"][word="quanto"][lemma="vicino" & pos="ADJ"]
no	tanto X quanto Y	lontano	vicino	[word="tanto"][lemma="lontano" & pos="ADJ"][word="quanto"][lemma!="vicino" & pos="ADJ"]
no	tanto X quanto Y	lontano	vicino	[word="tanto"][lemma!="vicino" & pos="ADJ"][word="quanto"][lemma="lontano" & pos="ADJ"]
no	tanto X quanto Y	lontano	vicino	[word="tanto"][lemma="vicino" & pos="ADJ"][word="quanto"][lemma!="lontano" & pos="ADJ"]
yes	tanto X quanto Y	morto	vivo	[word="tanto"][lemma="morto" & pos="ADJ"][word="quanto"][lemma="vivo" & pos="ADJ"]
yes	tanto X quanto Y	morto	vivo	[word="tanto"][lemma="vivo" & pos="ADJ"][word="quanto"][lemma="morto" & pos="ADJ"]
no	tanto X quanto Y	morto	vivo	[word="tanto"][lemma!="morto" & pos="ADJ"][word="quanto"][lemma="vivo" & pos="ADJ"]
no	tanto X quanto Y	morto	vivo	[word="tanto"][lemma="morto" & pos="ADJ"][word="quanto"][lemma!="vivo" & pos="ADJ"]
no	tanto X quanto Y	morto	vivo	[word="tanto"][lemma!="vivo" & pos="ADJ"][word="quanto"][lemma="morto" & pos="ADJ"]
no	tanto X quanto Y	morto	vivo	[word="tanto"][lemma="vivo" & pos="ADJ"][word="quanto"][lemma!="morto" & pos="ADJ"]
yes	tanto X quanto Y	falso	vero	[word="tanto"][lemma="falso" & pos="ADJ"][word="quanto"][lemma="vero" & pos="ADJ"]
yes	tanto X quanto Y	falso	vero	[word="tanto"][lemma="vero" & pos="ADJ"][word="quanto"][lemma="falso" & pos="ADJ"]
no	tanto X quanto Y	falso	vero	[word="tanto"][lemma!="falso" & pos="ADJ"][word="quanto"][lemma="vero" & pos="ADJ"]
no	tanto X quanto Y	falso	vero	[word="tanto"][lemma="falso" & pos="ADJ"][word="quanto"][lemma!="vero" & pos="ADJ"]
no	tanto X quanto Y	falso	vero	[word="tanto"][lemma!="vero" & pos="ADJ"][word="quanto"][lemma="falso" & pos="ADJ"]
no	tanto X quanto Y	falso	vero	[word="tanto"][lemma="vero" & pos="ADJ"][word="quanto"][lemma!="falso" & pos="ADJ"]
yes	tanto X quanto Y	femminile	maschile	[word="tanto"][lemma="femminile" & pos="ADJ"][word="quanto"][lemma="maschile" & pos="ADJ"]
yes	tanto X quanto Y	femminile	maschile	[word="tanto"][lemma="maschile" & pos="ADJ"][word="quanto"][lemma="femminile" & pos="ADJ"]
no	tanto X quanto Y	femminile	maschile	[word="tanto"][lemma!="femminile" & pos="ADJ"][word="quanto"][lemma="maschile" & pos="ADJ"]
no	tanto X quanto Y	femminile	maschile	[word="tanto"][lemma="femminile" & pos="ADJ"][word="quanto"][lemma!="maschile" & pos="ADJ"]
no	tanto X quanto Y	femminile	maschile	[word="tanto"][lemma!="maschile" & pos="ADJ"][word="quanto"][lemma="femminile" & pos="ADJ"]
no	tanto X quanto Y	femminile	maschile	[word="tanto"][lemma="maschile" & pos="ADJ"][word="quanto"][lemma!="femminile" & pos="ADJ"]
yes	tanto X quanto Y	profondo	superficiale	[word="tanto"][lemma="profondo" & pos="ADJ"][word="quanto"][lemma="superficiale" & pos="ADJ"]
yes	tanto X quanto Y	profondo	superficiale	[word="tanto"][lemma="superficiale" & pos="ADJ"][word="quanto"][lemma="profondo" & pos="ADJ"]
no	tanto X quanto Y	profondo	superficiale	[word="tanto"][lemma!="profondo" & pos="ADJ"][word="quanto"][lemma="superficiale" & pos="ADJ"]
no	tanto X quanto Y	profondo	superficiale	[word="tanto"][lemma="profondo" & pos="ADJ"][word="quanto"][lemma!="superficiale" & pos="ADJ"]
no	tanto X quanto Y	profondo	superficiale	[word="tanto"][lemma!="superficiale" & pos="ADJ"][word="quanto"][lemma="profondo" & pos="ADJ"]
no	tanto X quanto Y	profondo	superficiale	[word="tanto"][lemma="superficiale" & pos="ADJ"][word="quanto"][lemma!="profondo" & pos="ADJ"]
yes	tanto X quanto Y	corto	lungo	[word="tanto"][lemma="corto" & pos="ADJ"][word="quanto"][lemma="lungo" & pos="ADJ"]
yes	tanto X quanto Y	corto	lungo	[word="tanto"][lemma="lungo" & pos="ADJ"][word="quanto"][lemma="corto" & pos="ADJ"]
no	tanto X quanto Y	corto	lungo	[word="tanto"][lemma!="corto" & pos="ADJ"][word="quanto"][lemma="lungo" & pos="ADJ"]
no	tanto X quanto Y	corto	lungo	[word="tanto"][lemma="corto" & pos="ADJ"][word="quanto"][lemma!="lungo" & pos="ADJ"]
no	tanto X quanto Y	corto	lungo	[word="tanto"][lemma!="lungo" & pos="ADJ"][word="quanto"][lemma="corto" & pos="ADJ"]
no	tanto X quanto Y	corto	lungo	[word="tanto"][lemma="lungo" & pos="ADJ"][word="quanto"][lemma!="corto" & pos="ADJ"]
yes	tanto X quanto Y	alto	basso	[word="tanto"][lemma="alto" & pos="ADJ"][word="quanto"][lemma="basso" & pos="ADJ"]
yes	tanto X quanto Y	alto	basso	[word="tanto"][lemma="basso" & pos="ADJ"][word="quanto"][lemma="alto" & pos="ADJ"]
no	tanto X quanto Y	alto	basso	[word="tanto"][lemma!="alto" & pos="ADJ"][word="quanto"][lemma="basso" & pos="ADJ"]
no	tanto X quanto Y	alto	basso	[word="tanto"][lemma="alto" & pos="ADJ"][word="quanto"][lemma!="basso" & pos="ADJ"]
no	tanto X quanto Y	alto	basso	[word="tanto"][lemma!="basso" & pos="ADJ"][word="quanto"][lemma="alto" & pos="ADJ"]
no	tanto X quanto Y	alto	basso	[word="tanto"][lemma="basso" & pos="ADJ"][word="quanto"][lemma!="alto" & pos="ADJ"]
yes	tanto X quanto Y	povero	ricco	[word="tanto"][lemma="povero" & pos="ADJ"][word="quanto"][lemma="ricco" & pos="ADJ"]
yes	tanto X quanto Y	povero	ricco	[word="tanto"][lemma="ricco" & pos="ADJ"][word="quanto"][lemma="povero" & pos="ADJ"]
no	tanto X quanto Y	povero	ricco	[word="tanto"][lemma!="povero" & pos="ADJ"][word="quanto"][lemma="ricco" & pos="ADJ"]
no	tanto X quanto Y	povero	ricco	[word="tanto"][lemma="povero" & pos="ADJ"][word="quanto"][lemma!="ricco" & pos="ADJ"]
no	tanto X quanto Y	povero	ricco	[word="tanto"][lemma!="ricco" & pos="ADJ"][word="quanto"][lemma="povero" & pos="ADJ"]
no	tanto X quanto Y	povero	ricco	[word="tanto"][lemma="ricco" & pos="ADJ"][word="quanto"][lemma!="povero" & pos="ADJ"]
yes	tanto X quanto Y	chiaro	scuro	[word="tanto"][lemma="chiaro" & pos="ADJ"][word="quanto"][lemma="scuro" & pos="ADJ"]
yes	tanto X quanto Y	chiaro	scuro	[word="tanto"][lemma="scuro" & pos="ADJ"][word="quanto"][lemma="chiaro" & pos="ADJ"]
no	tanto X quanto Y	chiaro	scuro	[word="tanto"][lemma!="chiaro" & pos="ADJ"][word="quanto"][lemma="scuro" & pos="ADJ"]
no	tanto X quanto Y	chiaro	scuro	[word="tanto"][lemma="chiaro" & pos="ADJ"][word="quanto"][lemma!="scuro" & pos="ADJ"]
no	tanto X quanto Y	chiaro	scuro	[word="tanto"][lemma!="scuro" & pos="ADJ"][word="quanto"][lemma="chiaro" & pos="ADJ"]
no	tanto X quanto Y	chiaro	scuro	[word="tanto"][lemma="scuro" & pos="ADJ"][word="quanto"][lemma!="chiaro" & pos="ADJ"]
yes	tanto X quanto Y	intelligente	stupido	[word="tanto"][lemma="intelligente" & pos="ADJ"][word="quanto"][lemma="stupido" & pos="ADJ"]
yes	tanto X quanto Y	intelligente	stupido	[word="tanto"][lemma="stupido" & pos="ADJ"][word="quanto"][lemma="intelligente" & pos="ADJ"]
no	tanto X quanto Y	intelligente	stupido	[word="tanto"][lemma!="intelligente" & pos="ADJ"][word="quanto"][lemma="stupido" & pos="ADJ"]
no	tanto X quanto Y	intelligente	stupido	[word="tanto"][lemma="intelligente" & pos="ADJ"][word="quanto"][lemma!="stupido" & pos="ADJ"]
no	tanto X quanto Y	intelligente	stupido	[word="tanto"][lemma!="stupido" & pos="ADJ"][word="quanto"][lemma="intelligente" & pos="ADJ"]
no	tanto X quanto Y	intelligente	stupido	[word="tanto"][lemma="stupido" & pos="ADJ"][word="quanto"][lemma!="intelligente" & pos="ADJ"]
yes	tanto X quanto Y	bello	brutto	[word="tanto"][lemma="bello" & pos="ADJ"][word="quanto"][lemma="brutto" & pos="ADJ"]
yes	tanto X quanto Y	bello	brutto	[word="tanto"][lemma="brutto" & pos="ADJ"][word="quanto"][lemma="bello" & pos="ADJ"]
no	tanto X quanto Y	bello	brutto	[word="tanto"][lemma!="bello" & pos="ADJ"][word="quanto"][lemma="brutto" & pos="ADJ"]
no	tanto X quanto Y	bello	brutto	[word="tanto"][lemma="bello" & pos="ADJ"][word="quanto"][lemma!="brutto" & pos="ADJ"]
no	tanto X quanto Y	bello	brutto	[word="tanto"][lemma!="brutto" & pos="ADJ"][word="quanto"][lemma="bello" & pos="ADJ"]
no	tanto X quanto Y	bello	brutto	[word="tanto"][lemma="brutto" & pos="ADJ"][word="quanto"][lemma!="bello" & pos="ADJ"]
yes	tanto X quanto Y	lento	veloce	[word="tanto"][lemma="lento" & pos="ADJ"][word="quanto"][lemma="veloce" & pos="ADJ"]
yes	tanto X quanto Y	lento	veloce	[word="tanto"][lemma="veloce" & pos="ADJ"][word="quanto"][lemma="lento" & pos="ADJ"]
no	tanto X quanto Y	lento	veloce	[word="tanto"][lemma!="lento" & pos="ADJ"][word="quanto"][lemma="veloce" & pos="ADJ"]
no	tanto X quanto Y	lento	veloce	[word="tanto"][lemma="lento" & pos="ADJ"][word="quanto"][lemma!="veloce" & pos="ADJ"]
no	tanto X quanto Y	lento	veloce	[word="tanto"][lemma!="veloce" & pos="ADJ"][word="quanto"][lemma="lento" & pos="ADJ"]
no	tanto X quanto Y	lento	veloce	[word="tanto"][lemma="veloce" & pos="ADJ"][word="quanto"][lemma!="lento" & pos="ADJ"]
yes	tanto X quanto Y	felice	triste	[word="tanto"][lemma="felice" & pos="ADJ"][word="quanto"][lemma="triste" & pos="ADJ"]
yes	tanto X quanto Y	felice	triste	[word="tanto"][lemma="triste" & pos="ADJ"][word="quanto"][lemma="felice" & pos="ADJ"]
no	tanto X quanto Y	felice	triste	[word="tanto"][lemma!="felice" & pos="ADJ"][word="quanto"][lemma="triste" & pos="ADJ"]
no	tanto X quanto Y	felice	triste	[word="tanto"][lemma="felice" & pos="ADJ"][word="quanto"][lemma!="triste" & pos="ADJ"]
no	tanto X quanto Y	felice	triste	[word="tanto"][lemma!="triste" & pos="ADJ"][word="quanto"][lemma="felice" & pos="ADJ"]
no	tanto X quanto Y	felice	triste	[word="tanto"][lemma="triste" & pos="ADJ"][word="quanto"][lemma!="felice" & pos="ADJ"]
yes	tanto X quanto Y	malato	sano	[word="tanto"][lemma="malato" & pos="ADJ"][word="quanto"][lemma="sano" & pos="ADJ"]
yes	tanto X quanto Y	malato	sano	[word="tanto"][lemma="sano" & pos="ADJ"][word="quanto"][lemma="malato" & pos="ADJ"]
no	tanto X quanto Y	malato	sano	[word="tanto"][lemma!="malato" & pos="ADJ"][word="quanto"][lemma="sano" & pos="ADJ"]
no	tanto X quanto Y	malato	sano	[word="tanto"][lemma="malato" & pos="ADJ"][word="quanto"][lemma!="sano" & pos="ADJ"]
no	tanto X quanto Y	malato	sano	[word="tanto"][lemma!="sano" & pos="ADJ"][word="quanto"][lemma="malato" & pos="ADJ"]
no	tanto X quanto Y	malato	sano	[word="tanto"][lemma="sano" & pos="ADJ"][word="quanto"][lemma!="malato" & pos="ADJ"]
yes	tanto X quanto Y	pulito	sporco	[word="tanto"][lemma="pulito" & pos="ADJ"][word="quanto"][lemma="sporco" & pos="ADJ"]
yes	tanto X quanto Y	pulito	sporco	[word="tanto"][lemma="sporco" & pos="ADJ"][word="quanto"][lemma="pulito" & pos="ADJ"]
no	tanto X quanto Y	pulito	sporco	[word="tanto"][lemma!="pulito" & pos="ADJ"][word="quanto"][lemma="sporco" & pos="ADJ"]
no	tanto X quanto Y	pulito	sporco	[word="tanto"][lemma="pulito" & pos="ADJ"][word="quanto"][lemma!="sporco" & pos="ADJ"]
no	tanto X quanto Y	pulito	sporco	[word="tanto"][lemma!="sporco" & pos="ADJ"][word="quanto"][lemma="pulito" & pos="ADJ"]
no	tanto X quanto Y	pulito	sporco	[word="tanto"][lemma="sporco" & pos="ADJ"][word="quanto"][lemma!="pulito" & pos="ADJ"]
yes	tanto X quanto Y	bianco	nero	[word="tanto"][lemma="bianco" & pos="ADJ"][word="quanto"][lemma="nero" & pos="ADJ"]
yes	tanto X quanto Y	bianco	nero	[word="tanto"][lemma="nero" & pos="ADJ"][word="quanto"][lemma="bianco" & pos="ADJ"]
no	tanto X quanto Y	bianco	nero	[word="tanto"][lemma!="bianco" & pos="ADJ"][word="quanto"][lemma="nero" & pos="ADJ"]
no	tanto X quanto Y	bianco	nero	[word="tanto"][lemma="bianco" & pos="ADJ"][word="quanto"][lemma!="nero" & pos="ADJ"]
no	tanto X quanto Y	bianco	nero	[word="tanto"][lemma!="nero" & pos="ADJ"][word="quanto"][lemma="bianco" & pos="ADJ"]
no	tanto X quanto Y	bianco	nero	[word="tanto"][lemma="nero" & pos="ADJ"][word="quanto"][lemma!="bianco" & pos="ADJ"]
yes	tanto X quanto Y	largo	stretto	[word="tanto"][lemma="largo" & pos="ADJ"][word="quanto"][lemma="stretto" & pos="ADJ"]
yes	tanto X quanto Y	largo	stretto	[word="tanto"][lemma="stretto" & pos="ADJ"][word="quanto"][lemma="largo" & pos="ADJ"]
no	tanto X quanto Y	largo	stretto	[word="tanto"][lemma!="largo" & pos="ADJ"][word="quanto"][lemma="stretto" & pos="ADJ"]
no	tanto X quanto Y	largo	stretto	[word="tanto"][lemma="largo" & pos="ADJ"][word="quanto"][lemma!="stretto" & pos="ADJ"]
no	tanto X quanto Y	largo	stretto	[word="tanto"][lemma!="stretto" & pos="ADJ"][word="quanto"][lemma="largo" & pos="ADJ"]
no	tanto X quanto Y	largo	stretto	[word="tanto"][lemma="stretto" & pos="ADJ"][word="quanto"][lemma!="largo" & pos="ADJ"]
yes	tanto X quanto Y	grande	piccolo	[word="tanto"][lemma="grande" & pos="ADJ"][word="quanto"][lemma="piccolo" & pos="ADJ"]
yes	tanto X quanto Y	grande	piccolo	[word="tanto"][lemma="piccolo" & pos="ADJ"][word="quanto"][lemma="grande" & pos="ADJ"]
no	tanto X quanto Y	grande	piccolo	[word="tanto"][lemma!="grande" & pos="ADJ"][word="quanto"][lemma="piccolo" & pos="ADJ"]
no	tanto X quanto Y	grande	piccolo	[word="tanto"][lemma="grande" & pos="ADJ"][word="quanto"][lemma!="piccolo" & pos="ADJ"]
no	tanto X quanto Y	grande	piccolo	[word="tanto"][lemma!="piccolo" & pos="ADJ"][word="quanto"][lemma="grande" & pos="ADJ"]
no	tanto X quanto Y	grande	piccolo	[word="tanto"][lemma="piccolo" & pos="ADJ"][word="quanto"][lemma!="grande" & pos="ADJ"]
yes	X anziché Y	buono	cattivo	[lemma="buono" & pos="ADJ"][word="anziché"][lemma="cattivo" & pos="ADJ"]
yes	X anziché Y	buono	cattivo	[lemma="cattivo" & pos="ADJ"][word="anziché"][lemma="buono" & pos="ADJ"]
no	X anziché Y	buono	cattivo	[lemma!="buono" & pos="ADJ"][word="anziché"][lemma="cattivo" & pos="ADJ"]
no	X anziché Y	buono	cattivo	[lemma="buono" & pos="ADJ"][word="anziché"][lemma!="cattivo" & pos="ADJ"]
no	X anziché Y	buono	cattivo	[lemma!="cattivo" & pos="ADJ"][word="anziché"][lemma="buono" & pos="ADJ"]
no	X anziché Y	buono	cattivo	[lemma="cattivo" & pos="ADJ"][word="anziché"][lemma!="buono" & pos="ADJ"]
yes	X anziché Y	debole	forte	[lemma="debole" & pos="ADJ"][word="anziché"][lemma="forte" & pos="ADJ"]
yes	X anziché Y	debole	forte	[lemma="forte" & pos="ADJ"][word="anziché"][lemma="debole" & pos="ADJ"]
no	X anziché Y	debole	forte	[lemma!="debole" & pos="ADJ"][word="anziché"][lemma="forte" & pos="ADJ"]
no	X anziché Y	debole	forte	[lemma="debole" & pos="ADJ"][word="anziché"][lemma!="forte" & pos="ADJ"]
no	X anziché Y	debole	forte	[lemma!="forte" & pos="ADJ"][word="anziché"][lemma="debole" & pos="ADJ"]
no	X anziché Y	debole	forte	[lemma="forte" & pos="ADJ"][word="anziché"][lemma!="debole" & pos="ADJ"]
yes	X anziché Y	giovane	vecchio	[lemma="giovane" & pos="ADJ"][word="anziché"][lemma="vecchio" & pos="ADJ"]
yes	X anziché Y	giovane	vecchio	[lemma="vecchio" & pos="ADJ"][word="anziché"][lemma="giovane" & pos="ADJ"]
no	X anziché Y	giovane	vecchio	[lemma!="giovane" & pos="ADJ"][word="anziché"][lemma="vecchio" & pos="ADJ"]
no	X anziché Y	giovane	vecchio	[lemma="giovane" & pos="ADJ"][word="anziché"][lemma!="vecchio" & pos="ADJ"]
no	X anziché Y	giovane	vecchio	[lemma!="vecchio" & pos="ADJ"][word="anziché"][lemma="giovane" & pos="ADJ"]
no	X anziché Y	giovane	vecchio	[lemma="vecchio" & pos="ADJ"][word="anziché"][lemma!="giovane" & pos="ADJ"]
yes	X anziché Y	leggero	pesante	[lemma="leggero" & pos="ADJ"][word="anziché"][lemma="pesante" & pos="ADJ"]
yes	X anziché Y	leggero	pesante	[lemma="pesante" & pos="ADJ"][word="anziché"][lemma="leggero" & pos="ADJ"]
no	X anziché Y	leggero	pesante	[lemma!="leggero" & pos="ADJ"][word="anziché"][lemma="pesante" & pos="ADJ"]
no	X anziché Y	leggero	pesante	[lemma="leggero" & pos="ADJ"][word="anziché"][lemma!="pesante" & pos="ADJ"]
no	X anziché Y	leggero	pesante	[lemma!="pesante" & pos="ADJ"][word="anziché"][lemma="leggero" & pos="ADJ"]
no	X anziché Y	leggero	pesante	[lemma="pesante" & pos="ADJ"][word="anziché"][lemma!="leggero" & pos="ADJ"]
yes	X anziché Y	lontano	vicino	[lemma="lontano" & pos="ADJ"][word="anziché"][lemma="vicino" & pos="ADJ"]
yes	X anziché Y	lontano	vicino	[lemma="vicino" & pos="ADJ"][word="anziché"][lemma="lontano" & pos="ADJ"]
no	X anziché Y	lontano	vicino	[lemma!="lontano" & pos="ADJ"][word="anziché"][lemma="vicino" & pos="ADJ"]
no	X anziché Y	lontano	vicino	[lemma="lontano" & pos="ADJ"][word="anziché"][lemma!="vicino" & pos="ADJ"]
no	X anziché Y	lontano	vicino	[lemma!="vicino" & pos="ADJ"][word="anziché"][lemma="lontano" & pos="ADJ"]
no	X anziché Y	lontano	vicino	[lemma="vicino" & pos="ADJ"][word="anziché"][lemma!="lontano" & pos="ADJ"]
yes	X anziché Y	morto	vivo	[lemma="morto" & pos="ADJ"][word="anziché"][lemma="vivo" & pos="ADJ"]
yes	X anziché Y	morto	vivo	[lemma="vivo" & pos="ADJ"][word="anziché"][lemma="morto" & pos="ADJ"]
no	X anziché Y	morto	vivo	[lemma!="morto" & pos="ADJ"][word="anziché"][lemma="vivo" & pos="ADJ"]
no	X anziché Y	morto	vivo	[lemma="morto" & pos="ADJ"][word="anziché"][lemma!="vivo" & pos="ADJ"]
no	X anziché Y	morto	vivo	[lemma!="vivo" & pos="ADJ"][word="anziché"][lemma="morto" & pos="ADJ"]
no	X anziché Y	morto	vivo	[lemma="vivo" & pos="ADJ"][word="anziché"][lemma!="morto" & pos="ADJ"]
yes	X anziché Y	falso	vero	[lemma="falso" & pos="ADJ"][word="anziché"][lemma="vero" & pos="ADJ"]
yes	X anziché Y	falso	vero	[lemma="vero" & pos="ADJ"][word="anziché"][lemma="falso" & pos="ADJ"]
no	X anziché Y	falso	vero	[lemma!="falso" & pos="ADJ"][word="anziché"][lemma="vero" & pos="ADJ"]
no	X anziché Y	falso	vero	[lemma="falso" & pos="ADJ"][word="anziché"][lemma!="vero" & pos="ADJ"]
no	X anziché Y	falso	vero	[lemma!="vero" & pos="ADJ"][word="anziché"][lemma="falso" & pos="ADJ"]
no	X anziché Y	falso	vero	[lemma="vero" & pos="ADJ"][word="anziché"][lemma!="falso" & pos="ADJ"]
yes	X anziché Y	femminile	maschile	[lemma="femminile" & pos="ADJ"][word="anziché"][lemma="maschile" & pos="ADJ"]
yes	X anziché Y	femminile	maschile	[lemma="maschile" & pos="ADJ"][word="anziché"][lemma="femminile" & pos="ADJ"]
no	X anziché Y	femminile	maschile	[lemma!="femminile" & pos="ADJ"][word="anziché"][lemma="maschile" & pos="ADJ"]
no	X anziché Y	femminile	maschile	[lemma="femminile" & pos="ADJ"][word="anziché"][lemma!="maschile" & pos="ADJ"]
no	X anziché Y	femminile	maschile	[lemma!="maschile" & pos="ADJ"][word="anziché"][lemma="femminile" & pos="ADJ"]
no	X anziché Y	femminile	maschile	[lemma="maschile" & pos="ADJ"][word="anziché"][lemma!="femminile" & pos="ADJ"]
yes	X anziché Y	profondo	superficiale	[lemma="profondo" & pos="ADJ"][word="anziché"][lemma="superficiale" & pos="ADJ"]
yes	X anziché Y	profondo	superficiale	[lemma="superficiale" & pos="ADJ"][word="anziché"][lemma="profondo" & pos="ADJ"]
no	X anziché Y	profondo	superficiale	[lemma!="profondo" & pos="ADJ"][word="anziché"][lemma="superficiale" & pos="ADJ"]
no	X anziché Y	profondo	superficiale	[lemma="profondo" & pos="ADJ"][word="anziché"][lemma!="superficiale" & pos="ADJ"]
no	X anziché Y	profondo	superficiale	[lemma!="superficiale" & pos="ADJ"][word="anziché"][lemma="profondo" & pos="ADJ"]
no	X anziché Y	profondo	superficiale	[lemma="superficiale" & pos="ADJ"][word="anziché"][lemma!="profondo" & pos="ADJ"]
yes	X anziché Y	corto	lungo	[lemma="corto" & pos="ADJ"][word="anziché"][lemma="lungo" & pos="ADJ"]
yes	X anziché Y	corto	lungo	[lemma="lungo" & pos="ADJ"][word="anziché"][lemma="corto" & pos="ADJ"]
no	X anziché Y	corto	lungo	[lemma!="corto" & pos="ADJ"][word="anziché"][lemma="lungo" & pos="ADJ"]
no	X anziché Y	corto	lungo	[lemma="corto" & pos="ADJ"][word="anziché"][lemma!="lungo" & pos="ADJ"]
no	X anziché Y	corto	lungo	[lemma!="lungo" & pos="ADJ"][word="anziché"][lemma="corto" & pos="ADJ"]
no	X anziché Y	corto	lungo	[lemma="lungo" & pos="ADJ"][word="anziché"][lemma!="corto" & pos="ADJ"]
yes	X anziché Y	alto	basso	[lemma="alto" & pos="ADJ"][word="anziché"][lemma="basso" & pos="ADJ"]
yes	X anziché Y	alto	basso	[lemma="basso" & pos="ADJ"][word="anziché"][lemma="alto" & pos="ADJ"]
no	X anziché Y	alto	basso	[lemma!="alto" & pos="ADJ"][word="anziché"][lemma="basso" & pos="ADJ"]
no	X anziché Y	alto	basso	[lemma="alto" & pos="ADJ"][word="anziché"][lemma!="basso" & pos="ADJ"]
no	X anziché Y	alto	basso	[lemma!="basso" & pos="ADJ"][word="anziché"][lemma="alto" & pos="ADJ"]
no	X anziché Y	alto	basso	[lemma="basso" & pos="ADJ"][word="anziché"][lemma!="alto" & pos="ADJ"]
yes	X anziché Y	povero	ricco	[lemma="povero" & pos="ADJ"][word="anziché"][lemma="ricco" & pos="ADJ"]
yes	X anziché Y	povero	ricco	[lemma="ricco" & pos="ADJ"][word="anziché"][lemma="povero" & pos="ADJ"]
no	X anziché Y	povero	ricco	[lemma!="povero" & pos="ADJ"][word="anziché"][lemma="ricco" & pos="ADJ"]
no	X anziché Y	povero	ricco	[lemma="povero" & pos="ADJ"][word="anziché"][lemma!="ricco" & pos="ADJ"]
no	X anziché Y	povero	ricco	[lemma!="ricco" & pos="ADJ"][word="anziché"][lemma="povero" & pos="ADJ"]
no	X anziché Y	povero	ricco	[lemma="ricco" & pos="ADJ"][word="anziché"][lemma!="povero" & pos="ADJ"]
yes	X anziché Y	chiaro	scuro	[lemma="chiaro" & pos="ADJ"][word="anziché"][lemma="scuro" & pos="ADJ"]
yes	X anziché Y	chiaro	scuro	[lemma="scuro" & pos="ADJ"][word="anziché"][lemma="chiaro" & pos="ADJ"]
no	X anziché Y	chiaro	scuro	[lemma!="chiaro" & pos="ADJ"][word="anziché"][lemma="scuro" & pos="ADJ"]
no	X anziché Y	chiaro	scuro	[lemma="chiaro" & pos="ADJ"][word="anziché"][lemma!="scuro" & pos="ADJ"]
no	X anziché Y	chiaro	scuro	[lemma!="scuro" & pos="ADJ"][word="anziché"][lemma="chiaro" & pos="ADJ"]
no	X anziché Y	chiaro	scuro	[lemma="scuro" & pos="ADJ"][word="anziché"][lemma!="chiaro" & pos="ADJ"]
yes	X anziché Y	intelligente	stupido	[lemma="intelligente" & pos="ADJ"][word="anziché"][lemma="stupido" & pos="ADJ"]
yes	X anziché Y	intelligente	stupido	[lemma="stupido" & pos="ADJ"][word="anziché"][lemma="intelligente" & pos="ADJ"]
no	X anziché Y	intelligente	stupido	[lemma!="intelligente" & pos="ADJ"][word="anziché"][lemma="stupido" & pos="ADJ"]
no	X anziché Y	intelligente	stupido	[lemma="intelligente" & pos="ADJ"][word="anziché"][lemma!="stupido" & pos="ADJ"]
no	X anziché Y	intelligente	stupido	[lemma!="stupido" & pos="ADJ"][word="anziché"][lemma="intelligente" & pos="ADJ"]
no	X anziché Y	intelligente	stupido	[lemma="stupido" & pos="ADJ"][word="anziché"][lemma!="intelligente" & pos="ADJ"]
yes	X anziché Y	bello	brutto	[lemma="bello" & pos="ADJ"][word="anziché"][lemma="brutto" & pos="ADJ"]
yes	X anziché Y	bello	brutto	[lemma="brutto" & pos="ADJ"][word="anziché"][lemma="bello" & pos="ADJ"]
no	X anziché Y	bello	brutto	[lemma!="bello" & pos="ADJ"][word="anziché"][lemma="brutto" & pos="ADJ"]
no	X anziché Y	bello	brutto	[lemma="bello" & pos="ADJ"][word="anziché"][lemma!="brutto" & pos="ADJ"]
no	X anziché Y	bello	brutto	[lemma!="brutto" & pos="ADJ"][word="anziché"][lemma="bello" & pos="ADJ"]
no	X anziché Y	bello	brutto	[lemma="brutto" & pos="ADJ"][word="anziché"][lemma!="bello" & pos="ADJ"]
yes	X anziché Y	lento	veloce	[lemma="lento" & pos="ADJ"][word="anziché"][lemma="veloce" & pos="ADJ"]
yes	X anziché Y	lento	veloce	[lemma="veloce" & pos="ADJ"][word="anziché"][lemma="lento" & pos="ADJ"]
no	X anziché Y	lento	veloce	[lemma!="lento" & pos="ADJ"][word="anziché"][lemma="veloce" & pos="ADJ"]
no	X anziché Y	lento	veloce	[lemma="lento" & pos="ADJ"][word="anziché"][lemma!="veloce" & pos="ADJ"]
no	X anziché Y	lento	veloce	[lemma!="veloce" & pos="ADJ"][word="anziché"][lemma="lento" & pos="ADJ"]
no	X anziché Y	lento	veloce	[lemma="veloce" & pos="ADJ"][word="anziché"][lemma!="lento" & pos="ADJ"]
yes	X anziché Y	felice	triste	[lemma="felice" & pos="ADJ"][word="anziché"][lemma="triste" & pos="ADJ"]
yes	X anziché Y	felice	triste	[lemma="triste" & pos="ADJ"][word="anziché"][lemma="felice" & pos="ADJ"]
no	X anziché Y	felice	triste	[lemma!="felice" & pos="ADJ"][word="anziché"][lemma="triste" & pos="ADJ"]
no	X anziché Y	felice	triste	[lemma="felice" & pos="ADJ"][word="anziché"][lemma!="triste" & pos="ADJ"]
no	X anziché Y	felice	triste	[lemma!="triste" & pos="ADJ"][word="anziché"][lemma="felice" & pos="ADJ"]
no	X anziché Y	felice	triste	[lemma="triste" & pos="ADJ"][word="anziché"][lemma!="felice" & pos="ADJ"]
yes	X anziché Y	malato	sano	[lemma="malato" & pos="ADJ"][word="anziché"][lemma="sano" & pos="ADJ"]
yes	X anziché Y	malato	sano	[lemma="sano" & pos="ADJ"][word="anziché"][lemma="malato" & pos="ADJ"]
no	X anziché Y	malato	sano	[lemma!="malato" & pos="ADJ"][word="anziché"][lemma="sano" & pos="ADJ"]
no	X anziché Y	malato	sano	[lemma="malato" & pos="ADJ"][word="anziché"][lemma!="sano" & pos="ADJ"]
no	X anziché Y	malato	sano	[lemma!="sano" & pos="ADJ"][word="anziché"][lemma="malato" & pos="ADJ"]
no	X anziché Y	malato	sano	[lemma="sano" & pos="ADJ"][word="anziché"][lemma!="malato" & pos="ADJ"]
yes	X anziché Y	pulito	sporco	[lemma="pulito" & pos="ADJ"][word="anziché"][lemma="sporco" & pos="ADJ"]
yes	X anziché Y	pulito	sporco	[lemma="sporco" & pos="ADJ"][word="anziché"][lemma="pulito" & pos="ADJ"]
no	X anziché Y	pulito	sporco	[lemma!="pulito" & pos="ADJ"][word="anziché"][lemma="sporco" & pos="ADJ"]
no	X anziché Y	pulito	sporco	[lemma="pulito" & pos="ADJ"][word="anziché"][lemma!="sporco" & pos="ADJ"]
no	X anziché Y	pulito	sporco	[lemma!="sporco" & pos="ADJ"][word="anziché"][lemma="pulito" & pos="ADJ"]
no	X anziché Y	pulito	sporco	[lemma="sporco" & pos="ADJ"][word="anziché"][lemma!="pulito" & pos="ADJ"]
yes	X anziché Y	bianco	nero	[lemma="bianco" & pos="ADJ"][word="anziché"][lemma="nero" & pos="ADJ"]
yes	X anziché Y	bianco	nero	[lemma="nero" & pos="ADJ"][word="anziché"][lemma="bianco" & pos="ADJ"]
no	X anziché Y	bianco	nero	[lemma!="bianco" & pos="ADJ"][word="anziché"][lemma="nero" & pos="ADJ"]
no	X anziché Y	bianco	nero	[lemma="bianco" & pos="ADJ"][word="anziché"][lemma!="nero" & pos="ADJ"]
no	X anziché Y	bianco	nero	[lemma!="nero" & pos="ADJ"][word="anziché"][lemma="bianco" & pos="ADJ"]
no	X anziché Y	bianco	nero	[lemma="nero" & pos="ADJ"][word="anziché"][lemma!="bianco" & pos="ADJ"]
yes	X anziché Y	largo	stretto	[lemma="largo" & pos="ADJ"][word="anziché"][lemma="stretto" & pos="ADJ"]
yes	X anziché Y	largo	stretto	[lemma="stretto" & pos="ADJ"][word="anziché"][lemma="largo" & pos="ADJ"]
no	X anziché Y	largo	stretto	[lemma!="largo" & pos="ADJ"][word="anziché"][lemma="stretto" & pos="ADJ"]
no	X anziché Y	largo	stretto	[lemma="largo" & pos="ADJ"][word="anziché"][lemma!="stretto" & pos="ADJ"]
no	X anziché Y	largo	stretto	[lemma!="stretto" & pos="ADJ"][word="anziché"][lemma="largo" & pos="ADJ"]
no	X anziché Y	largo	stretto	[lemma="stretto" & pos="ADJ"][word="anziché"][lemma!="largo" & pos="ADJ"]
yes	X anziché Y	grande	piccolo	[lemma="grande" & pos="ADJ"][word="anziché"][lemma="piccolo" & pos="ADJ"]
yes	X anziché Y	grande	piccolo	[lemma="piccolo" & pos="ADJ"][word="anziché"][lemma="grande" & pos="ADJ"]
no	X anziché Y	grande	piccolo	[lemma!="grande" & pos="ADJ"][word="anziché"][lemma="piccolo" & pos="ADJ"]
no	X anziché Y	grande	piccolo	[lemma="grande" & pos="ADJ"][word="anziché"][lemma!="piccolo" & pos="ADJ"]
no	X anziché Y	grande	piccolo	[lemma!="piccolo" & pos="ADJ"][word="anziché"][lemma="grande" & pos="ADJ"]
no	X anziché Y	grande	piccolo	[lemma="piccolo" & pos="ADJ"][word="anziché"][lemma!="grande" & pos="ADJ"]
yes	X invece_di Y	buono	cattivo	[lemma="buono" & pos="ADJ"][word="invece_di"][lemma="cattivo" & pos="ADJ"]
yes	X invece_di Y	buono	cattivo	[lemma="cattivo" & pos="ADJ"][word="invece_di"][lemma="buono" & pos="ADJ"]
no	X invece_di Y	buono	cattivo	[lemma!="buono" & pos="ADJ"][word="invece_di"][lemma="cattivo" & pos="ADJ"]
no	X invece_di Y	buono	cattivo	[lemma="buono" & pos="ADJ"][word="invece_di"][lemma!="cattivo" & pos="ADJ"]
no	X invece_di Y	buono	cattivo	[lemma!="cattivo" & pos="ADJ"][word="invece_di"][lemma="buono" & pos="ADJ"]
no	X invece_di Y	buono	cattivo	[lemma="cattivo" & pos="ADJ"][word="invece_di"][lemma!="buono" & pos="ADJ"]
yes	X invece_di Y	debole	forte	[lemma="debole" & pos="ADJ"][word="invece_di"][lemma="forte" & pos="ADJ"]
yes	X invece_di Y	debole	forte	[lemma="forte" & pos="ADJ"][word="invece_di"][lemma="debole" & pos="ADJ"]
no	X invece_di Y	debole	forte	[lemma!="debole" & pos="ADJ"][word="invece_di"][lemma="forte" & pos="ADJ"]
no	X invece_di Y	debole	forte	[lemma="debole" & pos="ADJ"][word="invece_di"][lemma!="forte" & pos="ADJ"]
no	X invece_di Y	debole	forte	[lemma!="forte" & pos="ADJ"][word="invece_di"][lemma="debole" & pos="ADJ"]
no	X invece_di Y	debole	forte	[lemma="forte" & pos="ADJ"][word="invece_di"][lemma!="debole" & pos="ADJ"]
yes	X invece_di Y	giovane	vecchio	[lemma="giovane" & pos="ADJ"][word="invece_di"][lemma="vecchio" & pos="ADJ"]
yes	X invece_di Y	giovane	vecchio	[lemma="vecchio" & pos="ADJ"][word="invece_di"][lemma="giovane" & pos="ADJ"]
no	X invece_di Y	giovane	vecchio	[lemma!="giovane" & pos="ADJ"][word="invece_di"][lemma="vecchio" & pos="ADJ"]
no	X invece_di Y	giovane	vecchio	[lemma="giovane" & pos="ADJ"][word="invece_di"][lemma!="vecchio" & pos="ADJ"]
no	X invece_di Y	giovane	vecchio	[lemma!="vecchio" & pos="ADJ"][word="invece_di"][lemma="giovane" & pos="ADJ"]
no	X invece_di Y	giovane	vecchio	[lemma="vecchio" & pos="ADJ"][word="invece_di"][lemma!="giovane" & pos="ADJ"]
yes	X invece_di Y	leggero	pesante	[lemma="leggero" & pos="ADJ"][word="invece_di"][lemma="pesante" & pos="ADJ"]
yes	X invece_di Y	leggero	pesante	[lemma="pesante" & pos="ADJ"][word="invece_di"][lemma="leggero" & pos="ADJ"]
no	X invece_di Y	leggero	pesante	[lemma!="leggero" & pos="ADJ"][word="invece_di"][lemma="pesante" & pos="ADJ"]
no	X invece_di Y	leggero	pesante	[lemma="leggero" & pos="ADJ"][word="invece_di"][lemma!="pesante" & pos="ADJ"]
no	X invece_di Y	leggero	pesante	[lemma!="pesante" & pos="ADJ"][word="invece_di"][lemma="leggero" & pos="ADJ"]
no	X invece_di Y	leggero	pesante	[lemma="pesante" & pos="ADJ"][word="invece_di"][lemma!="leggero" & pos="ADJ"]
yes	X invece_di Y	lontano	vicino	[lemma="lontano" & pos="ADJ"][word="invece_di"][lemma="vicino" & pos="ADJ"]
yes	X invece_di Y	lontano	vicino	[lemma="vicino" & pos="ADJ"][word="invece_di"][lemma="lontano" & pos="ADJ"]
no	X invece_di Y	lontano	vicino	[lemma!="lontano" & pos="ADJ"][word="invece_di"][lemma="vicino" & pos="ADJ"]
no	X invece_di Y	lontano	vicino	[lemma="lontano" & pos="ADJ"][word="invece_di"][lemma!="vicino" & pos="ADJ"]
no	X invece_di Y	lontano	vicino	[lemma!="vicino" & pos="ADJ"][word="invece_di"][lemma="lontano" & pos="ADJ"]
no	X invece_di Y	lontano	vicino	[lemma="vicino" & pos="ADJ"][word="invece_di"][lemma!="lontano" & pos="ADJ"]
yes	X invece_di Y	morto	vivo	[lemma="morto" & pos="ADJ"][word="invece_di"][lemma="vivo" & pos="ADJ"]
yes	X invece_di Y	morto	vivo	[lemma="vivo" & pos="ADJ"][word="invece_di"][lemma="morto" & pos="ADJ"]
no	X invece_di Y	morto	vivo	[lemma!="morto" & pos="ADJ"][word="invece_di"][lemma="vivo" & pos="ADJ"]
no	X invece_di Y	morto	vivo	[lemma="morto" & pos="ADJ"][word="invece_di"][lemma!="vivo" & pos="ADJ"]
no	X invece_di Y	morto	vivo	[lemma!="vivo" & pos="ADJ"][word="invece_di"][lemma="morto" & pos="ADJ"]
no	X invece_di Y	morto	vivo	[lemma="vivo" & pos="ADJ"][word="invece_di"][lemma!="morto" & pos="ADJ"]
yes	X invece_di Y	falso	vero	[lemma="falso" & pos="ADJ"][word="invece_di"][lemma="vero" & pos="ADJ"]
yes	X invece_di Y	falso	vero	[lemma="vero" & pos="ADJ"][word="invece_di"][lemma="falso" & pos="ADJ"]
no	X invece_di Y	falso	vero	[lemma!="falso" & pos="ADJ"][word="invece_di"][lemma="vero" & pos="ADJ"]
no	X invece_di Y	falso	vero	[lemma="falso" & pos="ADJ"][word="invece_di"][lemma!="vero" & pos="ADJ"]
no	X invece_di Y	falso	vero	[lemma!="vero" & pos="ADJ"][word="invece_di"][lemma="falso" & pos="ADJ"]
no	X invece_di Y	falso	vero	[lemma="vero" & pos="ADJ"][word="invece_di"][lemma!="falso" & pos="ADJ"]
yes	X invece_di Y	femminile	maschile	[lemma="femminile" & pos="ADJ"][word="invece_di"][lemma="maschile" & pos="ADJ"]
yes	X invece_di Y	femminile	maschile	[lemma="maschile" & pos="ADJ"][word="invece_di"][lemma="femminile" & pos="ADJ"]
no	X invece_di Y	femminile	maschile	[lemma!="femminile" & pos="ADJ"][word="invece_di"][lemma="maschile" & pos="ADJ"]
no	X invece_di Y	femminile	maschile	[lemma="femminile" & pos="ADJ"][word="invece_di"][lemma!="maschile" & pos="ADJ"]
no	X invece_di Y	femminile	maschile	[lemma!="maschile" & pos="ADJ"][word="invece_di"][lemma="femminile" & pos="ADJ"]
no	X invece_di Y	femminile	maschile	[lemma="maschile" & pos="ADJ"][word="invece_di"][lemma!="femminile" & pos="ADJ"]
yes	X invece_di Y	profondo	superficiale	[lemma="profondo" & pos="ADJ"][word="invece_di"][lemma="superficiale" & pos="ADJ"]
yes	X invece_di Y	profondo	superficiale	[lemma="superficiale" & pos="ADJ"][word="invece_di"][lemma="profondo" & pos="ADJ"]
no	X invece_di Y	profondo	superficiale	[lemma!="profondo" & pos="ADJ"][word="invece_di"][lemma="superficiale" & pos="ADJ"]
no	X invece_di Y	profondo	superficiale	[lemma="profondo" & pos="ADJ"][word="invece_di"][lemma!="superficiale" & pos="ADJ"]
no	X invece_di Y	profondo	superficiale	[lemma!="superficiale" & pos="ADJ"][word="invece_di"][lemma="profondo" & pos="ADJ"]
no	X invece_di Y	profondo	superficiale	[lemma="superficiale" & pos="ADJ"][word="invece_di"][lemma!="profondo" & pos="ADJ"]
yes	X invece_di Y	corto	lungo	[lemma="corto" & pos="ADJ"][word="invece_di"][lemma="lungo" & pos="ADJ"]
yes	X invece_di Y	corto	lungo	[lemma="lungo" & pos="ADJ"][word="invece_di"][lemma="corto" & pos="ADJ"]
no	X invece_di Y	corto	lungo	[lemma!="corto" & pos="ADJ"][word="invece_di"][lemma="lungo" & pos="ADJ"]
no	X invece_di Y	corto	lungo	[lemma="corto" & pos="ADJ"][word="invece_di"][lemma!="lungo" & pos="ADJ"]
no	X invece_di Y	corto	lungo	[lemma!="lungo" & pos="ADJ"][word="invece_di"][lemma="corto" & pos="ADJ"]
no	X invece_di Y	corto	lungo	[lemma="lungo" & pos="ADJ"][word="invece_di"][lemma!="corto" & pos="ADJ"]
yes	X invece_di Y	alto	basso	[lemma="alto" & pos="ADJ"][word="invece_di"][lemma="basso" & pos="ADJ"]
yes	X invece_di Y	alto	basso	[lemma="basso" & pos="ADJ"][word="invece_di"][lemma="alto" & pos="ADJ"]
no	X invece_di Y	alto	basso	[lemma!="alto" & pos="ADJ"][word="invece_di"][lemma="basso" & pos="ADJ"]
no	X invece_di Y	alto	basso	[lemma="alto" & pos="ADJ"][word="invece_di"][lemma!="basso" & pos="ADJ"]
no	X invece_di Y	alto	basso	[lemma!="basso" & pos="ADJ"][word="invece_di"][lemma="alto" & pos="ADJ"]
no	X invece_di Y	alto	basso	[lemma="basso" & pos="ADJ"][word="invece_di"][lemma!="alto" & pos="ADJ"]
yes	X invece_di Y	povero	ricco	[lemma="povero" & pos="ADJ"][word="invece_di"][lemma="ricco" & pos="ADJ"]
yes	X invece_di Y	povero	ricco	[lemma="ricco" & pos="ADJ"][word="invece_di"][lemma="povero" & pos="ADJ"]
no	X invece_di Y	povero	ricco	[lemma!="povero" & pos="ADJ"][word="invece_di"][lemma="ricco" & pos="ADJ"]
no	X invece_di Y	povero	ricco	[lemma="povero" & pos="ADJ"][word="invece_di"][lemma!="ricco" & pos="ADJ"]
no	X invece_di Y	povero	ricco	[lemma!="ricco" & pos="ADJ"][word="invece_di"][lemma="povero" & pos="ADJ"]
no	X invece_di Y	povero	ricco	[lemma="ricco" & pos="ADJ"][word="invece_di"][lemma!="povero" & pos="ADJ"]
yes	X invece_di Y	chiaro	scuro	[lemma="chiaro" & pos="ADJ"][word="invece_di"][lemma="scuro" & pos="ADJ"]
yes	X invece_di Y	chiaro	scuro	[lemma="scuro" & pos="ADJ"][word="invece_di"][lemma="chiaro" & pos="ADJ"]
no	X invece_di Y	chiaro	scuro	[lemma!="chiaro" & pos="ADJ"][word="invece_di"][lemma="scuro" & pos="ADJ"]
no	X invece_di Y	chiaro	scuro	[lemma="chiaro" & pos="ADJ"][word="invece_di"][lemma!="scuro" & pos="ADJ"]
no	X invece_di Y	chiaro	scuro	[lemma!="scuro" & pos="ADJ"][word="invece_di"][lemma="chiaro" & pos="ADJ"]
no	X invece_di Y	chiaro	scuro	[lemma="scuro" & pos="ADJ"][word="invece_di"][lemma!="chiaro" & pos="ADJ"]
yes	X invece_di Y	intelligente	stupido	[lemma="intelligente" & pos="ADJ"][word="invece_di"][lemma="stupido" & pos="ADJ"]
yes	X invece_di Y	intelligente	stupido	[lemma="stupido" & pos="ADJ"][word="invece_di"][lemma="intelligente" & pos="ADJ"]
no	X invece_di Y	intelligente	stupido	[lemma!="intelligente" & pos="ADJ"][word="invece_di"][lemma="stupido" & pos="ADJ"]
no	X invece_di Y	intelligente	stupido	[lemma="intelligente" & pos="ADJ"][word="invece_di"][lemma!="stupido" & pos="ADJ"]
no	X invece_di Y	intelligente	stupido	[lemma!="stupido" & pos="ADJ"][word="invece_di"][lemma="intelligente" & pos="ADJ"]
no	X invece_di Y	intelligente	stupido	[lemma="stupido" & pos="ADJ"][word="invece_di"][lemma!="intelligente" & pos="ADJ"]
yes	X invece_di Y	bello	brutto	[lemma="bello" & pos="ADJ"][word="invece_di"][lemma="brutto" & pos="ADJ"]
yes	X invece_di Y	bello	brutto	[lemma="brutto" & pos="ADJ"][word="invece_di"][lemma="bello" & pos="ADJ"]
no	X invece_di Y	bello	brutto	[lemma!="bello" & pos="ADJ"][word="invece_di"][lemma="brutto" & pos="ADJ"]
no	X invece_di Y	bello	brutto	[lemma="bello" & pos="ADJ"][word="invece_di"][lemma!="brutto" & pos="ADJ"]
no	X invece_di Y	bello	brutto	[lemma!="brutto" & pos="ADJ"][word="invece_di"][lemma="bello" & pos="ADJ"]
no	X invece_di Y	bello	brutto	[lemma="brutto" & pos="ADJ"][word="invece_di"][lemma!="bello" & pos="ADJ"]
yes	X invece_di Y	lento	veloce	[lemma="lento" & pos="ADJ"][word="invece_di"][lemma="veloce" & pos="ADJ"]
yes	X invece_di Y	lento	veloce	[lemma="veloce" & pos="ADJ"][word="invece_di"][lemma="lento" & pos="ADJ"]
no	X invece_di Y	lento	veloce	[lemma!="lento" & pos="ADJ"][word="invece_di"][lemma="veloce" & pos="ADJ"]
no	X invece_di Y	lento	veloce	[lemma="lento" & pos="ADJ"][word="invece_di"][lemma!="veloce" & pos="ADJ"]
no	X invece_di Y	lento	veloce	[lemma!="veloce" & pos="ADJ"][word="invece_di"][lemma="lento" & pos="ADJ"]
no	X invece_di Y	lento	veloce	[lemma="veloce" & pos="ADJ"][word="invece_di"][lemma!="lento" & pos="ADJ"]
yes	X invece_di Y	felice	triste	[lemma="felice" & pos="ADJ"][word="invece_di"][lemma="triste" & pos="ADJ"]
yes	X invece_di Y	felice	triste	[lemma="triste" & pos="ADJ"][word="invece_di"][lemma="felice" & pos="ADJ"]
no	X invece_di Y	felice	triste	[lemma!="felice" & pos="ADJ"][word="invece_di"][lemma="triste" & pos="ADJ"]
no	X invece_di Y	felice	triste	[lemma="felice" & pos="ADJ"][word="invece_di"][lemma!="triste" & pos="ADJ"]
no	X invece_di Y	felice	triste	[lemma!="triste" & pos="ADJ"][word="invece_di"][lemma="felice" & pos="ADJ"]
no	X invece_di Y	felice	triste	[lemma="triste" & pos="ADJ"][word="invece_di"][lemma!="felice" & pos="ADJ"]
yes	X invece_di Y	malato	sano	[lemma="malato" & pos="ADJ"][word="invece_di"][lemma="sano" & pos="ADJ"]
yes	X invece_di Y	malato	sano	[lemma="sano" & pos="ADJ"][word="invece_di"][lemma="malato" & pos="ADJ"]
no	X invece_di Y	malato	sano	[lemma!="malato" & pos="ADJ"][word="invece_di"][lemma="sano" & pos="ADJ"]
no	X invece_di Y	malato	sano	[lemma="malato" & pos="ADJ"][word="invece_di"][lemma!="sano" & pos="ADJ"]
no	X invece_di Y	malato	sano	[lemma!="sano" & pos="ADJ"][word="invece_di"][lemma="malato" & pos="ADJ"]
no	X invece_di Y	malato	sano	[lemma="sano" & pos="ADJ"][word="invece_di"][lemma!="malato" & pos="ADJ"]
yes	X invece_di Y	pulito	sporco	[lemma="pulito" & pos="ADJ"][word="invece_di"][lemma="sporco" & pos="ADJ"]
yes	X invece_di Y	pulito	sporco	[lemma="sporco" & pos="ADJ"][word="invece_di"][lemma="pulito" & pos="ADJ"]
no	X invece_di Y	pulito	sporco	[lemma!="pulito" & pos="ADJ"][word="invece_di"][lemma="sporco" & pos="ADJ"]
no	X invece_di Y	pulito	sporco	[lemma="pulito" & pos="ADJ"][word="invece_di"][lemma!="sporco" & pos="ADJ"]
no	X invece_di Y	pulito	sporco	[lemma!="sporco" & pos="ADJ"][word="invece_di"][lemma="pulito" & pos="ADJ"]
no	X invece_di Y	pulito	sporco	[lemma="sporco" & pos="ADJ"][word="invece_di"][lemma!="pulito" & pos="ADJ"]
yes	X invece_di Y	bianco	nero	[lemma="bianco" & pos="ADJ"][word="invece_di"][lemma="nero" & pos="ADJ"]
yes	X invece_di Y	bianco	nero	[lemma="nero" & pos="ADJ"][word="invece_di"][lemma="bianco" & pos="ADJ"]
no	X invece_di Y	bianco	nero	[lemma!="bianco" & pos="ADJ"][word="invece_di"][lemma="nero" & pos="ADJ"]
no	X invece_di Y	bianco	nero	[lemma="bianco" & pos="ADJ"][word="invece_di"][lemma!="nero" & pos="ADJ"]
no	X invece_di Y	bianco	nero	[lemma!="nero" & pos="ADJ"][word="invece_di"][lemma="bianco" & pos="ADJ"]
no	X invece_di Y	bianco	nero	[lemma="nero" & pos="ADJ"][word="invece_di"][lemma!="bianco" & pos="ADJ"]
yes	X invece_di Y	largo	stretto	[lemma="largo" & pos="ADJ"][word="invece_di"][lemma="stretto" & pos="ADJ"]
yes	X invece_di Y	largo	stretto	[lemma="stretto" & pos="ADJ"][word="invece_di"][lemma="largo" & pos="ADJ"]
no	X invece_di Y	largo	stretto	[lemma!="largo" & pos="ADJ"][word="invece_di"][lemma="stretto" & pos="ADJ"]
no	X invece_di Y	largo	stretto	[lemma="largo" & pos="ADJ"][word="invece_di"][lemma!="stretto" & pos="ADJ"]
no	X invece_di Y	largo	stretto	[lemma!="stretto" & pos="ADJ"][word="invece_di"][lemma="largo" & pos="ADJ"]
no	X invece_di Y	largo	stretto	[lemma="stretto" & pos="ADJ"][word="invece_di"][lemma!="largo" & pos="ADJ"]
yes	X invece_di Y	grande	piccolo	[lemma="grande" & pos="ADJ"][word="invece_di"][lemma="piccolo" & pos="ADJ"]
yes	X invece_di Y	grande	piccolo	[lemma="piccolo" & pos="ADJ"][word="invece_di"][lemma="grande" & pos="ADJ"]
no	X invece_di Y	grande	piccolo	[lemma!="grande" & pos="ADJ"][word="invece_di"][lemma="piccolo" & pos="ADJ"]
no	X invece_di Y	grande	piccolo	[lemma="grande" & pos="ADJ"][word="invece_di"][lemma!="piccolo" & pos="ADJ"]
no	X invece_di Y	grande	piccolo	[lemma!="piccolo" & pos="ADJ"][word="invece_di"][lemma="grande" & pos="ADJ"]
no	X invece_di Y	grande	piccolo	[lemma="piccolo" & pos="ADJ"][word="invece_di"][lemma!="grande" & pos="ADJ"]
yes	X al_posto_di Y	buono	cattivo	[lemma="buono" & pos="ADJ"][word="al_posto_di"][lemma="cattivo" & pos="ADJ"]
yes	X al_posto_di Y	buono	cattivo	[lemma="cattivo" & pos="ADJ"][word="al_posto_di"][lemma="buono" & pos="ADJ"]
no	X al_posto_di Y	buono	cattivo	[lemma!="buono" & pos="ADJ"][word="al_posto_di"][lemma="cattivo" & pos="ADJ"]
no	X al_posto_di Y	buono	cattivo	[lemma="buono" & pos="ADJ"][word="al_posto_di"][lemma!="cattivo" & pos="ADJ"]
no	X al_posto_di Y	buono	cattivo	[lemma!="cattivo" & pos="ADJ"][word="al_posto_di"][lemma="buono" & pos="ADJ"]
no	X al_posto_di Y	buono	cattivo	[lemma="cattivo" & pos="ADJ"][word="al_posto_di"][lemma!="buono" & pos="ADJ"]
yes	X al_posto_di Y	debole	forte	[lemma="debole" & pos="ADJ"][word="al_posto_di"][lemma="forte" & pos="ADJ"]
yes	X al_posto_di Y	debole	forte	[lemma="forte" & pos="ADJ"][word="al_posto_di"][lemma="debole" & pos="ADJ"]
no	X al_posto_di Y	debole	forte	[lemma!="debole" & pos="ADJ"][word="al_posto_di"][lemma="forte" & pos="ADJ"]
no	X al_posto_di Y	debole	forte	[lemma="debole" & pos="ADJ"][word="al_posto_di"][lemma!="forte" & pos="ADJ"]
no	X al_posto_di Y	debole	forte	[lemma!="forte" & pos="ADJ"][word="al_posto_di"][lemma="debole" & pos="ADJ"]
no	X al_posto_di Y	debole	forte	[lemma="forte" & pos="ADJ"][word="al_posto_di"][lemma!="debole" & pos="ADJ"]
yes	X al_posto_di Y	giovane	vecchio	[lemma="giovane" & pos="ADJ"][word="al_posto_di"][lemma="vecchio" & pos="ADJ"]
yes	X al_posto_di Y	giovane	vecchio	[lemma="vecchio" & pos="ADJ"][word="al_posto_di"][lemma="giovane" & pos="ADJ"]
no	X al_posto_di Y	giovane	vecchio	[lemma!="giovane" & pos="ADJ"][word="al_posto_di"][lemma="vecchio" & pos="ADJ"]
no	X al_posto_di Y	giovane	vecchio	[lemma="giovane" & pos="ADJ"][word="al_posto_di"][lemma!="vecchio" & pos="ADJ"]
no	X al_posto_di Y	giovane	vecchio	[lemma!="vecchio" & pos="ADJ"][word="al_posto_di"][lemma="giovane" & pos="ADJ"]
no	X al_posto_di Y	giovane	vecchio	[lemma="vecchio" & pos="ADJ"][word="al_posto_di"][lemma!="giovane" & pos="ADJ"]
yes	X al_posto_di Y	leggero	pesante	[lemma="leggero" & pos="ADJ"][word="al_posto_di"][lemma="pesante" & pos="ADJ"]
yes	X al_posto_di Y	leggero	pesante	[lemma="pesante" & pos="ADJ"][word="al_posto_di"][lemma="leggero" & pos="ADJ"]
no	X al_posto_di Y	leggero	pesante	[lemma!="leggero" & pos="ADJ"][word="al_posto_di"][lemma="pesante" & pos="ADJ"]
no	X al_posto_di Y	leggero	pesante	[lemma="leggero" & pos="ADJ"][word="al_posto_di"][lemma!="pesante" & pos="ADJ"]
no	X al_posto_di Y	leggero	pesante	[lemma!="pesante" & pos="ADJ"][word="al_posto_di"][lemma="leggero" & pos="ADJ"]
no	X al_posto_di Y	leggero	pesante	[lemma="pesante" & pos="ADJ"][word="al_posto_di"][lemma!="leggero" & pos="ADJ"]
yes	X al_posto_di Y	lontano	vicino	[lemma="lontano" & pos="ADJ"][word="al_posto_di"][lemma="vicino" & pos="ADJ"]
yes	X al_posto_di Y	lontano	vicino	[lemma="vicino" & pos="ADJ"][word="al_posto_di"][lemma="lontano" & pos="ADJ"]
no	X al_posto_di Y	lontano	vicino	[lemma!="lontano" & pos="ADJ"][word="al_posto_di"][lemma="vicino" & pos="ADJ"]
no	X al_posto_di Y	lontano	vicino	[lemma="lontano" & pos="ADJ"][word="al_posto_di"][lemma!="vicino" & pos="ADJ"]
no	X al_posto_di Y	lontano	vicino	[lemma!="vicino" & pos="ADJ"][word="al_posto_di"][lemma="lontano" & pos="ADJ"]
no	X al_posto_di Y	lontano	vicino	[lemma="vicino" & pos="ADJ"][word="al_posto_di"][lemma!="lontano" & pos="ADJ"]
yes	X al_posto_di Y	morto	vivo	[lemma="morto" & pos="ADJ"][word="al_posto_di"][lemma="vivo" & pos="ADJ"]
yes	X al_posto_di Y	morto	vivo	[lemma="vivo" & pos="ADJ"][word="al_posto_di"][lemma="morto" & pos="ADJ"]
no	X al_posto_di Y	morto	vivo	[lemma!="morto" & pos="ADJ"][word="al_posto_di"][lemma="vivo" & pos="ADJ"]
no	X al_posto_di Y	morto	vivo	[lemma="morto" & pos="ADJ"][word="al_posto_di"][lemma!="vivo" & pos="ADJ"]
no	X al_posto_di Y	morto	vivo	[lemma!="vivo" & pos="ADJ"][word="al_posto_di"][lemma="morto" & pos="ADJ"]
no	X al_posto_di Y	morto	vivo	[lemma="vivo" & pos="ADJ"][word="al_posto_di"][lemma!="morto" & pos="ADJ"]
yes	X al_posto_di Y	falso	vero	[lemma="falso" & pos="ADJ"][word="al_posto_di"][lemma="vero" & pos="ADJ"]
yes	X al_posto_di Y	falso	vero	[lemma="vero" & pos="ADJ"][word="al_posto_di"][lemma="falso" & pos="ADJ"]
no	X al_posto_di Y	falso	vero	[lemma!="falso" & pos="ADJ"][word="al_posto_di"][lemma="vero" & pos="ADJ"]
no	X al_posto_di Y	falso	vero	[lemma="falso" & pos="ADJ"][word="al_posto_di"][lemma!="vero" & pos="ADJ"]
no	X al_posto_di Y	falso	vero	[lemma!="vero" & pos="ADJ"][word="al_posto_di"][lemma="falso" & pos="ADJ"]
no	X al_posto_di Y	falso	vero	[lemma="vero" & pos="ADJ"][word="al_posto_di"][lemma!="falso" & pos="ADJ"]
yes	X al_posto_di Y	femminile	maschile	[lemma="femminile" & pos="ADJ"][word="al_posto_di"][lemma="maschile" & pos="ADJ"]
yes	X al_posto_di Y	femminile	maschile	[lemma="maschile" & pos="ADJ"][word="al_posto_di"][lemma="femminile" & pos="ADJ"]
no	X al_posto_di Y	femminile	maschile	[lemma!="femminile" & pos="ADJ"][word="al_posto_di"][lemma="maschile" & pos="ADJ"]
no	X al_posto_di Y	femminile	maschile	[lemma="femminile" & pos="ADJ"][word="al_posto_di"][lemma!="maschile" & pos="ADJ"]
no	X al_posto_di Y	femminile	maschile	[lemma!="maschile" & pos="ADJ"][word="al_posto_di"][lemma="femminile" & pos="ADJ"]
no	X al_posto_di Y	femminile	maschile	[lemma="maschile" & pos="ADJ"][word="al_posto_di"][lemma!="femminile" & pos="ADJ"]
yes	X al_posto_di Y	profondo	superficiale	[lemma="profondo" & pos="ADJ"][word="al_posto_di"][lemma="superficiale" & pos="ADJ"]
yes	X al_posto_di Y	profondo	superficiale	[lemma="superficiale" & pos="ADJ"][word="al_posto_di"][lemma="profondo" & pos="ADJ"]
no	X al_posto_di Y	profondo	superficiale	[lemma!="profondo" & pos="ADJ"][word="al_posto_di"][lemma="superficiale" & pos="ADJ"]
no	X al_posto_di Y	profondo	superficiale	[lemma="profondo" & pos="ADJ"][word="al_posto_di"][lemma!="superficiale" & pos="ADJ"]
no	X al_posto_di Y	profondo	superficiale	[lemma!="superficiale" & pos="ADJ"][word="al_posto_di"][lemma="profondo" & pos="ADJ"]
no	X al_posto_di Y	profondo	superficiale	[lemma="superficiale" & pos="ADJ"][word="al_posto_di"][lemma!="profondo" & pos="ADJ"]
yes	X al_posto_di Y	corto	lungo	[lemma="corto" & pos="ADJ"][word="al_posto_di"][lemma="lungo" & pos="ADJ"]
yes	X al_posto_di Y	corto	lungo	[lemma="lungo" & pos="ADJ"][word="al_posto_di"][lemma="corto" & pos="ADJ"]
no	X al_posto_di Y	corto	lungo	[lemma!="corto" & pos="ADJ"][word="al_posto_di"][lemma="lungo" & pos="ADJ"]
no	X al_posto_di Y	corto	lungo	[lemma="corto" & pos="ADJ"][word="al_posto_di"][lemma!="lungo" & pos="ADJ"]
no	X al_posto_di Y	corto	lungo	[lemma!="lungo" & pos="ADJ"][word="al_posto_di"][lemma="corto" & pos="ADJ"]
no	X al_posto_di Y	corto	lungo	[lemma="lungo" & pos="ADJ"][word="al_posto_di"][lemma!="corto" & pos="ADJ"]
yes	X al_posto_di Y	alto	basso	[lemma="alto" & pos="ADJ"][word="al_posto_di"][lemma="basso" & pos="ADJ"]
yes	X al_posto_di Y	alto	basso	[lemma="basso" & pos="ADJ"][word="al_posto_di"][lemma="alto" & pos="ADJ"]
no	X al_posto_di Y	alto	basso	[lemma!="alto" & pos="ADJ"][word="al_posto_di"][lemma="basso" & pos="ADJ"]
no	X al_posto_di Y	alto	basso	[lemma="alto" & pos="ADJ"][word="al_posto_di"][lemma!="basso" & pos="ADJ"]
no	X al_posto_di Y	alto	basso	[lemma!="basso" & pos="ADJ"][word="al_posto_di"][lemma="alto" & pos="ADJ"]
no	X al_posto_di Y	alto	basso	[lemma="basso" & pos="ADJ"][word="al_posto_di"][lemma!="alto" & pos="ADJ"]
yes	X al_posto_di Y	povero	ricco	[lemma="povero" & pos="ADJ"][word="al_posto_di"][lemma="ricco" & pos="ADJ"]
yes	X al_posto_di Y	povero	ricco	[lemma="ricco" & pos="ADJ"][word="al_posto_di"][lemma="povero" & pos="ADJ"]
no	X al_posto_di Y	povero	ricco	[lemma!="povero" & pos="ADJ"][word="al_posto_di"][lemma="ricco" & pos="ADJ"]
no	X al_posto_di Y	povero	ricco	[lemma="povero" & pos="ADJ"][word="al_posto_di"][lemma!="ricco" & pos="ADJ"]
no	X al_posto_di Y	povero	ricco	[lemma!="ricco" & pos="ADJ"][word="al_posto_di"][lemma="povero" & pos="ADJ"]
no	X al_posto_di Y	povero	ricco	[lemma="ricco" & pos="ADJ"][word="al_posto_di"][lemma!="povero" & pos="ADJ"]
yes	X al_posto_di Y	chiaro	scuro	[lemma="chiaro" & pos="ADJ"][word="al_posto_di"][lemma="scuro" & pos="ADJ"]
yes	X al_posto_di Y	chiaro	scuro	[lemma="scuro" & pos="ADJ"][word="al_posto_di"][lemma="chiaro" & pos="ADJ"]
no	X al_posto_di Y	chiaro	scuro	[lemma!="chiaro" & pos="ADJ"][word="al_posto_di"][lemma="scuro" & pos="ADJ"]
no	X al_posto_di Y	chiaro	scuro	[lemma="chiaro" & pos="ADJ"][word="al_posto_di"][lemma!="scuro" & pos="ADJ"]
no	X al_posto_di Y	chiaro	scuro	[lemma!="scuro" & pos="ADJ"][word="al_posto_di"][lemma="chiaro" & pos="ADJ"]
no	X al_posto_di Y	chiaro	scuro	[lemma="scuro" & pos="ADJ"][word="al_posto_di"][lemma!="chiaro" & pos="ADJ"]
yes	X al_posto_di Y	intelligente	stupido	[lemma="intelligente" & pos="ADJ"][word="al_posto_di"][lemma="stupido" & pos="ADJ"]
yes	X al_posto_di Y	intelligente	stupido	[lemma="stupido" & pos="ADJ"][word="al_posto_di"][lemma="intelligente" & pos="ADJ"]
no	X al_posto_di Y	intelligente	stupido	[lemma!="intelligente" & pos="ADJ"][word="al_posto_di"][lemma="stupido" & pos="ADJ"]
no	X al_posto_di Y	intelligente	stupido	[lemma="intelligente" & pos="ADJ"][word="al_posto_di"][lemma!="stupido" & pos="ADJ"]
no	X al_posto_di Y	intelligente	stupido	[lemma!="stupido" & pos="ADJ"][word="al_posto_di"][lemma="intelligente" & pos="ADJ"]
no	X al_posto_di Y	intelligente	stupido	[lemma="stupido" & pos="ADJ"][word="al_posto_di"][lemma!="intelligente" & pos="ADJ"]
yes	X al_posto_di Y	bello	brutto	[lemma="bello" & pos="ADJ"][word="al_posto_di"][lemma="brutto" & pos="ADJ"]
yes	X al_posto_di Y	bello	brutto	[lemma="brutto" & pos="ADJ"][word="al_posto_di"][lemma="bello" & pos="ADJ"]
no	X al_posto_di Y	bello	brutto	[lemma!="bello" & pos="ADJ"][word="al_posto_di"][lemma="brutto" & pos="ADJ"]
no	X al_posto_di Y	bello	brutto	[lemma="bello" & pos="ADJ"][word="al_posto_di"][lemma!="brutto" & pos="ADJ"]
no	X al_posto_di Y	bello	brutto	[lemma!="brutto" & pos="ADJ"][word="al_posto_di"][lemma="bello" & pos="ADJ"]
no	X al_posto_di Y	bello	brutto	[lemma="brutto" & pos="ADJ"][word="al_posto_di"][lemma!="bello" & pos="ADJ"]
yes	X al_posto_di Y	lento	veloce	[lemma="lento" & pos="ADJ"][word="al_posto_di"][lemma="veloce" & pos="ADJ"]
yes	X al_posto_di Y	lento	veloce	[lemma="veloce" & pos="ADJ"][word="al_posto_di"][lemma="lento" & pos="ADJ"]
no	X al_posto_di Y	lento	veloce	[lemma!="lento" & pos="ADJ"][word="al_posto_di"][lemma="veloce" & pos="ADJ"]
no	X al_posto_di Y	lento	veloce	[lemma="lento" & pos="ADJ"][word="al_posto_di"][lemma!="veloce" & pos="ADJ"]
no	X al_posto_di Y	lento	veloce	[lemma!="veloce" & pos="ADJ"][word="al_posto_di"][lemma="lento" & pos="ADJ"]
no	X al_posto_di Y	lento	veloce	[lemma="veloce" & pos="ADJ"][word="al_posto_di"][lemma!="lento" & pos="ADJ"]
yes	X al_posto_di Y	felice	triste	[lemma="felice" & pos="ADJ"][word="al_posto_di"][lemma="triste" & pos="ADJ"]
yes	X al_posto_di Y	felice	triste	[lemma="triste" & pos="ADJ"][word="al_posto_di"][lemma="felice" & pos="ADJ"]
no	X al_posto_di Y	felice	triste	[lemma!="felice" & pos="ADJ"][word="al_posto_di"][lemma="triste" & pos="ADJ"]
no	X al_posto_di Y	felice	triste	[lemma="felice" & pos="ADJ"][word="al_posto_di"][lemma!="triste" & pos="ADJ"]
no	X al_posto_di Y	felice	triste	[lemma!="triste" & pos="ADJ"][word="al_posto_di"][lemma="felice" & pos="ADJ"]
no	X al_posto_di Y	felice	triste	[lemma="triste" & pos="ADJ"][word="al_posto_di"][lemma!="felice" & pos="ADJ"]
yes	X al_posto_di Y	malato	sano	[lemma="malato" & pos="ADJ"][word="al_posto_di"][lemma="sano" & pos="ADJ"]
yes	X al_posto_di Y	malato	sano	[lemma="sano" & pos="ADJ"][word="al_posto_di"][lemma="malato" & pos="ADJ"]
no	X al_posto_di Y	malato	sano	[lemma!="malato" & pos="ADJ"][word="al_posto_di"][lemma="sano" & pos="ADJ"]
no	X al_posto_di Y	malato	sano	[lemma="malato" & pos="ADJ"][word="al_posto_di"][lemma!="sano" & pos="ADJ"]
no	X al_posto_di Y	malato	sano	[lemma!="sano" & pos="ADJ"][word="al_posto_di"][lemma="malato" & pos="ADJ"]
no	X al_posto_di Y	malato	sano	[lemma="sano" & pos="ADJ"][word="al_posto_di"][lemma!="malato" & pos="ADJ"]
yes	X al_posto_di Y	pulito	sporco	[lemma="pulito" & pos="ADJ"][word="al_posto_di"][lemma="sporco" & pos="ADJ"]
yes	X al_posto_di Y	pulito	sporco	[lemma="sporco" & pos="ADJ"][word="al_posto_di"][lemma="pulito" & pos="ADJ"]
no	X al_posto_di Y	pulito	sporco	[lemma!="pulito" & pos="ADJ"][word="al_posto_di"][lemma="sporco" & pos="ADJ"]
no	X al_posto_di Y	pulito	sporco	[lemma="pulito" & pos="ADJ"][word="al_posto_di"][lemma!="sporco" & pos="ADJ"]
no	X al_posto_di Y	pulito	sporco	[lemma!="sporco" & pos="ADJ"][word="al_posto_di"][lemma="pulito" & pos="ADJ"]
no	X al_posto_di Y	pulito	sporco	[lemma="sporco" & pos="ADJ"][word="al_posto_di"][lemma!="pulito" & pos="ADJ"]
yes	X al_posto_di Y	bianco	nero	[lemma="bianco" & pos="ADJ"][word="al_posto_di"][lemma="nero" & pos="ADJ"]
yes	X al_posto_di Y	bianco	nero	[lemma="nero" & pos="ADJ"][word="al_posto_di"][lemma="bianco" & pos="ADJ"]
no	X al_posto_di Y	bianco	nero	[lemma!="bianco" & pos="ADJ"][word="al_posto_di"][lemma="nero" & pos="ADJ"]
no	X al_posto_di Y	bianco	nero	[lemma="bianco" & pos="ADJ"][word="al_posto_di"][lemma!="nero" & pos="ADJ"]
no	X al_posto_di Y	bianco	nero	[lemma!="nero" & pos="ADJ"][word="al_posto_di"][lemma="bianco" & pos="ADJ"]
no	X al_posto_di Y	bianco	nero	[lemma="nero" & pos="ADJ"][word="al_posto_di"][lemma!="bianco" & pos="ADJ"]
yes	X al_posto_di Y	largo	stretto	[lemma="largo" & pos="ADJ"][word="al_posto_di"][lemma="stretto" & pos="ADJ"]
yes	X al_posto_di Y	largo	stretto	[lemma="stretto" & pos="ADJ"][word="al_posto_di"][lemma="largo" & pos="ADJ"]
no	X al_posto_di Y	largo	stretto	[lemma!="largo" & pos="ADJ"][word="al_posto_di"][lemma="stretto" & pos="ADJ"]
no	X al_posto_di Y	largo	stretto	[lemma="largo" & pos="ADJ"][word="al_posto_di"][lemma!="stretto" & pos="ADJ"]
no	X al_posto_di Y	largo	stretto	[lemma!="stretto" & pos="ADJ"][word="al_posto_di"][lemma="largo" & pos="ADJ"]
no	X al_posto_di Y	largo	stretto	[lemma="stretto" & pos="ADJ"][word="al_posto_di"][lemma!="largo" & pos="ADJ"]
yes	X al_posto_di Y	grande	piccolo	[lemma="grande" & pos="ADJ"][word="al_posto_di"][lemma="piccolo" & pos="ADJ"]
yes	X al_posto_di Y	grande	piccolo	[lemma="piccolo" & pos="ADJ"][word="al_posto_di"][lemma="grande" & pos="ADJ"]
no	X al_posto_di Y	grande	piccolo	[lemma!="grande" & pos="ADJ"][word="al_posto_di"][lemma="piccolo" & pos="ADJ"]
no	X al_posto_di Y	grande	piccolo	[lemma="grande" & pos="ADJ"][word="al_posto_di"][lemma!="piccolo" & pos="ADJ"]
no	X al_posto_di Y	grande	piccolo	[lemma!="piccolo" & pos="ADJ"][word="al_posto_di"][lemma="grande" & pos="ADJ"]
no	X al_posto_di Y	grande	piccolo	[lemma="piccolo" & pos="ADJ"][word="al_posto_di"][lemma!="grande" & pos="ADJ"]
yes	X , non Y	buono	cattivo	[lemma="buono" & pos="ADJ"][word=","][word="non"][lemma="cattivo" & pos="ADJ"]
yes	X , non Y	buono	cattivo	[lemma="cattivo" & pos="ADJ"][word=","][word="non"][lemma="buono" & pos="ADJ"]
no	X , non Y	buono	cattivo	[lemma!="buono" & pos="ADJ"][word=","][word="non"][lemma="cattivo" & pos="ADJ"]
no	X , non Y	buono	cattivo	[lemma="buono" & pos="ADJ"][word=","][word="non"][lemma!="cattivo" & pos="ADJ"]
no	X , non Y	buono	cattivo	[lemma!="cattivo" & pos="ADJ"][word=","][word="non"][lemma="buono" & pos="ADJ"]
no	X , non Y	buono	cattivo	[lemma="cattivo" & pos="ADJ"][word=","][word="non"][lemma!="buono" & pos="ADJ"]
yes	X , non Y	debole	forte	[lemma="debole" & pos="ADJ"][word=","][word="non"][lemma="forte" & pos="ADJ"]
yes	X , non Y	debole	forte	[lemma="forte" & pos="ADJ"][word=","][word="non"][lemma="debole" & pos="ADJ"]
no	X , non Y	debole	forte	[lemma!="debole" & pos="ADJ"][word=","][word="non"][lemma="forte" & pos="ADJ"]
no	X , non Y	debole	forte	[lemma="debole" & pos="ADJ"][word=","][word="non"][lemma!="forte" & pos="ADJ"]
no	X , non Y	debole	forte	[lemma!="forte" & pos="ADJ"][word=","][word="non"][lemma="debole" & pos="ADJ"]
no	X , non Y	debole	forte	[lemma="forte" & pos="ADJ"][word=","][word="non"][lemma!="debole" & pos="ADJ"]
yes	X , non Y	giovane	vecchio	[lemma="giovane" & pos="ADJ"][word=","][word="non"][lemma="vecchio" & pos="ADJ"]
yes	X , non Y	giovane	vecchio	[lemma="vecchio" & pos="ADJ"][word=","][word="non"][lemma="giovane" & pos="ADJ"]
no	X , non Y	giovane	vecchio	[lemma!="giovane" & pos="ADJ"][word=","][word="non"][lemma="vecchio" & pos="ADJ"]
no	X , non Y	giovane	vecchio	[lemma="giovane" & pos="ADJ"][word=","][word="non"][lemma!="vecchio" & pos="ADJ"]
no	X , non Y	giovane	vecchio	[lemma!="vecchio" & pos="ADJ"][word=","][word="non"][lemma="giovane" & pos="ADJ"]
no	X , non Y	giovane	vecchio	[lemma="vecchio" & pos="ADJ"][word=","][word="non"][lemma!="giovane" & pos="ADJ"]
yes	X , non Y	leggero	pesante	[lemma="leggero" & pos="ADJ"][word=","][word="non"][lemma="pesante" & pos="ADJ"]
yes	X , non Y	leggero	pesante	[lemma="pesante" & pos="ADJ"][word=","][word="non"][lemma="leggero" & pos="ADJ"]
no	X , non Y	leggero	pesante	[lemma!="leggero" & pos="ADJ"][word=","][word="non"][lemma="pesante" & pos="ADJ"]
no	X , non Y	leggero	pesante	[lemma="leggero" & pos="ADJ"][word=","][word="non"][lemma!="pesante" & pos="ADJ"]
no	X , non Y	leggero	pesante	[lemma!="pesante" & pos="ADJ"][word=","][word="non"][lemma="leggero" & pos="ADJ"]
no	X , non Y	leggero	pesante	[lemma="pesante" & pos="ADJ"][word=","][word="non"][lemma!="leggero" & pos="ADJ"]
yes	X , non Y	lontano	vicino	[lemma="lontano" & pos="ADJ"][word=","][word="non"][lemma="vicino" & pos="ADJ"]
yes	X , non Y	lontano	vicino	[lemma="vicino" & pos="ADJ"][word=","][word="non"][lemma="lontano" & pos="ADJ"]
no	X , non Y	lontano	vicino	[lemma!="lontano" & pos="ADJ"][word=","][word="non"][lemma="vicino" & pos="ADJ"]
no	X , non Y	lontano	vicino	[lemma="lontano" & pos="ADJ"][word=","][word="non"][lemma!="vicino" & pos="ADJ"]
no	X , non Y	lontano	vicino	[lemma!="vicino" & pos="ADJ"][word=","][word="non"][lemma="lontano" & pos="ADJ"]
no	X , non Y	lontano	vicino	[lemma="vicino" & pos="ADJ"][word=","][word="non"][lemma!="lontano" & pos="ADJ"]
yes	X , non Y	morto	vivo	[lemma="morto" & pos="ADJ"][word=","][word="non"][lemma="vivo" & pos="ADJ"]
yes	X , non Y	morto	vivo	[lemma="vivo" & pos="ADJ"][word=","][word="non"][lemma="morto" & pos="ADJ"]
no	X , non Y	morto	vivo	[lemma!="morto" & pos="ADJ"][word=","][word="non"][lemma="vivo" & pos="ADJ"]
no	X , non Y	morto	vivo	[lemma="morto" & pos="ADJ"][word=","][word="non"][lemma!="vivo" & pos="ADJ"]
no	X , non Y	morto	vivo	[lemma!="vivo" & pos="ADJ"][word=","][word="non"][lemma="morto" & pos="ADJ"]
no	X , non Y	morto	vivo	[lemma="vivo" & pos="ADJ"][word=","][word="non"][lemma!="morto" & pos="ADJ"]
yes	X , non Y	falso	vero	[lemma="falso" & pos="ADJ"][word=","][word="non"][lemma="vero" & pos="ADJ"]
yes	X , non Y	falso	vero	[lemma="vero" & pos="ADJ"][word=","][word="non"][lemma="falso" & pos="ADJ"]
no	X , non Y	falso	vero	[lemma!="falso" & pos="ADJ"][word=","][word="non"][lemma="vero" & pos="ADJ"]
no	X , non Y	falso	vero	[lemma="falso" & pos="ADJ"][word=","][word="non"][lemma!="vero" & pos="ADJ"]
no	X , non Y	falso	vero	[lemma!="vero" & pos="ADJ"][word=","][word="non"][lemma="falso" & pos="ADJ"]
no	X , non Y	falso	vero	[lemma="vero" & pos="ADJ"][word=","][word="non"][lemma!="falso" & pos="ADJ"]
yes	X , non Y	femminile	maschile	[lemma="femminile" & pos="ADJ"][word=","][word="non"][lemma="maschile" & pos="ADJ"]
yes	X , non Y	femminile	maschile	[lemma="maschile" & pos="ADJ"][word=","][word="non"][lemma="femminile" & pos="ADJ"]
no	X , non Y	femminile	maschile	[lemma!="femminile" & pos="ADJ"][word=","][word="non"][lemma="maschile" & pos="ADJ"]
no	X , non Y	femminile	maschile	[lemma="femminile" & pos="ADJ"][word=","][word="non"][lemma!="maschile" & pos="ADJ"]
no	X , non Y	femminile	maschile	[lemma!="maschile" & pos="ADJ"][word=","][word="non"][lemma="femminile" & pos="ADJ"]
no	X , non Y	femminile	maschile	[lemma="maschile" & pos="ADJ"][word=","][word="non"][lemma!="femminile" & pos="ADJ"]
yes	X , non Y	profondo	superficiale	[lemma="profondo" & pos="ADJ"][word=","][word="non"][lemma="superficiale" & pos="ADJ"]
yes	X , non Y	profondo	superficiale	[lemma="superficiale" & pos="ADJ"][word=","][word="non"][lemma="profondo" & pos="ADJ"]
no	X , non Y	profondo	superficiale	[lemma!="profondo" & pos="ADJ"][word=","][word="non"][lemma="superficiale" & pos="ADJ"]
no	X , non Y	profondo	superficiale	[lemma="profondo" & pos="ADJ"][word=","][word="non"][lemma!="superficiale" & pos="ADJ"]
no	X , non Y	profondo	superficiale	[lemma!="superficiale" & pos="ADJ"][word=","][word="non"][lemma="profondo" & pos="ADJ"]
no	X , non Y	profondo	superficiale	[lemma="superficiale" & pos="ADJ"][word=","][word="non"][lemma!="profondo" & pos="ADJ"]
yes	X , non Y	corto	lungo	[lemma="corto" & pos="ADJ"][word=","][word="non"][lemma="lungo" & pos="ADJ"]
yes	X , non Y	corto	lungo	[lemma="lungo" & pos="ADJ"][word=","][word="non"][lemma="corto" & pos="ADJ"]
no	X , non Y	corto	lungo	[lemma!="corto" & pos="ADJ"][word=","][word="non"][lemma="lungo" & pos="ADJ"]
no	X , non Y	corto	lungo	[lemma="corto" & pos="ADJ"][word=","][word="non"][lemma!="lungo" & pos="ADJ"]
no	X , non Y	corto	lungo	[lemma!="lungo" & pos="ADJ"][word=","][word="non"][lemma="corto" & pos="ADJ"]
no	X , non Y	corto	lungo	[lemma="lungo" & pos="ADJ"][word=","][word="non"][lemma!="corto" & pos="ADJ"]
yes	X , non Y	alto	basso	[lemma="alto" & pos="ADJ"][word=","][word="non"][lemma="basso" & pos="ADJ"]
yes	X , non Y	alto	basso	[lemma="basso" & pos="ADJ"][word=","][word="non"][lemma="alto" & pos="ADJ"]
no	X , non Y	alto	basso	[lemma!="alto" & pos="ADJ"][word=","][word="non"][lemma="basso" & pos="ADJ"]
no	X , non Y	alto	basso	[lemma="alto" & pos="ADJ"][word=","][word="non"][lemma!="basso" & pos="ADJ"]
no	X , non Y	alto	basso	[lemma!="basso" & pos="ADJ"][word=","][word="non"][lemma="alto" & pos="ADJ"]
no	X , non Y	alto	basso	[lemma="basso" & pos="ADJ"][word=","][word="non"][lemma!="alto" & pos="ADJ"]
yes	X , non Y	povero	ricco	[lemma="povero" & pos="ADJ"][word=","][word="non"][lemma="ricco" & pos="ADJ"]
yes	X , non Y	povero	ricco	[lemma="ricco" & pos="ADJ"][word=","][word="non"][lemma="povero" & pos="ADJ"]
no	X , non Y	povero	ricco	[lemma!="povero" & pos="ADJ"][word=","][word="non"][lemma="ricco" & pos="ADJ"]
no	X , non Y	povero	ricco	[lemma="povero" & pos="ADJ"][word=","][word="non"][lemma!="ricco" & pos="ADJ"]
no	X , non Y	povero	ricco	[lemma!="ricco" & pos="ADJ"][word=","][word="non"][lemma="povero" & pos="ADJ"]
no	X , non Y	povero	ricco	[lemma="ricco" & pos="ADJ"][word=","][word="non"][lemma!="povero" & pos="ADJ"]
yes	X , non Y	chiaro	scuro	[lemma="chiaro" & pos="ADJ"][word=","][word="non"][lemma="scuro" & pos="ADJ"]
yes	X , non Y	chiaro	scuro	[lemma="scuro" & pos="ADJ"][word=","][word="non"][lemma="chiaro" & pos="ADJ"]
no	X , non Y	chiaro	scuro	[lemma!="chiaro" & pos="ADJ"][word=","][word="non"][lemma="scuro" & pos="ADJ"]
no	X , non Y	chiaro	scuro	[lemma="chiaro" & pos="ADJ"][word=","][word="non"][lemma!="scuro" & pos="ADJ"]
no	X , non Y	chiaro	scuro	[lemma!="scuro" & pos="ADJ"][word=","][word="non"][lemma="chiaro" & pos="ADJ"]
no	X , non Y	chiaro	scuro	[lemma="scuro" & pos="ADJ"][word=","][word="non"][lemma!="chiaro" & pos="ADJ"]
yes	X , non Y	intelligente	stupido	[lemma="intelligente" & pos="ADJ"][word=","][word="non"][lemma="stupido" & pos="ADJ"]
yes	X , non Y	intelligente	stupido	[lemma="stupido" & pos="ADJ"][word=","][word="non"][lemma="intelligente" & pos="ADJ"]
no	X , non Y	intelligente	stupido	[lemma!="intelligente" & pos="ADJ"][word=","][word="non"][lemma="stupido" & pos="ADJ"]
no	X , non Y	intelligente	stupido	[lemma="intelligente" & pos="ADJ"][word=","][word="non"][lemma!="stupido" & pos="ADJ"]
no	X , non Y	intelligente	stupido	[lemma!="stupido" & pos="ADJ"][word=","][word="non"][lemma="intelligente" & pos="ADJ"]
no	X , non Y	intelligente	stupido	[lemma="stupido" & pos="ADJ"][word=","][word="non"][lemma!="intelligente" & pos="ADJ"]
yes	X , non Y	bello	brutto	[lemma="bello" & pos="ADJ"][word=","][word="non"][lemma="brutto" & pos="ADJ"]
yes	X , non Y	bello	brutto	[lemma="brutto" & pos="ADJ"][word=","][word="non"][lemma="bello" & pos="ADJ"]
no	X , non Y	bello	brutto	[lemma!="bello" & pos="ADJ"][word=","][word="non"][lemma="brutto" & pos="ADJ"]
no	X , non Y	bello	brutto	[lemma="bello" & pos="ADJ"][word=","][word="non"][lemma!="brutto" & pos="ADJ"]
no	X , non Y	bello	brutto	[lemma!="brutto" & pos="ADJ"][word=","][word="non"][lemma="bello" & pos="ADJ"]
no	X , non Y	bello	brutto	[lemma="brutto" & pos="ADJ"][word=","][word="non"][lemma!="bello" & pos="ADJ"]
yes	X , non Y	lento	veloce	[lemma="lento" & pos="ADJ"][word=","][word="non"][lemma="veloce" & pos="ADJ"]
yes	X , non Y	lento	veloce	[lemma="veloce" & pos="ADJ"][word=","][word="non"][lemma="lento" & pos="ADJ"]
no	X , non Y	lento	veloce	[lemma!="lento" & pos="ADJ"][word=","][word="non"][lemma="veloce" & pos="ADJ"]
no	X , non Y	lento	veloce	[lemma="lento" & pos="ADJ"][word=","][word="non"][lemma!="veloce" & pos="ADJ"]
no	X , non Y	lento	veloce	[lemma!="veloce" & pos="ADJ"][word=","][word="non"][lemma="lento" & pos="ADJ"]
no	X , non Y	lento	veloce	[lemma="veloce" & pos="ADJ"][word=","][word="non"][lemma!="lento" & pos="ADJ"]
yes	X , non Y	felice	triste	[lemma="felice" & pos="ADJ"][word=","][word="non"][lemma="triste" & pos="ADJ"]
yes	X , non Y	felice	triste	[lemma="triste" & pos="ADJ"][word=","][word="non"][lemma="felice" & pos="ADJ"]
no	X , non Y	felice	triste	[lemma!="felice" & pos="ADJ"][word=","][word="non"][lemma="triste" & pos="ADJ"]
no	X , non Y	felice	triste	[lemma="felice" & pos="ADJ"][word=","][word="non"][lemma!="triste" & pos="ADJ"]
no	X , non Y	felice	triste	[lemma!="triste" & pos="ADJ"][word=","][word="non"][lemma="felice" & pos="ADJ"]
no	X , non Y	felice	triste	[lemma="triste" & pos="ADJ"][word=","][word="non"][lemma!="felice" & pos="ADJ"]
yes	X , non Y	malato	sano	[lemma="malato" & pos="ADJ"][word=","][word="non"][lemma="sano" & pos="ADJ"]
yes	X , non Y	malato	sano	[lemma="sano" & pos="ADJ"][word=","][word="non"][lemma="malato" & pos="ADJ"]
no	X , non Y	malato	sano	[lemma!="malato" & pos="ADJ"][word=","][word="non"][lemma="sano" & pos="ADJ"]
no	X , non Y	malato	sano	[lemma="malato" & pos="ADJ"][word=","][word="non"][lemma!="sano" & pos="ADJ"]
no	X , non Y	malato	sano	[lemma!="sano" & pos="ADJ"][word=","][word="non"][lemma="malato" & pos="ADJ"]
no	X , non Y	malato	sano	[lemma="sano" & pos="ADJ"][word=","][word="non"][lemma!="malato" & pos="ADJ"]
yes	X , non Y	pulito	sporco	[lemma="pulito" & pos="ADJ"][word=","][word="non"][lemma="sporco" & pos="ADJ"]
yes	X , non Y	pulito	sporco	[lemma="sporco" & pos="ADJ"][word=","][word="non"][lemma="pulito" & pos="ADJ"]
no	X , non Y	pulito	sporco	[lemma!="pulito" & pos="ADJ"][word=","][word="non"][lemma="sporco" & pos="ADJ"]
no	X , non Y	pulito	sporco	[lemma="pulito" & pos="ADJ"][word=","][word="non"][lemma!="sporco" & pos="ADJ"]
no	X , non Y	pulito	sporco	[lemma!="sporco" & pos="ADJ"][word=","][word="non"][lemma="pulito" & pos="ADJ"]
no	X , non Y	pulito	sporco	[lemma="sporco" & pos="ADJ"][word=","][word="non"][lemma!="pulito" & pos="ADJ"]
yes	X , non Y	bianco	nero	[lemma="bianco" & pos="ADJ"][word=","][word="non"][lemma="nero" & pos="ADJ"]
yes	X , non Y	bianco	nero	[lemma="nero" & pos="ADJ"][word=","][word="non"][lemma="bianco" & pos="ADJ"]
no	X , non Y	bianco	nero	[lemma!="bianco" & pos="ADJ"][word=","][word="non"][lemma="nero" & pos="ADJ"]
no	X , non Y	bianco	nero	[lemma="bianco" & pos="ADJ"][word=","][word="non"][lemma!="nero" & pos="ADJ"]
no	X , non Y	bianco	nero	[lemma!="nero" & pos="ADJ"][word=","][word="non"][lemma="bianco" & pos="ADJ"]
no	X , non Y	bianco	nero	[lemma="nero" & pos="ADJ"][word=","][word="non"][lemma!="bianco" & pos="ADJ"]
yes	X , non Y	largo	stretto	[lemma="largo" & pos="ADJ"][word=","][word="non"][lemma="stretto" & pos="ADJ"]
yes	X , non Y	largo	stretto	[lemma="stretto" & pos="ADJ"][word=","][word="non"][lemma="largo" & pos="ADJ"]
no	X , non Y	largo	stretto	[lemma!="largo" & pos="ADJ"][word=","][word="non"][lemma="stretto" & pos="ADJ"]
no	X , non Y	largo	stretto	[lemma="largo" & pos="ADJ"][word=","][word="non"][lemma!="stretto" & pos="ADJ"]
no	X , non Y	largo	stretto	[lemma!="stretto" & pos="ADJ"][word=","][word="non"][lemma="largo" & pos="ADJ"]
no	X , non Y	largo	stretto	[lemma="stretto" & pos="ADJ"][word=","][word="non"][lemma!="largo" & pos="ADJ"]
yes	X , non Y	grande	piccolo	[lemma="grande" & pos="ADJ"][word=","][word="non"][lemma="piccolo" & pos="ADJ"]
yes	X , non Y	grande	piccolo	[lemma="piccolo" & pos="ADJ"][word=","][word="non"][lemma="grande" & pos="ADJ"]
no	X , non Y	grande	piccolo	[lemma!="grande" & pos="ADJ"][word=","][word="non"][lemma="piccolo" & pos="ADJ"]
no	X , non Y	grande	piccolo	[lemma="grande" & pos="ADJ"][word=","][word="non"][lemma!="piccolo" & pos="ADJ"]
no	X , non Y	grande	piccolo	[lemma!="piccolo" & pos="ADJ"][word=","][word="non"][lemma="grande" & pos="ADJ"]
no	X , non Y	grande	piccolo	[lemma="piccolo" & pos="ADJ"][word=","][word="non"][lemma!="grande" & pos="ADJ"]
yes	X o Y ?	buono	cattivo	[lemma="buono" & pos="ADJ"][word="o"][lemma="cattivo" & pos="ADJ"][word="?"]
yes	X o Y ?	buono	cattivo	[lemma="cattivo" & pos="ADJ"][word="o"][lemma="buono" & pos="ADJ"][word="?"]
no	X o Y ?	buono	cattivo	[lemma!="buono" & pos="ADJ"][word="o"][lemma="cattivo" & pos="ADJ"][word="?"]
no	X o Y ?	buono	cattivo	[lemma="buono" & pos="ADJ"][word="o"][lemma!="cattivo" & pos="ADJ"][word="?"]
no	X o Y ?	buono	cattivo	[lemma!="cattivo" & pos="ADJ"][word="o"][lemma="buono" & pos="ADJ"][word="?"]
no	X o Y ?	buono	cattivo	[lemma="cattivo" & pos="ADJ"][word="o"][lemma!="buono" & pos="ADJ"][word="?"]
yes	X o Y ?	debole	forte	[lemma="debole" & pos="ADJ"][word="o"][lemma="forte" & pos="ADJ"][word="?"]
yes	X o Y ?	debole	forte	[lemma="forte" & pos="ADJ"][word="o"][lemma="debole" & pos="ADJ"][word="?"]
no	X o Y ?	debole	forte	[lemma!="debole" & pos="ADJ"][word="o"][lemma="forte" & pos="ADJ"][word="?"]
no	X o Y ?	debole	forte	[lemma="debole" & pos="ADJ"][word="o"][lemma!="forte" & pos="ADJ"][word="?"]
no	X o Y ?	debole	forte	[lemma!="forte" & pos="ADJ"][word="o"][lemma="debole" & pos="ADJ"][word="?"]
no	X o Y ?	debole	forte	[lemma="forte" & pos="ADJ"][word="o"][lemma!="debole" & pos="ADJ"][word="?"]
yes	X o Y ?	giovane	vecchio	[lemma="giovane" & pos="ADJ"][word="o"][lemma="vecchio" & pos="ADJ"][word="?"]
yes	X o Y ?	giovane	vecchio	[lemma="vecchio" & pos="ADJ"][word="o"][lemma="giovane" & pos="ADJ"][word="?"]
no	X o Y ?	giovane	vecchio	[lemma!="giovane" & pos="ADJ"][word="o"][lemma="vecchio" & pos="ADJ"][word="?"]
no	X o Y ?	giovane	vecchio	[lemma="giovane" & pos="ADJ"][word="o"][lemma!="vecchio" & pos="ADJ"][word="?"]
no	X o Y ?	giovane	vecchio	[lemma!="vecchio" & pos="ADJ"][word="o"][lemma="giovane" & pos="ADJ"][word="?"]
no	X o Y ?	giovane	vecchio	[lemma="vecchio" & pos="ADJ"][word="o"][lemma!="giovane" & pos="ADJ"][word="?"]
yes	X o Y ?	leggero	pesante	[lemma="leggero" & pos="ADJ"][word="o"][lemma="pesante" & pos="ADJ"][word="?"]
yes	X o Y ?	leggero	pesante	[lemma="pesante" & pos="ADJ"][word="o"][lemma="leggero" & pos="ADJ"][word="?"]
no	X o Y ?	leggero	pesante	[lemma!="leggero" & pos="ADJ"][word="o"][lemma="pesante" & pos="ADJ"][word="?"]
no	X o Y ?	leggero	pesante	[lemma="leggero" & pos="ADJ"][word="o"][lemma!="pesante" & pos="ADJ"][word="?"]
no	X o Y ?	leggero	pesante	[lemma!="pesante" & pos="ADJ"][word="o"][lemma="leggero" & pos="ADJ"][word="?"]
no	X o Y ?	leggero	pesante	[lemma="pesante" & pos="ADJ"][word="o"][lemma!="leggero" & pos="ADJ"][word="?"]
yes	X o Y ?	lontano	vicino	[lemma="lontano" & pos="ADJ"][word="o"][lemma="vicino" & pos="ADJ"][word="?"]
yes	X o Y ?	lontano	vicino	[lemma="vicino" & pos="ADJ"][word="o"][lemma="lontano" & pos="ADJ"][word="?"]
no	X o Y ?	lontano	vicino	[lemma!="lontano" & pos="ADJ"][word="o"][lemma="vicino" & pos="ADJ"][word="?"]
no	X o Y ?	lontano	vicino	[lemma="lontano" & pos="ADJ"][word="o"][lemma!="vicino" & pos="ADJ"][word="?"]
no	X o Y ?	lontano	vicino	[lemma!="vicino" & pos="ADJ"][word="o"][lemma="lontano" & pos="ADJ"][word="?"]
no	X o Y ?	lontano	vicino	[lemma="vicino" & pos="ADJ"][word="o"][lemma!="lontano" & pos="ADJ"][word="?"]
yes	X o Y ?	morto	vivo	[lemma="morto" & pos="ADJ"][word="o"][lemma="vivo" & pos="ADJ"][word="?"]
yes	X o Y ?	morto	vivo	[lemma="vivo" & pos="ADJ"][word="o"][lemma="morto" & pos="ADJ"][word="?"]
no	X o Y ?	morto	vivo	[lemma!="morto" & pos="ADJ"][word="o"][lemma="vivo" & pos="ADJ"][word="?"]
no	X o Y ?	morto	vivo	[lemma="morto" & pos="ADJ"][word="o"][lemma!="vivo" & pos="ADJ"][word="?"]
no	X o Y ?	morto	vivo	[lemma!="vivo" & pos="ADJ"][word="o"][lemma="morto" & pos="ADJ"][word="?"]
no	X o Y ?	morto	vivo	[lemma="vivo" & pos="ADJ"][word="o"][lemma!="morto" & pos="ADJ"][word="?"]
yes	X o Y ?	falso	vero	[lemma="falso" & pos="ADJ"][word="o"][lemma="vero" & pos="ADJ"][word="?"]
yes	X o Y ?	falso	vero	[lemma="vero" & pos="ADJ"][word="o"][lemma="falso" & pos="ADJ"][word="?"]
no	X o Y ?	falso	vero	[lemma!="falso" & pos="ADJ"][word="o"][lemma="vero" & pos="ADJ"][word="?"]
no	X o Y ?	falso	vero	[lemma="falso" & pos="ADJ"][word="o"][lemma!="vero" & pos="ADJ"][word="?"]
no	X o Y ?	falso	vero	[lemma!="vero" & pos="ADJ"][word="o"][lemma="falso" & pos="ADJ"][word="?"]
no	X o Y ?	falso	vero	[lemma="vero" & pos="ADJ"][word="o"][lemma!="falso" & pos="ADJ"][word="?"]
yes	X o Y ?	femminile	maschile	[lemma="femminile" & pos="ADJ"][word="o"][lemma="maschile" & pos="ADJ"][word="?"]
yes	X o Y ?	femminile	maschile	[lemma="maschile" & pos="ADJ"][word="o"][lemma="femminile" & pos="ADJ"][word="?"]
no	X o Y ?	femminile	maschile	[lemma!="femminile" & pos="ADJ"][word="o"][lemma="maschile" & pos="ADJ"][word="?"]
no	X o Y ?	femminile	maschile	[lemma="femminile" & pos="ADJ"][word="o"][lemma!="maschile" & pos="ADJ"][word="?"]
no	X o Y ?	femminile	maschile	[lemma!="maschile" & pos="ADJ"][word="o"][lemma="femminile" & pos="ADJ"][word="?"]
no	X o Y ?	femminile	maschile	[lemma="maschile" & pos="ADJ"][word="o"][lemma!="femminile" & pos="ADJ"][word="?"]
yes	X o Y ?	profondo	superficiale	[lemma="profondo" & pos="ADJ"][word="o"][lemma="superficiale" & pos="ADJ"][word="?"]
yes	X o Y ?	profondo	superficiale	[lemma="superficiale" & pos="ADJ"][word="o"][lemma="profondo" & pos="ADJ"][word="?"]
no	X o Y ?	profondo	superficiale	[lemma!="profondo" & pos="ADJ"][word="o"][lemma="superficiale" & pos="ADJ"][word="?"]
no	X o Y ?	profondo	superficiale	[lemma="profondo" & pos="ADJ"][word="o"][lemma!="superficiale" & pos="ADJ"][word="?"]
no	X o Y ?	profondo	superficiale	[lemma!="superficiale" & pos="ADJ"][word="o"][lemma="profondo" & pos="ADJ"][word="?"]
no	X o Y ?	profondo	superficiale	[lemma="superficiale" & pos="ADJ"][word="o"][lemma!="profondo" & pos="ADJ"][word="?"]
yes	X o Y ?	corto	lungo	[lemma="corto" & pos="ADJ"][word="o"][lemma="lungo" & pos="ADJ"][word="?"]
yes	X o Y ?	corto	lungo	[lemma="lungo" & pos="ADJ"][word="o"][lemma="corto" & pos="ADJ"][word="?"]
no	X o Y ?	corto	lungo	[lemma!="corto" & pos="ADJ"][word="o"][lemma="lungo" & pos="ADJ"][word="?"]
no	X o Y ?	corto	lungo	[lemma="corto" & pos="ADJ"][word="o"][lemma!="lungo" & pos="ADJ"][word="?"]
no	X o Y ?	corto	lungo	[lemma!="lungo" & pos="ADJ"][word="o"][lemma="corto" & pos="ADJ"][word="?"]
no	X o Y ?	corto	lungo	[lemma="lungo" & pos="ADJ"][word="o"][lemma!="corto" & pos="ADJ"][word="?"]
yes	X o Y ?	alto	basso	[lemma="alto" & pos="ADJ"][word="o"][lemma="basso" & pos="ADJ"][word="?"]
yes	X o Y ?	alto	basso	[lemma="basso" & pos="ADJ"][word="o"][lemma="alto" & pos="ADJ"][word="?"]
no	X o Y ?	alto	basso	[lemma!="alto" & pos="ADJ"][word="o"][lemma="basso" & pos="ADJ"][word="?"]
no	X o Y ?	alto	basso	[lemma="alto" & pos="ADJ"][word="o"][lemma!="basso" & pos="ADJ"][word="?"]
no	X o Y ?	alto	basso	[lemma!="basso" & pos="ADJ"][word="o"][lemma="alto" & pos="ADJ"][word="?"]
no	X o Y ?	alto	basso	[lemma="basso" & pos="ADJ"][word="o"][lemma!="alto" & pos="ADJ"][word="?"]
yes	X o Y ?	povero	ricco	[lemma="povero" & pos="ADJ"][word="o"][lemma="ricco" & pos="ADJ"][word="?"]
yes	X o Y ?	povero	ricco	[lemma="ricco" & pos="ADJ"][word="o"][lemma="povero" & pos="ADJ"][word="?"]
no	X o Y ?	povero	ricco	[lemma!="povero" & pos="ADJ"][word="o"][lemma="ricco" & pos="ADJ"][word="?"]
no	X o Y ?	povero	ricco	[lemma="povero" & pos="ADJ"][word="o"][lemma!="ricco" & pos="ADJ"][word="?"]
no	X o Y ?	povero	ricco	[lemma!="ricco" & pos="ADJ"][word="o"][lemma="povero" & pos="ADJ"][word="?"]
no	X o Y ?	povero	ricco	[lemma="ricco" & pos="ADJ"][word="o"][lemma!="povero" & pos="ADJ"][word="?"]
yes	X o Y ?	chiaro	scuro	[lemma="chiaro" & pos="ADJ"][word="o"][lemma="scuro" & pos="ADJ"][word="?"]
yes	X o Y ?	chiaro	scuro	[lemma="scuro" & pos="ADJ"][word="o"][lemma="chiaro" & pos="ADJ"][word="?"]
no	X o Y ?	chiaro	scuro	[lemma!="chiaro" & pos="ADJ"][word="o"][lemma="scuro" & pos="ADJ"][word="?"]
no	X o Y ?	chiaro	scuro	[lemma="chiaro" & pos="ADJ"][word="o"][lemma!="scuro" & pos="ADJ"][word="?"]
no	X o Y ?	chiaro	scuro	[lemma!="scuro" & pos="ADJ"][word="o"][lemma="chiaro" & pos="ADJ"][word="?"]
no	X o Y ?	chiaro	scuro	[lemma="scuro" & pos="ADJ"][word="o"][lemma!="chiaro" & pos="ADJ"][word="?"]
yes	X o Y ?	intelligente	stupido	[lemma="intelligente" & pos="ADJ"][word="o"][lemma="stupido" & pos="ADJ"][word="?"]
yes	X o Y ?	intelligente	stupido	[lemma="stupido" & pos="ADJ"][word="o"][lemma="intelligente" & pos="ADJ"][word="?"]
no	X o Y ?	intelligente	stupido	[lemma!="intelligente" & pos="ADJ"][word="o"][lemma="stupido" & pos="ADJ"][word="?"]
no	X o Y ?	intelligente	stupido	[lemma="intelligente" & pos="ADJ"][word="o"][lemma!="stupido" & pos="ADJ"][word="?"]
no	X o Y ?	intelligente	stupido	[lemma!="stupido" & pos="ADJ"][word="o"][lemma="intelligente" & pos="ADJ"][word="?"]
no	X o Y ?	intelligente	stupido	[lemma="stupido" & pos="ADJ"][word="o"][lemma!="intelligente" & pos="ADJ"][word="?"]
yes	X o Y ?	bello	brutto	[lemma="bello" & pos="ADJ"][word="o"][lemma="brutto" & pos="ADJ"][word="?"]
yes	X o Y ?	bello	brutto	[lemma="brutto" & pos="ADJ"][word="o"][lemma="bello" & pos="ADJ"][word="?"]
no	X o Y ?	bello	brutto	[lemma!="bello" & pos="ADJ"][word="o"][lemma="brutto" & pos="ADJ"][word="?"]
no	X o Y ?	bello	brutto	[lemma="bello" & pos="ADJ"][word="o"][lemma!="brutto" & pos="ADJ"][word="?"]
no	X o Y ?	bello	brutto	[lemma!="brutto" & pos="ADJ"][word="o"][lemma="bello" & pos="ADJ"][word="?"]
no	X o Y ?	bello	brutto	[lemma="brutto" & pos="ADJ"][word="o"][lemma!="bello" & pos="ADJ"][word="?"]
yes	X o Y ?	lento	veloce	[lemma="lento" & pos="ADJ"][word="o"][lemma="veloce" & pos="ADJ"][word="?"]
yes	X o Y ?	lento	veloce	[lemma="veloce" & pos="ADJ"][word="o"][lemma="lento" & pos="ADJ"][word="?"]
no	X o Y ?	lento	veloce	[lemma!="lento" & pos="ADJ"][word="o"][lemma="veloce" & pos="ADJ"][word="?"]
no	X o Y ?	lento	veloce	[lemma="lento" & pos="ADJ"][word="o"][lemma!="veloce" & pos="ADJ"][word="?"]
no	X o Y ?	lento	veloce	[lemma!="veloce" & pos="ADJ"][word="o"][lemma="lento" & pos="ADJ"][word="?"]
no	X o Y ?	lento	veloce	[lemma="veloce" & pos="ADJ"][word="o"][lemma!="lento" & pos="ADJ"][word="?"]
yes	X o Y ?	felice	triste	[lemma="felice" & pos="ADJ"][word="o"][lemma="triste" & pos="ADJ"][word="?"]
yes	X o Y ?	felice	triste	[lemma="triste" & pos="ADJ"][word="o"][lemma="felice" & pos="ADJ"][word="?"]
no	X o Y ?	felice	triste	[lemma!="felice" & pos="ADJ"][word="o"][lemma="triste" & pos="ADJ"][word="?"]
no	X o Y ?	felice	triste	[lemma="felice" & pos="ADJ"][word="o"][lemma!="triste" & pos="ADJ"][word="?"]
no	X o Y ?	felice	triste	[lemma!="triste" & pos="ADJ"][word="o"][lemma="felice" & pos="ADJ"][word="?"]
no	X o Y ?	felice	triste	[lemma="triste" & pos="ADJ"][word="o"][lemma!="felice" & pos="ADJ"][word="?"]
yes	X o Y ?	malato	sano	[lemma="malato" & pos="ADJ"][word="o"][lemma="sano" & pos="ADJ"][word="?"]
yes	X o Y ?	malato	sano	[lemma="sano" & pos="ADJ"][word="o"][lemma="malato" & pos="ADJ"][word="?"]
no	X o Y ?	malato	sano	[lemma!="malato" & pos="ADJ"][word="o"][lemma="sano" & pos="ADJ"][word="?"]
no	X o Y ?	malato	sano	[lemma="malato" & pos="ADJ"][word="o"][lemma!="sano" & pos="ADJ"][word="?"]
no	X o Y ?	malato	sano	[lemma!="sano" & pos="ADJ"][word="o"][lemma="malato" & pos="ADJ"][word="?"]
no	X o Y ?	malato	sano	[lemma="sano" & pos="ADJ"][word="o"][lemma!="malato" & pos="ADJ"][word="?"]
yes	X o Y ?	pulito	sporco	[lemma="pulito" & pos="ADJ"][word="o"][lemma="sporco" & pos="ADJ"][word="?"]
yes	X o Y ?	pulito	sporco	[lemma="sporco" & pos="ADJ"][word="o"][lemma="pulito" & pos="ADJ"][word="?"]
no	X o Y ?	pulito	sporco	[lemma!="pulito" & pos="ADJ"][word="o"][lemma="sporco" & pos="ADJ"][word="?"]
no	X o Y ?	pulito	sporco	[lemma="pulito" & pos="ADJ"][word="o"][lemma!="sporco" & pos="ADJ"][word="?"]
no	X o Y ?	pulito	sporco	[lemma!="sporco" & pos="ADJ"][word="o"][lemma="pulito" & pos="ADJ"][word="?"]
no	X o Y ?	pulito	sporco	[lemma="sporco" & pos="ADJ"][word="o"][lemma!="pulito" & pos="ADJ"][word="?"]
yes	X o Y ?	bianco	nero	[lemma="bianco" & pos="ADJ"][word="o"][lemma="nero" & pos="ADJ"][word="?"]
yes	X o Y ?	bianco	nero	[lemma="nero" & pos="ADJ"][word="o"][lemma="bianco" & pos="ADJ"][word="?"]
no	X o Y ?	bianco	nero	[lemma!="bianco" & pos="ADJ"][word="o"][lemma="nero" & pos="ADJ"][word="?"]
no	X o Y ?	bianco	nero	[lemma="bianco" & pos="ADJ"][word="o"][lemma!="nero" & pos="ADJ"][word="?"]
no	X o Y ?	bianco	nero	[lemma!="nero" & pos="ADJ"][word="o"][lemma="bianco" & pos="ADJ"][word="?"]
no	X o Y ?	bianco	nero	[lemma="nero" & pos="ADJ"][word="o"][lemma!="bianco" & pos="ADJ"][word="?"]
yes	X o Y ?	largo	stretto	[lemma="largo" & pos="ADJ"][word="o"][lemma="stretto" & pos="ADJ"][word="?"]
yes	X o Y ?	largo	stretto	[lemma="stretto" & pos="ADJ"][word="o"][lemma="largo" & pos="ADJ"][word="?"]
no	X o Y ?	largo	stretto	[lemma!="largo" & pos="ADJ"][word="o"][lemma="stretto" & pos="ADJ"][word="?"]
no	X o Y ?	largo	stretto	[lemma="largo" & pos="ADJ"][word="o"][lemma!="stretto" & pos="ADJ"][word="?"]
no	X o Y ?	largo	stretto	[lemma!="stretto" & pos="ADJ"][word="o"][lemma="largo" & pos="ADJ"][word="?"]
no	X o Y ?	largo	stretto	[lemma="stretto" & pos="ADJ"][word="o"][lemma!="largo" & pos="ADJ"][word="?"]
yes	X o Y ?	grande	piccolo	[lemma="grande" & pos="ADJ"][word="o"][lemma="piccolo" & pos="ADJ"][word="?"]
yes	X o Y ?	grande	piccolo	[lemma="piccolo" & pos="ADJ"][word="o"][lemma="grande" & pos="ADJ"][word="?"]
no	X o Y ?	grande	piccolo	[lemma!="grande" & pos="ADJ"][word="o"][lemma="piccolo" & pos="ADJ"][word="?"]
no	X o Y ?	grande	piccolo	[lemma="grande" & pos="ADJ"][word="o"][lemma!="piccolo" & pos="ADJ"][word="?"]
no	X o Y ?	grande	piccolo	[lemma!="piccolo" & pos="ADJ"][word="o"][lemma="grande" & pos="ADJ"][word="?"]
no	X o Y ?	grande	piccolo	[lemma="piccolo" & pos="ADJ"][word="o"][lemma!="grande" & pos="ADJ"][word="?"]
yes	sia X sia Y	buono	cattivo	[word="sia"][lemma="buono" & pos="ADJ"][word="sia"][lemma="cattivo" & pos="ADJ"]
yes	sia X sia Y	buono	cattivo	[word="sia"][lemma="cattivo" & pos="ADJ"][word="sia"][lemma="buono" & pos="ADJ"]
no	sia X sia Y	buono	cattivo	[word="sia"][lemma!="buono" & pos="ADJ"][word="sia"][lemma="cattivo" & pos="ADJ"]
no	sia X sia Y	buono	cattivo	[word="sia"][lemma="buono" & pos="ADJ"][word="sia"][lemma!="cattivo" & pos="ADJ"]
no	sia X sia Y	buono	cattivo	[word="sia"][lemma!="cattivo" & pos="ADJ"][word="sia"][lemma="buono" & pos="ADJ"]
no	sia X sia Y	buono	cattivo	[word="sia"][lemma="cattivo" & pos="ADJ"][word="sia"][lemma!="buono" & pos="ADJ"]
yes	sia X sia Y	debole	forte	[word="sia"][lemma="debole" & pos="ADJ"][word="sia"][lemma="forte" & pos="ADJ"]
yes	sia X sia Y	debole	forte	[word="sia"][lemma="forte" & pos="ADJ"][word="sia"][lemma="debole" & pos="ADJ"]
no	sia X sia Y	debole	forte	[word="sia"][lemma!="debole" & pos="ADJ"][word="sia"][lemma="forte" & pos="ADJ"]
no	sia X sia Y	debole	forte	[word="sia"][lemma="debole" & pos="ADJ"][word="sia"][lemma!="forte" & pos="ADJ"]
no	sia X sia Y	debole	forte	[word="sia"][lemma!="forte" & pos="ADJ"][word="sia"][lemma="debole" & pos="ADJ"]
no	sia X sia Y	debole	forte	[word="sia"][lemma="forte" & pos="ADJ"][word="sia"][lemma!="debole" & pos="ADJ"]
yes	sia X sia Y	giovane	vecchio	[word="sia"][lemma="giovane" & pos="ADJ"][word="sia"][lemma="vecchio" & pos="ADJ"]
yes	sia X sia Y	giovane	vecchio	[word="sia"][lemma="vecchio" & pos="ADJ"][word="sia"][lemma="giovane" & pos="ADJ"]
no	sia X sia Y	giovane	vecchio	[word="sia"][lemma!="giovane" & pos="ADJ"][word="sia"][lemma="vecchio" & pos="ADJ"]
no	sia X sia Y	giovane	vecchio	[word="sia"][lemma="giovane" & pos="ADJ"][word="sia"][lemma!="vecchio" & pos="ADJ"]
no	sia X sia Y	giovane	vecchio	[word="sia"][lemma!="vecchio" & pos="ADJ"][word="sia"][lemma="giovane" & pos="ADJ"]
no	sia X sia Y	giovane	vecchio	[word="sia"][lemma="vecchio" & pos="ADJ"][word="sia"][lemma!="giovane" & pos="ADJ"]
yes	sia X sia Y	leggero	pesante	[word="sia"][lemma="leggero" & pos="ADJ"][word="sia"][lemma="pesante" & pos="ADJ"]
yes	sia X sia Y	leggero	pesante	[word="sia"][lemma="pesante" & pos="ADJ"][word="sia"][lemma="leggero" & pos="ADJ"]
no	sia X sia Y	leggero	pesante	[word="sia"][lemma!="leggero" & pos="ADJ"][word="sia"][lemma="pesante" & pos="ADJ"]
no	sia X sia Y	leggero	pesante	[word="sia"][lemma="leggero" & pos="ADJ"][word="sia"][lemma!="pesante" & pos="ADJ"]
no	sia X sia Y	leggero	pesante	[word="sia"][lemma!="pesante" & pos="ADJ"][word="sia"][lemma="leggero" & pos="ADJ"]
no	sia X sia Y	leggero	pesante	[word="sia"][lemma="pesante" & pos="ADJ"][word="sia"][lemma!="leggero" & pos="ADJ"]
yes	sia X sia Y	lontano	vicino	[word="sia"][lemma="lontano" & pos="ADJ"][word="sia"][lemma="vicino" & pos="ADJ"]
yes	sia X sia Y	lontano	vicino	[word="sia"][lemma="vicino" & pos="ADJ"][word="sia"][lemma="lontano" & pos="ADJ"]
no	sia X sia Y	lontano	vicino	[word="sia"][lemma!="lontano" & pos="ADJ"][word="sia"][lemma="vicino" & pos="ADJ"]
no	sia X sia Y	lontano	vicino	[word="sia"][lemma="lontano" & pos="ADJ"][word="sia"][lemma!="vicino" & pos="ADJ"]
no	sia X sia Y	lontano	vicino	[word="sia"][lemma!="vicino" & pos="ADJ"][word="sia"][lemma="lontano" & pos="ADJ"]
no	sia X sia Y	lontano	vicino	[word="sia"][lemma="vicino" & pos="ADJ"][word="sia"][lemma!="lontano" & pos="ADJ"]
yes	sia X sia Y	morto	vivo	[word="sia"][lemma="morto" & pos="ADJ"][word="sia"][lemma="vivo" & pos="ADJ"]
yes	sia X sia Y	morto	vivo	[word="sia"][lemma="vivo" & pos="ADJ"][word="sia"][lemma="morto" & pos="ADJ"]
no	sia X sia Y	morto	vivo	[word="sia"][lemma!="morto" & pos="ADJ"][word="sia"][lemma="vivo" & pos="ADJ"]
no	sia X sia Y	morto	vivo	[word="sia"][lemma="morto" & pos="ADJ"][word="sia"][lemma!="vivo" & pos="ADJ"]
no	sia X sia Y	morto	vivo	[word="sia"][lemma!="vivo" & pos="ADJ"][word="sia"][lemma="morto" & pos="ADJ"]
no	sia X sia Y	morto	vivo	[word="sia"][lemma="vivo" & pos="ADJ"][word="sia"][lemma!="morto" & pos="ADJ"]
yes	sia X sia Y	falso	vero	[word="sia"][lemma="falso" & pos="ADJ"][word="sia"][lemma="vero" & pos="ADJ"]
yes	sia X sia Y	falso	vero	[word="sia"][lemma="vero" & pos="ADJ"][word="sia"][lemma="falso" & pos="ADJ"]
no	sia X sia Y	falso	vero	[word="sia"][lemma!="falso" & pos="ADJ"][word="sia"][lemma="vero" & pos="ADJ"]
no	sia X sia Y	falso	vero	[word="sia"][lemma="falso" & pos="ADJ"][word="sia"][lemma!="vero" & pos="ADJ"]
no	sia X sia Y	falso	vero	[word="sia"][lemma!="vero" & pos="ADJ"][word="sia"][lemma="falso" & pos="ADJ"]
no	sia X sia Y	falso	vero	[word="sia"][lemma="vero" & pos="ADJ"][word="sia"][lemma!="falso" & pos="ADJ"]
yes	sia X sia Y	femminile	maschile	[word="sia"][lemma="femminile" & pos="ADJ"][word="sia"][lemma="maschile" & pos="ADJ"]
yes	sia X sia Y	femminile	maschile	[word="sia"][lemma="maschile" & pos="ADJ"][word="sia"][lemma="femminile" & pos="ADJ"]
no	sia X sia Y	femminile	maschile	[word="sia"][lemma!="femminile" & pos="ADJ"][word="sia"][lemma="maschile" & pos="ADJ"]
no	sia X sia Y	femminile	maschile	[word="sia"][lemma="femminile" & pos="ADJ"][word="sia"][lemma!="maschile" & pos="ADJ"]
no	sia X sia Y	femminile	maschile	[word="sia"][lemma!="maschile" & pos="ADJ"][word="sia"][lemma="femminile" & pos="ADJ"]
no	sia X sia Y	femminile	maschile	[word="sia"][lemma="maschile" & pos="ADJ"][word="sia"][lemma!="femminile" & pos="ADJ"]
yes	sia X sia Y	profondo	superficiale	[word="sia"][lemma="profondo" & pos="ADJ"][word="sia"][lemma="superficiale" & pos="ADJ"]
yes	sia X sia Y	profondo	superficiale	[word="sia"][lemma="superficiale" & pos="ADJ"][word="sia"][lemma="profondo" & pos="ADJ"]
no	sia X sia Y	profondo	superficiale	[word="sia"][lemma!="profondo" & pos="ADJ"][word="sia"][lemma="superficiale" & pos="ADJ"]
no	sia X sia Y	profondo	superficiale	[word="sia"][lemma="profondo" & pos="ADJ"][word="sia"][lemma!="superficiale" & pos="ADJ"]
no	sia X sia Y	profondo	superficiale	[word="sia"][lemma!="superficiale" & pos="ADJ"][word="sia"][lemma="profondo" & pos="ADJ"]
no	sia X sia Y	profondo	superficiale	[word="sia"][lemma="superficiale" & pos="ADJ"][word="sia"][lemma!="profondo" & pos="ADJ"]
yes	sia X sia Y	corto	lungo	[word="sia"][lemma="corto" & pos="ADJ"][word="sia"][lemma="lungo" & pos="ADJ"]
yes	sia X sia Y	corto	lungo	[word="sia"][lemma="lungo" & pos="ADJ"][word="sia"][lemma="corto" & pos="ADJ"]
no	sia X sia Y	corto	lungo	[word="sia"][lemma!="corto" & pos="ADJ"][word="sia"][lemma="lungo" & pos="ADJ"]
no	sia X sia Y	corto	lungo	[word="sia"][lemma="corto" & pos="ADJ"][word="sia"][lemma!="lungo" & pos="ADJ"]
no	sia X sia Y	corto	lungo	[word="sia"][lemma!="lungo" & pos="ADJ"][word="sia"][lemma="corto" & pos="ADJ"]
no	sia X sia Y	corto	lungo	[word="sia"][lemma="lungo" & pos="ADJ"][word="sia"][lemma!="corto" & pos="ADJ"]
yes	sia X sia Y	alto	basso	[word="sia"][lemma="alto" & pos="ADJ"][word="sia"][lemma="basso" & pos="ADJ"]
yes	sia X sia Y	alto	basso	[word="sia"][lemma="basso" & pos="ADJ"][word="sia"][lemma="alto" & pos="ADJ"]
no	sia X sia Y	alto	basso	[word="sia"][lemma!="alto" & pos="ADJ"][word="sia"][lemma="basso" & pos="ADJ"]
no	sia X sia Y	alto	basso	[word="sia"][lemma="alto" & pos="ADJ"][word="sia"][lemma!="basso" & pos="ADJ"]
no	sia X sia Y	alto	basso	[word="sia"][lemma!="basso" & pos="ADJ"][word="sia"][lemma="alto" & pos="ADJ"]
no	sia X sia Y	alto	basso	[word="sia"][lemma="basso" & pos="ADJ"][word="sia"][lemma!="alto" & pos="ADJ"]
yes	sia X sia Y	povero	ricco	[word="sia"][lemma="povero" & pos="ADJ"][word="sia"][lemma="ricco" & pos="ADJ"]
yes	sia X sia Y	povero	ricco	[word="sia"][lemma="ricco" & pos="ADJ"][word="sia"][lemma="povero" & pos="ADJ"]
no	sia X sia Y	povero	ricco	[word="sia"][lemma!="povero" & pos="ADJ"][word="sia"][lemma="ricco" & pos="ADJ"]
no	sia X sia Y	povero	ricco	[word="sia"][lemma="povero" & pos="ADJ"][word="sia"][lemma!="ricco" & pos="ADJ"]
no	sia X sia Y	povero	ricco	[word="sia"][lemma!="ricco" & pos="ADJ"][word="sia"][lemma="povero" & pos="ADJ"]
no	sia X sia Y	povero	ricco	[word="sia"][lemma="ricco" & pos="ADJ"][word="sia"][lemma!="povero" & pos="ADJ"]
yes	sia X sia Y	chiaro	scuro	[word="sia"][lemma="chiaro" & pos="ADJ"][word="sia"][lemma="scuro" & pos="ADJ"]
yes	sia X sia Y	chiaro	scuro	[word="sia"][lemma="scuro" & pos="ADJ"][word="sia"][lemma="chiaro" & pos="ADJ"]
no	sia X sia Y	chiaro	scuro	[word="sia"][lemma!="chiaro" & pos="ADJ"][word="sia"][lemma="scuro" & pos="ADJ"]
no	sia X sia Y	chiaro	scuro	[word="sia"][lemma="chiaro" & pos="ADJ"][word="sia"][lemma!="scuro" & pos="ADJ"]
no	sia X sia Y	chiaro	scuro	[word="sia"][lemma!="scuro" & pos="ADJ"][word="sia"][lemma="chiaro" & pos="ADJ"]
no	sia X sia Y	chiaro	scuro	[word="sia"][lemma="scuro" & pos="ADJ"][word="sia"][lemma!="chiaro" & pos="ADJ"]
yes	sia X sia Y	intelligente	stupido	[word="sia"][lemma="intelligente" & pos="ADJ"][word="sia"][lemma="stupido" & pos="ADJ"]
yes	sia X sia Y	intelligente	stupido	[word="sia"][lemma="stupido" & pos="ADJ"][word="sia"][lemma="intelligente" & pos="ADJ"]
no	sia X sia Y	intelligente	stupido	[word="sia"][lemma!="intelligente" & pos="ADJ"][word="sia"][lemma="stupido" & pos="ADJ"]
no	sia X sia Y	intelligente	stupido	[word="sia"][lemma="intelligente" & pos="ADJ"][word="sia"][lemma!="stupido" & pos="ADJ"]
no	sia X sia Y	intelligente	stupido	[word="sia"][lemma!="stupido" & pos="ADJ"][word="sia"][lemma="intelligente" & pos="ADJ"]
no	sia X sia Y	intelligente	stupido	[word="sia"][lemma="stupido" & pos="ADJ"][word="sia"][lemma!="intelligente" & pos="ADJ"]
yes	sia X sia Y	bello	brutto	[word="sia"][lemma="bello" & pos="ADJ"][word="sia"][lemma="brutto" & pos="ADJ"]
yes	sia X sia Y	bello	brutto	[word="sia"][lemma="brutto" & pos="ADJ"][word="sia"][lemma="bello" & pos="ADJ"]
no	sia X sia Y	bello	brutto	[word="sia"][lemma!="bello" & pos="ADJ"][word="sia"][lemma="brutto" & pos="ADJ"]
no	sia X sia Y	bello	brutto	[word="sia"][lemma="bello" & pos="ADJ"][word="sia"][lemma!="brutto" & pos="ADJ"]
no	sia X sia Y	bello	brutto	[word="sia"][lemma!="brutto" & pos="ADJ"][word="sia"][lemma="bello" & pos="ADJ"]
no	sia X sia Y	bello	brutto	[word="sia"][lemma="brutto" & pos="ADJ"][word="sia"][lemma!="bello" & pos="ADJ"]
yes	sia X sia Y	lento	veloce	[word="sia"][lemma="lento" & pos="ADJ"][word="sia"][lemma="veloce" & pos="ADJ"]
yes	sia X sia Y	lento	veloce	[word="sia"][lemma="veloce" & pos="ADJ"][word="sia"][lemma="lento" & pos="ADJ"]
no	sia X sia Y	lento	veloce	[word="sia"][lemma!="lento" & pos="ADJ"][word="sia"][lemma="veloce" & pos="ADJ"]
no	sia X sia Y	lento	veloce	[word="sia"][lemma="lento" & pos="ADJ"][word="sia"][lemma!="veloce" & pos="ADJ"]
no	sia X sia Y	lento	veloce	[word="sia"][lemma!="veloce" & pos="ADJ"][word="sia"][lemma="lento" & pos="ADJ"]
no	sia X sia Y	lento	veloce	[word="sia"][lemma="veloce" & pos="ADJ"][word="sia"][lemma!="lento" & pos="ADJ"]
yes	sia X sia Y	felice	triste	[word="sia"][lemma="felice" & pos="ADJ"][word="sia"][lemma="triste" & pos="ADJ"]
yes	sia X sia Y	felice	triste	[word="sia"][lemma="triste" & pos="ADJ"][word="sia"][lemma="felice" & pos="ADJ"]
no	sia X sia Y	felice	triste	[word="sia"][lemma!="felice" & pos="ADJ"][word="sia"][lemma="triste" & pos="ADJ"]
no	sia X sia Y	felice	triste	[word="sia"][lemma="felice" & pos="ADJ"][word="sia"][lemma!="triste" & pos="ADJ"]
no	sia X sia Y	felice	triste	[word="sia"][lemma!="triste" & pos="ADJ"][word="sia"][lemma="felice" & pos="ADJ"]
no	sia X sia Y	felice	triste	[word="sia"][lemma="triste" & pos="ADJ"][word="sia"][lemma!="felice" & pos="ADJ"]
yes	sia X sia Y	malato	sano	[word="sia"][lemma="malato" & pos="ADJ"][word="sia"][lemma="sano" & pos="ADJ"]
yes	sia X sia Y	malato	sano	[word="sia"][lemma="sano" & pos="ADJ"][word="sia"][lemma="malato" & pos="ADJ"]
no	sia X sia Y	malato	sano	[word="sia"][lemma!="malato" & pos="ADJ"][word="sia"][lemma="sano" & pos="ADJ"]
no	sia X sia Y	malato	sano	[word="sia"][lemma="malato" & pos="ADJ"][word="sia"][lemma!="sano" & pos="ADJ"]
no	sia X sia Y	malato	sano	[word="sia"][lemma!="sano" & pos="ADJ"][word="sia"][lemma="malato" & pos="ADJ"]
no	sia X sia Y	malato	sano	[word="sia"][lemma="sano" & pos="ADJ"][word="sia"][lemma!="malato" & pos="ADJ"]
yes	sia X sia Y	pulito	sporco	[word="sia"][lemma="pulito" & pos="ADJ"][word="sia"][lemma="sporco" & pos="ADJ"]
yes	sia X sia Y	pulito	sporco	[word="sia"][lemma="sporco" & pos="ADJ"][word="sia"][lemma="pulito" & pos="ADJ"]
no	sia X sia Y	pulito	sporco	[word="sia"][lemma!="pulito" & pos="ADJ"][word="sia"][lemma="sporco" & pos="ADJ"]
no	sia X sia Y	pulito	sporco	[word="sia"][lemma="pulito" & pos="ADJ"][word="sia"][lemma!="sporco" & pos="ADJ"]
no	sia X sia Y	pulito	sporco	[word="sia"][lemma!="sporco" & pos="ADJ"][word="sia"][lemma="pulito" & pos="ADJ"]
no	sia X sia Y	pulito	sporco	[word="sia"][lemma="sporco" & pos="ADJ"][word="sia"][lemma!="pulito" & pos="ADJ"]
yes	sia X sia Y	bianco	nero	[word="sia"][lemma="bianco" & pos="ADJ"][word="sia"][lemma="nero" & pos="ADJ"]
yes	sia X sia Y	bianco	nero	[word="sia"][lemma="nero" & pos="ADJ"][word="sia"][lemma="bianco" & pos="ADJ"]
no	sia X sia Y	bianco	nero	[word="sia"][lemma!="bianco" & pos="ADJ"][word="sia"][lemma="nero" & pos="ADJ"]
no	sia X sia Y	bianco	nero	[word="sia"][lemma="bianco" & pos="ADJ"][word="sia"][lemma!="nero" & pos="ADJ"]
no	sia X sia Y	bianco	nero	[word="sia"][lemma!="nero" & pos="ADJ"][word="sia"][lemma="bianco" & pos="ADJ"]
no	sia X sia Y	bianco	nero	[word="sia"][lemma="nero" & pos="ADJ"][word="sia"][lemma!="bianco" & pos="ADJ"]
yes	sia X sia Y	largo	stretto	[word="sia"][lemma="largo" & pos="ADJ"][word="sia"][lemma="stretto" & pos="ADJ"]
yes	sia X sia Y	largo	stretto	[word="sia"][lemma="stretto" & pos="ADJ"][word="sia"][lemma="largo" & pos="ADJ"]
no	sia X sia Y	largo	stretto	[word="sia"][lemma!="largo" & pos="ADJ"][word="sia"][lemma="stretto" & pos="ADJ"]
no	sia X sia Y	largo	stretto	[word="sia"][lemma="largo" & pos="ADJ"][word="sia"][lemma!="stretto" & pos="ADJ"]
no	sia X sia Y	largo	stretto	[word="sia"][lemma!="stretto" & pos="ADJ"][word="sia"][lemma="largo" & pos="ADJ"]
no	sia X sia Y	largo	stretto	[word="sia"][lemma="stretto" & pos="ADJ"][word="sia"][lemma!="largo" & pos="ADJ"]
yes	sia X sia Y	grande	piccolo	[word="sia"][lemma="grande" & pos="ADJ"][word="sia"][lemma="piccolo" & pos="ADJ"]
yes	sia X sia Y	grande	piccolo	[word="sia"][lemma="piccolo" & pos="ADJ"][word="sia"][lemma="grande" & pos="ADJ"]
no	sia X sia Y	grande	piccolo	[word="sia"][lemma!="grande" & pos="ADJ"][word="sia"][lemma="piccolo" & pos="ADJ"]
no	sia X sia Y	grande	piccolo	[word="sia"][lemma="grande" & pos="ADJ"][word="sia"][lemma!="piccolo" & pos="ADJ"]
no	sia X sia Y	grande	piccolo	[word="sia"][lemma!="piccolo" & pos="ADJ"][word="sia"][lemma="grande" & pos="ADJ"]
no	sia X sia Y	grande	piccolo	[word="sia"][lemma="piccolo" & pos="ADJ"][word="sia"][lemma!="grande" & pos="ADJ"]
